dataset_date,source_file,pivot_id,symbol,timeframe,pivot_index,confirmation_index,confirmation_delay,pivot_timestamp,confirmation_timestamp,pivot_side,structure_type,structure_mode,source,pivot_open,pivot_high,pivot_low,pivot_close,pivot_price,pivot_volume,pivot_range,pivot_body,upper_wick,lower_wick,candle_direction,close_position,confirm_open,confirm_high,confirm_low,confirm_close,confirm_volume,atr_14,range_atr_ratio,body_atr_ratio,price_to_confirm_close,volume_mean_20,volume_std_20,volume_ratio_20,volume_zscore_20,previous_pivot_type,previous_pivot_price,distance_previous_pivot,bars_previous_pivot,swing_size_atr,liquidity_type,liquidity_state,swept_index,resolved_index,last_structure_event,last_structure_event_direction,bars_since_structure_event,distance_last_structure_event_atr,bos_count_previous_20,choch_count_previous_20,near_equal_level,equal_level_type,distance_equal_level_atr,bars_since_equal_level,inside_fvg,nearest_fvg_type,distance_fvg_atr,fvg_size_atr,bars_since_fvg,fvg_mitigated,active_fvg_count_50,inside_order_block,nearest_ob_type,distance_ob_atr,ob_size_atr,bars_since_ob,ob_invalidated,active_ob_count_50,bsl_count_previous_100,ssl_count_previous_100,active_bsl_count,active_ssl_count,distance_nearest_bsl_atr,distance_nearest_ssl_atr,equal_levels_previous_100,liquidity_imbalance_100,target
2026-03,2026_03.csv,3,MARKET,1,464,464,0,2026-04-01T07:44:00-05:00,2026-04-01T07:44:00-05:00,HIGH,HH,external,ChartPrimeHigh,24112.25,24246,24105.75,24182.25,24246,1828,140.25,70,63.75,6.5,1,0.545454545454545,24112.25,24246,24105.75,24182.25,1828,21.5944194057924,6.49473354038774,3.24157823762668,2.95215160926716,343.55,178.463014375528,5.32091398631931,8.31797000176388,LOW,24003.5,242.5,201,11.2297531803496,BSL,Resolved,592,592,BOS_UP,UP,64,2.99845986980468,0,0,0,EQL,4.80448203076812,82,0,BEARISH_FVG,2.3154130268762,0.150501846746953,43,1,0,0,BULLISH_OB,3.9014709502864,0.358889019165811,64,1,0,1,0,1,1,0,11.2297531803496,1,0,SWEEP
2026-03,2026_03.csv,4,MARKET,1,487,487,0,2026-04-01T08:07:00-05:00,2026-04-01T08:07:00-05:00,LOW,HL,external,ChartPrimeLow,24038,24050.75,24036,24046.25,24036,466,14.75,8.25,4.5,2,1,0.694915254237288,24038,24050.75,24036,24046.25,466,20.401634563756,0.722981286323191,0.4043793635367,-0.502410724394082,602.1,182.100768806724,0.773957814316559,-0.747388387714344,HIGH,24246,210,23,10.2932928900251,SSL,Resolved,1157,1157,BOS_UP,UP,87,7.11952758226736,0,0,0,EQL,2.04640465789785,264,1,BULLISH_FVG,0,0.110285280964555,472,1,1,0,BULLISH_OB,5.78385029058553,0.379871523322355,87,1,0,1,1,1,2,10.2932928900251,0,0,-0.333333333333333,SWEEP
2026-03,2026_03.csv,5,MARKET,1,724,724,0,2026-04-01T12:04:00-05:00,2026-04-01T12:04:00-05:00,HIGH,HH,external,ChartPrimeHigh,24338.5,24348.25,24334.25,24341.25,24348.25,1214,14,2.75,7,4.25,1,0.5,24338.5,24348.25,24334.25,24341.25,1214,8.40401803255275,1.66586981914738,0.327224428761093,0.832934909573692,381.3,249.415336336802,3.18384474167322,3.33860785078409,LOW,24036,312.25,237,37.1548465020551,BSL,Resolved,3874,3876,BOS_UP,UP,131,12.1667992148443,0,0,0,EQH,2.61779543008875,54,0,BEARISH_FVG,3.03426288487559,0.11899070136767,3,1,1,0,BULLISH_OB,13.2377155271533,1.30889771504437,131,0,0,1,0,1,2,0,37.1548465020551,1,-0.333333333333333,RUN
2026-03,2026_03.csv,6,MARKET,1,1111,1111,0,2026-04-01T19:31:00-05:00,2026-04-01T19:31:00-05:00,LOW,HL,external,ChartPrimeLow,24167.75,24167.75,24154.5,24160.75,24154.5,137,13.25,7,0,6.25,-1,0.471698113207547,24167.75,24167.75,24154.5,24160.75,137,10.4998745386263,1.26191984020921,0.666674632563355,-0.595245207645853,98.95,53.6884298522503,1.38453764527539,0.708718807845806,HIGH,24348.25,193.75,387,18.4526014370214,SSL,Resolved,1143,1145,BOS_UP,UP,518,8.71438983993528,0,0,1,EQL,0.452386357810848,28,1,BULLISH_FVG,0,1.80954543124339,290,1,0,1,BULLISH_OB,0,0.738104057480857,711,1,0,0,1,1,3,18.4526014370214,0,2,-0.5,RUN
2026-03,2026_03.csv,7,MARKET,1,1139,1139,0,2026-04-01T19:59:00-05:00,2026-04-01T19:59:00-05:00,HIGH,LH,external,ChartPrimeHigh,24238.5,24245.75,24226.75,24236.25,24245.75,296,19,2.25,7.25,9.5,-1,0.5,24238.5,24245.75,24226.75,24236.25,296,13.2174333338475,1.43749542896081,0.170229721850622,0.718747714480405,204.6,129.667035132296,1.44672531769306,0.704882315746228,LOW,24154.5,91.25,28,6.90376094171968,BSL,Resolved,1957,1957,BOS_UP,UP,546,0.018914413538958,0,0,1,EQH,0.113486481233748,348,1,BEARISH_FVG,0,0.737662128019363,355,1,3,0,BULLISH_OB,0.662004473863531,0.832234195714153,546,1,0,1,1,2,3,0,6.90376094171968,2,-0.2,SWEEP
2026-03,2026_03.csv,8,MARKET,1,1454,1454,0,2026-04-02T01:14:00-05:00,2026-04-02T01:14:00-05:00,LOW,LL,external,ChartPrimeLow,23756,23760.75,23752.5,23760.5,23752.5,157,8.25,4.5,0.25,3.5,1,0.96969696969697,23756,23760.75,23752.5,23760.5,157,9.22643550043804,0.89416980150225,0.487728982637591,-0.867073746911273,139.8,67.9482155762754,1.12303290414878,0.253133946993679,HIGH,24245.75,493.25,315,53.4605157079982,SSL,Resolved,1755,1757,CHOCH_DOWN,DOWN,311,43.5704557822915,0,0,0,EQL,11.949360074621,161,0,BULLISH_FVG,0.812881637729318,0.162576327545864,12,1,4,0,BULLISH_OB,43.5162636731095,0.839977692320296,1054,1,0,0,1,2,1,53.4605157079982,0,0,0.333333333333333,RUN
2026-03,2026_03.csv,9,MARKET,1,1559,1559,0,2026-04-02T02:59:00-05:00,2026-04-02T02:59:00-05:00,HIGH,LH,external,ChartPrimeHigh,23875.25,23882,23874.25,23879.25,23882,186,7.75,4,2.75,1,1,0.645161290322581,23875.25,23882,23874.25,23879.25,186,8.80080689242688,0.880601073825276,0.454503780038852,0.312471348776711,128.65,39.9553187948739,1.44578313253012,1.43535333291741,LOW,23752.5,129.5,105,14.7145598787578,BSL,Resolved,1918,1920,CHOCH_DOWN,DOWN,416,30.9630700151468,0,0,0,EQL,2.18729944143697,266,1,BEARISH_FVG,0,0.738568642563134,270,1,0,0,BULLISH_OB,30.9062570426419,0.880601073825276,1159,1,0,1,0,3,1,0,14.7145598787578,2,0.5,RUN
2026-03,2026_03.csv,11,MARKET,1,2460,2460,0,2026-04-02T19:01:00-05:00,2026-04-02T19:01:00-05:00,HIGH,HH,external,ChartPrimeHigh,24226.5,24255,24226,24248.75,24255,349,29,22.25,6.25,0.5,1,0.78448275862069,24226.5,24255,24226,24248.75,349,6.7763275388108,4.27960423015345,3.28348945244532,0.922328497877899,55.65,69.3320092020994,6.27133872416891,4.23109042094682,LOW,23666,589,648,86.9202376400132,BSL,Resolved,3499,3501,CHOCH_UP,UP,542,55.044564753353,0,0,1,EQL,0.18446569957558,1845,0,BEARISH_FVG,0.110679419745348,0.221358839490696,1677,1,2,0,BULLISH_OB,2.65630607388835,1.6232981562651,1867,1,0,1,0,2,1,0,86.9202376400132,3,0.333333333333333,RUN
2026-03,2026_03.csv,12,MARKET,1,2630,2630,0,2026-04-02T21:51:00-05:00,2026-04-02T21:51:00-05:00,LOW,HL,external,ChartPrimeLow,24154.5,24159.5,24150.5,24159.5,24150.5,99,9,5,0,4,1,1,24154.5,24159.5,24150.5,24159.5,99,6.44692872963171,1.39601357133572,0.77556309518651,-1.39601357133572,54.8,29.6016891409933,1.80656934306569,1.49315803532274,HIGH,24255,104.5,170,16.2092686893981,SSL,Resolved,2850,2850,CHOCH_UP,UP,712,41.6477382115156,0,0,0,EQL,1.27967910705774,2248,1,BULLISH_FVG,0,0.620450476149208,403,1,6,0,BULLISH_OB,0.542894166630557,1.20212279753909,2230,1,0,0,1,2,2,16.2092686893981,0,0,0,SWEEP
2026-03,2026_03.csv,13,MARKET,1,2805,2805,0,2026-04-03T00:46:00-05:00,2026-04-03T00:46:00-05:00,HIGH,LH,external,ChartPrimeHigh,24189.25,24193.5,24189.25,24192,24193.5,26,4.25,2.75,1.5,0,1,0.647058823529412,24189.25,24193.5,24189.25,24192,26,4.50265055780019,0.943888482004781,0.610751370708976,0.333137111295805,27.8,23.1508099210373,0.935251798561151,-0.0777510595153877,LOW,24150.5,43,175,9.54993052381308,BSL,Resolved,3204,3205,CHOCH_UP,UP,887,69.1814734457622,0,0,0,EQL,1.38807129706585,516,1,BEARISH_FVG,0,0.388659963178439,201,1,0,1,BEARISH_OB,0,3.44241681672332,1662,1,0,1,0,3,2,0,9.54993052381308,0,0.2,GRAB
2026-03,2026_03.csv,14,MARKET,1,3122,3122,0,2026-04-03T06:08:00-05:00,2026-04-03T06:08:00-05:00,LOW,LL,external,ChartPrimeLow,24115.25,24119,24114.25,24117.75,24114.25,52,4.75,2.5,1.25,1,1,0.736842105263158,24115.25,24119,24114.25,24117.75,52,4.36179434493485,1.08900136603551,0.573158613702898,-0.802422059184057,31.65,27.4686639645979,1.64296998420221,0.740844186168917,HIGH,24193.5,79.25,317,18.1691280543819,SSL,Resolved,3232,3233,CHOCH_DOWN,DOWN,251,8.31079989869202,0,0,0,EQH,3.78284685043913,2901,1,BULLISH_FVG,0,3.55358340495797,920,1,2,0,BULLISH_OB,9.11322195787607,1.77679170247898,2722,1,0,0,1,3,2,18.1691280543819,0,4,0.2,GRAB
2026-03,2026_03.csv,15,MARKET,1,3204,3204,0,2026-04-03T07:30:00-05:00,2026-04-03T07:30:00-05:00,HIGH,HH,external,ChartPrimeHigh,24167.75,24245.25,24151.5,24212.5,24245.25,859,93.75,44.75,32.75,16.25,1,0.650666666666667,24167.75,24245.25,24151.5,24212.5,859,14.5279525173028,6.45307725836409,3.08026887799246,2.25427498892186,65.55,45.4273871139426,13.1045003813883,17.4663358473566,LOW,24114.25,131,82,9.01709995568742,BSL,Resolved,3499,3501,CHOCH_DOWN,DOWN,333,6.52191008245331,0,0,1,EQH,0.137665648178434,2413,1,BEARISH_FVG,0,0.671120034869866,2420,1,0,0,BULLISH_OB,0.56787079873604,0.757161064981387,2611,1,0,1,1,4,2,0,9.01709995568742,2,0.333333333333333,RUN
2026-03,2026_03.csv,16,MARKET,1,3260,3260,0,2026-04-05T17:11:00-05:00,2026-04-05T17:11:00-05:00,LOW,LL,external,ChartPrimeLow,23989.5,24009.75,23981.5,23983.25,23981.5,720,28.25,6.25,20.25,1.75,-1,0.0619469026548673,23989.5,24009.75,23981.5,23983.25,720,19.7563164707752,1.42992242717863,0.316354519287307,-0.0885792654004459,303.95,287.261113797186,2.36881065964797,1.44833386774982,HIGH,24245.25,263.75,56,13.3501607139243,SSL,Resolved,5651,5651,BOS_DOWN,DOWN,28,6.7193699896624,0,0,1,EQH,0.27839197697283,2080,0,BEARISH_FVG,0.27839197697283,0.202466892343876,2093,1,4,0,BULLISH_OB,6.25116530111718,0.860484292461474,1342,0,0,1,1,3,2,13.3501607139243,0,2,0.2,SWEEP
2026-03,2026_03.csv,17,MARKET,1,3513,3513,0,2026-04-05T21:24:00-05:00,2026-04-05T21:24:00-05:00,HIGH,HH,external,ChartPrimeHigh,24318.25,24326.75,24314,24323.25,24326.75,284,12.75,5,3.5,4.25,1,0.725490196078431,24318.25,24326.75,24314,24323.25,284,13.5514461975091,0.940858991296706,0.368964310312434,0.258275017218703,235.3,137.118962948237,1.20696982575436,0.355166046715103,LOW,23981.5,345.25,253,25.4769856270735,BSL,Resolved,3849,3849,CHOCH_UP,UP,14,6.01411825809267,0,1,1,EQH,0.0368964310312434,2843,1,BEARISH_FVG,0,0.424308956859299,2759,1,4,0,BULLISH_OB,6.62290937010818,0.811721482687354,2920,1,1,1,0,2,2,0,25.4769856270735,0,0,SWEEP
2026-03,2026_03.csv,18,MARKET,1,3568,3568,0,2026-04-05T22:19:00-05:00,2026-04-05T22:19:00-05:00,LOW,HL,external,ChartPrimeLow,24192,24195.75,24120.5,24152.5,24120.5,1174,75.25,39.5,3.75,32,-1,0.425249169435216,24192,24195.75,24120.5,24152.5,1174,14.4805562568016,5.19662357339725,2.72779576277995,-2.20985985845464,143.9,105.11798133526,8.15844336344684,9.79946520010344,HIGH,24326.75,206.25,55,14.2432373689459,SSL,Resolved,5588,5590,CHOCH_UP,UP,69,8.61500054194427,0,0,1,EQL,0.535200434469484,356,1,BULLISH_FVG,0,2.39976969004059,197,1,5,0,BEARISH_OB,0.345290602883538,0.638787615334545,336,1,0,1,1,2,3,14.2432373689459,0,0,-0.2,RUN
2026-03,2026_03.csv,19,MARKET,1,3779,3779,0,2026-04-06T01:50:00-05:00,2026-04-06T01:50:00-05:00,HIGH,LH,external,ChartPrimeHigh,24232.25,24290.75,24230,24255.25,24290.75,1032,60.75,23,35.5,2.25,1,0.415637860082305,24232.25,24290.75,24230,24255.25,1032,11.0859823221778,5.4798932773389,2.07469210500074,3.20224216206635,63.45,32.696291838678,16.2647754137116,29.6226252438283,LOW,24120.5,170.25,211,15.3572317772337,BSL,Resolved,3837,3839,CHOCH_UP,UP,280,4.10428220771885,0,0,0,EQH,2.25510011413123,86,1,BEARISH_FVG,0,0.699081035380683,249,1,1,0,BULLISH_OB,4.84846524538215,0.992244050217743,3186,1,0,1,0,3,3,0,15.3572317772337,1,0,RUN
2026-03,2026_03.csv,20,MARKET,1,3800,3800,0,2026-04-06T02:11:00-05:00,2026-04-06T02:11:00-05:00,LOW,HL,external,ChartPrimeLow,24225.25,24225.5,24207.25,24209.25,24207.25,321,18.25,16,0.25,2,-1,0.10958904109589,24225.25,24225.5,24207.25,24209.25,321,11.5918439591436,1.57438282160488,1.38028082990017,-0.172535103737521,145.5,101.726348602513,2.20618556701031,1.72521674483522,HIGH,24290.75,83.5,21,7.20334058104151,SSL,Resolved,4402,4402,CHOCH_UP,UP,301,3.2781669710129,0,0,1,EQL,0.0215668879671902,1355,1,BULLISH_FVG,0,0.0215668879671902,199,1,3,1,BEARISH_OB,0,1.33714705396579,2657,1,0,1,1,3,4,7.20334058104151,0,0,-0.142857142857143,SWEEP
2026-03,2026_03.csv,21,MARKET,1,3914,3914,0,2026-04-06T04:05:00-05:00,2026-04-06T04:05:00-05:00,HIGH,HH,external,ChartPrimeHigh,24383.5,24398.25,24383.5,24385.25,24398.25,221,14.75,1.75,13,0,1,0.11864406779661,24383.5,24398.25,24383.5,24385.25,221,8.43994617069235,1.74764147800128,0.207347294000152,1.54029418400113,89.55,34.4158030561543,2.4678950307091,3.8194663011501,LOW,24207.25,191,114,22.6304760880165,BSL,Resolved,4200,4200,BOS_UP,UP,77,12.7370480600093,0,0,0,EQL,7.46450258400545,3175,0,BEARISH_FVG,1.59953626800117,0.651662924000476,13,1,3,0,BULLISH_OB,13.5664372360099,0.947873344000693,77,0,0,1,0,1,4,0,22.6304760880165,0,-0.6,SWEEP
2026-03,2026_03.csv,22,MARKET,1,4178,4178,0,2026-04-06T08:29:00-05:00,2026-04-06T08:29:00-05:00,LOW,HL,external,ChartPrimeLow,24274.75,24274.75,24257.25,24265,24257.25,1025,17.5,9.75,0,7.75,-1,0.442857142857143,24274.75,24274.75,24257.25,24265,1025,10.639291239575,1.64484640996622,0.91641442840975,-0.728431981556468,257.65,103.547706396617,3.97826508829808,7.4105938866558,HIGH,24398.25,141,264,13.2527625031564,SSL,Resolved,4185,4186,BOS_UP,UP,341,3.14870598479247,0,0,1,EQL,0.093991223426641,3563,1,BULLISH_FVG,0,0.164484640996622,352,1,2,0,BULLISH_OB,1.73883763339286,0.751929787413128,341,1,0,0,1,1,5,13.2527625031564,0,1,-0.666666666666667,GRAB
2026-03,2026_03.csv,23,MARKET,1,4184,4184,0,2026-04-06T08:35:00-05:00,2026-04-06T08:35:00-05:00,HIGH,LH,external,ChartPrimeHigh,24354.5,24373.75,24324.25,24324.75,24373.75,2153,49.5,29.75,19.25,0.5,-1,0.0101010101010101,24354.5,24373.75,24324.25,24324.75,2153,23.9060352402594,2.07060683641253,1.2444556239045,2.04969161584271,905.3,1129.99314599691,2.37821716558047,1.10416598934257,LOW,24257.25,116.5,6,4.87324639276889,BSL,Resolved,4195,4195,BOS_UP,UP,347,3.47192661459071,0,0,0,EQL,1.61047198387641,3445,1,BEARISH_FVG,0,0.125491323418941,282,1,0,0,BULLISH_OB,3.76473970256824,0.334643529117177,347,1,0,1,1,2,5,0,4.87324639276889,0,-0.428571428571429,SWEEP
2026-03,2026_03.csv,24,MARKET,1,4186,4186,0,2026-04-06T08:37:00-05:00,2026-04-06T08:37:00-05:00,LOW,LL,external,ChartPrimeLow,24253,24278.25,24245.75,24266.5,24245.75,2510,32.5,13.5,11.75,7.25,1,0.638461538461538,24253,24278.25,24245.75,24266.5,2510,27.7761222224686,1.1700697361459,0.486028967322142,-0.747044523846996,1163.15,1231.61228781626,2.15793319864162,1.09356654957386,HIGH,24373.75,128,2,4.60827465312846,SSL,Resolved,4401,4403,CHOCH_DOWN,DOWN,1,0.41402467586701,0,1,1,EQH,0.0540032185913491,3395,1,BULLISH_FVG,0,0.684040768823756,405,1,1,0,BULLISH_OB,0.315018775116203,0.396023603003227,3593,1,1,1,2,2,5,4.60827465312846,0,0,-0.428571428571429,RUN
2026-03,2026_03.csv,25,MARKET,1,4209,4209,0,2026-04-06T09:00:00-05:00,2026-04-06T09:00:00-05:00,HIGH,HH,external,ChartPrimeHigh,24411,24452.25,24372.75,24399,24452.25,4318,79.5,12,41.25,26.25,-1,0.330188679245283,24411,24452.25,24372.75,24399,4318,31.1828703042265,2.54947665895993,0.384826665503385,1.70766832817127,1488.25,459.273869820611,2.90139425499748,6.16135640615756,LOW,24245.75,206.5,23,6.62222553553742,BSL,Resolved,6009,6011,CHOCH_UP,UP,10,2.51740777016798,0,1,0,EQL,3.752059988658,3470,0,BEARISH_FVG,2.05240888268472,0.25655111033559,274,1,1,0,BULLISH_OB,2.26085665983239,0.705515553422873,10,0,1,2,2,1,5,0,6.62222553553742,0,-0.666666666666667,RUN
2026-03,2026_03.csv,26,MARKET,1,4403,4403,0,2026-04-06T12:14:00-05:00,2026-04-06T12:14:00-05:00,LOW,LL,external,ChartPrimeLow,24207.75,24233.5,24202.75,24227,24202.75,1038,30.75,19.25,6.5,5,1,0.788617886178862,24207.75,24233.5,24202.75,24227,1038,18.6197836067166,1.6514692463401,1.03384660136738,-1.30237818613813,809.15,420.54646295029,1.28282765865414,0.544172927753409,HIGH,24452.25,249.5,194,13.3997260800603,SSL,Resolved,4861,4863,CHOCH_DOWN,DOWN,2,2.30937162902843,0,1,1,EQH,0.0134265792385374,2395,1,BULLISH_FVG,0,0.281958164009285,806,1,3,1,BEARISH_OB,0,0.832447912789318,3260,1,1,0,1,1,4,13.3997260800603,0,2,-0.6,RUN
2026-03,2026_03.csv,27,MARKET,1,4635,4635,0,2026-04-06T17:06:00-05:00,2026-04-06T17:06:00-05:00,HIGH,LH,external,ChartPrimeHigh,24381.5,24384,24376,24382.25,24384,150,8,0.75,1.75,5.5,1,0.78125,24381.5,24384,24376,24382.25,150,7.22371089759018,1.10746403246409,0.103824753043508,0.242257757101519,110.1,82.6510133029233,1.36239782016349,0.482752702060203,LOW,24202.75,181.25,232,25.0909819855145,BSL,Resolved,5299,5299,CHOCH_DOWN,DOWN,234,19.13836281102,0,0,1,EQH,0.830598024348066,395,1,BEARISH_FVG,0,1.10746403246409,700,1,2,0,BULLISH_OB,0.311474259130525,3.04552608927624,436,1,0,1,0,2,4,0,25.0909819855145,0,-0.333333333333333,SWEEP
2026-03,2026_03.csv,28,MARKET,1,4876,4876,0,2026-04-06T21:07:00-05:00,2026-04-06T21:07:00-05:00,LOW,LL,external,ChartPrimeLow,24175.75,24177.25,24153,24157.25,24153,452,24.25,18.5,1.5,4.25,-1,0.175257731958763,24175.75,24177.25,24153,24157.25,452,11.8840121153991,2.04055665414353,1.5567133237796,-0.357623331138556,211.95,132.74090364315,2.13257843831092,1.80841016907141,HIGH,24384,231,241,19.4378798807074,SSL,Resolved,5475,5475,BOS_DOWN,DOWN,15,4.18629664097486,1,0,1,EQH,0.441769997288804,1836,1,BULLISH_FVG,0,0.841466661502485,1675,1,6,0,BULLISH_OB,0.0841466661502485,0.652136662664426,4476,1,1,0,1,2,4,19.4378798807074,0,2,-0.333333333333333,SWEEP
2026-03,2026_03.csv,29,MARKET,1,5323,5323,0,2026-04-07T04:34:00-05:00,2026-04-07T04:34:00-05:00,HIGH,HH,external,ChartPrimeHigh,24409.25,24422,24409.25,24419.75,24422,279,12.75,10.5,2.25,0,1,0.823529411764706,24409.25,24422,24409.25,24419.75,279,11.5124157198411,1.10749996441025,0.912058794220203,0.195441170190044,149.45,133.075345199627,1.86684509869522,0.973508652603238,LOW,24153,269,447,23.3660776804985,BSL,Resolved,5990,5991,CHOCH_UP,UP,17,3.30078420765407,0,1,0,EQH,2.77960775381395,1083,0,BULLISH_FVG,1.62867641825036,0.412598025956759,6,1,2,0,BULLISH_OB,3.49622537784411,1.91098033074709,1124,1,1,1,0,2,4,0,23.3660776804985,2,-0.333333333333333,GRAB
2026-03,2026_03.csv,30,MARKET,1,5475,5475,0,2026-04-07T07:06:00-05:00,2026-04-07T07:06:00-05:00,LOW,LL,external,ChartPrimeLow,24188,24231.25,24133,24167.25,24133,2297,98.25,20.75,43.25,34.25,-1,0.348600508905852,24188,24231.25,24133,24167.25,2297,17.1512738797539,5.72843747285607,1.20982267238436,-1.99693621827298,122.7,55.771049837707,18.720456397718,38.9861766333462,HIGH,24422,289,152,16.8500603527268,SSL,Resolved,5588,5590,CHOCH_UP,UP,169,14.6344814828181,0,0,1,EQL,0.116609414205722,3229,1,BEARISH_FVG,0,0.597623247804323,2249,1,1,1,BEARISH_OB,0,0.539318540701462,2243,1,0,0,1,2,4,16.8500603527268,0,2,-0.333333333333333,RUN
2026-03,2026_03.csv,31,MARKET,1,5559,5559,0,2026-04-07T08:30:00-05:00,2026-04-07T08:30:00-05:00,HIGH,LH,external,ChartPrimeHigh,24243.5,24308,24242.25,24251.5,24308,5201,65.75,8,56.5,1.25,1,0.140684410646388,24243.5,24308,24242.25,24251.5,5201,16.5196827333336,3.98010065092405,0.484270801633345,3.4201625365355,369.7,253.620011040139,14.06816337571,19.0493643627962,LOW,24133,175,84,10.5934237857294,BSL,Resolved,5934,5936,CHOCH_UP,UP,253,4.60057261551678,0,0,1,EQH,0.196735013163546,1511,1,BULLISH_FVG,0,0.771806590103144,317,1,1,0,BEARISH_OB,0.0605338502041681,3.7076983250053,1374,1,0,1,1,3,4,0,10.5934237857294,1,-0.142857142857143,GRAB
2026-03,2026_03.csv,33,MARKET,1,5805,5805,0,2026-04-07T12:36:00-05:00,2026-04-07T12:36:00-05:00,HIGH,LH,external,ChartPrimeHigh,24264.25,24299.75,24253.5,24279.5,24299.75,2708,46.25,15.25,20.25,10.75,1,0.562162162162162,24264.25,24299.75,24253.5,24279.5,2708,18.106330890829,2.55435517437859,0.84224684128159,1.11839334661982,717.1,491.810725787879,3.77632129410124,4.04810203520996,LOW,23941.5,358.25,150,19.7858971074839,BSL,Resolved,5934,5936,CHOCH_DOWN,DOWN,217,9.20948595302984,0,0,1,EQL,0.124265927402202,1142,1,BULLISH_FVG,0,0.704173588612477,563,1,2,0,BEARISH_OB,0.510871034875718,3.38279469039327,1620,1,0,1,0,4,2,0,19.7858971074839,0,0.333333333333333,RUN
2026-03,2026_03.csv,35,MARKET,1,6505,6505,0,2026-04-08T01:16:00-05:00,2026-04-08T01:16:00-05:00,HIGH,HH,external,ChartPrimeHigh,25198,25202,25192,25194.25,25202,234,10,3.75,4,2.25,-1,0.225,25198,25202,25192,25194.25,234,8.94120776219082,1.11841713848619,0.419406426932322,0.8667732823268,200.05,85.6933340464706,1.16970757310672,0.396180174079693,LOW,24076.75,1125.25,620,125.849888508159,BSL,Resolved,6668,6670,CHOCH_UP,UP,571,100.909186319917,0,0,1,EQH,0,0,0,BEARISH_FVG,1.1743379954105,0.307564713083703,7,1,3,0,BULLISH_OB,91.73816578433,2.46051770466963,2306,1,0,1,0,1,3,0,125.849888508159,3,-0.5,RUN
2026-03,2026_03.csv,36,MARKET,1,6613,6613,0,2026-04-08T03:04:00-05:00,2026-04-08T03:04:00-05:00,LOW,HL,external,ChartPrimeLow,25144.75,25144.75,25134.25,25142.75,25134.25,224,10.5,2,0,8.5,-1,0.80952380952381,25144.75,25144.75,25134.25,25142.75,224,8.63067610100147,1.21659066765136,0.231731555743116,-0.984859111908242,150.3,46.6766536932544,1.49035262807718,1.57894780727717,HIGH,25202,67.75,108,7.84990645079805,SSL,Resolved,6942,6942,CHOCH_UP,UP,679,96.6899916338151,0,0,0,EQH,2.14351689062382,206,1,BEARISH_FVG,0,0.5503624448899,190,1,2,0,BULLISH_OB,87.1889978483473,2.54904711317427,2414,1,0,0,1,1,4,7.84990645079805,0,2,-0.6,SWEEP
2026-03,2026_03.csv,37,MARKET,1,6682,6682,0,2026-04-08T04:13:00-05:00,2026-04-08T04:13:00-05:00,HIGH,HH,external,ChartPrimeHigh,25242.75,25245.25,25238,25239.75,25245.25,296,7.25,3,2.5,1.75,-1,0.241379310344828,25242.75,25245.25,25238,25239.75,296,9.8618671357946,0.735154905269959,0.30420202976688,0.557703721239279,192.65,140.2088709747,1.536465092136,0.737114558312428,LOW,25134.25,111,69,11.2554751013745,BSL,Resolved,6853,6853,BOS_UP,UP,14,4.38557926247252,1,0,0,EQH,4.38557926247252,177,0,BULLISH_FVG,1.44495964139268,0.811205412711679,0,0,7,0,BULLISH_OB,5.72913822727623,0.583053890386519,14,0,1,1,1,1,4,0,11.2554751013745,1,-0.6,SWEEP
2026-03,2026_03.csv,38,MARKET,1,6811,6811,0,2026-04-08T06:22:00-05:00,2026-04-08T06:22:00-05:00,LOW,HL,external,ChartPrimeLow,25183,25200,25180.25,25198.5,25180.25,307,19.75,15.5,1.5,2.75,1,0.924050632911392,25183,25200,25180.25,25198.5,307,8.64249071137157,2.2852208535224,1.79346446732138,-2.11165977603969,151.7,39.2416870177621,2.02373104812129,3.95752608519878,HIGH,25245.25,65,129,7.52098002425095,SSL,Resolved,6870,6872,BOS_UP,UP,143,2.51663562349936,0,0,1,EQL,0.0867805387413571,318,1,BEARISH_FVG,0,1.01243961864917,232,1,1,0,BULLISH_OB,0.318195308718309,0.665317463683738,143,1,0,0,1,1,5,7.52098002425095,0,1,-0.666666666666667,RUN
2026-03,2026_03.csv,39,MARKET,1,6856,6856,0,2026-04-08T07:07:00-05:00,2026-04-08T07:07:00-05:00,HIGH,HH,external,ChartPrimeHigh,25252.75,25257,25244.75,25247,25257,353,12.25,5.75,4.25,2.25,-1,0.183673469387755,25252.75,25257,25244.75,25247,353,9.52889711604018,1.28556325572866,0.603427650648144,1.04943939243156,237.35,155.974765587258,1.48725510848957,0.741466092701395,LOW,25180.25,76.75,45,8.05444733691219,BSL,Resolved,8472,8472,BOS_UP,UP,1,1.23309128610708,1,0,0,EQL,5.27343294696856,77,0,BULLISH_FVG,1.99393484561995,0.157415908864733,173,1,2,0,BULLISH_OB,1.28556325572866,0.918259468377611,1,0,1,1,1,1,5,0,8.05444733691219,1,-0.666666666666667,SWEEP
2026-03,2026_03.csv,40,MARKET,1,7025,7025,0,2026-04-08T09:56:00-05:00,2026-04-08T09:56:00-05:00,LOW,LL,external,ChartPrimeLow,24966.5,24971.5,24926.5,24940.25,24926.5,4285,45,26.25,5,13.75,-1,0.305555555555556,24966.5,24971.5,24926.5,24940.25,4285,22.5051253715282,1.99954451517656,1.16640096718632,-0.610971935192837,1373,382.583716328858,3.12090313182811,7.61140601576709,HIGH,25257,330.5,169,14.6855436059078,SSL,Resolved,10149,10149,CHOCH_DOWN,DOWN,155,11.2752093494678,0,0,0,EQH,2.643842192289,940,0,BULLISH_FVG,0.577646193273228,0.599863354552967,955,0,0,0,BULLISH_OB,11.3974037365064,0.255497354717005,357,1,0,0,1,1,4,14.6855436059078,0,0,-0.6,SWEEP
2026-03,2026_03.csv,41,MARKET,1,7144,7144,0,2026-04-08T11:55:00-05:00,2026-04-08T11:55:00-05:00,HIGH,LH,external,ChartPrimeHigh,25147.25,25157.5,25147,25153.75,25157.5,808,10.5,6.5,3.75,0.25,1,0.642857142857143,25147.25,25157.5,25147,25153.75,808,8.39043444251232,1.25142506886163,0.774691709295297,0.44693752459344,549.5,190.903247746077,1.47042766151046,1.35408906371166,LOW,24926.5,231,119,27.5313515149559,BSL,Resolved,8456,8456,CHOCH_DOWN,DOWN,274,2.71142098253354,0,0,1,EQH,0.0595916699457921,549,1,BEARISH_FVG,0,0.566120864485025,196,1,0,0,BULLISH_OB,3.0391751672354,0.685304204376609,476,1,0,1,0,2,4,0,27.5313515149559,0,-0.333333333333333,SWEEP
2026-03,2026_03.csv,42,MARKET,1,7592,7592,0,2026-04-08T20:23:00-05:00,2026-04-08T20:23:00-05:00,LOW,HL,external,ChartPrimeLow,24987.25,24989.25,24980.5,24985.5,24980.5,235,8.75,1.75,2,5,-1,0.571428571428571,24987.25,24989.25,24980.5,24985.5,235,6.61264952362382,1.32322149672993,0.264644299345987,-0.756126569559963,118.3,51.6750423318646,1.98647506339814,2.2583435781346,HIGH,25157.5,177,448,26.7668805624227,SSL,Resolved,7971,7971,CHOCH_DOWN,DOWN,722,30.2072564539205,0,0,1,EQH,0.831739226515959,1507,1,BULLISH_FVG,0,1.24760883977394,563,1,0,0,BULLISH_OB,30.6231260671785,0.869545554993957,924,1,0,0,1,2,5,26.7668805624227,0,0,-0.428571428571429,SWEEP
2026-03,2026_03.csv,43,MARKET,1,7680,7680,0,2026-04-08T21:51:00-05:00,2026-04-08T21:51:00-05:00,HIGH,LH,external,ChartPrimeHigh,25043.25,25050.75,25042.5,25045.5,25050.75,143,8.25,2.25,5.25,0.75,1,0.363636363636364,25043.25,25050.75,25042.5,25045.5,143,5.07121296340135,1.62682972684046,0.443680834592852,1.03525528071665,44.55,29.5304503859999,3.20987654320988,3.33384688391594,LOW,24980.5,70.25,88,13.852701613399,BSL,Resolved,7871,7871,CHOCH_DOWN,DOWN,810,25.5362969243441,0,0,0,EQL,2.85927648959838,305,1,BEARISH_FVG,0,1.72542546786109,277,1,2,0,BULLISH_OB,26.0785734999576,1.13385102173729,1012,1,0,1,1,3,5,0,13.852701613399,0,-0.25,SWEEP
2026-03,2026_03.csv,44,MARKET,1,7819,7819,0,2026-04-09T00:10:00-05:00,2026-04-09T00:10:00-05:00,LOW,HL,external,ChartPrimeLow,25005.75,25007,24994.25,24994.75,24994.25,158,12.75,11,1.25,0.5,-1,0.0392156862745098,25005.75,25007,24994.25,24994.75,158,4.21089359352135,3.02786088435397,2.61227213552107,-0.118739642523685,46.45,27.4107187063747,3.40150699677072,4.06957589091079,HIGH,25050.75,56.5,139,13.4175796051764,SSL,Resolved,7963,7964,CHOCH_DOWN,DOWN,949,44.1711470188108,0,0,0,EQH,1.9592041016408,1734,1,BULLISH_FVG,0,1.48424553154606,215,1,3,0,BULLISH_OB,44.8242150526911,1.36550588902238,1151,1,0,0,1,3,6,13.4175796051764,0,0,-0.333333333333333,GRAB
2026-03,2026_03.csv,45,MARKET,1,7872,7872,0,2026-04-09T01:03:00-05:00,2026-04-09T01:03:00-05:00,HIGH,HH,external,ChartPrimeHigh,25046.25,25059,25046.25,25053.5,25059,534,12.75,7.25,5.5,0,1,0.568627450980392,25046.25,25059,25046.25,25053.5,534,6.30648017509808,2.02172997393141,1.14961116164727,0.872118812284138,69.75,77.2986901570783,7.65591397849462,6.00592324470957,LOW,24994.25,64.75,53,10.267216926436,BSL,Resolved,8270,8270,CHOCH_DOWN,DOWN,1002,19.2262556344458,0,0,0,EQL,3.25062466396815,690,1,BULLISH_FVG,0,4.32095229722596,542,1,2,0,BULLISH_OB,19.6623150405878,0.911760576478872,1204,1,0,1,1,3,6,0,10.267216926436,0,-0.333333333333333,SWEEP
2026-03,2026_03.csv,46,MARKET,1,8004,8004,0,2026-04-09T03:15:00-05:00,2026-04-09T03:15:00-05:00,LOW,LL,external,ChartPrimeLow,24957,24959,24953,24955,24953,111,6,2,2,2,-1,0.333333333333333,24957,24959,24953,24955,111,7.01741841990122,0.855015283538481,0.285005094512827,-0.285005094512827,150.8,94.6803041820209,0.736074270557029,-0.420361978595732,HIGH,25059,106,132,15.1052700091798,SSL,Resolved,10149,10149,BOS_DOWN,DOWN,41,5.87823007432706,0,0,1,EQL,0.32063073132693,706,0,BULLISH_FVG,0.42750764176924,0.10687691044231,1920,1,3,0,BEARISH_OB,5.98510698476936,0.890640920352584,41,1,0,0,1,3,5,15.1052700091798,0,1,-0.25,SWEEP
2026-03,2026_03.csv,47,MARKET,1,8334,8334,0,2026-04-09T08:45:00-05:00,2026-04-09T08:45:00-05:00,HIGH,HH,external,ChartPrimeHigh,25100.5,25111.5,25085.75,25096.25,25111.5,2114,25.75,4.25,11,10.5,-1,0.407766990291262,25100.5,25111.5,25085.75,25096.25,2114,20.3721694559052,1.26397927602826,0.208617938761945,0.748570250851686,1574.8,995.526473781587,1.34239268478537,0.54162296453233,LOW,24953,158.5,330,7.78022195147491,BSL,Resolved,8441,8443,CHOCH_UP,UP,17,2.57704512588285,0,1,1,EQH,0.0859015041960952,2083,1,BEARISH_FVG,0,1.54622707552971,1105,1,2,0,BULLISH_OB,2.66294663007895,0.319062729871211,17,1,0,1,0,3,5,0,7.78022195147491,3,-0.25,RUN
2026-03,2026_03.csv,48,MARKET,1,8385,8385,0,2026-04-09T09:36:00-05:00,2026-04-09T09:36:00-05:00,LOW,HL,external,ChartPrimeLow,24976,24976,24960.5,24960.75,24960.5,905,15.5,15.25,0,0.25,-1,0.0161290322580645,24976,24976,24960.5,24960.75,905,15.5794549095558,0.994900019929001,0.978853245414017,-0.0160467745149839,1100.55,325.175564118831,0.822316114669938,-0.601367450625961,HIGH,25111.5,151,51,9.69225180705027,SSL,Resolved,10149,10149,CHOCH_UP,UP,68,6.32242915890365,0,0,1,EQL,0.336982264814662,1087,0,BULLISH_FVG,0.0160467745149839,0.272795166754726,1113,1,1,0,BEARISH_OB,2.21445488306778,0.401169362874597,422,1,0,1,1,3,6,9.69225180705027,0,2,-0.333333333333333,SWEEP
2026-03,2026_03.csv,49,MARKET,1,8472,8472,0,2026-04-09T11:03:00-05:00,2026-04-09T11:03:00-05:00,HIGH,HH,external,ChartPrimeHigh,25235,25265.75,25232.25,25255.5,25265.75,3299,33.5,20.5,10.25,2.75,1,0.694029850746269,25235,25265.75,25232.25,25255.5,3299,18.1379324811176,1.84695802759631,1.13022804673804,0.565114023369019,1301.25,626.847658925197,2.53525456292027,3.18697848122361,LOW,24960.5,305.25,87,16.8293712813066,BSL,Resolved,8699,8699,BOS_UP,UP,31,8.50427688826061,0,0,0,EQL,3.25285145158752,1693,0,BEARISH_FVG,1.15779458446336,0.206749032939885,1613,1,4,0,BULLISH_OB,1.15779458446336,0.482414410193065,1617,1,1,1,1,1,6,0,16.8293712813066,2,-0.714285714285714,SWEEP
2026-03,2026_03.csv,50,MARKET,1,8614,8614,0,2026-04-09T13:25:00-05:00,2026-04-09T13:25:00-05:00,LOW,HL,external,ChartPrimeLow,25157.5,25167.25,25145,25157.25,25145,1509,22.25,0.25,9.75,12.25,-1,0.550561797752809,25157.5,25167.25,25145,25157.25,1509,13.1182216626107,1.69611404443764,0.0190574611734566,-0.933815597499372,899.25,479.59648403632,1.67806505421184,1.27138129718612,HIGH,25265.75,120.75,142,9.20475374677953,SSL,Resolved,10149,10151,BOS_UP,UP,173,2.55369979724318,0,0,1,EQH,0.152459689387653,162,1,BULLISH_FVG,0,1.14344767040739,156,1,4,0,BULLISH_OB,2.8967340983654,0.438321606989501,1946,1,0,0,1,1,7,9.20475374677953,0,2,-0.75,RUN
2026-03,2026_03.csv,51,MARKET,1,8701,8701,0,2026-04-09T14:52:00-05:00,2026-04-09T14:52:00-05:00,HIGH,HH,external,ChartPrimeHigh,25257.75,25269.75,25255.75,25268.25,25269.75,823,14,10.5,1.5,2,1,0.892857142857143,25257.75,25269.75,25255.75,25268.25,823,10.5095921722183,1.33211639144366,0.999087293582745,0.142726756226106,729.2,340.060082926532,1.1286341195831,0.275833609145666,LOW,25145,124.75,87,11.8701085594712,BSL,Resolved,8948,8949,BOS_UP,UP,260,15.0576727818542,0,0,0,EQH,1.47484314766977,14,0,BULLISH_FVG,1.40347976955671,0.118938963521755,0,0,1,0,BULLISH_OB,2.37877927043511,0.832572744652288,1846,1,0,1,1,1,7,0,11.8701085594712,3,-0.75,GRAB
2026-03,2026_03.csv,52,MARKET,1,8832,8832,0,2026-04-09T18:03:00-05:00,2026-04-09T18:03:00-05:00,LOW,HL,external,ChartPrimeLow,25196.25,25199.5,25193,25198.75,25193,111,6.5,2.5,0.75,3.25,1,0.884615384615385,25196.25,25199.5,25193,25198.75,111,6.52513299193572,0.996148278975037,0.383133953451937,-0.881208092939456,108.3,99.1963204962765,1.02493074792244,0.0272187515271935,HIGH,25269.75,76.75,131,11.7622123709745,SSL,Resolved,10149,10151,BOS_UP,UP,391,12.4901668825332,0,0,1,EQH,0.153253581380775,225,1,BULLISH_FVG,0,1.60916260449814,180,1,2,0,BULLISH_OB,0.651327720868293,0.881208092939456,2164,1,0,0,1,1,8,11.7622123709745,0,1,-0.777777777777778,RUN
2026-03,2026_03.csv,53,MARKET,1,9108,9108,0,2026-04-09T22:39:00-05:00,2026-04-09T22:39:00-05:00,HIGH,HH,external,ChartPrimeHigh,25292.5,25303.75,25291.25,25292,25303.75,341,12.5,0.5,11.25,0.75,-1,0.06,25292.5,25303.75,25291.25,25292,341,4.82820660042148,2.58895300770866,0.103558120308346,2.43361582724614,52.5,34.3474889911912,6.4952380952381,8.39944952232139,LOW,25193,110.75,276,22.9381236482987,BSL,Resolved,9638,9640,BOS_UP,UP,160,7.04195218096756,0,0,0,EQL,9.57912612852205,148,0,BULLISH_FVG,2.43361582724614,0.310674360925039,110,1,3,0,BULLISH_OB,11.650288534689,0.880244022620945,160,0,0,1,0,1,8,0,22.9381236482987,0,-0.777777777777778,RUN
2026-03,2026_03.csv,54,MARKET,1,9387,9387,0,2026-04-10T03:18:00-05:00,2026-04-10T03:18:00-05:00,LOW,HL,external,ChartPrimeLow,25208,25209.25,25202.75,25207.25,25202.75,193,6.5,0.75,1.25,4.5,-1,0.692307692307692,25208,25209.25,25202.75,25207.25,193,6.28746793493915,1.03380248889697,0.119284902565035,-0.715709415390211,158.65,97.8157834912137,1.21651433974157,0.351170320105706,HIGH,25303.75,101,279,16.0637002120914,SSL,Resolved,10149,10151,BOS_UP,UP,439,10.6561179624765,0,0,1,EQH,0.119284902565035,2882,1,BULLISH_FVG,0,0.675947781201866,853,1,2,0,BULLISH_OB,2.22665151454732,0.914517586331937,2719,1,0,0,1,1,9,16.0637002120914,0,0,-0.8,RUN
2026-03,2026_03.csv,55,MARKET,1,9813,9813,0,2026-04-10T10:24:00-05:00,2026-04-10T10:24:00-05:00,HIGH,HH,external,ChartPrimeHigh,25388,25393,25382.25,25388.5,25393,1375,10.75,0.5,4.5,5.75,1,0.581395348837209,25388,25393,25382.25,25388.5,1375,11.8614834565626,0.9062947344965,0.0421532434649535,0.379379191184581,877.9,225.380544856915,1.56623761248434,2.20560297391946,LOW,25202.75,190.25,426,16.0393091384148,BSL,Resolved,11258,11258,BOS_UP,UP,175,7.5243539584942,0,0,0,EQL,6.76559557612504,35,0,BULLISH_FVG,2.04443230805024,0.147536352127337,8,1,0,0,BULLISH_OB,8.83110450590776,0.864141491031547,175,1,0,1,0,1,9,0,16.0393091384148,1,-0.8,SWEEP
2026-03,2026_03.csv,56,MARKET,1,9893,9893,0,2026-04-10T11:44:00-05:00,2026-04-10T11:44:00-05:00,LOW,HL,external,ChartPrimeLow,25230,25233,25222.25,25227.25,25222.25,1360,10.75,2.75,3,5,-1,0.465116279069767,25230,25233,25222.25,25227.25,1360,11.6752694781874,0.920749625529755,0.235540601879705,-0.428255639781281,653.55,272.191012893519,2.0809425445643,2.59542000483448,HIGH,25393,170.75,80,14.6249300985308,SSL,Resolved,10149,10151,BOS_UP,UP,255,6.98056692843489,0,0,0,EQL,1.32759248332197,3114,1,BULLISH_FVG,0,0.963575189507883,444,1,0,0,BEARISH_OB,0.984987971496947,0.706621805639114,3023,1,0,1,1,1,10,14.6249300985308,0,0,-0.818181818181818,RUN
2026-03,2026_03.csv,57,MARKET,1,10148,10148,0,2026-04-10T15:59:00-05:00,2026-04-10T15:59:00-05:00,HIGH,LH,external,ChartPrimeHigh,25326,25338,25325.75,25333,25338,444,12.25,7,5,0.25,1,0.591836734693878,25326,25338,25325.75,25333,444,4.59359233390309,2.66675819479858,1.52386182559919,1.08847273257085,92.2,44.8214234490606,4.81561822125813,7.84892519979468,LOW,25222.25,115.75,255,25.1981437590151,BSL,Resolved,11163,11163,BOS_UP,UP,510,7.45603821811031,0,0,0,EQL,5.49678729948279,370,0,BEARISH_FVG,0.163270909885627,1.46943818897065,375,1,2,0,BULLISH_OB,10.8303036890799,2.23136910177024,510,1,0,1,0,2,10,0,25.1981437590151,2,-0.666666666666667,SWEEP
2026-03,2026_03.csv,59,MARKET,1,10386,10386,0,2026-04-12T20:57:00-05:00,2026-04-12T20:57:00-05:00,HIGH,LH,external,ChartPrimeHigh,25083,25093.75,25083,25088.25,25093.75,282,10.75,5.25,5.5,0,1,0.488372093023256,25083,25093.75,25083,25088.25,282,6.78494145061934,1.58439097496099,0.773772336608855,0.810618638352133,97.45,44.1378239155489,2.89379168804515,4.18122108496125,LOW,24904.5,189.25,237,27.892650419662,BSL,Resolved,10564,10564,BOS_UP,UP,748,30.9508934643542,0,0,1,EQH,0.847464940095412,3201,1,BEARISH_FVG,0,46.8316495157073,235,1,1,0,BULLISH_OB,4.67948032139641,0.884311241838691,1945,1,0,1,0,3,4,0,27.892650419662,2,-0.142857142857143,SWEEP
2026-03,2026_03.csv,61,MARKET,1,10929,10929,0,2026-04-13T06:00:00-05:00,2026-04-13T06:00:00-05:00,HIGH,HH,external,ChartPrimeHigh,25156.5,25194.75,25156.5,25171.5,25194.75,1483,38.25,15,23.25,0,1,0.392156862745098,25156.5,25194.75,25156.5,25171.5,1483,8.98608133391638,4.25658288397993,1.66924818979605,2.58733469418388,122.2,122.220129275009,12.1358428805237,11.13400884185,LOW,25049.5,145.25,416,16.1638866378584,BSL,Resolved,11072,11074,BOS_UP,UP,283,11.2396044779601,0,0,1,EQH,0.306028834795943,2322,1,BEARISH_FVG,0,35.360240820513,778,1,0,0,BULLISH_OB,0.667699275918421,0.639878472755153,4261,1,0,1,0,3,5,0,16.1638866378584,1,-0.25,RUN
2026-03,2026_03.csv,63,MARKET,1,11599,11599,0,2026-04-13T18:10:00-05:00,2026-04-13T18:10:00-05:00,HIGH,HH,external,ChartPrimeHigh,25612.5,25619.25,25611.5,25616.5,25619.25,189,7.75,4,2.75,1,1,0.645161290322581,25612.5,25619.25,25611.5,25616.5,189,6.35846421586531,1.21884778098815,0.629082725671304,0.432494373899022,148.15,148.165878325612,1.27573405332433,0.275704504043956,LOW,25073.5,545.75,608,85.8304743837786,BSL,Resolved,12074,12075,BOS_UP,UP,527,66.7614042618672,0,0,0,EQH,3.42063732083772,15,0,BULLISH_FVG,1.88724817701391,0.550447384962391,1,0,2,0,BULLISH_OB,52.0565955493004,1.61202448453272,1961,1,0,1,0,1,6,0,85.8304743837786,1,-0.714285714285714,GRAB
2026-03,2026_03.csv,65,MARKET,1,11970,11970,0,2026-04-14T00:21:00-05:00,2026-04-14T00:21:00-05:00,HIGH,LH,external,ChartPrimeHigh,25596,25598.25,25595.25,25597.75,25598.25,79,3,1.75,0.5,0.75,1,0.833333333333333,25596,25598.25,25595.25,25597.75,79,2.05510028230072,1.45978277840605,0.851539954070197,0.243297129734342,18.2,7.82048591840686,4.34065934065934,7.77445297317098,LOW,25560,38.25,315,18.6122304246772,BSL,Resolved,12071,12071,BOS_UP,UP,898,196.340783695614,0,0,1,EQH,0.364945694601513,386,1,BEARISH_FVG,0,0.973188518937368,330,1,4,0,BULLISH_OB,150.844220435292,4.98759115955401,2332,1,0,1,0,2,7,0,18.6122304246772,3,-0.555555555555556,SWEEP
2026-03,2026_03.csv,67,MARKET,1,12191,12191,0,2026-04-14T04:02:00-05:00,2026-04-14T04:02:00-05:00,HIGH,HH,external,ChartPrimeHigh,25672.5,25674,25669.75,25670.75,25674,218,4.25,1.75,1.5,1,-1,0.235294117647059,25672.5,25674,25669.75,25670.75,218,5.25911446897809,0.808120839557582,0.332755639817828,0.61797475966168,92.25,41.8794400631145,2.36314363143631,3.0026666977994,LOW,25564.5,109.5,158,20.8209957486012,BSL,Resolved,12366,12368,BOS_UP,UP,119,14.4035655521146,0,0,0,EQL,12.1693491133377,97,0,BULLISH_FVG,1.71131471906311,0.332755639817828,0,0,4,0,BULLISH_OB,16.3525628710475,1.23594951932336,119,0,0,1,0,1,8,0,20.8209957486012,1,-0.777777777777778,GRAB
2026-03,2026_03.csv,69,MARKET,1,13137,13137,0,2026-04-14T20:48:00-05:00,2026-04-14T20:48:00-05:00,HIGH,HH,external,ChartPrimeHigh,26038,26042.5,26037.75,26041.5,26042.5,133,4.75,3.5,1,0.25,1,0.789473684210526,26038,26042.5,26037.75,26041.5,133,3.90651816429929,1.2159165272567,0.895938493768093,0.255982426790884,68.3,52.1700105424563,1.94729136163982,1.2401760959459,LOW,25620,422.5,828,108.152575319148,BSL,Resolved,13329,13329,BOS_UP,UP,771,94.3295242724406,0,0,0,EQH,3.19978033488604,129,0,BULLISH_FVG,1.59989016744302,0.191986820093163,0,0,2,0,BULLISH_OB,98.4892387077925,0.383973640186325,771,1,0,1,0,1,9,0,108.152575319148,2,-0.8,SWEEP
2026-03,2026_03.csv,70,MARKET,1,13191,13191,0,2026-04-14T21:42:00-05:00,2026-04-14T21:42:00-05:00,LOW,HL,external,ChartPrimeLow,25994,25994,25990,25992.5,25990,112,4,1.5,0,2.5,-1,0.625,25994,25994,25990,25992.5,112,4.31880294429781,0.926182567621259,0.347318462857972,-0.578864104763287,115.4,86.3807849003469,0.97053726169844,-0.0393606055319179,HIGH,26042.5,52.5,54,12.156146200029,SSL,Resolved,13352,13354,BOS_UP,UP,825,73.1684228420794,0,0,0,EQL,1.85236513524252,114,1,BEARISH_FVG,0,0.810409746668601,308,1,4,0,BULLISH_OB,76.9310395230408,0.347318462857972,825,1,0,1,1,1,10,12.156146200029,0,3,-0.818181818181818,RUN
2026-03,2026_03.csv,71,MARKET,1,13329,13329,0,2026-04-15T00:00:00-05:00,2026-04-15T00:00:00-05:00,HIGH,HH,external,ChartPrimeHigh,26014,26058,26013.5,26018.25,26058,1806,44.5,4.25,39.75,0.5,1,0.106741573033708,26014,26058,26013.5,26018.25,1806,5.82639701295155,7.63765323596737,0.72943879219913,6.82239811527422,40.1,31.1366343717493,45.0374064837905,56.7145433548279,LOW,25990,68,138,11.6710206751861,BSL,Resolved,13849,13849,BOS_UP,UP,963,65.9069402834038,0,0,0,EQH,2.91775516879652,184,0,BULLISH_FVG,3.30392864701959,0.0858163284940153,183,1,0,0,BULLISH_OB,68.6959709594593,0.257448985482046,963,1,0,1,0,1,10,0,11.6710206751861,2,-0.818181818181818,SWEEP
2026-03,2026_03.csv,72,MARKET,1,13380,13380,0,2026-04-15T00:51:00-05:00,2026-04-15T00:51:00-05:00,LOW,LL,external,ChartPrimeLow,25969.75,25969.75,25966,25968,25966,213,3.75,1.75,0,2,-1,0.533333333333333,25969.75,25969.75,25966,25968,213,5.06235649418498,0.740761738986092,0.345688811526843,-0.395072927459249,97.2,44.2861152055585,2.19135802469136,2.61481503768173,HIGH,26058,92,51,18.1733546631254,SSL,Resolved,13644,13644,CHOCH_DOWN,DOWN,28,4.74087512951099,0,0,1,EQL,0,0,0,BULLISH_FVG,0.0493841159324061,0.641993507121279,573,1,6,0,BEARISH_OB,7.95084266511738,0.592609391188873,28,0,1,1,1,1,10,18.1733546631254,0,2,-0.818181818181818,SWEEP
2026-03,2026_03.csv,73,MARKET,1,13570,13570,0,2026-04-15T04:01:00-05:00,2026-04-15T04:01:00-05:00,HIGH,LH,external,ChartPrimeHigh,26035,26038.25,26032.75,26035,26038.25,98,5.5,0,3.25,2.25,0,0.409090909090909,26035,26038.25,26032.75,26035,98,4.23134880756055,1.29982193625178,0,0.768076598694232,62.9,23.4262673083016,1.55802861685215,1.49831808619214,LOW,25966,72.25,190,17.0749336171256,BSL,Resolved,13735,13735,CHOCH_DOWN,DOWN,218,11.4029833498451,0,0,1,EQL,0.590828152841717,427,1,BULLISH_FVG,0,0.118165630568343,424,1,3,0,BEARISH_OB,6.85360657296391,0.70899378341006,218,1,0,1,0,2,10,0,17.0749336171256,1,-0.666666666666667,SWEEP
2026-03,2026_03.csv,75,MARKET,1,14012,14012,0,2026-04-15T11:23:00-05:00,2026-04-15T11:23:00-05:00,HIGH,HH,external,ChartPrimeHigh,26246,26251.5,26243,26248.25,26251.5,1047,8.5,2.25,3.25,3,1,0.617647058823529,26246,26251.5,26243,26248.25,1047,8.2986904324392,1.02425799217355,0.271127115575351,0.391628055831062,617.6,336.706608191761,1.69527202072539,1.27529424594913,LOW,25933.75,317.75,350,38.2891737662523,BSL,Resolved,14125,14126,CHOCH_UP,UP,165,25.6968255095305,0,0,0,EQL,7.77231064649339,23,0,BULLISH_FVG,1.17488416749319,0.301252350639279,1,1,4,0,BULLISH_OB,25.5461993342108,2.74139639081744,165,1,0,1,0,1,10,0,38.2891737662523,1,-0.818181818181818,GRAB
2026-03,2026_03.csv,77,MARKET,1,14513,14513,0,2026-04-15T20:44:00-05:00,2026-04-15T20:44:00-05:00,HIGH,HH,external,ChartPrimeHigh,26458.5,26465.25,26453.25,26453.75,26465.25,355,12,4.75,6.75,0.5,-1,0.0416666666666667,26458.5,26465.25,26453.25,26453.75,355,5.54736391351777,2.16318961349525,0.85626255534187,2.07305671293295,115.45,107.851043110394,3.07492420961455,2.22111899052105,LOW,26102.25,363,468,65.4364858082313,BSL,Resolved,14771,14773,BOS_UP,UP,388,38.5318149903841,0,0,0,EQH,11.942609324505,122,0,BULLISH_FVG,2.2082560637764,0.721063204498417,0,0,5,0,BULLISH_OB,38.7120807915087,1.75759156096489,388,1,0,1,0,1,11,0,65.4364858082313,0,-0.833333333333333,GRAB
2026-03,2026_03.csv,78,MARKET,1,14711,14711,0,2026-04-16T00:02:00-05:00,2026-04-16T00:02:00-05:00,LOW,HL,external,ChartPrimeLow,26430.25,26430.5,26416.5,26420,26416.5,373,14,10.25,0.25,3.5,-1,0.25,26430.25,26430.5,26416.5,26420,373,3.66224239899404,3.82279447254654,2.79883166740014,-0.955698618136635,36.2,30.2367326277162,10.3038674033149,11.1387696596316,HIGH,26465.25,48.75,198,13.3115164669031,SSL,Resolved,14924,14926,BOS_UP,UP,586,45.0543634264413,0,0,0,EQH,4.77849309068317,320,0,BEARISH_FVG,0.136528374019519,0.477849309068317,281,1,2,0,BULLISH_OB,45.3274201744804,2.66230329338063,586,1,0,0,1,1,12,13.3115164669031,0,1,-0.846153846153846,GRAB
2026-03,2026_03.csv,79,MARKET,1,14869,14869,0,2026-04-16T02:40:00-05:00,2026-04-16T02:40:00-05:00,HIGH,HH,external,ChartPrimeHigh,26479,26488,26477.5,26485.5,26488,252,10.5,6.5,2.5,1.5,1,0.761904761904762,26479,26488,26477.5,26485.5,252,4.82620447014765,2.17562269998038,1.34681405236881,0.518005404757233,81.9,45.8529170282546,3.07692307692308,3.7096876496469,LOW,26416.5,71.5,158,14.8149545760569,BSL,Resolved,15324,15324,BOS_UP,UP,98,4.71384918329082,0,0,0,EQL,4.86925080471799,60,0,BEARISH_FVG,1.60581675474742,0.518005404757233,38,1,1,0,BULLISH_OB,6.83767134279548,0.46620486428151,98,0,0,2,0,2,12,0,14.8149545760569,1,-0.714285714285714,SWEEP
2026-03,2026_03.csv,80,MARKET,1,14869,14869,0,2026-04-16T02:40:00-05:00,2026-04-16T02:40:00-05:00,HIGH,LH,external,ChartPrimeActiveHigh,26479,26488,26477.5,26485.5,26488,252,10.5,6.5,2.5,1.5,1,0.761904761904762,26479,26488,26477.5,26485.5,252,4.82620447014765,2.17562269998038,1.34681405236881,0.518005404757233,81.9,45.8529170282546,3.07692307692308,3.7096876496469,HIGH,26488,0,0,0,BSL,Resolved,15324,15324,BOS_UP,UP,98,4.71384918329082,0,0,0,EQL,4.86925080471799,60,0,BEARISH_FVG,1.60581675474742,0.518005404757233,38,1,1,0,BULLISH_OB,6.83767134279548,0.46620486428151,98,0,0,2,0,2,12,0,14.8149545760569,1,-0.714285714285714,SWEEP
2026-03,2026_03.csv,81,MARKET,1,15056,15056,0,2026-04-16T05:47:00-05:00,2026-04-16T05:47:00-05:00,LOW,LL,external,ChartPrimeLow,26374.25,26375.25,26364.5,26367,26364.5,449,10.75,7.25,1,2.5,-1,0.232558139534884,26374.25,26375.25,26364.5,26367,449,7.87398422152874,1.36525546629974,0.920753686574243,-0.317501271232497,240.25,136.816619969944,1.86888657648283,1.52576492567832,HIGH,26488,123.5,187,15.6845627988854,SSL,Resolved,15225,15226,CHOCH_DOWN,DOWN,132,6.60402644163595,0,0,0,EQL,2.79401118684598,705,0,BULLISH_FVG,0.0317501271232497,0.0952503813697492,828,1,8,0,BEARISH_OB,7.04852822136144,0.920753686574243,132,1,0,0,1,2,12,15.6845627988854,0,0,-0.714285714285714,GRAB
2026-03,2026_03.csv,83,MARKET,1,15387,15387,0,2026-04-16T11:18:00-05:00,2026-04-16T11:18:00-05:00,HIGH,HH,external,ChartPrimeHigh,26558,26564,26557,26559,26564,731,7,1,5,1,1,0.285714285714286,26558,26564,26557,26559,731,9.72821074033076,0.719556780465264,0.102793825780752,0.51396912890376,719.55,253.672717295337,1.0159127232298,0.0451368997110929,LOW,26275.5,288.5,143,29.6560187377469,BSL,Resolved,16500,16501,CHOCH_UP,UP,56,7.81233075933715,0,0,0,EQH,1.87598732049872,15,0,BULLISH_FVG,2.5698456445188,0.102793825780752,9,1,1,0,BULLISH_OB,8.19780760601497,1.77319349471797,56,1,0,1,0,1,12,0,29.6560187377469,1,-0.846153846153846,GRAB
2026-03,2026_03.csv,85,MARKET,1,15856,15856,0,2026-04-16T20:07:00-05:00,2026-04-16T20:07:00-05:00,HIGH,LH,external,ChartPrimeHigh,26489,26497.75,26487.25,26494.75,26497.75,180,10.5,5.75,3,1.75,1,0.714285714285714,26489,26497.75,26487.25,26494.75,180,4.57392875509046,2.29561949086204,1.25712495928159,0.65589128310344,54.4,31.7811264746862,3.30882352941176,3.9520310930464,LOW,26355,142.75,339,31.2094935543387,BSL,Resolved,16298,16301,CHOCH_UP,UP,525,2.13164667008618,0,0,1,EQH,0.16397282077586,248,1,BULLISH_FVG,0,0.8198641038793,383,1,3,0,BULLISH_OB,2.95151077396548,3.77137487784478,525,1,0,1,0,2,13,0,31.2094935543387,2,-0.733333333333333,RUN
2026-03,2026_03.csv,87,MARKET,1,16785,16785,0,2026-04-17T11:36:00-05:00,2026-04-17T11:36:00-05:00,HIGH,HH,external,ChartPrimeHigh,26870.25,26884.75,26868.75,26877.25,26884.75,1426,16,7,7.5,1.5,1,0.53125,26870.25,26884.75,26868.75,26877.25,1426,11.1057479436096,1.44069540216844,0.630304238448694,0.675325969766457,761.5,333.974774496518,1.87261982928431,1.9896712289177,LOW,26440,444.75,693,40.0468300071509,BSL,Resolved,19240,19242,BOS_UP,UP,486,34.8468200399492,0,0,0,EQL,12.6511065002916,144,0,BULLISH_FVG,1.66580405875726,0.810391163719749,4,1,1,0,BULLISH_OB,35.3195482187857,0.270130387906583,486,0,0,1,0,1,14,0,40.0468300071509,0,-0.866666666666667,RUN
2026-03,2026_03.csv,88,MARKET,1,16833,16833,0,2026-04-17T12:24:00-05:00,2026-04-17T12:24:00-05:00,LOW,HL,external,ChartPrimeLow,26819.25,26819.25,26735.5,26756.75,26735.5,6755,83.75,62.5,0,21.25,-1,0.253731343283582,26819.25,26819.25,26735.5,26756.75,6755,19.7826911311034,4.23349884224416,3.15932749421206,-1.0741713480321,1279.05,807.248628057057,5.28126343770767,6.78347390094661,HIGH,26884.75,149.25,48,7.54447405617839,SSL,Resolved,17049,17051,BOS_UP,UP,534,12.0180817879827,0,0,1,EQL,0.442305849189688,192,1,BULLISH_FVG,0,0.593953568911867,202,1,2,0,BULLISH_OB,12.2834652974965,0.151647719722179,534,0,0,1,1,1,15,7.54447405617839,0,0,-0.875,RUN
2026-03,2026_03.csv,89,MARKET,1,17005,17005,0,2026-04-17T15:16:00-05:00,2026-04-17T15:16:00-05:00,HIGH,LH,external,ChartPrimeHigh,26841.25,26845,26840,26841.75,26845,148,5,0.5,3.25,1.25,1,0.35,26841.25,26845,26840,26841.75,148,7.25737702748342,0.688954147078922,0.0688954147078922,0.447820195601299,1081.1,1794.2969904673,0.136897604291925,-0.520036540749583,LOW,26735.5,109.5,172,15.0880958210284,BSL,Resolved,18916,18918,BOS_UP,UP,706,47.8478655146311,0,0,0,EQL,4.30596341924326,143,1,BULLISH_FVG,0,0.413372488247353,308,1,1,0,BULLISH_OB,48.571267369064,0.413372488247353,706,0,0,1,0,2,15,0,15.0880958210284,2,-0.764705882352941,RUN
2026-03,2026_03.csv,91,MARKET,1,17285,17285,0,2026-04-19T20:56:00-05:00,2026-04-19T20:56:00-05:00,HIGH,LH,external,ChartPrimeHigh,26712.25,26714.75,26705.5,26707,26714.75,171,9.25,5.25,2.5,1.5,-1,0.162162162162162,26712.25,26714.75,26705.5,26707,171,5.23346313772041,1.76747208427441,1.00315983161521,1.48085498952721,93.7,68.7110617004278,1.82497331910352,1.12500080899665,LOW,26535,179.75,236,34.346281853873,BSL,Resolved,17610,17612,BOS_UP,UP,986,41.4639397067619,0,0,0,EQL,2.34070627376882,5,1,BEARISH_FVG,0,50.7789952860459,234,1,0,0,BULLISH_OB,42.4670995383771,0.573234189494404,986,0,0,1,0,3,15,0,34.346281853873,2,-0.666666666666667,GRAB
2026-03,2026_03.csv,92,MARKET,1,17513,17513,0,2026-04-20T00:44:00-05:00,2026-04-20T00:44:00-05:00,LOW,HL,external,ChartPrimeLow,26624.75,26625.75,26612,26615,26612,399,13.75,9.75,1,3,-1,0.218181818181818,26624.75,26625.75,26612,26615,399,6.95271386468113,1.97764502719552,1.40233011019319,-0.43148618775175,132.15,122.452552035472,3.01929625425653,2.17921142160189,HIGH,26714.75,102.75,228,14.7784019304974,SSL,Resolved,18060,18060,BOS_UP,UP,1214,16.4324323168792,0,0,0,EQL,2.91253176732431,896,1,BULLISH_FVG,0,1.3304157455679,456,1,4,0,BULLISH_OB,17.1875331454447,0.43148618775175,1214,0,0,0,1,3,16,14.7784019304974,0,2,-0.684210526315789,SWEEP
2026-03,2026_03.csv,93,MARKET,1,17979,17979,0,2026-04-20T08:30:00-05:00,2026-04-20T08:30:00-05:00,HIGH,HH,external,ChartPrimeHigh,26796.5,26827.75,26796,26799.25,26827.75,5341,31.75,2.75,28.5,0.5,1,0.102362204724409,26796.5,26827.75,26796,26799.25,5341,12.0199073552137,2.64145130754509,0.228787121125953,2.3710665280326,361,235.522185791488,14.7950138504155,21.1445048510585,LOW,26612,215.75,466,17.9493895937907,BSL,Resolved,18596,18596,BOS_UP,UP,369,9.40107079535734,0,0,0,EQL,1.16473443482303,1117,1,BEARISH_FVG,0,22.1091554324444,928,1,5,0,BULLISH_OB,10.5450064009871,0.499171900638443,369,1,0,1,0,3,16,0,17.9493895937907,0,-0.684210526315789,SWEEP
2026-03,2026_03.csv,94,MARKET,1,18076,18076,0,2026-04-20T10:07:00-05:00,2026-04-20T10:07:00-05:00,LOW,LL,external,ChartPrimeLow,26585.5,26586.75,26568.75,26575,26568.75,1558,18,10.5,1.25,6.25,-1,0.347222222222222,26585.5,26586.75,26568.75,26575,1558,21.8736703340758,0.822907163045189,0.480029178443027,-0.285731653835135,1876.65,1603.81935625556,0.830202754909013,-0.198681976718346,HIGH,26827.75,259,97,11.840719734928,SSL,Resolved,19732,19732,CHOCH_DOWN,DOWN,3,1.97726304453914,0,1,0,EQH,1.0514924861133,2704,0,BULLISH_FVG,0.0114292661534054,0.0342877984602162,1564,1,3,0,BEARISH_OB,2.58301415066962,0.69718523535773,3,0,1,1,1,3,16,11.840719734928,0,1,-0.684210526315789,SWEEP
2026-03,2026_03.csv,95,MARKET,1,18559,18559,0,2026-04-20T19:10:00-05:00,2026-04-20T19:10:00-05:00,HIGH,LH,external,ChartPrimeHigh,26808,26819,26808,26817,26819,197,11,9,2,0,1,0.818181818181818,26808,26819,26808,26817,197,5.95054906305892,1.84856891077298,1.51246547245062,0.33610343832236,102.45,119.446002444619,1.92288921425085,0.791571070315541,LOW,26568.75,250.25,483,42.0549427200853,BSL,Resolved,18596,18598,CHOCH_DOWN,DOWN,486,34.7867058663643,0,0,1,EQL,0.882271525596195,1697,1,BEARISH_FVG,0,44.6597443670836,1508,1,1,0,BULLISH_OB,19.8301028610192,1.00831031496708,949,1,0,1,0,4,16,0,42.0549427200853,1,-0.6,RUN
2026-03,2026_03.csv,96,MARKET,1,18587,18587,0,2026-04-20T19:38:00-05:00,2026-04-20T19:38:00-05:00,LOW,HL,external,ChartPrimeLow,26790,26791,26785,26788.5,26785,100,6,1.5,1,3.5,-1,0.583333333333333,26790,26791,26785,26788.5,100,5.37542112456517,1.1161916175424,0.279047904385601,-0.651111776899735,94.2,70.4383418317041,1.06157112526539,0.082341518116053,HIGH,26819,34,28,6.32508583274028,SSL,Resolved,19358,19360,CHOCH_DOWN,DOWN,514,32.1835249724726,0,0,0,EQL,1.16269960160667,1605,1,BULLISH_FVG,0,1.58127145818507,155,1,0,0,BULLISH_OB,15.6266826455936,1.1161916175424,977,1,0,1,1,4,17,6.32508583274028,0,1,-0.619047619047619,RUN
2026-03,2026_03.csv,97,MARKET,1,18596,18596,0,2026-04-20T19:47:00-05:00,2026-04-20T19:47:00-05:00,HIGH,HH,external,ChartPrimeHigh,26802.75,26838.5,26801,26823.25,26838.5,1295,37.5,20.5,15.25,1.75,1,0.593333333333333,26802.75,26838.5,26801,26823.25,1295,8.01969687550524,4.67598720776308,2.55620634024381,1.90156813115698,100.65,56.7470483813916,12.8663686040735,21.0469096466989,LOW,26785,53.5,9,6.67107508307532,BSL,Resolved,18855,18855,CHOCH_DOWN,DOWN,523,28.242962734889,0,0,0,EQL,3.08615155712363,1734,1,BEARISH_FVG,0,33.1371626790143,1545,1,2,0,BULLISH_OB,17.1452864284646,0.748157953242092,986,1,0,2,1,4,17,0,6.67107508307532,1,-0.619047619047619,SWEEP
2026-03,2026_03.csv,98,MARKET,1,18751,18751,0,2026-04-20T22:22:00-05:00,2026-04-20T22:22:00-05:00,LOW,HL,external,ChartPrimeLow,26798.25,26798.75,26790,26793.5,26790,177,8.75,4.75,0.5,3.5,-1,0.4,26798.25,26798.75,26790,26793.5,177,3.50594418368191,2.49576135316873,1.35484187743445,-0.998304541267491,49.4,35.6263947095408,3.582995951417,3.58161416669614,HIGH,26838.5,48.5,155,13.8336486432781,SSL,Resolved,19358,19360,CHOCH_DOWN,DOWN,678,50.7709166701752,0,0,1,EQL,0.356537336166961,1769,1,BULLISH_FVG,0,0.926997074034099,160,1,4,0,BULLISH_OB,25.3854583350876,1.71137921360141,1141,1,0,0,1,3,18,13.8336486432781,0,2,-0.714285714285714,RUN
2026-03,2026_03.csv,99,MARKET,1,18918,18918,0,2026-04-21T01:10:00-05:00,2026-04-21T01:10:00-05:00,HIGH,HH,external,ChartPrimeHigh,26849.25,26857.25,26849.25,26855.25,26857.25,223,8,6,2,0,1,0.75,26849.25,26857.25,26849.25,26855.25,223,5.18782618064668,1.54207171200997,1.15655378400748,0.385517928002494,83.35,85.4700386100299,2.6754649070186,1.63390589580958,LOW,26790,67.25,167,12.9630403290839,BSL,Resolved,19157,19157,CHOCH_UP,UP,61,3.61423057502338,0,0,0,EQH,2.84319471901839,53,1,BEARISH_FVG,0,3.51785109302276,2099,1,3,0,BULLISH_OB,3.51785109302276,1.01198456100655,61,1,0,1,0,2,18,0,12.9630403290839,4,-0.8,SWEEP
2026-03,2026_03.csv,100,MARKET,1,19034,19034,0,2026-04-21T03:06:00-05:00,2026-04-21T03:06:00-05:00,LOW,HL,external,ChartPrimeLow,26812.75,26817,26797.25,26801,26797.25,288,19.75,11.75,4.25,3.75,-1,0.189873417721519,26812.75,26817,26797.25,26801,288,6.48621934147625,3.044917071137,1.81153294105619,-0.578148810975379,77.5,59.216973917957,3.71612903225806,3.55472402712844,HIGH,26857.25,60,116,9.25038097560607,SSL,Resolved,19358,19360,CHOCH_UP,UP,177,6.35963692072917,0,0,1,EQL,0.847951589430556,527,1,BEARISH_FVG,0,0.192716270325126,281,1,2,0,BULLISH_OB,5.62731509349369,0.809408335365531,177,1,0,0,1,2,19,9.25038097560607,0,0,-0.80952380952381,RUN
2026-03,2026_03.csv,101,MARKET,1,19248,19248,0,2026-04-21T06:40:00-05:00,2026-04-21T06:40:00-05:00,HIGH,HH,external,ChartPrimeHigh,26895.25,26901.75,26893.5,26898.5,26901.75,205,8.25,3.25,3.25,1.75,1,0.606060606060606,26895.25,26901.75,26893.5,26898.5,205,6.86401007440684,1.2019213128432,0.473484153544289,0.473484153544289,172.3,107.846696750526,1.18978525827046,0.303208174058798,LOW,26797.25,104.5,214,15.2243366293472,BSL,Resolved,20775,20776,BOS_UP,UP,62,6.48309071776027,0,0,0,EQH,6.73804372351489,316,0,BULLISH_FVG,1.96678033010705,0.874124591158688,6,1,2,0,BULLISH_OB,7.10226230316434,0.473484153544289,62,1,0,1,0,1,19,0,15.2243366293472,0,-0.9,GRAB
2026-03,2026_03.csv,102,MARKET,1,19588,19588,0,2026-04-21T12:20:00-05:00,2026-04-21T12:20:00-05:00,LOW,LL,external,ChartPrimeLow,26610.25,26617.5,26600,26614.25,26600,1435,17.5,4,3.25,10.25,1,0.814285714285714,26610.25,26617.5,26600,26614.25,1435,18.2871346909539,0.956956915106922,0.218733009167297,-0.779236345158494,1594.85,1057.55956215241,0.899771138351569,-0.151149879137458,HIGH,26901.75,301.75,340,16.5006713790579,SSL,Resolved,19731,19733,CHOCH_DOWN,DOWN,230,10.7862715145623,0,0,0,EQL,1.76353488641133,2971,1,BULLISH_FVG,0,1.91391383021384,2535,1,4,0,BEARISH_OB,1.38075212036856,0.833919597450318,1515,1,0,0,1,1,17,16.5006713790579,0,0,-0.888888888888889,RUN
2026-03,2026_03.csv,103,MARKET,1,19720,19720,0,2026-04-21T14:32:00-05:00,2026-04-21T14:32:00-05:00,HIGH,LH,external,ChartPrimeHigh,26785,26786.5,26777,26781.75,26786.5,506,9.5,3.25,1.5,4.75,-1,0.5,26785,26786.5,26777,26781.75,506,13.7956085354134,0.688624932754033,0.235582213836906,0.344312466377016,1114.45,849.243220461606,0.454035622953026,-0.716461415693465,LOW,26600,186.5,132,13.5187947324871,BSL,Resolved,19760,19760,CHOCH_DOWN,DOWN,362,0.779233476537458,0,0,1,EQL,0.344312466377016,2738,1,BULLISH_FVG,0,1.17791106918453,338,1,2,0,BEARISH_OB,1.61283207934497,0.724868350267403,362,1,0,1,0,2,17,0,13.5187947324871,4,-0.789473684210526,SWEEP
2026-03,2026_03.csv,105,MARKET,1,20077,20077,0,2026-04-21T21:29:00-05:00,2026-04-21T21:29:00-05:00,HIGH,HH,external,ChartPrimeHigh,26823.5,26837.75,26823.5,26828.5,26837.75,325,14.25,5,9.25,0,1,0.350877192982456,26823.5,26837.75,26823.5,26828.5,325,4.34033735461195,3.28315493376529,1.15198418728607,2.13117074647922,45.4,17.9677488851553,7.15859030837004,15.5612148069924,LOW,26551.75,286,345,65.893495512763,BSL,Resolved,20244,20244,CHOCH_UP,UP,140,11.8078379196822,0,0,1,EQL,0.806388931100246,1205,1,BULLISH_FVG,0,1.6703770715648,682,1,1,1,BULLISH_OB,0,1.20958339665037,1220,1,0,1,0,2,16,0,65.893495512763,0,-0.777777777777778,SWEEP
2026-03,2026_03.csv,106,MARKET,1,20228,20228,0,2026-04-22T00:00:00-05:00,2026-04-22T00:00:00-05:00,LOW,HL,external,ChartPrimeLow,26777.25,26779,26765.5,26777.25,26765.5,314,13.5,0,1.75,11.75,0,0.87037037037037,26777.25,26779,26765.5,26777.25,314,4.6717826565366,2.88968922411475,0,-2.51509988024803,62.25,45.8441653866662,5.04417670682731,5.49142945185391,HIGH,26837.75,72.25,151,15.4651886253549,SSL,Resolved,22370,22370,CHOCH_UP,UP,291,4.49507212640073,0,0,1,EQH,0.481614870685792,2236,1,BULLISH_FVG,0,0.856204214552519,313,1,4,0,BULLISH_OB,2.03348500956223,1.28430632182878,291,1,0,0,1,2,17,15.4651886253549,0,2,-0.789473684210526,SWEEP
2026-03,2026_03.csv,107,MARKET,1,20392,20392,0,2026-04-22T02:44:00-05:00,2026-04-22T02:44:00-05:00,HIGH,HH,external,ChartPrimeHigh,26860,26864.5,26858,26863,26864.5,161,6.5,3,1.5,2,1,0.769230769230769,26860,26864.5,26858,26863,161,6.60343665018007,0.984335936625174,0.454308893827003,0.227154446913502,103.7,92.986074226198,1.55255544840887,0.616221304930155,LOW,26765.5,99,164,14.9921934962911,BSL,Resolved,20652,20652,BOS_UP,UP,144,4.05092096995745,0,0,0,EQH,1.36292668148101,1460,1,BEARISH_FVG,0,1.93081279876476,984,1,1,0,BULLISH_OB,1.74151742633685,0.492167968312587,1206,1,0,1,0,2,17,0,14.9921934962911,2,-0.789473684210526,SWEEP
2026-03,2026_03.csv,108,MARKET,1,20631,20631,0,2026-04-22T06:43:00-05:00,2026-04-22T06:43:00-05:00,LOW,HL,external,ChartPrimeLow,26818,26818.5,26806,26808.25,26806,264,12.5,9.75,0.5,2.25,-1,0.18,26818,26818.5,26806,26808.25,264,6.88945542322596,1.81436691757371,1.4152061957075,-0.326586045163269,128.25,74.6651692558183,2.05847953216374,1.81811681876582,HIGH,26864.5,58.5,239,8.49123717424499,SSL,Resolved,22369,22371,BOS_UP,UP,383,4.60849197063724,0,0,1,EQH,0.0725746767029486,1870,1,BULLISH_FVG,0,0.290298706811794,170,1,1,0,BEARISH_OB,0.399160721866217,1.45149353405897,1273,1,0,0,1,2,18,8.49123717424499,0,2,-0.8,RUN
2026-03,2026_03.csv,109,MARKET,1,21136,21136,0,2026-04-22T15:08:00-05:00,2026-04-22T15:08:00-05:00,HIGH,HH,external,ChartPrimeHigh,27126,27136,27125.5,27128.25,27136,730,10.5,2.25,7.75,0.5,1,0.261904761904762,27126,27136,27125.5,27128.25,730,13.8418502928184,0.758569105854851,0.162550522683182,0.559896244797628,1881.05,2131.32279289178,0.388081124903644,-0.540063665550283,LOW,26806,330,505,23.8407433268668,BSL,Resolved,22225,22225,BOS_UP,UP,482,19.614429737104,0,0,1,EQH,0,0,0,BULLISH_FVG,1.67968873439289,0.126428184309142,2,0,4,0,BULLISH_OB,19.8131025981612,0.307039876179345,482,1,0,1,0,1,18,0,23.8407433268668,2,-0.894736842105263,SWEEP
2026-03,2026_03.csv,110,MARKET,1,21528,21528,0,2026-04-22T22:40:00-05:00,2026-04-22T22:40:00-05:00,LOW,HL,external,ChartPrimeLow,26872,26873.75,26865,26871.75,26865,244,8.75,0.25,1.75,6.75,-1,0.771428571428571,26872,26873.75,26865,26871.75,244,8.1659634509269,1.07152083799822,0.0306148810856633,-0.82660178931291,158.85,91.8424057829497,1.53604028958137,0.927131636786978,HIGH,27136,271,392,33.1865310968591,SSL,Resolved,22350,22350,BOS_UP,UP,874,0.0612297621713267,0,0,0,EQH,1.16336548125521,2596,1,BULLISH_FVG,0,0.887831551484237,795,1,5,0,BULLISH_OB,0.397993454113624,0.520452978456277,874,1,0,0,1,1,19,33.1865310968591,0,1,-0.9,SWEEP
2026-03,2026_03.csv,111,MARKET,1,21777,21777,0,2026-04-23T02:49:00-05:00,2026-04-23T02:49:00-05:00,HIGH,LH,external,ChartPrimeHigh,27005.5,27013.5,27001,27012.25,27013.5,246,12.5,6.75,1.25,4.5,1,0.9,27005.5,27013.5,27001,27012.25,246,9.00229105629595,1.388535420798,0.749809127230922,0.1388535420798,124,82.7490181210629,1.98387096774194,1.47433773560325,LOW,26865,148.5,249,16.4958007990803,BSL,Resolved,22015,22017,BOS_UP,UP,1123,16.5513422159122,0,0,1,EQH,0.638726293567082,920,1,BULLISH_FVG,0,0.16662425049576,366,1,0,0,BULLISH_OB,16.8568200084878,0.472102043071321,1123,1,0,1,0,2,19,0,16.4958007990803,6,-0.80952380952381,GRAB
2026-03,2026_03.csv,112,MARKET,1,21856,21856,0,2026-04-23T04:08:00-05:00,2026-04-23T04:08:00-05:00,LOW,HL,external,ChartPrimeLow,26898,26900.5,26890,26898,26890,182,10.5,0,2.5,8,0,0.761904761904762,26898,26900.5,26890,26898,182,8.34450940274352,1.25831244153764,0,-0.958714241171536,155,91.0686554199632,1.1741935483871,0.296479616125762,HIGH,27013.5,123.5,79,14.8001510980856,SSL,Resolved,22344,22344,BOS_UP,UP,1202,3.05590164373427,0,0,0,EQL,3.95469624483258,283,1,BULLISH_FVG,0,0.958714241171536,1079,1,6,0,BULLISH_OB,3.38545966413698,0.509316940622378,1202,1,0,1,1,2,20,14.8001510980856,0,1,-0.818181818181818,SWEEP
2026-03,2026_03.csv,113,MARKET,1,22241,22241,0,2026-04-23T10:33:00-05:00,2026-04-23T10:33:00-05:00,HIGH,HH,external,ChartPrimeHigh,27150,27155.75,27148.5,27152,27155.75,838,7.25,2,3.75,1.5,1,0.482758620689655,27150,27155.75,27148.5,27152,838,11.6976965074004,0.619780141792307,0.170973832218567,0.320575935409814,831.75,277.35065801256,1.00751427712654,0.0225346499798712,LOW,26890,265.75,385,22.7181479560422,BSL,Resolved,23306,23306,BOS_UP,UP,226,12.1605138165456,0,0,0,EQH,1.68836659315835,1105,0,BULLISH_FVG,1.06858645136605,0.213717290273209,8,1,5,0,BULLISH_OB,15.9005663963268,0.406062851519098,226,1,0,1,0,1,20,0,22.7181479560422,1,-0.904761904761905,SWEEP
2026-03,2026_03.csv,115,MARKET,1,22718,22718,0,2026-04-23T19:30:00-05:00,2026-04-23T19:30:00-05:00,HIGH,LH,external,ChartPrimeHigh,27125.5,27135.75,27123.75,27133.25,27135.75,376,12,7.75,2.5,1.75,1,0.791666666666667,27125.5,27135.75,27123.75,27133.25,376,6.32352269596606,1.89767643400017,1.22558269695844,0.395349257083368,144.35,72.1479556189917,2.60478004849325,3.2107631881259,LOW,26681.75,454,344,71.7954250863397,BSL,Resolved,23188,23189,CHOCH_DOWN,DOWN,371,38.8628319712951,0,0,1,EQH,0.0395349257083368,1582,1,BULLISH_FVG,0,1.14651284554177,477,1,3,0,BULLISH_OB,26.2511906703356,0.751163588458399,703,1,0,1,0,2,17,0,71.7954250863397,1,-0.789473684210526,GRAB
2026-03,2026_03.csv,116,MARKET,1,22953,22953,0,2026-04-23T23:25:00-05:00,2026-04-23T23:25:00-05:00,LOW,HL,external,ChartPrimeLow,27022,27023.25,27016.25,27021.5,27016.25,119,7,0.5,1.25,5.25,-1,0.75,27022,27023.25,27016.25,27021.5,119,5.90002239221983,1.18643617509498,0.0847454410782126,-0.889827131321232,62.9,33.2263449690152,1.89189189189189,1.68841923637148,HIGH,27135.75,119.5,235,20.2541604176928,SSL,Resolved,26339,26339,CHOCH_DOWN,DOWN,606,21.3982238722487,0,0,0,EQL,1.22880889563408,50,1,BULLISH_FVG,0,11.567752707176,383,1,3,0,BULLISH_OB,7.88132602027377,0.805081690243019,938,1,0,0,1,2,18,20.2541604176928,0,1,-0.8,SWEEP
2026-03,2026_03.csv,117,MARKET,1,23189,23189,0,2026-04-24T03:21:00-05:00,2026-04-24T03:21:00-05:00,HIGH,HH,external,ChartPrimeHigh,27140.5,27153.75,27132.5,27133,27153.75,514,21.25,7.5,13.25,0.5,-1,0.0235294117647059,27140.5,27153.75,27132.5,27133,514,10.4150375831168,2.04031908962548,0.720112619867817,1.99231158163429,223.4,143.780527193358,2.30080572963295,2.02113600271612,LOW,27016.25,137.5,236,13.2020646975766,BSL,Resolved,23306,23306,CHOCH_UP,UP,1,1.72827028768276,0,1,0,EQH,1.70426653368717,2053,0,BEARISH_FVG,0.504078833907472,0.192030031964751,945,1,1,0,BULLISH_OB,5.85691597492491,0.600093849889847,1,0,1,1,0,2,18,0,13.2020646975766,0,-0.8,SWEEP
2026-03,2026_03.csv,118,MARKET,1,23250,23250,0,2026-04-24T04:22:00-05:00,2026-04-24T04:22:00-05:00,LOW,HL,external,ChartPrimeLow,27097.75,27098.5,27064.5,27087.25,27064.5,596,34,10.5,0.75,22.75,-1,0.669117647058823,27097.75,27098.5,27064.5,27087.25,596,8.5185304691623,3.99129874842644,1.23260696642581,-2.67064842725593,76.1,33.167604676853,7.83180026281209,15.6749335704314,HIGH,27153.75,89.25,61,10.4771592146194,SSL,Resolved,26179,26179,CHOCH_UP,UP,62,8.36411870074659,0,0,1,EQL,0.733694622872508,558,1,BULLISH_FVG,0,0.381521203893704,586,1,0,0,BULLISH_OB,2.58260507251123,0.733694622872508,62,1,0,1,1,2,19,10.4771592146194,0,0,-0.80952380952381,SWEEP
2026-03,2026_03.csv,119,MARKET,1,23378,23378,0,2026-04-24T06:30:00-05:00,2026-04-24T06:30:00-05:00,HIGH,HH,external,ChartPrimeHigh,27351,27363.75,27340.75,27342,27363.75,891,23,9,12.75,1.25,-1,0.0543478260869565,27351,27363.75,27340.75,27342,891,21.1767468391051,1.08609694278104,0.42499445587084,1.0270699350212,748.5,330.829487803007,1.19038076152305,0.43073548535931,LOW,27064.5,299.25,128,14.1310656577054,BSL,Resolved,23632,23633,BOS_UP,UP,70,9.91653730365294,0,0,0,EQL,4.65132821147531,9,0,BULLISH_FVG,3.69509068576592,0.31874584190313,7,0,2,0,BULLISH_OB,9.99917511451672,0.224302629487388,70,1,0,1,0,1,19,0,14.1310656577054,5,-0.9,GRAB
2026-03,2026_03.csv,120,MARKET,1,23524,23524,0,2026-04-24T08:56:00-05:00,2026-04-24T08:56:00-05:00,LOW,HL,external,ChartPrimeLow,27154,27161.25,27130.25,27154.75,27130.25,2167,31,0.75,6.5,23.75,1,0.790322580645161,27154,27161.25,27130.25,27154.75,2167,25.4464478415771,1.21824469147906,0.0294736618906223,-0.962806288426996,1729.4,372.831114581388,1.25303573493697,1.17372178148633,HIGH,27363.75,233.5,146,9.17613340194708,SSL,Resolved,26139,26139,BOS_UP,UP,216,0.923508072572833,0,0,1,EQH,0.167017417380193,726,1,BULLISH_FVG,0,0.0982455396354077,223,1,2,0,BULLISH_OB,0.668069669520773,0.186666525307275,216,1,0,0,1,1,20,9.17613340194708,0,1,-0.904761904761905,SWEEP
2026-03,2026_03.csv,121,MARKET,1,23762,23762,0,2026-04-24T12:54:00-05:00,2026-04-24T12:54:00-05:00,HIGH,HH,external,ChartPrimeHigh,27425.25,27462.5,27425.25,27436,27462.5,3833,37.25,10.75,26.5,0,1,0.288590604026846,27425.25,27462.5,27425.25,27436,3833,11.6895118545356,3.1866172397564,0.919627794023658,2.26698944573274,521.8,227.935210092693,7.34572633192794,14.5269350823572,LOW,27130.25,332.25,238,28.4229148431963,BSL,Resolved,24126,24126,BOS_UP,UP,130,8.44774368928709,0,0,0,EQH,5.00448613491944,108,0,BEARISH_FVG,3.87099141205307,0.128320157305627,73,1,1,0,BULLISH_OB,11.5274274646221,0.855467715370845,130,0,0,1,0,1,20,0,28.4229148431963,0,-0.904761904761905,SWEEP
2026-03,2026_03.csv,122,MARKET,1,23954,23954,0,2026-04-26T17:06:00-05:00,2026-04-26T17:06:00-05:00,LOW,HL,external,ChartPrimeLow,27352,27357,27344.25,27348.5,27344.25,399,12.75,3.5,5,4.25,-1,0.333333333333333,27352,27357,27344.25,27348.5,399,11.2614103562029,1.13218501028844,0.310795885177219,-0.377395003429481,216.9,229.420770637708,1.83955739972337,0.793738071290697,HIGH,27462.5,118.25,192,10.5004609777732,SSL,Resolved,24895,24895,BOS_UP,UP,322,1.73157707455879,0,0,0,EQL,3.59635238562211,157,1,BULLISH_FVG,0,2.66396473009045,320,1,3,0,BULLISH_OB,1.46518060154975,0.887988243363484,322,0,0,0,1,1,21,10.5004609777732,0,0,-0.909090909090909,SWEEP
2026-03,2026_03.csv,123,MARKET,1,24347,24347,0,2026-04-26T23:39:00-05:00,2026-04-26T23:39:00-05:00,HIGH,HH,external,ChartPrimeHigh,27536,27540,27535,27536.25,27540,184,5,0.25,3.75,1,1,0.25,27536,27540,27535,27536.25,184,3.81290665278833,1.31133553881881,0.0655667769409403,0.983501654114105,58.25,37.5298214757278,3.1587982832618,3.35066874968558,LOW,27344.25,195.75,393,51.3387863447563,BSL,Resolved,28201,28203,BOS_UP,UP,219,20.3257008516915,0,0,0,EQL,4.45854083198394,51,0,BULLISH_FVG,1.83586975434633,1.24576876187787,159,1,2,0,BULLISH_OB,20.9813686211009,2.16370363905103,219,0,0,1,0,1,21,0,51.3387863447563,1,-0.909090909090909,GRAB
2026-03,2026_03.csv,124,MARKET,1,24563,24563,0,2026-04-27T03:15:00-05:00,2026-04-27T03:15:00-05:00,LOW,HL,external,ChartPrimeLow,27391.25,27399.5,27388,27399.25,27388,150,11.5,8,0.25,3.25,1,0.978260869565217,27391.25,27399.5,27388,27399.25,150,8.53402928657334,1.34754634813511,0.937423546528773,-1.31825186230609,144.55,80.4794849635608,1.03770321687997,0.067719121245217,HIGH,27540,152,216,17.8110473840467,SSL,Resolved,24852,24852,BOS_UP,UP,435,8.7297567770492,0,0,1,EQL,0,0,1,BULLISH_FVG,0,0.35153382994829,493,1,0,0,BULLISH_OB,7.05997108479482,1.17177943316097,931,0,0,0,1,1,22,17.8110473840467,0,4,-0.91304347826087,SWEEP
2026-03,2026_03.csv,125,MARKET,1,24760,24760,0,2026-04-27T06:32:00-05:00,2026-04-27T06:32:00-05:00,HIGH,LH,external,ChartPrimeHigh,27498.5,27500.25,27497,27499.25,27500.25,177,3.25,0.75,1,1.5,1,0.692307692307692,27498.5,27500.25,27497,27499.25,177,5.40707334337683,0.601064530404595,0.138707199324137,0.184942932432183,104.5,34.643181147233,1.69377990430622,2.09276393215381,LOW,27388,112.25,197,20.7598441655126,BSL,Resolved,25346,25346,BOS_UP,UP,632,6.98159569931491,0,0,0,EQL,4.20745171283217,464,1,BEARISH_FVG,0,1.1096575945931,385,1,0,0,BULLISH_OB,7.44395303039537,1.52577919256551,632,1,0,1,0,2,22,0,20.7598441655126,0,-0.833333333333333,SWEEP
2026-03,2026_03.csv,126,MARKET,1,24900,24900,0,2026-04-27T08:52:00-05:00,2026-04-27T08:52:00-05:00,LOW,LL,external,ChartPrimeLow,27305.25,27319.75,27298.5,27318.5,27298.5,2098,21.25,13.25,1.25,6.75,1,0.941176470588235,27305.25,27319.75,27298.5,27318.5,2098,24.7632789324514,0.858125454951469,0.53506646014621,-0.807647487013147,2032.45,588.436528013005,1.03225171590937,0.111396891388346,HIGH,27500.25,201.75,140,8.14714402524513,SSL,Resolved,26021,26023,CHOCH_DOWN,DOWN,22,3.61422250438384,0,0,0,EQH,1.28214038563337,1412,1,BEARISH_FVG,0,0.191816278165623,1471,1,2,0,BULLISH_OB,0.777360706250155,0.403823743506574,1268,1,1,0,1,2,21,8.14714402524513,0,1,-0.826086956521739,GRAB
2026-03,2026_03.csv,127,MARKET,1,25459,25459,0,2026-04-27T19:11:00-05:00,2026-04-27T19:11:00-05:00,HIGH,HH,external,ChartPrimeHigh,27508.75,27512,27507.5,27509.75,27512,146,4.5,1,2.25,1.25,1,0.5,27508.75,27512,27507.5,27509.75,146,6.92045664553868,0.650246108094754,0.144499135132167,0.325123054047377,107.75,87.9214848600727,1.35498839907193,0.435047247676435,LOW,27298.5,213.5,559,30.8505653507178,BSL,Resolved,28189,28191,CHOCH_UP,UP,32,1.69786483780297,0,0,0,EQL,1.58949048645384,1163,1,BEARISH_FVG,0,0.758620459443879,1087,1,3,0,BULLISH_OB,1.66174005401993,0.758620459443879,32,1,0,1,0,2,21,0,30.8505653507178,0,-0.826086956521739,RUN
2026-03,2026_03.csv,128,MARKET,1,25626,25626,0,2026-04-27T21:58:00-05:00,2026-04-27T21:58:00-05:00,LOW,HL,external,ChartPrimeLow,27392.25,27398.75,27386,27395.75,27386,201,12.75,3.5,3,6.25,1,0.764705882352941,27392.25,27398.75,27386,27395.75,201,6.08617793040902,2.09491082018746,0.575073558482833,-1.60199062720218,103.45,90.9463990491102,1.94296761720638,1.07260981215236,HIGH,27512,126,167,20.702648105382,SSL,Resolved,25759,25761,CHOCH_UP,UP,199,18.7720440161896,0,0,1,EQL,0.205383413743869,1829,1,BULLISH_FVG,0,0.410766827487738,538,1,1,0,BEARISH_OB,1.15014711696567,3.36828798539945,748,1,0,0,1,2,22,20.702648105382,0,1,-0.833333333333333,RUN
2026-03,2026_03.csv,129,MARKET,1,25734,25734,0,2026-04-27T23:46:00-05:00,2026-04-27T23:46:00-05:00,HIGH,LH,external,ChartPrimeHigh,27435.75,27439.5,27435.75,27438.25,27439.5,78,3.75,2.5,1.25,0,1,0.666666666666667,27435.75,27439.5,27435.75,27438.25,78,2.98965321965933,1.25432607880432,0.836217385869548,0.418108692934774,31.4,25.9699826723084,2.48407643312102,1.79437932585489,LOW,27386,53.5,108,17.8950520576083,BSL,Resolved,28103,28105,CHOCH_UP,UP,307,20.32008247663,0,0,1,EQH,0.16724347717391,1267,1,BEARISH_FVG,0,5.10092605380424,167,1,2,0,BULLISH_OB,4.09746519076079,2.75951737336951,1606,1,0,1,0,3,22,0,17.8950520576083,2,-0.76,RUN
2026-03,2026_03.csv,130,MARKET,1,26199,26199,0,2026-04-28T07:31:00-05:00,2026-04-28T07:31:00-05:00,LOW,LL,external,ChartPrimeLow,27047.5,27051,27036.5,27050.5,27036.5,604,14.5,3,0.5,11,1,0.96551724137931,27047.5,27051,27036.5,27050.5,604,16.5214772683502,0.877645489230994,0.181581825358137,-0.847381851671305,789.8,751.311826074899,0.764750569764497,-0.247300779186028,HIGH,27439.5,403,465,24.3924918731097,SSL,Resolved,26338,26340,CHOCH_DOWN,DOWN,440,21.1542826542229,0,0,1,EQL,0.438822744615497,6,1,BULLISH_FVG,0,0.0151318187798447,3227,1,2,0,BULLISH_OB,3.02636375596895,0.378295469496118,3011,1,0,0,1,3,19,24.3924918731097,0,2,-0.727272727272727,GRAB
2026-03,2026_03.csv,131,MARKET,1,26277,26277,0,2026-04-28T08:49:00-05:00,2026-04-28T08:49:00-05:00,HIGH,LH,external,ChartPrimeHigh,27246.5,27252,27219.75,27227.75,27252,3018,32.25,18.75,5.5,8,-1,0.248062015503876,27246.5,27252,27219.75,27227.75,3018,24.3156471757173,1.32630646295141,0.771108408692679,0.997300208575865,2753.05,1321.45330886112,1.09623871705926,0.200498949318417,LOW,27036.5,215.5,78,8.86260597724119,BSL,Resolved,26828,26830,CHOCH_DOWN,DOWN,518,5.51085476079035,0,0,1,EQL,0.544916608809493,2908,1,BEARISH_FVG,0,0.452383599766372,163,1,2,0,BULLISH_OB,2.704020153149,0.411257817969429,2645,1,0,1,1,4,19,0,8.86260597724119,2,-0.652173913043478,RUN
2026-03,2026_03.csv,133,MARKET,1,26858,26858,0,2026-04-28T19:30:00-05:00,2026-04-28T19:30:00-05:00,HIGH,HH,external,ChartPrimeHigh,27288.5,27294,27288.5,27292.5,27294,133,5.5,4,1.5,0,1,0.727272727272727,27288.5,27294,27288.5,27292.5,133,5.3316033833215,1.03158461058924,0.750243353155813,0.28134125743343,136,52.1325234378694,0.977941176470588,-0.057545651009496,LOW,27009.5,284.5,461,53.3610584932072,BSL,Resolved,27069,27069,CHOCH_UP,UP,30,7.87755520813604,0,0,0,EQL,1.64115733502834,918,1,BEARISH_FVG,0,0.937804191444766,830,1,2,0,BULLISH_OB,4.45456990936264,1.87560838288953,3226,1,1,1,0,4,18,0,53.3610584932072,1,-0.636363636363636,SWEEP
2026-03,2026_03.csv,134,MARKET,1,26896,26896,0,2026-04-28T20:08:00-05:00,2026-04-28T20:08:00-05:00,LOW,HL,external,ChartPrimeLow,27209.25,27209.5,27191.75,27198.25,27191.75,814,17.75,11,0.25,6.5,-1,0.366197183098592,27209.25,27209.5,27191.75,27198.25,814,9.41603592425281,1.88508201782466,1.16821984203219,-0.6903117248372,184.85,178.341042668254,4.40357046253719,3.5277914191089,HIGH,27294,102.25,38,10.8591344407083,SSL,Resolved,27638,27640,CHOCH_UP,UP,68,6.39865868022174,0,0,1,EQH,0,276,1,BULLISH_FVG,0,0.584109921016093,187,1,1,0,BULLISH_OB,4.22152170188903,0.504458568150262,3588,1,0,1,1,4,19,10.8591344407083,0,0,-0.652173913043478,RUN
2026-03,2026_03.csv,135,MARKET,1,27193,27193,0,2026-04-29T01:05:00-05:00,2026-04-29T01:05:00-05:00,HIGH,HH,external,ChartPrimeHigh,27313.25,27317.25,27310.75,27316.5,27317.25,53,6.5,3.25,0.75,2.5,1,0.884615384615385,27313.25,27317.25,27310.75,27316.5,53,5.18321564411398,1.25404776615485,0.627023883077424,0.144697819171713,68.9,60.3323296417435,0.769230769230769,-0.263540295798538,LOW,27191.75,125.5,297,24.2127684080667,BSL,Resolved,27982,27984,BOS_UP,UP,112,4.48563239432311,0,0,1,EQH,0,0,1,BEARISH_FVG,0,0.627023883077424,1178,1,2,0,BULLISH_OB,0.0964652127811422,1.92930425562284,3561,1,0,1,0,4,19,0,24.2127684080667,1,-0.652173913043478,RUN
2026-03,2026_03.csv,136,MARKET,1,27324,27324,0,2026-04-29T03:16:00-05:00,2026-04-29T03:16:00-05:00,LOW,HL,external,ChartPrimeLow,27211.5,27212,27198,27204,27198,356,14,7.5,0.5,6,-1,0.428571428571429,27211.5,27212,27198,27204,356,10.7210876989533,1.30583765314846,0.699555885615248,-0.559644708492199,185.9,100.701986077733,1.91500806885422,1.68914245513189,HIGH,27317.25,119.25,131,11.1229385812824,SSL,Resolved,27582,27582,BOS_UP,UP,243,8.95431533587518,0,0,1,EQH,0.582963238012707,704,1,BULLISH_FVG,0,2.02871206828422,614,1,1,0,BULLISH_OB,3.84755737088387,0.396415001848641,496,1,0,0,1,4,20,11.1229385812824,0,0,-0.666666666666667,SWEEP
2026-03,2026_03.csv,137,MARKET,1,27460,27460,0,2026-04-29T05:32:00-05:00,2026-04-29T05:32:00-05:00,HIGH,LH,external,ChartPrimeHigh,27284.75,27288.5,27284.5,27285.25,27288.5,58,4,0.5,3.25,0.25,1,0.1875,27284.75,27288.5,27284.5,27285.25,58,6.79427950100153,0.588730563617579,0.0735913204521974,0.478343582939283,119.6,84.7138713552863,0.48494983277592,-0.727153641009419,LOW,27198,90.5,136,13.3200290018477,BSL,Resolved,27702,27702,BOS_UP,UP,379,0.809504524974172,0,0,1,EQL,0.0735913204521974,367,1,BULLISH_FVG,0,1.03027848633076,231,1,3,0,BULLISH_OB,0.110386980678296,0.662321884069777,379,1,0,1,0,5,20,0,13.3200290018477,2,-0.6,SWEEP
2026-03,2026_03.csv,138,MARKET,1,27643,27643,0,2026-04-29T08:35:00-05:00,2026-04-29T08:35:00-05:00,LOW,LL,external,ChartPrimeLow,27147.25,27148.25,27124.25,27146.5,27124.25,2075,24,0.75,1,22.25,-1,0.927083333333333,27147.25,27148.25,27124.25,27146.5,2075,18.8487872388873,1.27329146941004,0.0397903584190638,-1.18044729976556,1050.4,1359.72811252838,1.97543792840823,0.753532997192196,HIGH,27288.5,164.25,183,8.71408849377498,SSL,Resolved,28042,28042,CHOCH_DOWN,DOWN,5,3.91271857787461,0,1,1,EQH,0.0928441696444822,4845,1,BEARISH_FVG,0,0.809070621187631,1318,1,1,0,BEARISH_OB,1.12739348854014,1.85688339288964,1305,1,1,0,1,5,19,8.71408849377498,0,0,-0.583333333333333,SWEEP
2026-03,2026_03.csv,139,MARKET,1,27705,27705,0,2026-04-29T09:37:00-05:00,2026-04-29T09:37:00-05:00,HIGH,HH,external,ChartPrimeHigh,27306.75,27315.5,27299.75,27302,27315.5,1537,15.75,4.75,8.75,2.25,-1,0.142857142857143,27306.75,27315.5,27299.75,27302,1537,15.646896811858,1.00658936972498,0.30357457182182,0.862790888335699,1156.75,369.19397002118,1.32872271450184,1.02994639911964,LOW,27124.25,191.25,62,12.2228709180891,BSL,Resolved,27982,27984,CHOCH_UP,UP,2,1.7255817766714,0,1,1,EQH,0.111843263302776,512,1,BULLISH_FVG,0,0.335529789908327,4093,1,5,0,BULLISH_OB,0.143798481389283,0.639104361730147,4073,1,1,1,1,5,19,0,12.2228709180891,0,-0.583333333333333,RUN
2026-03,2026_03.csv,140,MARKET,1,27822,27822,0,2026-04-29T11:34:00-05:00,2026-04-29T11:34:00-05:00,LOW,HL,external,ChartPrimeLow,27167.5,27167.5,27153.5,27164.75,27153.5,1308,14,2.75,0,11.25,-1,0.803571428571429,27167.5,27167.5,27153.5,27164.75,1308,15.0820910147804,0.92825324991608,0.182335459804944,-0.745917790111135,903.65,465.79601490352,1.44746306645272,0.868083854439487,HIGH,27315.5,162,117,10.7412161776004,SSL,Resolved,28041,28041,CHOCH_UP,UP,119,8.95101348133363,0,0,0,EQL,1.12716466061238,4474,1,BULLISH_FVG,0,1.21004441506918,176,1,4,0,BULLISH_OB,0.0994557053481514,0.314943066935813,4514,1,0,0,1,5,20,10.7412161776004,0,0,-0.6,SWEEP
2026-03,2026_03.csv,141,MARKET,1,28031,28031,0,2026-04-29T15:03:00-05:00,2026-04-29T15:03:00-05:00,HIGH,HH,external,ChartPrimeHigh,27381.75,27414,27365.25,27372.5,27414,2674,48.75,9.25,32.25,7.25,-1,0.148717948717949,27381.75,27414,27365.25,27372.5,2674,33.4450718927408,1.45761384984737,0.276572884330014,1.2408405080752,1555.65,1359.26867377278,1.71889563847909,0.822758606579166,LOW,27153.5,260.5,209,7.78889041815876,BSL,Resolved,28101,28103,BOS_UP,UP,49,2.94512747097366,0,0,1,EQH,0.0224248284591903,3124,1,BEARISH_FVG,0,0.0523245997381107,2281,1,0,0,BEARISH_OB,0.0149498856394602,0.612945311217868,3153,1,0,1,0,4,20,0,7.78889041815876,0,-0.666666666666667,RUN
2026-03,2026_03.csv,143,MARKET,1,28247,28247,0,2026-04-29T19:39:00-05:00,2026-04-29T19:39:00-05:00,HIGH,HH,external,ChartPrimeHigh,27610,27622.75,27609,27619.75,27622.75,243,13.75,9.75,3,1,1,0.781818181818182,27610,27622.75,27609,27619.75,243,9.94100574406405,1.38315984861093,0.980786074469567,0.301780330606021,229.35,226.956884671957,1.0595160235448,0.0601435819835546,LOW,27094,528.75,201,53.1887832693111,BSL,Resolved,29468,29470,CHOCH_UP,UP,146,20.9988813380023,0,0,0,EQL,10.0341959926502,3951,0,BULLISH_FVG,1.30771476595942,0.402373774141361,0,1,3,0,BULLISH_OB,12.2975484721953,0.528115578560536,2820,1,0,1,0,1,19,0,53.1887832693111,0,-0.9,GRAB
2026-03,2026_03.csv,144,MARKET,1,28579,28579,0,2026-04-30T01:11:00-05:00,2026-04-30T01:11:00-05:00,LOW,HL,external,ChartPrimeLow,27199.5,27200.5,27185.25,27188.5,27185.25,256,15.25,11,1,3.25,-1,0.213114754098361,27199.5,27200.5,27185.25,27188.5,256,12.148403848354,1.2553089434927,0.905468746125884,-0.26752485680992,181.05,90.4297932099814,1.41397404032035,0.82881976547224,HIGH,27622.75,437.5,332,36.0129614936431,SSL,Resolved,29064,29066,CHOCH_UP,UP,478,18.8296341523905,0,0,1,EQH,0.288103691949145,5234,1,BULLISH_FVG,0,6.15307170662817,489,1,2,0,BEARISH_OB,1.83151632739099,1.09067826237891,941,1,0,0,1,1,20,36.0129614936431,0,0,-0.904761904761905,GRAB
2026-03,2026_03.csv,145,MARKET,1,28958,28958,0,2026-04-30T07:30:00-05:00,2026-04-30T07:30:00-05:00,HIGH,LH,external,ChartPrimeHigh,27538.25,27550,27527.75,27537.5,27550,528,22.25,0.75,11.75,9.75,-1,0.438202247191011,27538.25,27550,27527.75,27537.5,528,12.3405638125594,1.80299703789509,0.0607751810526435,1.01291968421072,338.8,221.069355633023,1.55844155844156,0.855840012100427,LOW,27185.25,364.75,379,29.556996385269,BSL,Resolved,29288,29290,CHOCH_UP,UP,857,11.0205661642127,0,0,0,EQL,2.18790651789517,4662,0,BEARISH_FVG,0.162067149473716,0.324134298947432,610,0,4,0,BULLISH_OB,4.01116194947447,0.425426267368504,3531,1,0,1,0,2,20,0,29.556996385269,1,-0.818181818181818,RUN
2026-03,2026_03.csv,147,MARKET,1,29476,29476,0,2026-04-30T17:08:00-05:00,2026-04-30T17:08:00-05:00,HIGH,HH,external,ChartPrimeHigh,27635.5,27646.5,27633.25,27641,27646.5,319,13.25,5.5,5.5,2.25,1,0.584905660377358,27635.5,27646.5,27633.25,27641,319,11.6725789565524,1.13513903391179,0.471189787661499,0.471189787661499,237.65,146.408427011562,1.34231011992426,0.555637415553788,LOW,27163.25,483.25,411,41.4004481613489,BSL,Resolved,29671,29673,CHOCH_UP,UP,188,8.2672390016972,0,0,0,EQL,5.44010027572821,22,0,BULLISH_FVG,1.4135693629845,0.599696093387362,0,0,3,0,BULLISH_OB,8.43858074266502,0.599696093387362,188,0,0,1,0,1,20,0,41.4004481613489,1,-0.904761904761905,RUN
2026-06-29,2026_06_29.csv,3,MARKET,1,29,29,0,2026-06-01T00:29:00-05:00,2026-06-01T00:29:00-05:00,LOW,LL,external,ChartPrimeLow,30559.25,30559.75,30551,30553.75,30551,154,8.75,5.5,0.5,2.75,-1,0.314285714285714,30559.25,30559.75,30551,30553.75,154,5.48716402676059,1.59463066118067,1.00233927274213,-0.501169636371066,78.55,52.0561955966819,1.96053469127944,1.44939519946036,HIGH,30581,30,24,5.467305124048,SSL,Resolved,139,139,BOS_DOWN,DOWN,20,3.18926132236133,0,0,0,NONE,0,-1,0,BEARISH_FVG,1.95911766945053,0.2733652562024,0,0,2,0,BEARISH_OB,4.41940497527213,1.04790014877587,20,0,1,1,2,1,1,5.467305124048,0,0,0,SWEEP
2026-06-29,2026_06_29.csv,4,MARKET,1,51,51,0,2026-06-01T00:51:00-05:00,2026-06-01T00:51:00-05:00,HIGH,HH,external,ChartPrimeHigh,30583.75,30592.25,30583.75,30590.75,30592.25,176,8.5,7,1.5,0,1,0.823529411764706,30583.75,30592.25,30583.75,30590.75,176,5.70446761033767,1.49006017399349,1.22710837858288,0.262951795410617,85.65,46.9204379774955,2.05487448920023,1.92560009868908,LOW,30551,41.25,22,7.23117437379195,BSL,Resolved,749,751,CHOCH_UP,UP,3,1.97213846557962,0,1,0,NONE,0,-1,0,BULLISH_FVG,1.6215360716988,0.569728890056336,1,1,2,0,BEARISH_OB,1.97213846557962,1.00798188240736,42,1,1,2,2,1,1,0,7.23117437379195,0,0,RUN
2026-06-29,2026_06_29.csv,5,MARKET,1,507,507,0,2026-06-01T08:27:00-05:00,2026-06-01T08:27:00-05:00,LOW,LL,external,ChartPrimeLow,30293.75,30309.25,30291.5,30306.75,30291.5,847,17.75,13,2.5,2.25,1,0.859154929577465,30293.75,30309.25,30291.5,30306.75,847,21.3829540498719,0.830100460329349,0.607960900522904,-0.713184902536483,1098.45,686.904758682017,0.771086531020984,-0.366062393398561,HIGH,30592.25,300.75,456,14.0649416024818,SSL,Resolved,4386,4386,CHOCH_DOWN,DOWN,366,12.1358348988995,0,0,0,EQH,8.41792016108636,128,0,BEARISH_FVG,1.04054846435651,0.280597338702879,1,0,6,0,BULLISH_OB,13.0594678054631,0.233831115585732,459,1,0,0,1,1,1,14.0649416024818,0,0,0,SWEEP
2026-06-29,2026_06_29.csv,6,MARKET,1,763,763,0,2026-06-01T12:43:00-05:00,2026-06-01T12:43:00-05:00,HIGH,HH,external,ChartPrimeHigh,30626.5,30693,30622.5,30639.75,30693,5300,70.5,13.25,53.25,4,1,0.24468085106383,30626.5,30693,30622.5,30639.75,5300,19.3693972105409,3.63976221013392,0.684068784174105,2.74918209488839,1068.95,857.100955255564,4.95813648907807,4.93646632179802,LOW,30291.5,401.5,256,20.7285748562946,BSL,Resolved,2036,2036,CHOCH_UP,UP,14,5.20150415136159,0,1,0,EQH,7.87324449709819,64,0,BULLISH_FVG,4.45290057622767,0.193604372879464,1,0,1,0,BEARISH_OB,5.78231726999998,0.219418289263392,622,1,1,1,0,1,1,0,20.7285748562946,2,0,SWEEP
2026-06-29,2026_06_29.csv,7,MARKET,1,1280,1280,0,2026-06-01T22:20:00-05:00,2026-06-01T22:20:00-05:00,LOW,HL,external,ChartPrimeLow,30329.25,30331,30317.75,30324.25,30317.75,363,13.25,5,1.75,6.5,-1,0.490566037735849,30329.25,30331,30317.75,30324.25,363,8.60259922805461,1.54023216108794,0.581219683429411,-0.755585588458235,122.5,83.9544519367496,2.96326530612245,2.86464856183196,HIGH,30693,375.25,517,43.6205372413773,SSL,Resolved,4381,4386,CHOCH_UP,UP,531,31.9089606202747,0,0,0,EQH,17.0006757403103,225,1,BULLISH_FVG,0,0.464975746743529,733,1,3,0,BULLISH_OB,27.172020200325,0.464975746743529,531,1,0,0,1,1,2,43.6205372413773,0,0,-0.333333333333333,RUN
2026-06-29,2026_06_29.csv,8,MARKET,1,1670,1670,0,2026-06-02T04:50:00-05:00,2026-06-02T04:50:00-05:00,HIGH,LH,external,ChartPrimeHigh,30580.25,30586,30579.5,30581.5,30586,134,6.5,1.25,4.5,0.75,1,0.307692307692308,30580.25,30586,30579.5,30581.5,134,8.39940138066367,0.773864672661518,0.148820129357984,0.535752465688744,134.7,124.147935947401,0.994803266518189,-0.00563843445852023,LOW,30317.75,268.25,390,31.9367997602234,BSL,Resolved,1918,1920,CHOCH_UP,UP,921,0.744100646789922,0,0,0,EQL,3.66097518220641,806,1,BEARISH_FVG,0,1.01197687963429,916,1,2,0,BEARISH_OB,0.595280517431937,0.505988439817147,1529,1,0,1,0,2,2,0,31.9367997602234,1,0,RUN
2026-06-29,2026_06_29.csv,9,MARKET,1,1901,1901,0,2026-06-02T08:41:00-05:00,2026-06-02T08:41:00-05:00,LOW,HL,external,ChartPrimeLow,30449.75,30468,30423.75,30464.25,30423.75,2724,44.25,14.5,3.75,26,1,0.915254237288136,30449.75,30468,30423.75,30464.25,2724,24.7000250092954,1.79149616177908,0.587043940018003,-1.63967445315373,1810.25,1570.397079563,1.50476453528518,0.581859207388664,HIGH,30586,162.25,231,6.56881925985662,SSL,Resolved,3738,3738,CHOCH_UP,UP,1152,6.82185544089887,0,0,0,EQH,1.62955300591204,846,1,BULLISH_FVG,0,0.445343678634347,1311,1,0,0,BULLISH_OB,5.17205954050344,0.161943155867035,1152,1,0,0,1,2,3,6.56881925985662,0,0,-0.2,SWEEP
2026-06-29,2026_06_29.csv,10,MARKET,1,2047,2047,0,2026-06-02T11:07:00-05:00,2026-06-02T11:07:00-05:00,HIGH,HH,external,ChartPrimeHigh,30694,30713.25,30689,30707,30713.25,1777,24.25,13,6.25,5,1,0.742268041237113,30694,30713.25,30689,30707,1777,12.0494840710523,2.01253430080531,1.07888436744202,0.518694407424048,828,268.113408840364,2.14613526570048,3.53954695553866,LOW,30423.75,289.5,146,24.0259249518819,BSL,Resolved,2278,2279,BOS_UP,UP,129,10.5606181351536,0,0,0,EQH,2.63496758971417,21,0,BULLISH_FVG,1.97103874821138,0.0207477762969619,7,1,1,0,BEARISH_OB,10.9755736610929,0.352712197048353,1906,1,0,1,0,1,3,0,24.0259249518819,1,-0.5,GRAB
2026-06-29,2026_06_29.csv,11,MARKET,1,2200,2200,0,2026-06-02T13:40:00-05:00,2026-06-02T13:40:00-05:00,LOW,HL,external,ChartPrimeLow,30609,30611.5,30598.5,30610.75,30598.5,1157,13,1.75,0.75,10.5,1,0.942307692307692,30609,30611.5,30598.5,30610.75,1157,9.64544874547847,1.34778591883494,0.181432719843165,-1.27002903890215,527.25,196.374355504989,2.19440493124704,3.20688512703482,HIGH,30713.25,114.75,153,11.8968026297161,SSL,Resolved,2423,2425,BOS_UP,UP,282,1.29594799887975,0,0,0,EQL,1.89208407836443,1336,0,BEARISH_FVG,0.0777568799327849,0.311027519731139,238,1,3,0,BEARISH_OB,1.81432719843165,0.440622319619114,2059,1,0,0,1,1,4,11.8968026297161,0,1,-0.6,RUN
2026-06-29,2026_06_29.csv,12,MARKET,1,2285,2285,0,2026-06-02T15:05:00-05:00,2026-06-02T15:05:00-05:00,HIGH,HH,external,ChartPrimeHigh,30732.75,30763.25,30732.75,30752.5,30763.25,2330,30.5,19.75,10.75,0,1,0.647540983606557,30732.75,30763.25,30732.75,30752.5,2330,12.5136520226361,2.43733803248071,1.57827626693423,0.859061765546479,1598.05,1354.78605229756,1.45802697037014,0.540269807737317,LOW,30598.5,164.75,85,13.1656210115146,BSL,Resolved,3022,3022,BOS_UP,UP,7,3.99563611882083,1,0,0,EQH,6.53286505427206,259,0,BULLISH_FVG,3.57609432634465,1.01888721029931,0,0,2,0,BULLISH_OB,4.55502517545575,0.899018126734687,7,0,1,1,1,1,4,0,13.1656210115146,1,-0.6,SWEEP
2026-06-29,2026_06_29.csv,13,MARKET,1,2425,2425,0,2026-06-02T18:25:00-05:00,2026-06-02T18:25:00-05:00,LOW,LL,external,ChartPrimeLow,30592.25,30593.75,30561.25,30576.25,30561.25,1410,32.5,16,1.5,15,-1,0.461538461538462,30592.25,30593.75,30561.25,30576.25,1410,14.9365127969349,2.17587601884352,1.0712005015845,-1.00425047023547,336.35,248.518465108732,4.19206184034488,4.32020212071669,HIGH,30763.25,202,140,13.5239063325043,SSL,Resolved,3287,3289,CHOCH_DOWN,DOWN,2,2.49388866775142,0,1,1,EQL,0.401700188094188,1524,1,BEARISH_FVG,0,0.652762805653056,477,1,6,1,BULLISH_OB,0,1.87460087777288,507,0,1,0,1,1,4,13.5239063325043,0,0,-0.6,RUN
2026-06-29,2026_06_29.csv,14,MARKET,1,2735,2735,0,2026-06-02T23:35:00-05:00,2026-06-02T23:35:00-05:00,HIGH,LH,external,ChartPrimeHigh,30728.5,30730.5,30727.5,30728.5,30730.5,84,3,0,2,1,0,0.333333333333333,30728.5,30730.5,30727.5,30728.5,84,3.92642883534377,0.764053068527687,0,0.509368712351791,43.4,23.7453153274493,1.93548387096774,1.70981094334287,LOW,30561.25,169.25,310,43.1053272827703,BSL,Resolved,2891,2893,CHOCH_DOWN,DOWN,312,33.6183350152182,0,0,0,EQL,1.7191194041873,424,1,BEARISH_FVG,0,2.48317247271498,345,1,3,0,BULLISH_OB,6.17609563726547,2.86519900697883,457,1,0,1,0,2,4,0,43.1053272827703,0,-0.333333333333333,RUN
2026-06-29,2026_06_29.csv,15,MARKET,1,2832,2832,0,2026-06-03T01:12:00-05:00,2026-06-03T01:12:00-05:00,LOW,HL,external,ChartPrimeLow,30682.75,30682.75,30670.25,30677,30670.25,264,12.5,5.75,0,6.75,-1,0.54,30682.75,30682.75,30670.25,30677,264,7.96226835738468,1.56990438389417,0.722156016591316,-0.847748367302849,83.3,47.1943852592657,3.16926770708283,3.82884529605188,HIGH,30730.5,60.25,97,7.56693913036988,SSL,Resolved,3277,3278,CHOCH_DOWN,DOWN,409,9.01125116355251,0,0,1,EQL,0.0313980876778833,205,1,BULLISH_FVG,0,1.09893306872592,386,1,4,0,BULLISH_OB,3.10841068011045,1.41291394550475,554,1,0,1,1,2,5,7.56693913036988,0,0,-0.428571428571429,GRAB
2026-06-29,2026_06_29.csv,16,MARKET,1,3184,3184,0,2026-06-03T07:04:00-05:00,2026-06-03T07:04:00-05:00,HIGH,HH,external,ChartPrimeHigh,30788.5,30799,30788,30793.75,30799,289,11,5.25,5.25,0.5,1,0.522727272727273,30788.5,30799,30788,30793.75,289,7.17308545159918,1.5335102410564,0.731902615049644,0.731902615049644,134.55,73.9942396406639,2.14790040876997,2.08732464513523,LOW,30670.25,128.75,352,17.9490403214556,BSL,Resolved,3271,3271,CHOCH_UP,UP,293,9.54958650112393,0,0,0,EQH,2.47452788897737,51,0,BULLISH_FVG,1.60321525201351,1.04557516435663,31,1,2,0,BULLISH_OB,11.1179492476589,0.941017647920971,293,1,0,1,0,1,5,0,17.9490403214556,3,-0.666666666666667,SWEEP
2026-06-29,2026_06_29.csv,17,MARKET,1,3235,3235,0,2026-06-03T07:55:00-05:00,2026-06-03T07:55:00-05:00,LOW,HL,external,ChartPrimeLow,30712.5,30713,30700,30707.25,30700,630,13,5.25,0.5,7.25,-1,0.557692307692308,30712.5,30713,30700,30707.25,630,9.43021325332391,1.37854782821776,0.55672123831871,-0.768805519582981,278.1,84.5244934915318,2.26537216828479,4.16329025426524,HIGH,30799,99,51,10.4981719225814,SSL,Resolved,3275,3277,CHOCH_UP,UP,344,3.23428528928013,0,0,1,EQL,0.212084281264271,273,1,BULLISH_FVG,0,0.927868730531184,348,1,3,1,BULLISH_OB,0,1.19297408211152,957,1,0,1,1,1,6,10.4981719225814,0,2,-0.714285714285714,RUN
2026-06-29,2026_06_29.csv,18,MARKET,1,3272,3272,0,2026-06-03T08:32:00-05:00,2026-06-03T08:32:00-05:00,HIGH,HH,external,ChartPrimeHigh,30797.25,30807.75,30783.25,30792.75,30807.75,2890,24.5,4.5,10.5,9.5,-1,0.387755102040816,30797.25,30807.75,30783.25,30792.75,2890,15.1432672312884,1.61788071397031,0.297161763790464,0.990539212634881,931.7,1539.58959141714,3.10185682086508,1.27196235342008,LOW,30700,107.75,37,7.11537334409389,BSL,Resolved,14391,14392,CHOCH_UP,UP,381,5.10127694506964,0,0,0,EQH,1.74995260898829,139,0,BEARISH_FVG,1.10610212077562,0.907994278248641,75,1,2,0,BULLISH_OB,5.8441813545458,0.445742645685696,381,1,0,2,1,1,6,0,7.11537334409389,0,-0.714285714285714,GRAB
2026-06-29,2026_06_29.csv,19,MARKET,1,3463,3463,0,2026-06-03T11:43:00-05:00,2026-06-03T11:43:00-05:00,LOW,LL,external,ChartPrimeLow,30511,30528,30505.75,30521.75,30505.75,1240,22.25,10.75,6.25,5.25,1,0.719101123595506,30511,30528,30505.75,30521.75,1240,18.6447701963731,1.19336413190699,0.576569187325847,-0.858149488112889,1130.7,411.924398403396,1.09666578225878,0.265339951757271,HIGH,30807.75,302,191,16.1975715881308,SSL,Resolved,3703,3705,CHOCH_DOWN,DOWN,188,10.4184711291205,0,0,1,EQH,0.0536343430070555,3113,1,BEARISH_FVG,0,0.509526258567028,1593,1,0,0,BULLISH_OB,1.68948180472225,1.50176160419756,1545,1,0,0,1,1,4,16.1975715881308,0,1,-0.6,GRAB
2026-06-29,2026_06_29.csv,20,MARKET,1,3648,3648,0,2026-06-03T14:48:00-05:00,2026-06-03T14:48:00-05:00,HIGH,LH,external,ChartPrimeHigh,30690.5,30694.75,30682,30684.25,30694.75,859,12.75,6.25,4.25,2.25,-1,0.176470588235294,30690.5,30694.75,30682,30684.25,859,12.4399129103695,1.02492678942889,0.5024150928573,0.844057356000264,800.05,138.123305419469,1.07368289481907,0.426792566402706,LOW,30505.75,189,185,15.1930324080048,BSL,Resolved,14301,14301,CHOCH_DOWN,DOWN,373,0.422028678000132,0,0,1,EQH,0.522511696571592,1198,1,BEARISH_FVG,0,0.120579622285752,298,1,2,0,BULLISH_OB,0.020096603714292,0.90434716714314,1370,1,0,1,0,2,4,0,15.1930324080048,1,-0.333333333333333,SWEEP
2026-06-29,2026_06_29.csv,21,MARKET,1,3771,3771,0,2026-06-03T17:51:00-05:00,2026-06-03T17:51:00-05:00,LOW,LL,external,ChartPrimeLow,30391.25,30399.25,30368.5,30392.5,30368.5,578,30.75,1.25,6.75,22.75,1,0.780487804878049,30391.25,30399.25,30368.5,30392.5,578,16.4941147313423,1.86430132813182,0.0757846068346268,-1.45506445122484,205.65,163.783172212532,2.81060053488938,2.27343258144263,HIGH,30694.75,326.25,123,19.7797823838376,SSL,Resolved,3975,3977,BOS_DOWN,DOWN,67,8.32114983044203,0,0,0,EQH,5.78994396216549,2716,1,BULLISH_FVG,0,0.348609191439283,2514,1,1,0,BEARISH_OB,9.57917430389683,0.666904540144716,67,0,0,0,1,2,3,19.7797823838376,0,0,-0.2,RUN
2026-06-29,2026_06_29.csv,22,MARKET,1,3912,3912,0,2026-06-03T20:12:00-05:00,2026-06-03T20:12:00-05:00,HIGH,LH,external,ChartPrimeHigh,30524,30531,30524,30528.75,30531,222,7,4.75,2.25,0,1,0.678571428571429,30524,30531,30524,30528.75,222,9.78262146038187,0.715554621871953,0.48555492198454,0.229999699887413,139.9,77.592460973989,1.58684774839171,1.05809248694306,LOW,30368.5,162.5,141,16.6110894363132,BSL,Resolved,4254,4254,BOS_DOWN,DOWN,208,2.58110774318097,0,0,1,EQL,0.357777310935977,2264,1,BEARISH_FVG,0,1.58444237700218,449,1,3,1,BEARISH_OB,0,1.12444297722735,208,0,0,1,0,3,3,0,16.6110894363132,1,0,SWEEP
2026-06-29,2026_06_29.csv,23,MARKET,1,3976,3976,0,2026-06-03T21:16:00-05:00,2026-06-03T21:16:00-05:00,LOW,LL,external,ChartPrimeLow,30365.25,30370,30352.5,30367.75,30352.5,476,17.5,2.5,2.25,12.75,1,0.871428571428571,30365.25,30370,30352.5,30367.75,476,14.0562527562128,1.24499753266496,0.177856790380708,-1.08492642132232,218.1,195.554826071872,2.18248509857863,1.31881173776409,HIGH,30531,178.5,64,12.6989748331826,SSL,Resolved,4346,4348,BOS_DOWN,DOWN,1,1.13828345843653,1,0,0,EQH,7.06091457811412,125,1,BEARISH_FVG,0,0.177856790380708,2749,1,9,0,BEARISH_OB,3.1124938316624,0.711427161522833,1,0,1,1,1,3,4,12.6989748331826,0,0,-0.142857142857143,GRAB
2026-06-29,2026_06_29.csv,24,MARKET,1,4265,4265,0,2026-06-04T02:05:00-05:00,2026-06-04T02:05:00-05:00,HIGH,HH,external,ChartPrimeHigh,30540.25,30544.5,30536,30539.75,30544.5,184,8.5,0.5,4.25,3.75,-1,0.441176470588235,30540.25,30544.5,30536,30539.75,184,8.32357795473387,1.02119545779778,0.0600703210469285,0.57066804994582,121.6,94.7319375923453,1.51315789473684,0.658700767512246,LOW,30352.5,192,289,23.0670032820205,BSL,Resolved,4910,4910,CHOCH_UP,UP,1,1.62189866826707,0,1,1,EQH,0.480562568375428,3566,1,BEARISH_FVG,0,1.11130093936818,566,1,4,1,BULLISH_OB,0,3.36393797862799,2347,1,1,1,0,3,3,0,23.0670032820205,1,0,SWEEP
2026-06-29,2026_06_29.csv,25,MARKET,1,4538,4538,0,2026-06-04T06:38:00-05:00,2026-06-04T06:38:00-05:00,LOW,LL,external,ChartPrimeLow,30167.75,30195.5,30164.25,30194,30164.25,1185,31.25,26.25,1.5,3.5,1,0.952,30167.75,30195.5,30164.25,30194,1185,19.2087656389136,1.62686143333922,1.36656360400494,-1.54877208453893,427.55,284.977275409812,2.77160566015671,2.65793122946644,HIGH,30544.5,380.25,273,19.7956499208716,SSL,Resolved,4686,4687,CHOCH_DOWN,DOWN,192,9.80021327443543,0,0,0,EQH,12.3120873275112,181,0,BEARISH_FVG,1.45766784427194,1.34053382107151,0,1,2,0,BEARISH_OB,10.2947791501706,1.18435512347095,192,1,0,0,1,3,1,19.7956499208716,0,0,0.5,GRAB
2026-06-29,2026_06_29.csv,26,MARKET,1,4657,4657,0,2026-06-04T08:37:00-05:00,2026-06-04T08:37:00-05:00,HIGH,LH,external,ChartPrimeHigh,30311.5,30364.5,30311.5,30350.5,30364.5,3556,53,39,14,0,1,0.735849056603774,30311.5,30364.5,30311.5,30350.5,3556,27.6233636192593,1.91866568932423,1.41184833742726,0.506817351896966,2045.7,2048.83479324225,1.73828029525346,0.737150699012669,LOW,30164.25,200.25,119,7.24929819409767,BSL,Resolved,4740,4742,CHOCH_DOWN,DOWN,311,0.434414873054542,0,0,0,EQH,1.31229492901893,300,1,BEARISH_FVG,0,0.181006197106059,288,1,1,1,BEARISH_OB,0,0.823578196832569,311,1,0,1,0,4,1,0,7.24929819409767,2,0.6,RUN
2026-06-29,2026_06_29.csv,27,MARKET,1,4687,4687,0,2026-06-04T09:07:00-05:00,2026-06-04T09:07:00-05:00,LOW,LL,external,ChartPrimeLow,30163.5,30186,30151,30170.25,30151,2487,35,6.75,15.75,12.5,1,0.55,30163.5,30186,30151,30170.25,2487,35.1093406000589,0.996885711944738,0.192256530160771,-0.548287141569606,2588.25,624.807240274951,0.960880904085772,-0.162049978734952,HIGH,30364.5,213.5,30,6.0810028428629,SSL,Resolved,5266,5266,BOS_DOWN,DOWN,1,0.377392448093365,1,0,0,EQL,2.05073632171489,105,0,BULLISH_FVG,1.17490101764916,0.071206122281767,141,1,4,0,BEARISH_OB,2.34980203529831,0.81887040624032,1,0,1,1,1,4,1,6.0810028428629,0,0,0.6,SWEEP
2026-06-29,2026_06_29.csv,28,MARKET,1,5010,5010,0,2026-06-04T14:30:00-05:00,2026-06-04T14:30:00-05:00,HIGH,HH,external,ChartPrimeHigh,30594.25,30603.25,30589.75,30603.25,30603.25,1424,13.5,9,0,4.5,1,1,30594.25,30603.25,30589.75,30603.25,1424,10.7640769685182,1.25417163398995,0.836114422659965,0,829.5,167.147689185343,1.7166968053044,3.55673478285892,LOW,30151,452.25,323,42.0147497386632,BSL,Resolved,13995,13996,CHOCH_UP,UP,270,22.1802576011185,0,0,1,EQH,0.719987419512748,63,1,BULLISH_FVG,0,0.418057211329983,1578,1,2,1,BEARISH_OB,0,0.975466826436626,2587,1,0,1,0,3,1,0,42.0147497386632,1,0.5,GRAB
2026-06-29,2026_06_29.csv,29,MARKET,1,5306,5306,0,2026-06-04T20:26:00-05:00,2026-06-04T20:26:00-05:00,LOW,LL,external,ChartPrimeLow,30058,30076.75,30052.25,30075.25,30052.25,751,24.5,17.25,1.5,5.75,1,0.938775510204082,30058,30076.75,30052.25,30075.25,751,16.2179259766188,1.5106740550747,1.06363785510361,-1.41818380680482,319.9,185.900215169321,2.34760862769616,2.31898601950162,HIGH,30603.25,551,296,33.9747511978024,SSL,Resolved,5976,5977,CHOCH_DOWN,DOWN,35,6.08894134443374,0,0,0,EQH,6.56680762716145,27,0,BEARISH_FVG,3.2525737308241,0.385376034457831,3,0,2,0,BEARISH_OB,6.87510845472771,0.601186613754217,35,0,1,0,1,3,1,33.9747511978024,0,2,0.5,GRAB
2026-06-29,2026_06_29.csv,30,MARKET,1,5376,5376,0,2026-06-04T21:36:00-05:00,2026-06-04T21:36:00-05:00,HIGH,LH,external,ChartPrimeHigh,30242.5,30249,30239.25,30241.75,30249,324,9.75,0.75,6.5,2.5,-1,0.256410256410256,30242.5,30249,30239.25,30241.75,324,9.52916558706866,1.0231745802834,0.078705736944877,0.760822123800477,176.8,89.0014606621712,1.83257918552036,1.65390544048189,LOW,30052.25,196.75,70,20.6471383252061,BSL,Resolved,5773,5774,CHOCH_DOWN,DOWN,105,10.2842162941306,0,0,0,EQL,2.7284655474224,794,1,BULLISH_FVG,0,2.78093603871899,683,1,5,1,BEARISH_OB,0,3.01705324955362,690,1,0,1,1,4,1,0,20.6471383252061,1,0.6,GRAB
2026-06-29,2026_06_29.csv,31,MARKET,1,5660,5660,0,2026-06-05T02:20:00-05:00,2026-06-05T02:20:00-05:00,LOW,HL,external,ChartPrimeLow,30084.5,30084.5,30062,30068,30062,537,22.5,16.5,0,6,-1,0.266666666666667,30084.5,30084.5,30062,30068,537,12.7714762331265,1.76173839181095,1.29194148732803,-0.46979690448292,205.9,59.2426366732609,2.60806216610005,5.58888021520895,HIGH,30249,187,284,14.642003523051,SSL,Resolved,5974,5975,CHOCH_DOWN,DOWN,389,6.96865408316332,0,0,0,EQH,7.57547508478709,381,0,BULLISH_FVG,1.15491739018718,0.274048194281703,351,1,2,0,BEARISH_OB,7.96697250518952,0.763419969784745,389,1,0,0,1,4,2,14.642003523051,0,0,0.333333333333333,GRAB
2026-06-29,2026_06_29.csv,32,MARKET,1,5774,5774,0,2026-06-05T04:14:00-05:00,2026-06-05T04:14:00-05:00,HIGH,HH,external,ChartPrimeHigh,30253,30259,30204.75,30219.75,30259,752,54.25,33.25,6,15,-1,0.276497695852535,30253,30259,30204.75,30219.75,752,18.1021407858127,2.99688311133441,1.83679932630174,2.16825183631107,213.35,326.539932473809,3.52472463088821,1.6495685410335,LOW,30062,197,114,10.8826907453065,BSL,Resolved,13368,13370,CHOCH_UP,UP,1,0.55242085001556,0,1,0,EQH,1.49153629504201,1207,1,BEARISH_FVG,0,0.731957626270617,552,1,1,1,BEARISH_OB,0,1.58820994379473,1088,1,1,1,0,4,2,0,10.8826907453065,0,0.333333333333333,RUN
2026-06-29,2026_06_29.csv,33,MARKET,1,6468,6468,0,2026-06-05T15:48:00-05:00,2026-06-05T15:48:00-05:00,LOW,LL,external,ChartPrimeLow,28811.75,28812,28781.25,28796.25,28781.25,658,30.75,15.5,0.25,15,-1,0.48780487804878,28811.75,28812,28781.25,28796.25,658,18.1642691732313,1.69288396393708,0.853323624098366,-0.825797055579064,460.55,154.809067886865,1.42872652263598,1.2754420829166,HIGH,30259,1477.75,694,81.3547732587974,SSL,Resolved,8936,8938,CHOCH_DOWN,DOWN,494,70.5093052621924,0,0,0,EQH,49.2037412282526,290,0,BULLISH_FVG,1.83051680653359,0.0825797055579064,3,1,5,0,BEARISH_OB,73.2757253983823,1.18364244632999,494,1,0,0,1,4,1,81.3547732587974,0,0,0.6,RUN
2026-06-29,2026_06_29.csv,34,MARKET,1,6640,6640,0,2026-06-07T19:40:00-05:00,2026-06-07T19:40:00-05:00,HIGH,LH,external,ChartPrimeHigh,29279.5,29287.5,29271.5,29274,29287.5,530,16,5.5,8,2.5,-1,0.15625,29279.5,29287.5,29271.5,29274,530,16.0368671734186,0.997701098785694,0.342959752707582,0.841810302100429,381.9,190.58433828623,1.38779785284106,0.777083790471679,LOW,28781.25,506.25,172,31.5678863287661,BSL,Resolved,7270,7272,CHOCH_DOWN,DOWN,666,48.294968813095,0,0,0,EQL,21.3570391458813,114,0,BEARISH_FVG,0.48326146972432,0.982112019117167,323,1,7,0,BEARISH_OB,51.4283738264688,1.34066085149328,666,1,0,1,0,5,1,0,31.5678863287661,0,0.666666666666667,RUN
2026-06-29,2026_06_29.csv,35,MARKET,1,6949,6949,0,2026-06-08T00:49:00-05:00,2026-06-08T00:49:00-05:00,LOW,HL,external,ChartPrimeLow,28990.75,28994.25,28972.75,28981.75,28972.75,221,21.5,9,3.5,9,-1,0.418604651162791,28990.75,28994.25,28972.75,28981.75,221,18.1317656148534,1.18576428003169,0.496366442803963,-0.496366442803963,265.55,127.139087223403,0.832234983995481,-0.350403648263723,HIGH,29287.5,314.75,309,17.3590375413941,SSL,Resolved,8906,8908,CHOCH_DOWN,DOWN,975,60.074127536024,0,0,0,EQL,1.53046319864555,423,1,BULLISH_FVG,0,0.289547091635645,379,1,2,0,BEARISH_OB,62.8455068416795,1.18576428003169,975,1,0,0,1,5,2,17.3590375413941,0,1,0.428571428571429,RUN
2026-06-29,2026_06_29.csv,36,MARKET,1,7402,7402,0,2026-06-08T08:22:00-05:00,2026-06-08T08:22:00-05:00,HIGH,HH,external,ChartPrimeHigh,29574.5,29604.25,29574.5,29596.75,29604.25,1322,29.75,22.25,7.5,0,1,0.747899159663866,29574.5,29604.25,29574.5,29596.75,1322,15.0652733247794,1.97474014301931,1.47690649351865,0.497833649500668,666,163.159431232154,1.98498498498498,4.02060729830934,LOW,28972.75,631.5,453,41.9175932879562,BSL,Resolved,7486,7488,CHOCH_UP,UP,132,21.0251744639115,0,0,0,EQH,4.69623076028963,1224,0,BEARISH_FVG,0.215727914783623,0.381672464617178,1215,1,2,0,BULLISH_OB,24.2776876406492,0.879506114117846,132,0,0,1,0,5,2,0,41.9175932879562,2,0.428571428571429,RUN
2026-06-29,2026_06_29.csv,37,MARKET,1,7440,7440,0,2026-06-08T09:00:00-05:00,2026-06-08T09:00:00-05:00,LOW,HL,external,ChartPrimeLow,29350.25,29368,29331.5,29366,29331.5,3002,36.5,15.75,2,18.75,1,0.945205479452055,29350.25,29368,29331.5,29366,3002,45.3008981969717,0.805723538665729,0.347675225588636,-0.761574303670346,2555.55,417.891071333189,1.17469820586566,1.06834060506653,HIGH,29604.25,272.75,38,6.02085192249527,SSL,Resolved,7875,7876,CHOCH_UP,UP,170,0.971283169898413,0,0,1,EQL,0.860910082409957,118,1,BEARISH_FVG,0,0.419417732456133,1124,1,1,0,BULLISH_OB,2.05293942728528,0.292488681844408,170,0,0,1,1,5,3,6.02085192249527,0,1,0.25,GRAB
2026-06-29,2026_06_29.csv,38,MARKET,1,7520,7520,0,2026-06-08T10:20:00-05:00,2026-06-08T10:20:00-05:00,HIGH,HH,external,ChartPrimeHigh,29732.5,29743,29726.5,29729.25,29743,1401,16.5,3.25,10.5,2.75,-1,0.166666666666667,29732.5,29743,29726.5,29729.25,1401,19.2182206146364,0.858560234626186,0.169110349244552,0.715466862188488,1387.6,461.848070256876,1.00965696166042,0.02901387028108,LOW,29331.5,411.5,80,21.4119719120409,BSL,Resolved,8765,8765,BOS_UP,UP,34,7.21971106390201,0,0,0,EQL,3.04398628640193,1431,1,BEARISH_FVG,0,0.520339536137082,1378,1,2,0,BULLISH_OB,10.0165360706388,1.18377244471186,34,0,1,1,1,5,3,0,21.4119719120409,1,0.25,SWEEP
2026-06-29,2026_06_29.csv,39,MARKET,1,7875,7875,0,2026-06-08T17:15:00-05:00,2026-06-08T17:15:00-05:00,LOW,LL,external,ChartPrimeLow,29360.25,29361.75,29321.25,29324.75,29321.25,530,40.5,35.5,1.5,3.5,-1,0.0864197530864197,29360.25,29361.75,29321.25,29324.75,530,17.7046807488621,2.28753065782352,2.00511946549963,-0.197687834626724,236.7,159.990343458598,2.23912125052809,1.83323564197423,HIGH,29743,421.75,355,23.8213840725203,SSL,Resolved,8013,8014,BOS_UP,UP,389,15.9844734855323,0,0,0,EQL,2.78175024439033,553,1,BEARISH_FVG,0,1.07316253083079,1559,1,1,0,BULLISH_OB,4.67390523296041,0.748389659658313,605,0,0,0,1,5,4,23.8213840725203,0,1,0.111111111111111,GRAB
2026-06-29,2026_06_29.csv,40,MARKET,1,7960,7960,0,2026-06-08T18:40:00-05:00,2026-06-08T18:40:00-05:00,HIGH,LH,external,ChartPrimeHigh,29478.25,29482,29469.5,29470.5,29482,134,12.5,7.75,3.75,1,-1,0.08,29478.25,29482,29469.5,29470.5,134,13.2850603866088,0.940906524790802,0.583362045370297,0.865634002807538,149.75,124.99834998911,0.894824707846411,-0.126001663232932,LOW,29321.25,160.75,85,12.1000579088097,BSL,Resolved,8079,8081,BOS_UP,UP,474,9.20206581245404,0,0,1,EQL,0.752725219832641,316,1,BEARISH_FVG,0,1.09145156875733,209,1,3,0,BULLISH_OB,3.44371788073433,1.71244987511926,474,1,0,1,1,6,3,0,12.1000579088097,2,0.333333333333333,RUN
2026-06-29,2026_06_29.csv,41,MARKET,1,8036,8036,0,2026-06-08T19:56:00-05:00,2026-06-08T19:56:00-05:00,LOW,LL,external,ChartPrimeLow,29326.25,29326.25,29303.5,29306.25,29303.5,322,22.75,20,0,2.75,-1,0.120879120879121,29326.25,29326.25,29303.5,29306.25,322,17.8031889247114,1.27786095492265,1.12339424608585,-0.154466708836804,167.25,55.7143383699385,1.92526158445441,2.7775614774867,HIGH,29482,178.5,76,10.0262936463162,SSL,Resolved,8864,8866,CHOCH_DOWN,DOWN,23,0.997012393401188,0,0,0,EQL,1.10935181800977,147,1,BULLISH_FVG,0,2.21870363601954,764,1,1,0,BEARISH_OB,3.06124932058393,0.603824407271142,23,0,1,1,1,6,3,10.0262936463162,0,0,0.333333333333333,RUN
2026-06-29,2026_06_29.csv,42,MARKET,1,8408,8408,0,2026-06-09T02:08:00-05:00,2026-06-09T02:08:00-05:00,HIGH,HH,external,ChartPrimeHigh,29686.75,29689.25,29677.25,29681.25,29689.25,210,12,5.5,2.5,4,-1,0.333333333333333,29686.75,29689.25,29677.25,29681.25,210,11.6958637241905,1.02600374653652,0.470251717162571,0.684002497691012,163.45,123.365503687214,1.2847965738758,0.377334008362863,LOW,29303.5,385.75,372,32.9817454355385,BSL,Resolved,8548,8548,CHOCH_UP,UP,329,17.7199397058078,0,0,0,EQH,1.21837944901212,2230,1,BEARISH_FVG,0,2.26575827360148,858,1,2,0,BULLISH_OB,11.8631683193285,1.94513210280882,922,1,0,1,0,6,3,0,32.9817454355385,0,0.333333333333333,SWEEP
2026-06-29,2026_06_29.csv,43,MARKET,1,8461,8461,0,2026-06-09T03:01:00-05:00,2026-06-09T03:01:00-05:00,LOW,HL,external,ChartPrimeLow,29598.5,29599,29566,29588,29566,577,33,10.5,0.5,22,-1,0.666666666666667,29598.5,29599,29566,29588,577,13.3015870156773,2.48090697456673,0.789379491907597,-1.65393798304449,110.9,49.6476585550618,5.20288548241659,9.38815673418055,HIGH,29689.25,123.25,53,9.2658116550106,SSL,Resolved,8830,8833,CHOCH_UP,UP,382,6.31503593526077,0,0,1,EQH,0.902147990751539,1035,1,BULLISH_FVG,0,0.751789992292949,779,1,1,0,BULLISH_OB,1.16527448805407,1.71032223246646,975,1,0,1,1,6,4,9.2658116550106,0,0,0.2,RUN
2026-06-29,2026_06_29.csv,44,MARKET,1,8790,8790,0,2026-06-09T08:30:00-05:00,2026-06-09T08:30:00-05:00,HIGH,HH,external,ChartPrimeHigh,29737,29748,29694.25,29727.75,29748,6579,53.75,9.25,11,33.5,-1,0.623255813953488,29737,29748,29694.25,29727.75,6579,16.0968392241076,3.33916486657211,0.574646977037991,1.25801094973182,491.2,453.608267120431,13.3937296416938,13.4208312353878,LOW,29566,182,329,11.306567548207,BSL,Resolved,8803,8805,BOS_UP,UP,220,3.64978485416021,0,0,0,EQH,3.16832387339865,209,0,BEARISH_FVG,0.0931859962764309,0.621239975176206,2648,1,0,0,BULLISH_OB,4.08465283678356,0.543584978279181,220,1,0,1,0,5,4,0,11.306567548207,1,0.111111111111111,RUN
2026-06-29,2026_06_29.csv,45,MARKET,1,8794,8794,0,2026-06-09T08:34:00-05:00,2026-06-09T08:34:00-05:00,LOW,HL,external,ChartPrimeLow,29654.75,29660,29633.25,29649.75,29633.25,2938,26.75,5,5.25,16.5,-1,0.616822429906542,29654.75,29660,29633.25,29649.75,2938,21.7238214566779,1.23136714474226,0.230162083129394,-0.759534874326999,1246.1,1607.45814564486,2.35775619934195,1.05253129270204,HIGH,29748,114.75,4,5.28221980781958,SSL,Resolved,8820,8820,BOS_UP,UP,224,2.57781533104921,0,0,1,EQH,0.678978145231711,1228,1,BULLISH_FVG,0,0.943664540830514,392,1,0,0,BULLISH_OB,1.85280476919162,0.402783645476439,224,1,0,1,1,5,5,5.28221980781958,0,1,0,SWEEP
2026-06-29,2026_06_29.csv,46,MARKET,1,8810,8810,0,2026-06-09T08:50:00-05:00,2026-06-09T08:50:00-05:00,HIGH,HH,external,ChartPrimeHigh,29844.25,29848.25,29805.25,29806.25,29848.25,3449,43,38,4,1,-1,0.0232558139534884,29844.25,29848.25,29805.25,29806.25,3449,27.6835879630714,1.55326686906914,1.37265444243319,1.51714438374195,2966.15,978.271346559839,1.16278677747248,0.493574713905274,LOW,29633.25,215,16,7.76633434534569,BSL,Resolved,13368,13370,BOS_UP,UP,7,3.62127915405072,1,0,0,EQL,1.6887261890461,2721,1,BEARISH_FVG,0,0.559898522571433,2723,1,5,0,BULLISH_OB,5.52674025505996,1.30944009311061,7,0,1,2,1,5,5,0,7.76633434534569,0,0,RUN
2026-06-29,2026_06_29.csv,48,MARKET,1,9184,9184,0,2026-06-09T15:04:00-05:00,2026-06-09T15:04:00-05:00,HIGH,LH,external,ChartPrimeHigh,29136.5,29196.25,29135.25,29194.75,29196.25,1797,61,58.25,1.5,1.25,1,0.975409836065574,29136.5,29196.25,29135.25,29194.75,1797,41.8294948591991,1.45830113907256,1.39255805493405,0.0358598640755548,2607.55,2903.03254330708,0.689152652873387,-0.27920803088092,LOW,28227.75,968.5,204,23.1535189047832,BSL,Resolved,10212,10213,CHOCH_DOWN,DOWN,355,10.4471737340116,0,0,1,EQL,0.0956263042014795,2345,1,BEARISH_FVG,0,0.657430841385172,315,1,3,0,BULLISH_OB,0.693290705460727,0.316762132667401,1914,1,0,1,0,6,1,0,23.1535189047832,2,0.714285714285714,GRAB
2026-06-29,2026_06_29.csv,49,MARKET,1,9337,9337,0,2026-06-09T18:37:00-05:00,2026-06-09T18:37:00-05:00,LOW,HL,external,ChartPrimeLow,28997,28997,28980.25,28985.5,28980.25,224,16.75,11.5,0,5.25,-1,0.313432835820896,28997,28997,28980.25,28985.5,224,17.2031067470651,0.973661341888584,0.668483906371267,-0.305177435517317,95.4,57.4189864069369,2.34800838574423,2.23967729225648,HIGH,29196.25,216,153,12.5558716327125,SSL,Resolved,9404,9404,CHOCH_DOWN,DOWN,508,37.9582600748206,0,0,1,EQH,0.276112917849001,180,1,BEARISH_FVG,0,0.653951647537109,201,1,2,0,BULLISH_OB,14.2416136574748,0.770209718210373,2067,1,0,0,1,6,2,12.5558716327125,0,1,0.5,SWEEP
2026-06-29,2026_06_29.csv,50,MARKET,1,9366,9366,0,2026-06-09T19:06:00-05:00,2026-06-09T19:06:00-05:00,HIGH,LH,external,ChartPrimeHigh,29160.25,29169,29152,29154.25,29169,555,17,6,8.75,2.25,-1,0.132352941176471,29160.25,29169,29152,29154.25,555,19.7870897152933,0.859146051521707,0.303228018184132,0.745435544702657,208.45,140.9395171696,2.66250899496282,2.45885616014264,LOW,28980.25,188.75,29,9.53904807204248,BSL,Resolved,10211,10211,CHOCH_DOWN,DOWN,537,23.4622679069972,0,0,1,EQH,0.505380030306886,137,1,BULLISH_FVG,0,1.40242958410161,490,1,5,0,BULLISH_OB,2.84276267047623,0.669628540156624,2096,1,0,1,1,7,2,0,9.53904807204248,0,0.555555555555556,SWEEP
2026-06-29,2026_06_29.csv,51,MARKET,1,9683,9683,0,2026-06-10T00:23:00-05:00,2026-06-10T00:23:00-05:00,LOW,LL,external,ChartPrimeLow,28867,28871.75,28853.75,28865.75,28853.75,130,18,1.25,4.75,12,-1,0.666666666666667,28867,28871.75,28853.75,28865.75,130,18.2769093249895,0.98484922586934,0.0683923073520375,-0.65656615057956,140.9,90.2412876681179,0.92264017033357,-0.120787283533532,HIGH,29169,315.25,317,17.2485399141839,SSL,Resolved,9855,9856,BOS_DOWN,DOWN,177,6.9213015040262,0,0,1,EQL,0.177819999115298,515,1,BEARISH_FVG,0,0.615530766168338,636,1,2,0,BEARISH_OB,7.71465226930983,1.19002614792545,177,1,0,0,1,7,2,17.2485399141839,0,0,0.555555555555556,GRAB
2026-06-29,2026_06_29.csv,52,MARKET,1,9758,9758,0,2026-06-10T01:38:00-05:00,2026-06-10T01:38:00-05:00,HIGH,LH,external,ChartPrimeHigh,28998.25,29014,28998.25,29010.75,29014,246,15.75,12.5,3.25,0,1,0.793650793650794,28998.25,29014,28998.25,29010.75,246,15.6803007767399,1.00444501825906,0.797178585919887,0.20726643233917,150.4,68.2549631895,1.63563829787234,1.40063074584892,LOW,28853.75,160.25,75,10.2198294714929,BSL,Resolved,10166,10166,BOS_DOWN,DOWN,252,2.15238218198369,0,0,1,EQH,0.669630012172705,185,1,BEARISH_FVG,0,1.16388073544303,225,1,1,1,BEARISH_OB,0,1.3870907395006,252,1,0,1,1,8,2,0,10.2198294714929,1,0.6,SWEEP
2026-06-29,2026_06_29.csv,53,MARKET,1,10048,10048,0,2026-06-10T06:40:00-05:00,2026-06-10T06:40:00-05:00,LOW,LL,external,ChartPrimeLow,28610.5,28645.25,28610,28639.75,28610,261,35.25,29.25,5.5,0.5,1,0.843971631205674,28610.5,28645.25,28610,28639.75,261,32.4591864603752,1.08597915856677,0.901131642214977,-0.916535601910959,441.2,275.086822657866,0.591568449682684,-0.655065910678392,HIGH,29014,404,290,12.4463994343539,SSL,Resolved,10478,10480,BOS_DOWN,DOWN,193,7.50943035179147,0,0,0,EQH,5.1988363973941,108,0,BEARISH_FVG,0.138635637263843,1.33244251370249,1091,1,1,0,BEARISH_OB,7.97925112251894,0.516032649815414,193,1,0,0,1,8,2,12.4463994343539,0,0,0.6,GRAB
2026-06-29,2026_06_29.csv,54,MARKET,1,10223,10223,0,2026-06-10T09:35:00-05:00,2026-06-10T09:35:00-05:00,HIGH,HH,external,ChartPrimeHigh,29244.25,29250,29205.75,29227.25,29250,1747,44.25,17,5.75,21.5,-1,0.485875706214689,29244.25,29250,29205.75,29227.25,1747,56.4251852403354,0.784224275233181,0.301283902349471,0.403188751673556,1823.6,672.292748733764,0.957995174380347,-0.113938459315935,LOW,28610,640,175,11.342452794333,BSL,Resolved,11781,11781,CHOCH_UP,UP,52,4.1825294679103,0,0,1,EQL,0.88169847893448,3384,1,BULLISH_FVG,0,0.735487173382531,1332,1,1,0,BULLISH_OB,0.203809698648171,0.234824218007676,2953,1,0,1,0,6,2,0,11.342452794333,1,0.5,SWEEP
2026-06-29,2026_06_29.csv,56,MARKET,1,11245,11245,0,2026-06-11T03:37:00-05:00,2026-06-11T03:37:00-05:00,HIGH,LH,external,ChartPrimeHigh,28933.25,28936,28915.75,28916.75,28936,142,20.25,16.5,2.75,1,-1,0.0493827160493827,28933.25,28936,28915.75,28916.75,142,13.9586366391147,1.4507147455401,1.18206386673638,1.37907451119244,149.7,99.6695038615122,0.948563794255177,-0.0772553258687723,LOW,28265.75,670.25,558,48.0168670715185,BSL,Resolved,11559,11561,CHOCH_DOWN,DOWN,767,23.3547163973369,0,0,1,EQL,0.644762109128932,4719,1,BEARISH_FVG,0,2.00592656173446,991,1,2,1,BULLISH_OB,0,7.09238320041825,1074,1,0,1,0,7,2,0,48.0168670715185,0,0.555555555555556,RUN
2026-06-29,2026_06_29.csv,57,MARKET,1,11482,11482,0,2026-06-11T07:34:00-05:00,2026-06-11T07:34:00-05:00,LOW,HL,external,ChartPrimeLow,28678.5,28694.25,28637.5,28687.5,28637.5,1336,56.75,9,6.75,41,1,0.881057268722467,28678.5,28694.25,28637.5,28687.5,1336,36.6773938040272,1.5472746047122,0.245382756694447,-1.36323753719137,695.3,757.150520042085,1.92147274557745,0.846198982950428,HIGH,28936,298.5,237,8.13852809703248,SSL,Resolved,11626,11627,CHOCH_DOWN,DOWN,1004,0.749780645455253,0,0,1,EQL,0.122691378347223,1012,1,BEARISH_FVG,0,0.524846451818677,982,1,1,1,BEARISH_OB,0,0.783861583885037,1004,1,0,0,1,7,3,8.13852809703248,0,0,0.4,GRAB
2026-06-29,2026_06_29.csv,58,MARKET,1,11572,11572,0,2026-06-11T09:04:00-05:00,2026-06-11T09:04:00-05:00,HIGH,HH,external,ChartPrimeHigh,29017.75,29049.5,29006.5,29039.25,29049.5,1221,43,21.5,10.25,11.25,1,0.761627906976744,29017.75,29049.5,29006.5,29039.25,1221,53.2693868812502,0.807217850955502,0.403608925477751,0.192418208657998,2251.6,904.222284618113,0.542281044590513,-1.13976399114656,LOW,28637.5,412,90,7.73427336264342,BSL,Resolved,11777,11779,CHOCH_UP,UP,13,2.13067967635929,0,1,1,EQL,0.384836417315995,2314,1,BEARISH_FVG,0,0.248735733143265,2099,1,2,0,BEARISH_OB,0.619492769337944,0.40830205251819,2066,1,1,1,1,7,3,0,7.73427336264342,1,0.4,RUN
2026-06-29,2026_06_29.csv,60,MARKET,1,12144,12144,0,2026-06-11T19:36:00-05:00,2026-06-11T19:36:00-05:00,HIGH,HH,external,ChartPrimeHigh,29644.5,29645.5,29637.5,29637.5,29645.5,97,8,7,1,0,-1,0,29644.5,29645.5,29637.5,29637.5,97,15.8042501562394,0.506192949422638,0.442918830744809,0.506192949422638,113.95,58.2266906152153,0.851250548486178,-0.291103612808982,LOW,28577.5,1068,515,67.5767587479222,BSL,Resolved,12682,12683,CHOCH_UP,UP,367,37.7113747319866,0,0,1,EQH,0.158185296694575,4578,1,BULLISH_FVG,0,0.727652364795043,3621,1,3,1,BEARISH_OB,0,2.38859798008808,3315,0,0,1,0,6,3,0,67.5767587479222,0,0.333333333333333,GRAB
2026-06-29,2026_06_29.csv,61,MARKET,1,12545,12545,0,2026-06-12T02:17:00-05:00,2026-06-12T02:17:00-05:00,LOW,HL,external,ChartPrimeLow,29283.25,29291.25,29260,29268.5,29260,195,31.25,14.75,8,8.5,-1,0.272,29283.25,29291.25,29260,29268.5,195,16.3885965111944,1.90681367856328,0.900016056281868,-0.518653320569212,129.2,71.3082042965604,1.50928792569659,0.922754971172004,HIGH,29645.5,385.5,401,23.5224535387566,SSL,Resolved,12933,12934,CHOCH_UP,UP,768,12.8442969388022,0,0,0,EQL,3.64582775341299,5706,1,BULLISH_FVG,0,0.2440721508561,687,1,3,0,BULLISH_OB,1.31188781085154,0.80848899971083,5275,1,0,0,1,6,4,23.5224535387566,0,0,0.2,GRAB
2026-06-29,2026_06_29.csv,62,MARKET,1,12684,12684,0,2026-06-12T04:36:00-05:00,2026-06-12T04:36:00-05:00,HIGH,HH,external,ChartPrimeHigh,29635.25,29675,29634.5,29641.25,29675,323,40.5,6,33.75,0.75,1,0.166666666666667,29635.25,29675,29634.5,29641.25,323,19.7159506018072,2.05417434938631,0.304322125835009,1.71181195782193,156.8,64.7669668889937,2.05994897959184,2.56612294790423,LOW,29260,415,139,21.0489470369215,BSL,Resolved,13013,13013,BOS_UP,UP,2,1.49625045202213,1,0,1,EQH,0,6506,1,BULLISH_FVG,0,0.634004428822936,3861,1,5,1,BEARISH_OB,0,1.91469337504527,3855,0,1,1,0,6,4,0,21.0489470369215,0,0.2,SWEEP
2026-06-29,2026_06_29.csv,63,MARKET,1,12933,12933,0,2026-06-12T08:45:00-05:00,2026-06-12T08:45:00-05:00,LOW,LL,external,ChartPrimeLow,29282.75,29325.25,29230,29239,29230,2358,95.25,43.75,42.5,9,-1,0.094488188976378,29282.75,29325.25,29230,29239,2358,58.5225134869182,1.62757876114278,0.747575546456658,-0.153786969556798,1641.15,947.232298594173,1.43679736769948,0.756783738333149,HIGH,29675,445,249,7.60391127253058,SSL,Resolved,25849,25850,BOS_UP,UP,251,7.09983176120551,0,0,1,EQL,0.508351371590527,6094,1,BULLISH_FVG,0,0.170874410618665,1078,1,1,1,BULLISH_OB,0,0.226408594069731,5663,1,0,0,1,6,5,7.60391127253058,0,0,0.0909090909090909,GRAB
2026-06-29,2026_06_29.csv,64,MARKET,1,13033,13033,0,2026-06-12T10:25:00-05:00,2026-06-12T10:25:00-05:00,HIGH,HH,external,ChartPrimeHigh,29745,29760,29742.75,29755.25,29760,670,17.25,10.25,4.75,2.25,1,0.72463768115942,29745,29760,29742.75,29755.25,670,32.9139020670048,0.524094650487904,0.311418560434842,0.144315918250292,772.9,255.251033298594,0.86686505369388,-0.403132550220187,LOW,29230,530,100,16.1026182468747,BSL,Resolved,13368,13370,BOS_UP,UP,15,2.58249537921576,1,0,0,EQL,1.26086539102887,6944,1,BEARISH_FVG,0,0.751961889830471,4217,1,2,0,BULLISH_OB,1.96725383299083,1.10135832348907,4230,1,1,1,0,6,4,0,16.1026182468747,0,0.2,RUN
2026-06-29,2026_06_29.csv,65,MARKET,1,13283,13283,0,2026-06-12T14:35:00-05:00,2026-06-12T14:35:00-05:00,LOW,HL,external,ChartPrimeLow,29604,29610,29580.5,29586,29580.5,699,29.5,18,6,5.5,-1,0.186440677966102,29604,29610,29580.5,29586,699,21.5461455430677,1.36915440123774,0.835416244823026,-0.255266074807036,418.15,164.023862593221,1.67164892980988,1.71225086130612,HIGH,29760,179.5,250,8.33095644142962,SSL,Resolved,22662,22662,BOS_UP,UP,265,4.38593528532089,0,0,1,EQH,0.545341159815031,538,1,BULLISH_FVG,0,1.94930457125373,200,1,3,0,BULLISH_OB,0.510532149614071,1.0558733094291,601,1,0,0,1,6,5,8.33095644142962,0,1,0.0909090909090909,SWEEP
2026-06-29,2026_06_29.csv,66,MARKET,1,14014,14014,0,2026-06-15T03:46:00-05:00,2026-06-15T03:46:00-05:00,HIGH,HH,external,ChartPrimeHigh,30627.25,30628.25,30618,30618,30628.25,127,10.25,9.25,1,0,-1,0,30627.25,30628.25,30618,30618,127,9.18690105275701,1.11571899393909,1.00686836038405,1.11571899393909,91.8,62.9965078397208,1.38344226579521,0.558761131482999,LOW,29580.5,1047.75,731,114.048251307286,BSL,Resolved,14295,14295,BOS_UP,UP,646,94.5095625841574,0,0,0,EQL,1.25178228588288,13150,1,BEARISH_FVG,0,0.489827850997648,10351,1,2,0,BEARISH_OB,1.76882279526929,1.14293165232785,11591,1,0,1,0,3,5,0,114.048251307286,3,-0.25,SWEEP
2026-06-29,2026_06_29.csv,67,MARKET,1,14073,14073,0,2026-06-15T04:45:00-05:00,2026-06-15T04:45:00-05:00,LOW,HL,external,ChartPrimeLow,30522.75,30523,30509.5,30512.75,30509.5,101,13.5,10,0.25,3.25,-1,0.240740740740741,30522.75,30523,30509.5,30512.75,101,9.53889507208271,1.41525825559295,1.04833944858737,-0.340710320790896,68.15,39.3170128570318,1.48202494497432,0.835516170047106,HIGH,30628.25,118.75,59,12.4490309519751,SSL,Resolved,15796,15796,BOS_UP,UP,705,78.5730416716236,0,0,1,EQL,0.262084862146843,290,1,BEARISH_FVG,0,0.209667889717475,374,1,2,0,BULLISH_OB,1.25800733830485,0.681420641581792,9809,1,0,1,1,3,6,12.4490309519751,0,2,-0.333333333333333,SWEEP
2026-06-29,2026_06_29.csv,68,MARKET,1,14478,14478,0,2026-06-15T11:30:00-05:00,2026-06-15T11:30:00-05:00,HIGH,HH,external,ChartPrimeHigh,30900.75,30915,30900.25,30907.25,30915,540,14.75,6.5,7.75,0.5,1,0.474576271186441,30900.75,30915,30900.25,30907.25,540,12.2865678432133,1.20049799001821,0.529033012550398,0.630770130348552,417.4,126.541060529774,1.29372304743651,0.968855480479817,LOW,30509.5,405.5,405,33.003521013721,BSL,Resolved,15400,15402,BOS_UP,UP,182,23.3384948228964,0,0,0,EQL,9.17668802539345,54,0,BEARISH_FVG,0.874939213064121,0.0610422706788921,1,1,1,0,BEARISH_OB,9.11564575471456,2.90968156902719,11203,1,0,1,0,1,6,0,33.003521013721,2,-0.714285714285714,RUN
2026-06-29,2026_06_29.csv,69,MARKET,1,14685,14685,0,2026-06-15T14:57:00-05:00,2026-06-15T14:57:00-05:00,LOW,HL,external,ChartPrimeLow,30822,30830.25,30815,30827.75,30815,1159,15.25,5.75,2.5,7,1,0.836065573770492,30822,30830.25,30815,30827.75,1159,15.7825695993534,0.966255837111896,0.364325971370059,-0.807853240864044,772.35,446.686498005033,1.50061500615006,0.865595897182555,HIGH,30915,100,207,6.33610384991407,SSL,Resolved,14759,14759,BOS_UP,UP,389,11.8326739397145,0,0,1,EQL,0.807853240864044,261,1,BEARISH_FVG,0,0.253444153996563,279,1,0,0,BEARISH_OB,0.760332461989689,2.26515712634428,11410,1,0,0,1,1,7,6.33610384991407,0,0,-0.75,SWEEP
2026-06-29,2026_06_29.csv,70,MARKET,1,14688,14688,0,2026-06-15T15:00:00-05:00,2026-06-15T15:00:00-05:00,HIGH,LH,external,ChartPrimeHigh,30872.5,30894,30870,30882.5,30894,3287,24,10,11.5,2.5,1,0.520833333333333,30872.5,30894,30870,30882.5,3287,18.3504210677039,1.30787189631518,0.54494662346466,0.626688616984359,1243.15,1578.7392842075,2.64408961106866,1.29460894553339,LOW,30815,79,3,4.30507832537082,BSL,Resolved,15376,15376,BOS_UP,UP,392,14.4819565185733,0,0,0,EQL,1.68933453274045,129,1,BULLISH_FVG,0,0.054494662346466,217,1,1,0,BEARISH_OB,4.95901427352841,1.94818417888616,11413,1,0,1,1,2,7,0,4.30507832537082,0,-0.555555555555556,SWEEP
2026-06-29,2026_06_29.csv,71,MARKET,1,14937,14937,0,2026-06-15T20:09:00-05:00,2026-06-15T20:09:00-05:00,LOW,LL,external,ChartPrimeLow,30762.5,30765,30755.5,30760,30755.5,196,9.5,2.5,2.5,4.5,-1,0.473684210526316,30762.5,30765,30755.5,30760,196,12.399293723042,0.766172671782572,0.201624387311203,-0.362923897160166,148.6,55.5107196854806,1.31897711978466,0.853889127515635,HIGH,30894,138.5,249,11.1699910570407,SSL,Resolved,15682,15682,CHOCH_DOWN,DOWN,177,4.79866041800664,0,0,1,EQH,0.746010233051452,12612,1,BEARISH_FVG,0,3.85102579764398,11661,1,4,0,BEARISH_OB,0.947634620362655,2.88322873855021,11662,1,0,0,1,2,7,11.1699910570407,0,1,-0.555555555555556,SWEEP
2026-06-29,2026_06_29.csv,73,MARKET,1,16087,16087,0,2026-06-16T15:19:00-05:00,2026-06-16T15:19:00-05:00,LOW,LL,external,ChartPrimeLow,30281.25,30282.25,30272.25,30281.75,30272.25,1056,10,0.5,0.5,9,1,0.95,30281.25,30282.25,30272.25,30281.75,1056,14.9593464874957,0.668478399665312,0.0334239199832656,-0.635054479682046,1086.7,2077.78175225407,0.971749332842551,-0.0147753728064535,HIGH,30975.5,703.25,539,47.010743456463,SSL,Resolved,17330,17332,CHOCH_DOWN,DOWN,360,32.3042186638262,0,0,1,EQH,0.919157799539803,11520,1,BEARISH_FVG,0,0.434510959782452,10869,1,2,0,BEARISH_OB,0.668478399665312,1.92187539903777,11401,1,0,0,1,1,6,47.010743456463,0,2,-0.714285714285714,RUN
2026-06-29,2026_06_29.csv,74,MARKET,1,16736,16736,0,2026-06-17T03:08:00-05:00,2026-06-17T03:08:00-05:00,HIGH,LH,external,ChartPrimeHigh,30573,30584.5,30572,30583.25,30584.5,200,12.5,10.25,1.25,1,1,0.9,30573,30584.5,30572,30583.25,200,8.46513966164447,1.47664427282133,1.21084830371349,0.147664427282133,95.9,42.8356160221842,2.08550573514077,2.43022068238934,LOW,30272.25,312.25,649,36.8865739350768,BSL,Resolved,18433,18435,CHOCH_DOWN,DOWN,1009,20.2004936521958,0,0,1,EQH,0.118131541825706,2497,1,BULLISH_FVG,0,0.945052334605651,2455,1,1,0,BEARISH_OB,0.413460396389972,0.502059052759252,16595,1,0,1,0,2,6,0,36.8865739350768,3,-0.5,RUN
2026-06-29,2026_06_29.csv,75,MARKET,1,16965,16965,0,2026-06-17T06:57:00-05:00,2026-06-17T06:57:00-05:00,LOW,HL,external,ChartPrimeLow,30394.25,30402.5,30387.75,30400.75,30387.75,377,14.75,6.5,1.75,6.5,1,0.88135593220339,30394.25,30402.5,30387.75,30400.75,377,10.8860605662188,1.35494377514044,0.597093867011042,-1.19418773402208,143.6,108.373613024573,2.62534818941504,2.15366078038828,HIGH,30584.5,196.75,229,18.0735720514496,SSL,Resolved,17085,17087,CHOCH_DOWN,DOWN,1238,33.7817337835862,0,0,0,EQH,1.19418773402208,12608,1,BULLISH_FVG,0,1.05639684163492,653,1,3,0,BEARISH_OB,0.275581784774327,2.08982853453865,12619,1,0,0,1,2,7,18.0735720514496,0,0,-0.555555555555556,RUN
2026-06-29,2026_06_29.csv,76,MARKET,1,17073,17073,0,2026-06-17T08:45:00-05:00,2026-06-17T08:45:00-05:00,HIGH,LH,external,ChartPrimeHigh,30520.75,30542.25,30503.75,30506.25,30542.25,2387,38.5,14.5,21.5,2.5,-1,0.0649350649350649,30520.75,30542.25,30503.75,30506.25,2387,29.5828775120761,1.30142850316991,0.490148397297758,1.21692015880823,1641.1,914.846703005482,1.45451221741515,0.815327854983296,LOW,30387.75,154.5,108,5.22261568155197,BSL,Resolved,17112,17112,CHOCH_DOWN,DOWN,1346,7.20856177405151,0,0,1,EQH,0.0591558410531777,16374,1,BEARISH_FVG,0,0.684517589329627,1277,1,3,1,BULLISH_OB,0,0.946493456850842,15155,1,0,1,0,3,7,0,5.22261568155197,0,-0.4,SWEEP
2026-06-29,2026_06_29.csv,77,MARKET,1,17090,17090,0,2026-06-17T09:02:00-05:00,2026-06-17T09:02:00-05:00,LOW,LL,external,ChartPrimeLow,30374.25,30374.25,30320,30340.75,30320,1803,54.25,33.5,0,20.75,-1,0.382488479262673,30374.25,30374.25,30320,30340.75,1803,36.0353398239906,1.50546658544019,0.929642960594401,-0.575823624845786,1703.85,522.704149113052,1.05819174223083,0.189686651939232,HIGH,30542.25,222.25,17,6.16755665648077,SSL,Resolved,17135,17135,BOS_DOWN,DOWN,5,1.88009882329166,1,0,1,EQL,0.173440850857164,3612,1,BULLISH_FVG,0,0.971268764800121,960,1,3,0,BULLISH_OB,0.173440850857164,0.437070944160054,12350,1,1,1,1,3,7,6.16755665648077,0,0,-0.4,SWEEP
2026-06-29,2026_06_29.csv,78,MARKET,1,17112,17112,0,2026-06-17T09:24:00-05:00,2026-06-17T09:24:00-05:00,HIGH,HH,external,ChartPrimeHigh,30521.5,30545.75,30515.5,30540.5,30545.75,1550,30.25,19,5.25,6,1,0.826446280991736,30521.5,30545.75,30515.5,30540.5,1550,33.975968092118,0.890335189801923,0.559218796900382,0.154520983354053,1378.05,339.471423686884,1.12477776568339,0.506522752732791,LOW,30320,225.75,22,6.64440228422427,BSL,Resolved,18430,18430,BOS_DOWN,DOWN,27,4.65034578475054,0,0,1,EQH,0.154520983354053,16413,1,BEARISH_FVG,0,0.16923726748301,418,1,2,1,BULLISH_OB,0,0.824111911221615,15194,1,0,3,1,4,7,0,6.64440228422427,0,-0.272727272727273,SWEEP
2026-06-29,2026_06_29.csv,79,MARKET,1,17112,17112,0,2026-06-17T09:24:00-05:00,2026-06-17T09:24:00-05:00,HIGH,LH,external,ChartPrimeActiveHigh,30521.5,30545.75,30515.5,30540.5,30545.75,1550,30.25,19,5.25,6,1,0.826446280991736,30521.5,30545.75,30515.5,30540.5,1550,33.975968092118,0.890335189801923,0.559218796900382,0.154520983354053,1378.05,339.471423686884,1.12477776568339,0.506522752732791,HIGH,30545.75,0,0,0,BSL,Resolved,18430,18430,BOS_DOWN,DOWN,27,4.65034578475054,0,0,1,EQH,0.154520983354053,16413,1,BEARISH_FVG,0,0.16923726748301,418,1,2,1,BULLISH_OB,0,0.824111911221615,15194,1,0,3,1,4,7,0,6.64440228422427,0,-0.272727272727273,SWEEP
2026-06-29,2026_06_29.csv,80,MARKET,1,17135,17135,0,2026-06-17T09:47:00-05:00,2026-06-17T09:47:00-05:00,LOW,LL,external,ChartPrimeLow,30448.5,30456,30284.75,30337.75,30284.75,5671,171.25,110.75,7.5,53,-1,0.30948905109489,30448.5,30456,30284.75,30337.75,5671,41.5181328814292,4.12470378880162,2.66750916560455,-1.27655066164371,1124.85,241.136947604468,5.04156109703516,18.8529797907907,HIGH,30545.75,261,23,6.28640986205677,SSL,Resolved,17330,17332,BOS_DOWN,DOWN,50,2.48084373866608,0,0,1,EQH,0.0301073269255593,12568,1,BULLISH_FVG,0,0.132472238472461,1045,1,1,0,BULLISH_OB,0.319137665410928,0.379352319262047,12395,1,0,3,2,4,7,6.28640986205677,0,0,-0.272727272727273,RUN
2026-06-29,2026_06_29.csv,81,MARKET,1,17334,17334,0,2026-06-17T13:06:00-05:00,2026-06-17T13:06:00-05:00,LOW,LL,external,ChartPrimeLow,30073.75,30171.5,30070.25,30149.75,30070.25,2466,101.25,76,21.75,3.5,1,0.785185185185185,30073.75,30171.5,30070.25,30149.75,2466,47.6256044497495,2.12595726962018,1.59578027151737,-1.66927015244251,992.35,904.440394664015,2.48501032901698,1.62935004749256,LOW,30284.75,214.5,199,4.50387984526941,SSL,Resolved,17420,17420,BOS_DOWN,DOWN,4,4.50387984526941,1,0,0,EQH,1.8582441319643,12055,1,BULLISH_FVG,0,12.3253028865881,3964,1,4,0,BEARISH_OB,0.881878571101702,0.451437839968729,11360,1,1,0,1,4,6,9.98412525140142,0,0,-0.2,SWEEP
2026-06-29,2026_06_29.csv,82,MARKET,1,17372,17372,0,2026-06-17T13:44:00-05:00,2026-06-17T13:44:00-05:00,HIGH,LH,external,ChartPrimeHigh,30486.25,30520,30475.25,30505.5,30520,2551,44.75,19.25,14.5,11,1,0.675977653631285,30486.25,30520,30475.25,30505.5,2551,53.800995738279,0.831768992114783,0.357800069233733,0.269511740461773,1545.55,558.047979568066,1.65054511339006,1.80172679915126,LOW,30070.25,449.75,38,8.35951070846086,BSL,Resolved,18405,18407,BOS_DOWN,DOWN,42,4.37259565128497,0,0,1,EQL,0.0325272790212485,3451,1,BEARISH_FVG,0,0.0975818370637454,550,1,3,0,BULLISH_OB,0.0278805248753558,0.120815607793209,13108,1,0,1,1,5,6,0,8.35951070846086,1,-0.0909090909090909,GRAB
2026-06-29,2026_06_29.csv,83,MARKET,1,17441,17441,0,2026-06-17T14:53:00-05:00,2026-06-17T14:53:00-05:00,LOW,LL,external,ChartPrimeLow,29928.75,29979.75,29923,29949.25,29923,1797,56.75,20.5,30.5,5.75,1,0.462555066079295,29928.75,29979.75,29923,29949.25,1797,49.5137636717135,1.14614595602678,0.414026292485444,-0.530155618426483,1709.95,550.785936185738,1.05090792128425,0.158046882247634,HIGH,30520,597,69,12.0572534933566,SSL,Resolved,22002,22002,BOS_DOWN,DOWN,19,2.97392056431617,1,0,0,EQL,2.45386314814543,11352,1,BULLISH_FVG,0,11.8552894482417,4071,1,3,0,BEARISH_OB,2.87798764288662,0.95932921429554,19,1,0,1,1,5,6,12.0572534933566,0,2,-0.0909090909090909,SWEEP
2026-06-29,2026_06_29.csv,84,MARKET,1,17701,17701,0,2026-06-17T20:13:00-05:00,2026-06-17T20:13:00-05:00,HIGH,LH,external,ChartPrimeHigh,30433,30438.25,30431,30434.5,30438.25,201,7.25,1.5,3.75,2,1,0.482758620689655,30433,30438.25,30431,30434.5,201,14.2127463906248,0.510105492685238,0.105539067452118,0.263847668630296,196.1,128.217354519581,1.02498725140235,0.0382163554876004,LOW,29923,515.25,260,36.2526696698026,BSL,Resolved,18053,18053,BOS_DOWN,DOWN,279,25.8922512149197,0,0,1,EQL,0.0527695337260591,4191,1,BEARISH_FVG,0,6.27957451340104,371,1,2,0,BEARISH_OB,1.24887896485007,1.81175399126136,616,1,0,1,0,6,6,0,36.2526696698026,0,0,SWEEP
2026-06-29,2026_06_29.csv,85,MARKET,1,17913,17913,0,2026-06-17T23:45:00-05:00,2026-06-17T23:45:00-05:00,LOW,HL,external,ChartPrimeLow,30296.75,30297,30284,30288,30284,214,13,8.75,0.25,4,-1,0.307692307692308,30296.75,30297,30284,30288,214,10.0214113982973,1.2972224653115,0.873130505498123,-0.399145373941999,113.85,40.566334564513,1.87966622749231,2.46879588888492,HIGH,30438.25,154.25,212,15.3920434826383,SSL,Resolved,21811,21811,BOS_DOWN,DOWN,491,21.3293309200256,0,0,1,EQH,0.199572686971,13346,1,BULLISH_FVG,0,0.598718060912999,291,1,4,0,BEARISH_OB,0.773344162012623,6.16180671022961,583,1,0,0,1,6,7,15.3920434826383,0,1,-0.0769230769230769,SWEEP
2026-06-29,2026_06_29.csv,86,MARKET,1,18118,18118,0,2026-06-18T03:10:00-05:00,2026-06-18T03:10:00-05:00,HIGH,HH,external,ChartPrimeHigh,30490.25,30500,30486.75,30493,30500,442,13.25,2.75,7,3.5,1,0.471698113207547,30490.25,30500,30486.75,30493,442,12.9392940805136,1.02401258658726,0.212530914197356,0.540987781593271,176.8,139.217312141845,2.5,1.90493549918414,LOW,30284,216,205,16.6933372605924,BSL,Resolved,18397,18398,CHOCH_UP,UP,11,4.77228507334064,0,1,1,EQH,0.0386419843995193,14019,1,BULLISH_FVG,0,1.75821029017813,1045,1,5,0,BEARISH_OB,1.41043243058246,1.99006219657525,1033,1,1,1,0,6,7,0,16.6933372605924,0,-0.0769230769230769,GRAB
2026-06-29,2026_06_29.csv,87,MARKET,1,18329,18329,0,2026-06-18T06:41:00-05:00,2026-06-18T06:41:00-05:00,LOW,HL,external,ChartPrimeLow,30367.5,30372.5,30355,30372.5,30355,276,17.5,5,0,12.5,1,1,30367.5,30372.5,30355,30372.5,276,13.4295269254111,1.30309876864589,0.372313933898826,-1.30309876864589,195.85,68.7686520152896,1.40924176665816,1.16550197875305,HIGH,30500,145,211,10.797104083066,SSL,Resolved,20124,20124,CHOCH_UP,UP,222,6.19902699941546,0,0,1,EQH,0.409545327288709,13175,1,BULLISH_FVG,0,0.614317990933064,294,1,3,0,BEARISH_OB,0.111694180169648,4.59807708365051,999,1,0,0,1,6,8,10.797104083066,0,2,-0.142857142857143,SWEEP
2026-06-29,2026_06_29.csv,88,MARKET,1,18682,18682,0,2026-06-18T12:34:00-05:00,2026-06-18T12:34:00-05:00,HIGH,HH,external,ChartPrimeHigh,30723.5,30736.75,30720.5,30725.75,30736.75,622,16.25,2.25,11,3,1,0.323076923076923,30723.5,30736.75,30720.5,30725.75,622,12.9063183894053,1.259073231398,0.174333216655108,0.852295725869417,578.9,150.133240822944,1.07445154603558,0.28707832964739,LOW,30355,381.75,353,29.57853575915,BSL,Resolved,18812,18814,BOS_UP,UP,285,18.3437284635986,0,0,1,EQL,0.0387407148122462,16371,1,BULLISH_FVG,0,0.987888227712279,4325,1,2,0,BULLISH_OB,1.35592501842862,0.522999649965324,15791,1,0,1,0,2,8,0,29.57853575915,0,-0.6,RUN
2026-06-29,2026_06_29.csv,89,MARKET,1,18780,18780,0,2026-06-18T14:12:00-05:00,2026-06-18T14:12:00-05:00,LOW,HL,external,ChartPrimeLow,30651,30659,30645.25,30647.75,30645.25,676,13.75,3.25,8,2.5,-1,0.181818181818182,30651,30659,30645.25,30647.75,676,14.2720315371613,0.963422758995308,0.227718106671618,-0.175167774362783,539.25,174.042774914674,1.25359295317571,0.785726382879396,HIGH,30736.75,91.5,98,6.41114054167787,SSL,Resolved,19020,19022,BOS_UP,UP,383,10.1772476904777,0,0,1,EQH,0,17942,1,BEARISH_FVG,0,0.490469768215793,236,1,1,0,BULLISH_OB,1.33127508515715,0.613087210269742,4484,1,0,1,1,2,9,6.41114054167787,0,0,-0.636363636363636,RUN
2026-06-29,2026_06_29.csv,90,MARKET,1,18815,18815,0,2026-06-18T14:47:00-05:00,2026-06-18T14:47:00-05:00,HIGH,HH,external,ChartPrimeHigh,30769.25,30783.25,30769.25,30773.25,30783.25,1280,14,4,10,0,1,0.285714285714286,30769.25,30783.25,30769.25,30773.25,1280,14.870434445391,0.941465432729118,0.268990123636891,0.672475309092227,678.35,292.906858062422,1.88693152502396,2.05406593747894,LOW,30645.25,138,35,9.28015926547273,BSL,Resolved,20813,20815,BOS_UP,UP,3,3.12701018727886,1,0,1,EQH,0.134495061818445,15682,1,BULLISH_FVG,0,0.487544599091865,3768,1,5,1,BEARISH_OB,0,1.31132685272984,3088,0,1,1,1,2,9,0,9.28015926547273,0,-0.636363636363636,RUN
2026-06-29,2026_06_29.csv,91,MARKET,1,19350,19350,0,2026-06-19T00:42:00-05:00,2026-06-19T00:42:00-05:00,LOW,LL,external,ChartPrimeLow,30420,30420,30388,30399.5,30388,322,32,20.5,0,11.5,-1,0.359375,30420,30420,30388,30399.5,322,13.2827040372376,2.40914801009562,1.5433604439675,-0.865787566128112,61,30.5237612361255,5.27868852459016,8.55071555503785,HIGH,30783.25,395.25,535,29.7567422184466,SSL,Resolved,20124,20126,CHOCH_DOWN,DOWN,330,19.3672914249093,0,0,1,EQL,0.338786438919696,1554,1,BULLISH_FVG,0,0.338786438919696,1016,1,0,0,BEARISH_OB,0.244679094775336,1.71275366342735,15004,1,0,0,1,2,9,29.7567422184466,0,0,-0.636363636363636,GRAB
2026-06-29,2026_06_29.csv,92,MARKET,1,19548,19548,0,2026-06-19T04:00:00-05:00,2026-06-19T04:00:00-05:00,HIGH,LH,external,ChartPrimeHigh,30651.25,30666,30651.25,30665.5,30666,299,14.75,14.25,0.5,0,1,0.966101694915254,30651.25,30666,30651.25,30665.5,299,7.6547332666396,1.92691234118928,1.86159327877609,0.065319062413196,47.45,31.4093537023607,6.3013698630137,8.00876077819754,LOW,30388,278,198,36.317398701737,BSL,Resolved,19784,19784,CHOCH_DOWN,DOWN,528,2.71074109014763,0,0,1,EQL,0.16329765603299,16212,1,BEARISH_FVG,0,0.457233436892372,531,1,1,1,BEARISH_OB,0,1.53499796671011,528,0,0,1,0,3,9,0,36.317398701737,3,-0.5,SWEEP
2026-06-29,2026_06_29.csv,93,MARKET,1,19765,19765,0,2026-06-19T07:37:00-05:00,2026-06-19T07:37:00-05:00,LOW,HL,external,ChartPrimeLow,30554,30559.5,30525.25,30546,30525.25,609,34.25,8,5.5,20.75,-1,0.605839416058394,30554,30559.5,30525.25,30546,609,9.80295324827011,3.49384508245451,0.816080603201054,-2.11670906455273,44,23.8683891370993,13.8409090909091,23.6714759741287,HIGH,30666,140.75,217,14.3579181125685,SSL,Resolved,20037,20037,CHOCH_DOWN,DOWN,745,12.2412090480158,0,0,1,EQL,0.229522669650296,18117,1,BEARISH_FVG,0,3.87638286520501,1321,1,3,1,BULLISH_OB,0,0.663065490100856,15501,1,0,0,1,3,10,14.3579181125685,0,1,-0.538461538461538,SWEEP
2026-06-29,2026_06_29.csv,94,MARKET,1,19917,19917,0,2026-06-19T10:09:00-05:00,2026-06-19T10:09:00-05:00,HIGH,HH,external,ChartPrimeHigh,30695.25,30705,30695.25,30700.75,30705,246,9.75,5.5,4.25,0,1,0.564102564102564,30695.25,30705,30695.25,30700.75,246,6.92925140940025,1.40707840197184,0.793736534445652,0.613341867526185,117.8,50.4911873498732,2.08828522920204,2.53905694694109,LOW,30525.25,179.75,152,25.9407531030192,BSL,Resolved,20532,20534,CHOCH_UP,UP,93,5.62831360788735,0,0,1,EQL,0.432947200606719,16955,1,BEARISH_FVG,0,1.84002560257856,1008,1,1,1,BULLISH_OB,0,1.6235520022752,17639,1,0,1,0,3,10,0,25.9407531030192,2,-0.538461538461538,RUN
2026-06-29,2026_06_29.csv,95,MARKET,1,20147,20147,0,2026-06-21T18:59:00-05:00,2026-06-21T18:59:00-05:00,LOW,LL,external,ChartPrimeLow,30343.75,30356.75,30337.5,30355.75,30337.5,205,19.25,12,1,6.25,1,0.948051948051948,30343.75,30356.75,30337.5,30355.75,205,14.9013718474002,1.2918273697974,0.805294983769807,-1.22471945448325,161.8,64.4240638271135,1.26699629171817,0.670556891846037,HIGH,30705,367.5,230,24.6621588779503,SSL,Resolved,21740,21740,CHOCH_DOWN,DOWN,107,12.5995111002318,0,0,1,EQH,0.0167769788285376,2250,1,BULLISH_FVG,0,0.0671079153141506,2136,1,4,1,BEARISH_OB,0,4.1439137706488,2817,1,0,0,1,3,8,24.6621588779503,0,0,-0.454545454545455,SWEEP
2026-06-29,2026_06_29.csv,96,MARKET,1,20245,20245,0,2026-06-21T20:37:00-05:00,2026-06-21T20:37:00-05:00,HIGH,LH,external,ChartPrimeHigh,30655.5,30659,30651,30654.25,30659,266,8,1.25,3.5,3.25,-1,0.40625,30655.5,30659,30651,30654.25,266,9.04949646040489,0.884027087584724,0.138129232435113,0.52489108325343,141.25,45.3021798592518,1.88318584070796,2.75373062372677,LOW,30337.5,321.5,98,35.5268385823111,BSL,Resolved,20461,20461,CHOCH_DOWN,DOWN,205,14.7798278705571,0,0,1,EQH,0,0,1,BEARISH_FVG,0,0.303884311357249,217,1,1,0,BEARISH_OB,0.221006771896181,1.29841478489006,1225,1,0,1,1,4,8,0,35.5268385823111,1,-0.333333333333333,SWEEP
2026-06-29,2026_06_29.csv,97,MARKET,1,20432,20432,0,2026-06-21T23:44:00-05:00,2026-06-21T23:44:00-05:00,LOW,HL,external,ChartPrimeLow,30527.75,30532.25,30524,30532.25,30524,134,8.25,4.5,0,3.75,1,1,30527.75,30532.25,30524,30532.25,134,9.77706065731474,0.843811886737937,0.460261029129784,-0.843811886737937,104.65,69.6098233010256,1.28045867176302,0.42163589286927,HIGH,30659,135,187,13.8078308738935,SSL,Resolved,21109,21109,CHOCH_DOWN,DOWN,392,0.127850285869384,0,0,1,EQL,0.178990400217138,6544,1,BEARISH_FVG,0,2.7615661747787,344,1,2,1,BEARISH_OB,0,3.32410743260399,392,1,0,0,1,4,9,13.8078308738935,0,1,-0.384615384615385,SWEEP
2026-06-29,2026_06_29.csv,99,MARKET,1,21112,21112,0,2026-06-22T11:04:00-05:00,2026-06-22T11:04:00-05:00,LOW,LL,external,ChartPrimeLow,30509.75,30524,30503,30518.25,30503,933,21,8.5,5.75,6.75,1,0.726190476190476,30509.75,30524,30503,30518.25,933,28.4355432087573,0.738512355675084,0.298921667773248,-0.53630063924024,1153.05,532.148238275765,0.809158319240276,-0.413512597003032,HIGH,30968,465,114,16.3527735899483,SSL,Resolved,21549,21551,CHOCH_DOWN,DOWN,1,0.738512355675084,0,1,1,EQH,0.061542696306257,20762,1,BULLISH_FVG,0,0.58905152178846,957,1,2,0,BULLISH_OB,0.527508825482203,0.501133384208093,2715,1,1,0,1,2,9,16.3527735899483,0,1,-0.636363636363636,RUN
2026-06-29,2026_06_29.csv,101,MARKET,1,22339,22339,0,2026-06-23T08:31:00-05:00,2026-06-23T08:31:00-05:00,LOW,LL,external,ChartPrimeLow,29658.75,29740,29616.5,29736.25,29616.5,5440,123.5,77.5,3.75,42.25,1,0.969635627530364,29658.75,29740,29616.5,29736.25,5440,33.0319554651148,3.73880378139977,2.34621289925896,-3.62527735079046,1033.8,1681.94751998985,5.26213967885471,2.61970123778095,HIGH,30701.25,1084.75,929,32.8394121609182,SSL,Resolved,22653,22655,BOS_DOWN,DOWN,790,26.8376481960396,0,0,1,EQH,0.95362201711816,14773,1,BULLISH_FVG,0,0.605474296582958,9053,1,0,0,BULLISH_OB,0.0681158583655828,0.688727012363115,9657,1,0,0,1,3,6,32.8394121609182,0,0,-0.333333333333333,RUN
2026-06-29,2026_06_29.csv,102,MARKET,1,22388,22388,0,2026-06-23T09:20:00-05:00,2026-06-23T09:20:00-05:00,HIGH,LH,external,ChartPrimeHigh,30012,30047,30011.5,30036.5,30047,2302,35.5,24.5,10.5,0.5,1,0.704225352112676,30012,30047,30011.5,30036.5,2302,36.7242403436942,0.96666397092937,0.667134289796325,0.285914695626997,1962.75,494.378486081261,1.17284422366578,0.686215135875142,LOW,29616.5,430.5,49,11.7225025207069,BSL,Resolved,24149,24151,BOS_DOWN,DOWN,839,12.4168667815153,0,0,1,EQL,0.871359072387037,4925,1,BULLISH_FVG,0,0.313144666639092,4921,1,2,0,BEARISH_OB,0.503754463723756,1.29342362307451,4966,1,0,1,1,4,6,0,11.7225025207069,0,-0.2,RUN
2026-06-29,2026_06_29.csv,103,MARKET,1,22662,22662,0,2026-06-23T13:54:00-05:00,2026-06-23T13:54:00-05:00,LOW,LL,external,ChartPrimeLow,29590.25,29606.75,29577.25,29605.75,29577.25,1187,29.5,15.5,1,13,1,0.966101694915254,29590.25,29606.75,29577.25,29605.75,1187,22.3745591690103,1.31846173044869,0.69275107871033,-1.27376811246738,949.95,349.449921304899,1.24953944944471,0.678351848284353,HIGH,30047,469.75,274,20.9948270467211,SSL,Resolved,23736,23736,BOS_DOWN,DOWN,9,1.75422450576648,1,0,1,EQH,0.379895752841149,9917,1,BULLISH_FVG,0,1.87713195521509,9579,1,3,0,BULLISH_OB,0.636884056233691,1.01677980907484,9980,1,1,0,1,4,5,20.9948270467211,0,1,-0.111111111111111,SWEEP
2026-06-29,2026_06_29.csv,104,MARKET,1,22804,22804,0,2026-06-23T17:16:00-05:00,2026-06-23T17:16:00-05:00,HIGH,LH,external,ChartPrimeHigh,29796,29803.5,29793.5,29796,29803.5,93,10,0,7.5,2.5,0,0.25,29796,29803.5,29793.5,29796,93,13.1897772928543,0.758162914958206,0,0.568622186218655,181.55,103.044880998524,0.51225557697604,-0.859334293386862,LOW,29577.25,226.25,142,17.1534359509294,BSL,Resolved,22910,22910,BOS_DOWN,DOWN,151,14.1776465097185,0,0,1,EQL,0.151632582991641,16715,1,BEARISH_FVG,0,1.72482063152992,369,1,2,0,BULLISH_OB,8.20711355442258,2.7483405667235,14001,1,0,1,0,5,5,0,17.1534359509294,3,0,SWEEP
2026-06-29,2026_06_29.csv,105,MARKET,1,22856,22856,0,2026-06-23T18:08:00-05:00,2026-06-23T18:08:00-05:00,LOW,HL,external,ChartPrimeLow,29596,29607.5,29585.5,29606,29585.5,219,22,10,1.5,10.5,1,0.931818181818182,29596,29607.5,29585.5,29606,219,16.2708558467157,1.35211080518796,0.614595820539981,-1.25992143210696,148.8,102.153120363501,1.47177419354839,0.687203677677202,HIGH,29803.5,218,52,13.3981888877716,SSL,Resolved,23736,23736,BOS_DOWN,DOWN,203,1.90524704367394,0,0,0,EQH,1.02944799940447,10111,1,BULLISH_FVG,0,2.58130244626792,9773,1,10,0,BULLISH_OB,0.368757492323988,1.39820549172846,10174,1,0,1,1,5,6,13.3981888877716,0,1,-0.0909090909090909,SWEEP
2026-06-29,2026_06_29.csv,106,MARKET,1,22950,22950,0,2026-06-23T19:42:00-05:00,2026-06-23T19:42:00-05:00,HIGH,HH,external,ChartPrimeHigh,29865,29891.75,29865,29876,29891.75,366,26.75,11,15.75,0,1,0.411214953271028,29865,29891.75,29865,29876,366,19.4205647540839,1.37740587561311,0.566409892775484,0.810995982837625,214.05,90.6424155679889,1.70988086895585,1.67636750463723,LOW,29585.5,306.25,94,15.7693663329538,BSL,Resolved,23807,23807,CHOCH_UP,UP,35,4.54415209431241,0,0,1,EQH,0,374,1,BEARISH_FVG,0,0.45055332379868,444,1,2,0,BULLISH_OB,7.22172613288742,0.75950417440349,35,0,1,1,1,5,6,0,15.7693663329538,3,-0.0909090909090909,SWEEP
2026-06-29,2026_06_29.csv,107,MARKET,1,23094,23094,0,2026-06-23T22:06:00-05:00,2026-06-23T22:06:00-05:00,LOW,HL,external,ChartPrimeLow,29630.5,29632.5,29616.5,29625.5,29616.5,279,16,5,2,9,-1,0.5625,29630.5,29632.5,29616.5,29625.5,279,16.4061944148475,0.975241399402172,0.304762937313179,-0.548573287163722,233.1,77.7559644014528,1.1969111969112,0.590308413680255,HIGH,29891.75,275.25,144,16.7771996990905,SSL,Resolved,23730,23730,CHOCH_UP,UP,179,11.3981338555129,0,0,0,EQH,1.92000650507303,15528,1,BEARISH_FVG,0,1.67619615522248,239,1,6,0,BULLISH_OB,0.13714332179093,1.38667136477496,10412,1,0,0,1,5,7,16.7771996990905,0,2,-0.166666666666667,SWEEP
2026-06-29,2026_06_29.csv,108,MARKET,1,23247,23247,0,2026-06-24T00:39:00-05:00,2026-06-24T00:39:00-05:00,HIGH,LH,external,ChartPrimeHigh,29875,29884.25,29872,29877.75,29884.25,169,12.25,2.75,6.5,3,1,0.469387755102041,29875,29884.25,29872,29877.75,169,13.8563319858335,0.884072351364288,0.19846522173484,0.469099615009622,137.45,61.6729073418791,1.22953801382321,0.51156985068184,LOW,29616.5,267.75,153,19.3232956798194,BSL,Resolved,23807,23810,CHOCH_UP,UP,332,5.82766060185031,0,0,1,EQH,0.0902114644249274,687,1,BEARISH_FVG,0,0.631480250974492,825,1,2,0,BULLISH_OB,9.58045752192729,1.06449528021414,332,1,0,1,0,6,7,0,19.3232956798194,1,-0.0769230769230769,GRAB
2026-06-29,2026_06_29.csv,109,MARKET,1,23388,23388,0,2026-06-24T03:00:00-05:00,2026-06-24T03:00:00-05:00,LOW,HL,external,ChartPrimeLow,29771.25,29778.5,29763,29770,29763,251,15.5,1.25,7.25,7,-1,0.451612903225806,29771.25,29778.5,29763,29770,251,13.1353763222144,1.18001948477004,0.095162861675003,-0.532912025380017,108.8,40.628315249343,2.30698529411765,3.50002206902486,HIGH,29884.25,121.25,141,9.23079758247529,SSL,Resolved,23493,23493,CHOCH_UP,UP,473,3.0832767182701,0,0,1,EQH,0.875498327410028,484,1,BEARISH_FVG,0,0.32355372969501,321,1,1,0,BULLISH_OB,0.875498327410028,1.12292176776504,473,1,0,0,1,6,8,9.23079758247529,0,0,-0.142857142857143,SWEEP
2026-06-29,2026_06_29.csv,110,MARKET,1,23421,23421,0,2026-06-24T03:33:00-05:00,2026-06-24T03:33:00-05:00,HIGH,LH,external,ChartPrimeHigh,29859.75,29866.25,29855.5,29860.25,29866.25,161,10.75,0.5,6,4.25,1,0.441860465116279,29859.75,29866.25,29855.5,29860.25,161,13.7194867815348,0.783557006991582,0.0364445119530968,0.437334143437162,103.35,45.9121715888064,1.55781325592646,1.25565831466912,LOW,29763,103.25,33,7.5257917183145,BSL,Resolved,23647,23648,CHOCH_UP,UP,506,4.57378625011365,0,0,0,EQH,1.22089115042874,861,1,BEARISH_FVG,0,0.69244572710884,171,1,3,0,BULLISH_OB,8.36401549323573,1.07511310261636,506,1,0,1,1,7,8,0,7.5257917183145,0,-0.0666666666666667,GRAB
2026-06-29,2026_06_29.csv,111,MARKET,1,23588,23588,0,2026-06-24T06:20:00-05:00,2026-06-24T06:20:00-05:00,LOW,LL,external,ChartPrimeLow,29758,29758,29734,29740,29734,304,24,18,0,6,-1,0.25,29758,29758,29734,29740,304,12.9141730632531,1.85842329063184,1.39381746797388,-0.464605822657961,152.75,76.296707006266,1.99018003273322,1.98239224122187,HIGH,29866.25,132.25,167,10.2406866744192,SSL,Resolved,23697,23699,CHOCH_DOWN,DOWN,5,2.24559480951348,0,1,1,EQH,0,890,1,BEARISH_FVG,0,0.464605822657961,438,1,4,0,BULLISH_OB,0.212944335384899,1.14215598070082,673,1,1,0,1,7,8,10.2406866744192,0,0,-0.0666666666666667,RUN
2026-06-29,2026_06_29.csv,112,MARKET,1,23648,23648,0,2026-06-24T07:20:00-05:00,2026-06-24T07:20:00-05:00,HIGH,HH,external,ChartPrimeHigh,29868,29872.75,29860.5,29862,29872.75,230,12.25,6,4.75,1.5,-1,0.122448979591837,29868,29872.75,29860.5,29862,230,14.8751806518147,0.823519410401619,0.403356445910997,0.72268029892387,180.9,60.6150971293456,1.27142067440575,0.810029222509143,LOW,29734,138.75,60,9.32761781169181,BSL,Resolved,23796,23796,CHOCH_UP,UP,1,0.436969483070247,0,1,1,EQH,0.554615113127621,20,1,BEARISH_FVG,0,0.588228150286871,1061,1,4,0,BULLISH_OB,2.55459082410298,0.773099854662744,1,0,1,1,1,7,8,0,9.32761781169181,1,-0.0666666666666667,SWEEP
2026-06-29,2026_06_29.csv,113,MARKET,1,23768,23768,0,2026-06-24T09:20:00-05:00,2026-06-24T09:20:00-05:00,LOW,LL,external,ChartPrimeLow,29582.5,29582.5,29525,29564.25,29525,3173,57.5,18.25,0,39.25,-1,0.682608695652174,29582.5,29582.5,29525,29564.25,3173,48.8345431549184,1.17744523210941,0.373710878017335,-0.803734354092077,1399,530.296332252072,2.26804860614725,3.34529939603041,HIGH,29872.75,347.75,120,7.12098399071388,SSL,Resolved,23944,23946,CHOCH_DOWN,DOWN,71,4.27975745236291,0,0,1,EQL,0.0511932709612788,16044,1,BULLISH_FVG,0,0.527290690901172,10707,1,2,0,BULLISH_OB,0.0563125980574067,0.465858765747637,16282,1,0,0,1,7,5,7.12098399071388,0,0,0.166666666666667,RUN
2026-06-29,2026_06_29.csv,114,MARKET,1,23809,23809,0,2026-06-24T10:01:00-05:00,2026-06-24T10:01:00-05:00,HIGH,HH,external,ChartPrimeHigh,29883.25,29907.5,29877.5,29894,29907.5,1560,30,10.75,13.5,5.75,1,0.55,29883.25,29907.5,29877.5,29894,1560,34.2556476379998,0.875767999397595,0.313816866450805,0.394095599728918,1313.3,380.662199331638,1.1878474072946,0.648081160759205,LOW,29525,382.5,41,11.1660419923193,BSL,Resolved,24128,24128,CHOCH_UP,UP,2,1.01443126596888,0,1,1,EQH,0.459778199683737,1233,1,BEARISH_FVG,0,0.204345866526106,1395,1,3,0,BULLISH_OB,2.12373739853917,0.335711066435745,162,1,1,1,1,6,5,0,11.1660419923193,0,0.0909090909090909,SWEEP
2026-06-29,2026_06_29.csv,115,MARKET,1,24061,24061,0,2026-06-24T14:13:00-05:00,2026-06-24T14:13:00-05:00,LOW,LL,external,ChartPrimeLow,29274.25,29281.75,29264.75,29270.25,29264.75,1018,17,4,7.5,5.5,-1,0.323529411764706,29274.25,29281.75,29264.75,29270.25,1018,31.3465489424177,0.54232445272455,0.127605753582247,-0.17545791117559,1233.15,341.982349690741,0.825528119044723,-0.629126035874551,HIGH,29907.5,642.75,252,20.5046495287473,SSL,Resolved,25842,25844,CHOCH_DOWN,DOWN,117,8.30234934244496,0,0,0,EQL,1.86623414614036,16172,1,BEARISH_FVG,0,0.207359349571152,15168,1,3,0,BULLISH_OB,0.837412757883497,0.422694058741194,16791,1,0,0,1,5,5,20.5046495287473,0,3,0,RUN
2026-06-29,2026_06_29.csv,116,MARKET,1,24169,24169,0,2026-06-24T17:01:00-05:00,2026-06-24T17:01:00-05:00,HIGH,HH,external,ChartPrimeHigh,30152.5,30168.5,30137.25,30145.5,30168.5,458,31.25,7,16,8.25,-1,0.264,30152.5,30168.5,30137.25,30145.5,458,28.0780686147842,1.11296828954772,0.24930489685869,0.819144661107125,595.05,195.561109375049,0.769683219897488,-0.700803960654385,LOW,29264.75,903.75,108,32.1870429337202,BSL,Resolved,24728,24730,CHOCH_UP,UP,40,9.2955111543026,0,0,1,EQL,0.311631121073363,18731,1,BULLISH_FVG,0,0.79243342215798,6650,1,3,1,BEARISH_OB,0,0.34724610633889,18898,1,1,1,0,4,5,0,32.1870429337202,1,-0.111111111111111,RUN
2026-06-29,2026_06_29.csv,117,MARKET,1,24424,24424,0,2026-06-24T21:16:00-05:00,2026-06-24T21:16:00-05:00,LOW,HL,external,ChartPrimeLow,29931.75,29943,29924.5,29940.75,29924.5,232,18.5,9,2.25,7.25,1,0.878378378378378,29931.75,29943,29924.5,29940.75,232,14.1705138072628,1.30552782006523,0.635121642193894,-1.14674740951675,146.15,117.143619117731,1.58741019500513,0.732861086643735,HIGH,30168.5,244,255,17.21885341059,SSL,Resolved,25109,25111,CHOCH_UP,UP,295,1.19967421303291,0,0,0,EQL,1.88772265874296,57,1,BULLISH_FVG,0,2.02886080145272,293,1,4,0,BULLISH_OB,2.57577110445302,1.11146287383932,295,0,0,0,1,4,6,17.21885341059,0,3,-0.2,RUN
2026-06-29,2026_06_29.csv,118,MARKET,1,24950,24950,0,2026-06-25T06:02:00-05:00,2026-06-25T06:02:00-05:00,HIGH,HH,external,ChartPrimeHigh,30187.25,30193,30181,30188.5,30193,152,12,1.25,4.5,6.25,1,0.625,30187.25,30193,30181,30188.5,152,10.2481208035749,1.17094638422041,0.121973581689626,0.439104894082653,104.4,80.2754009644299,1.45593869731801,0.592958732415321,LOW,29924.5,268.5,526,26.1999253469316,BSL,Resolved,25038,25040,BOS_UP,UP,222,2.39068220111667,0,0,1,EQL,0.0487894326758504,19128,1,BEARISH_FVG,0,1.24413053323418,167,1,1,0,BEARISH_OB,1.90278787435816,0.951393937179082,19679,1,0,1,0,4,6,0,26.1999253469316,1,-0.2,RUN
2026-06-29,2026_06_29.csv,119,MARKET,1,24978,24978,0,2026-06-25T06:30:00-05:00,2026-06-25T06:30:00-05:00,LOW,HL,external,ChartPrimeLow,30118.75,30118.75,30099,30106,30099,258,19.75,12.75,0,7,-1,0.354430379746835,30118.75,30118.75,30099,30106,258,11.0402992931217,1.78890077846935,1.15485999622705,-0.634040782242302,143.9,54.0859501164582,1.79291174426685,2.10960517018411,HIGH,30193,94,28,8.51426193296806,SSL,Resolved,25099,25101,BOS_UP,UP,250,6.29511919512,0,0,1,EQH,0.679329409545324,338,1,BEARISH_FVG,0,0.634040782242302,690,1,1,1,BEARISH_OB,0,4.30241959378705,7556,1,0,1,1,4,7,8.51426193296806,0,0,-0.272727272727273,RUN
2026-06-29,2026_06_29.csv,121,MARKET,1,25127,25127,0,2026-06-25T08:59:00-05:00,2026-06-25T08:59:00-05:00,LOW,LL,external,ChartPrimeLow,29356.5,29384,29298.25,29316,29298.25,2233,85.75,40.5,27.5,17.75,-1,0.206997084548105,29356.5,29384,29298.25,29316,2233,77.3239552394654,1.10897069005898,0.523770413380628,-0.22955369969151,3551.45,844.312707176671,0.628757268158076,-1.56156597998959,HIGH,30263.75,965.5,89,12.4864280029382,SSL,Resolved,25837,25837,CHOCH_DOWN,DOWN,28,10.355781691717,0,0,1,EQL,0.323315069988042,17238,1,BEARISH_FVG,0,0.333014522087683,12584,1,7,0,BEARISH_OB,0.77272301727142,0.139025480094858,17114,1,1,1,1,4,6,12.4864280029382,0,1,-0.2,SWEEP
2026-06-29,2026_06_29.csv,122,MARKET,1,25396,25396,0,2026-06-25T13:28:00-05:00,2026-06-25T13:28:00-05:00,HIGH,LH,external,ChartPrimeHigh,29869,29891.25,29866.5,29870.75,29891.25,980,24.75,1.75,20.5,2.5,1,0.171717171717172,29869,29891.25,29866.5,29870.75,980,30.3872123279576,0.814487348588699,0.0575900145466757,0.674625884689629,1074.6,509.732714272882,0.911967243625535,-0.185587460547718,LOW,29298.25,593,269,19.5147877863878,BSL,Resolved,25489,25490,CHOCH_DOWN,DOWN,297,6.83675744118392,0,0,1,EQH,0.0164542898704788,2820,1,BEARISH_FVG,0,1.65365613198312,284,1,0,0,BULLISH_OB,0.106952884158112,0.518310130920081,1267,1,0,1,0,5,6,0,19.5147877863878,3,-0.0909090909090909,GRAB
2026-06-29,2026_06_29.csv,123,MARKET,1,25478,25478,0,2026-06-25T14:50:00-05:00,2026-06-25T14:50:00-05:00,LOW,HL,external,ChartPrimeLow,29652.5,29663.25,29616.25,29639.5,29616.25,1362,47,13,10.75,23.25,-1,0.49468085106383,29652.5,29663.25,29616.25,29639.5,1362,27.4759368313643,1.71058771493275,0.47314128285374,-0.846194986642265,691.7,184.086148311056,1.96906173196472,3.64122996841335,HIGH,29891.25,275,82,10.0087579065214,SSL,Resolved,25577,25578,CHOCH_DOWN,DOWN,379,17.5699195613571,0,0,1,EQL,0.200175158130428,1563,1,BEARISH_FVG,0,0.800700632521713,277,1,2,0,BULLISH_OB,0.072790966592883,0.827997244994044,12796,1,0,1,1,5,7,10.0087579065214,0,0,-0.166666666666667,GRAB
2026-06-29,2026_06_29.csv,126,MARKET,1,26120,26120,0,2026-06-26T02:32:00-05:00,2026-06-26T02:32:00-05:00,HIGH,LH,external,ChartPrimeHigh,29547,29562.75,29545.75,29551.75,29562.75,330,17,4.75,11,1.25,1,0.352941176470588,29547,29562.75,29545.75,29551.75,330,20.1982684092756,0.841656307141314,0.235168674054191,0.544601139914968,208.65,137.934866875638,1.58159597411934,0.879763055916884,LOW,29160.5,402.25,234,19.9150735027996,BSL,Resolved,26514,26514,BOS_DOWN,DOWN,543,2.64874190776825,0,0,1,EQH,0.297055167226346,13375,1,BULLISH_FVG,0,1.53478503066945,971,1,2,1,BEARISH_OB,0,1.39863474569071,2176,1,0,1,0,6,4,0,19.9150735027996,0,0.2,SWEEP
2026-06-29,2026_06_29.csv,127,MARKET,1,26382,26382,0,2026-06-26T06:54:00-05:00,2026-06-26T06:54:00-05:00,LOW,HL,external,ChartPrimeLow,29312.25,29316,29304.75,29309.5,29304.75,213,11.25,2.75,3.75,4.75,-1,0.422222222222222,29312.25,29316,29304.75,29309.5,213,15.1486347358312,0.742641181610266,0.181534511060287,-0.313559610013224,146.75,81.6620321814244,1.45144804088586,0.811270528423977,HIGH,29562.75,258,262,17.0312377649288,SSL,Resolved,26440,26440,BOS_DOWN,DOWN,805,20.5629091619198,0,0,0,EQL,1.22123216531466,18493,1,BULLISH_FVG,0,0.181534511060287,341,1,4,0,BEARISH_OB,3.51516825962193,0.709634906872032,18369,1,0,0,1,6,5,17.0312377649288,0,1,0.0909090909090909,SWEEP
2026-06-29,2026_06_29.csv,128,MARKET,1,26404,26404,0,2026-06-26T07:16:00-05:00,2026-06-26T07:16:00-05:00,HIGH,LH,external,ChartPrimeHigh,29442.25,29450,29432.5,29438.25,29450,256,17.5,4,7.75,5.75,-1,0.328571428571429,29442.25,29450,29432.5,29438.25,256,17.247663153188,1.01463020494839,0.231915475416775,0.681251709036777,195.45,82.3380076270977,1.3097979022768,0.735383351443554,LOW,29304.75,145.25,22,8.42143070107165,BSL,Resolved,26505,26505,BOS_DOWN,DOWN,827,9.63898694700972,0,0,1,EQH,0.333378495911614,150,1,BEARISH_FVG,0,0.333378495911614,210,1,5,0,BULLISH_OB,0.811704163958713,0.637767557396132,18325,1,0,1,1,7,5,0,8.42143070107165,1,0.166666666666667,SWEEP
2026-06-29,2026_06_29.csv,130,MARKET,1,26612,26612,0,2026-06-26T10:44:00-05:00,2026-06-26T10:44:00-05:00,HIGH,HH,external,ChartPrimeHigh,29702.5,29716,29691,29697.5,29716,932,25,5,13.5,6.5,-1,0.26,29702.5,29716,29691,29697.5,932,33.9038592428469,0.737379182143535,0.147475836428707,0.545660594786216,1086.9,456.604960551241,0.857484589198638,-0.339242919772478,LOW,29181.5,534.5,130,15.7651669142288,BSL,Resolved,27546,27547,CHOCH_UP,UP,106,7.84571449800721,0,0,1,EQH,0.0442427509286121,1367,1,BEARISH_FVG,0,0.309699256500285,918,1,8,0,BULLISH_OB,0.612024721179134,0.435053717464685,3697,1,0,1,0,6,5,0,15.7651669142288,1,0.0909090909090909,GRAB
2026-06-29,2026_06_29.csv,132,MARKET,1,27034,27034,0,2026-06-28T18:46:00-05:00,2026-06-28T18:46:00-05:00,HIGH,LH,external,ChartPrimeHigh,29655.75,29683.25,29650.5,29682.5,29683.25,271,32.75,26.75,0.75,5.25,1,0.977099236641221,29655.75,29683.25,29650.5,29682.5,271,13.3164566838603,2.45936293546415,2.00879262667683,0.0563212885984157,84.05,38.5298261091326,3.22427126710292,4.85208522536487,LOW,29255,428.25,121,32.1594557896954,BSL,Resolved,27439,27439,CHOCH_UP,UP,528,17.5159207541073,0,0,1,EQL,0.150190102929109,13865,1,BEARISH_FVG,0,0.807271803243959,419,1,4,1,BULLISH_OB,0,1.08887824623604,13666,1,0,1,0,7,6,0,32.1594557896954,2,0.0769230769230769,SWEEP
2026-06-29,2026_06_29.csv,133,MARKET,1,27080,27080,0,2026-06-28T19:32:00-05:00,2026-06-28T19:32:00-05:00,LOW,HL,external,ChartPrimeLow,29377.25,29381.75,29363.25,29379.5,29363.25,224,18.5,2.25,2.25,14,1,0.878378378378378,29377.25,29381.75,29363.25,29379.5,224,25.844107182762,0.71583049355017,0.0870604654317775,-0.628770028118393,311.45,109.258626661697,0.719216567667362,-0.800394464693174,HIGH,29683.25,320,46,12.3819328614083,SSL,Resolved,27901,27903,CHOCH_UP,UP,574,3.35666461164742,0,0,1,EQL,0.280528166391283,19758,1,BULLISH_FVG,0,1.82826977406733,149,1,6,1,BEARISH_OB,0,0.415955557062937,19067,1,0,1,1,7,7,12.3819328614083,0,1,0,RUN
2026-06-29,2026_06_29.csv,134,MARKET,1,27739,27739,0,2026-06-29T06:31:00-05:00,2026-06-29T06:31:00-05:00,HIGH,HH,external,ChartPrimeHigh,29702,29759.75,29702,29733,29759.75,970,57.75,31,26.75,0,1,0.536796536796537,29702,29759.75,29702,29733,970,13.3367317519807,4.33014632624843,2.3244075517524,2.00573877449603,115.35,60.6731200780049,8.40918942349371,14.0861389508437,LOW,29363.25,396.5,659,29.7299223958009,BSL,Resolved,27862,27863,BOS_UP,UP,224,5.7360379906148,0,0,1,EQL,0.356159221639481,3850,1,BEARISH_FVG,0,1.36840121998327,2084,1,1,1,BEARISH_OB,0,1.25592988683396,4042,1,0,1,0,6,7,0,29.7299223958009,1,-0.0769230769230769,GRAB
2026-06-29,2026_06_29.csv,135,MARKET,1,27858,27858,0,2026-06-29T08:30:00-05:00,2026-06-29T08:30:00-05:00,LOW,HL,external,ChartPrimeLow,29643,29673.75,29557,29623.25,29557,5346,116.75,19.75,30.75,66.25,-1,0.56745182012848,29643,29673.75,29557,29623.25,5346,21.7412949563838,5.36996532332676,0.908409551483541,-3.04719659674859,251.4,181.747737262393,21.2649164677804,28.0311605345865,HIGH,29759.75,202.75,119,9.32557147155888,SSL,Resolved,27888,27888,BOS_UP,UP,343,5.80692181644542,0,0,1,EQH,0.137986260984842,20432,1,BULLISH_FVG,0,0.413958782954525,475,1,2,1,BEARISH_OB,0,1.29937062427393,3914,1,0,0,1,6,8,9.32557147155888,0,1,-0.142857142857143,SWEEP
2026-07-06,2026_07_06.csv,3,MARKET,1,138,138,0,2026-07-01T02:18:00-05:00,2026-07-01T02:18:00-05:00,LOW,LL,external,ChartPrimeLow,30315.75,30316,30299,30312,30299,601,17,3.75,0.25,13,-1,0.764705882352941,30315.75,30316,30299,30312,601,12.0496702070041,1.41082699426233,0.311211836969632,-1.07886770149472,221.5,84.6377575317305,2.71331828442438,4.48381444720728,HIGH,30463,164,130,13.6103310034719,SSL,Resolved,454,454,BOS_DOWN,DOWN,116,11.3281108656946,0,0,0,EQL,9.19112291850312,71,0,BEARISH_FVG,3.11211836969632,0.207474557979755,3,1,3,0,BEARISH_OB,11.9712819954318,0.477191483353435,116,1,0,0,1,1,1,13.6103310034719,0,1,0,SWEEP
2026-07-06,2026_07_06.csv,5,MARKET,1,515,515,0,2026-07-01T08:35:00-05:00,2026-07-01T08:35:00-05:00,LOW,LL,external,ChartPrimeLow,30117.25,30137,30087.75,30102.5,30087.75,3177,49.25,14.75,19.75,14.75,-1,0.299492385786802,30117.25,30137,30087.75,30102.5,3177,39.7964225540101,1.23754842368456,0.370636329935986,-0.370636329935986,1657.35,1974.63650515734,1.91691555796905,0.769584678512217,HIGH,30435.25,347.5,150,8.73194065442408,SSL,Resolved,897,899,BOS_DOWN,DOWN,59,5.30826608128658,0,0,0,EQH,4.95647566643209,38,0,BEARISH_FVG,1.63331264039587,0.339226471466835,0,0,1,0,BEARISH_OB,5.03185932675805,0.804092376810275,59,0,0,0,1,2,1,8.73194065442408,0,2,0.333333333333333,RUN
2026-07-06,2026_07_06.csv,7,MARKET,1,1084,1084,0,2026-07-01T19:04:00-05:00,2026-07-01T19:04:00-05:00,LOW,LL,external,ChartPrimeLow,29965,29981.5,29952.5,29957.25,29952.5,357,29,7.75,16.5,4.75,-1,0.163793103448276,29965,29981.5,29952.5,29957.25,357,19.4063782843445,1.49435405077077,0.399353237705981,-0.244764887626246,178.3,144.046554974425,2.00224340998317,1.24057114751358,HIGH,30356.5,404,453,20.8178978107376,SSL,Resolved,1455,1455,BOS_DOWN,DOWN,187,6.96935811609469,0,0,0,EQH,5.99029856558971,33,0,BEARISH_FVG,2.64088431386213,0.373588512692691,1,0,2,0,BEARISH_OB,7.83247640403988,1.42994223823754,187,0,0,0,1,3,1,20.8178978107376,0,1,0.5,SWEEP
2026-07-06,2026_07_06.csv,8,MARKET,1,1215,1215,0,2026-07-01T21:15:00-05:00,2026-07-01T21:15:00-05:00,HIGH,LH,external,ChartPrimeHigh,30230,30239.5,30229.75,30237.5,30239.5,218,9.75,7.5,2,0.25,1,0.794871794871795,30230,30239.5,30229.75,30237.5,218,9.89809415999581,0.98503811364067,0.757721625877438,0.202059100233984,91.55,39.4442327850346,2.38121245221191,3.20579185020873,LOW,29952.5,287,131,28.9954808835766,BSL,Resolved,1830,1832,BOS_DOWN,DOWN,318,15.3312342302535,0,0,0,EQH,4.59684453032312,738,1,BULLISH_FVG,0,1.13658243881616,601,1,2,0,BEARISH_OB,4.8999331806741,3.23294560374374,759,1,0,1,0,4,1,0,28.9954808835766,0,0.6,GRAB
2026-07-06,2026_07_06.csv,9,MARKET,1,1517,1517,0,2026-07-02T02:17:00-05:00,2026-07-02T02:17:00-05:00,LOW,LL,external,ChartPrimeLow,29850.75,29855,29826.25,29834.25,29826.25,311,28.75,16.5,4.25,8,-1,0.278260869565217,29850.75,29855,29826.25,29834.25,311,19.4828887166215,1.47565386314979,0.846896999720749,-0.410616727137333,231.65,88.4597507344442,1.34254262896611,0.897018127919085,HIGH,30239.5,413.25,302,21.2109203111879,SSL,Resolved,1962,1964,BOS_DOWN,DOWN,31,6.48004522513603,0,0,0,EQH,12.4468195413504,466,0,BULLISH_FVG,1.02654181784333,0.295130772629958,0,1,2,0,BEARISH_OB,7.1472974067342,0.461943818029499,31,0,1,0,1,4,1,21.2109203111879,0,0,0.6,RUN
2026-07-06,2026_07_06.csv,12,MARKET,1,2460,2460,0,2026-07-02T19:00:00-05:00,2026-07-02T19:00:00-05:00,HIGH,LH,external,ChartPrimeHigh,29598.75,29638.75,29590.75,29628.75,29638.75,359,48,30,10,8,1,0.791666666666667,29598.75,29638.75,29590.75,29628.75,359,14.286201490268,3.35988541339686,2.09992838337304,0.699976127791013,54.15,41.5972054349808,6.62973222530009,7.32861731484584,LOW,29328.5,310.25,301,21.7167593647162,BSL,Resolved,2525,2527,CHOCH_DOWN,DOWN,498,13.1245523960815,0,0,0,EQL,2.04743017378871,67,1,BEARISH_FVG,0,0.507482692648484,417,1,0,0,BEARISH_OB,21.1742778656781,3.14989257505956,498,0,0,1,0,5,1,0,21.7167593647162,1,0.666666666666667,RUN
2026-07-06,2026_07_06.csv,14,MARKET,1,3272,3272,0,2026-07-03T08:33:00-05:00,2026-07-03T08:33:00-05:00,HIGH,HH,external,ChartPrimeHigh,29948,29955.25,29938.5,29950.5,29955.25,500,16.75,2.5,4.75,9.5,1,0.716417910447761,29948,29955.25,29938.5,29950.5,500,10.2564279688579,1.63312217965737,0.24374957905334,0.463124200201345,167.4,196.79822153668,2.9868578255675,1.6900559232849,LOW,29522,433.25,754,42.2418020499437,BSL,Resolved,3479,3479,CHOCH_UP,UP,747,30.8586967081528,0,0,1,EQH,0.463124200201345,1572,1,BULLISH_FVG,0,0.731248737160019,1560,1,4,1,BEARISH_OB,0,4.38749242296011,1310,0,0,1,0,5,2,0,42.2418020499437,1,0.428571428571429,SWEEP
2026-07-06,2026_07_06.csv,15,MARKET,1,3402,3402,0,2026-07-03T10:43:00-05:00,2026-07-03T10:43:00-05:00,LOW,HL,external,ChartPrimeLow,29890.75,29896.25,29884.5,29895.5,29884.5,183,11.75,4.75,0.75,6.25,1,0.936170212765957,29890.75,29896.25,29884.5,29895.5,183,6.53562241983348,1.79783947804919,0.726786171977332,-1.68308376668435,87.9,55.2312411593294,2.08191126279863,1.72185158261533,HIGH,29955.25,70.75,130,10.8252887720834,SSL,Resolved,3483,3483,CHOCH_UP,UP,877,37.6016214238799,0,0,1,EQL,0.918045690918735,157,1,BULLISH_FVG,0,0.726786171977332,176,1,0,0,BEARISH_OB,8.6831821599397,6.88534268189051,1440,0,0,0,1,5,3,10.8252887720834,0,2,0.25,SWEEP
2026-07-06,2026_07_06.csv,16,MARKET,1,3479,3479,0,2026-07-05T17:00:00-05:00,2026-07-05T17:00:00-05:00,HIGH,HH,external,ChartPrimeHigh,29930.25,29979.5,29905.25,29912.5,29979.5,697,74.25,17.75,49.25,7.25,-1,0.0976430976430976,29930.25,29979.5,29905.25,29912.5,697,11.3751070699872,6.52741108660913,1.56042487255639,5.89005444852271,78.65,52.6937140463642,8.86204704386522,11.7347962881479,LOW,29884.5,95,77,8.35156974044265,BSL,Resolved,3551,3553,CHOCH_UP,UP,954,29.9557619900614,0,0,0,EQL,1.0988907553214,1721,1,BEARISH_FVG,0,6.15378822979985,1530,1,0,1,BEARISH_OB,0,3.95600671915705,1517,0,0,1,1,5,3,0,8.35156974044265,1,0.25,RUN
2026-07-06,2026_07_06.csv,17,MARKET,1,3484,3484,0,2026-07-05T17:05:00-05:00,2026-07-05T17:05:00-05:00,LOW,LL,external,ChartPrimeLow,29889,29893.5,29860.75,29889,29860.75,544,32.75,0,4.5,28.25,0,0.862595419847328,29889,29893.5,29860.75,29889,544,16.3890090054307,1.99829043898554,0,-1.72371618019363,151.15,153.511652652168,3.59907376778035,2.55908911937866,HIGH,29979.5,118.75,5,7.24570960700864,SSL,Resolved,3629,3629,CHOCH_UP,UP,959,13.545663433734,0,0,1,EQL,0.259320133303467,387,1,BEARISH_FVG,0,0.701689772468205,496,1,0,0,BEARISH_OB,4.91182840727743,2.74574258791906,1522,0,0,1,2,5,3,7.24570960700864,0,1,0.25,SWEEP
2026-07-06,2026_07_06.csv,18,MARKET,1,3570,3570,0,2026-07-05T18:31:00-05:00,2026-07-05T18:31:00-05:00,HIGH,HH,external,ChartPrimeHigh,29995.25,30011.25,29994.25,30004,30011.25,205,17,8.75,7.25,1,1,0.573529411764706,29995.25,30011.25,29994.25,30004,205,11.7546838708914,1.44623200306541,0.744384119224846,0.616775413072015,140.9,175.266625459612,1.45493257629524,0.365728499832222,LOW,29860.75,150.5,86,12.8034068506674,BSL,Resolved,4450,4450,BOS_UP,UP,19,2.70105094690158,1,0,0,EQL,3.76445683150851,1812,1,BEARISH_FVG,0,5.95507295379877,1621,1,0,0,BEARISH_OB,2.12681176921385,3.82826118458492,1608,1,1,2,1,5,3,0,12.8034068506674,0,0.25,SWEEP
2026-07-06,2026_07_06.csv,20,MARKET,1,4379,4379,0,2026-07-06T08:00:00-05:00,2026-07-06T08:00:00-05:00,HIGH,LH,external,ChartPrimeHigh,29934.75,29938,29922,29922.75,29938,391,16,12,3.25,0.75,-1,0.046875,29934.75,29938,29922,29922.75,391,9.58792439252343,1.66876576670511,1.25157432502883,1.59054237139081,116.8,38.7783444721406,3.34760273972603,7.0709568377008,LOW,29683,255,609,26.5959544068627,BSL,Resolved,4413,4413,CHOCH_DOWN,DOWN,697,8.05700971737311,0,0,0,EQH,1.30372325523837,2679,1,BEARISH_FVG,0,0.677936092723951,752,1,1,1,BULLISH_OB,0,2.00773381306709,828,1,0,1,0,6,3,0,26.5959544068627,0,0.333333333333333,SWEEP
2026-07-13,2026_07_13.csv,21,MARKET,1,4409,4409,0,2026-07-06T08:30:00-05:00,2026-07-06T08:30:00-05:00,LOW,HL,external,ChartPrimeLow,29835.75,29877,29776.25,29855.5,29776.25,4841,100.75,19.75,21.5,59.5,1,0.786600496277916,29835.75,29877,29776.25,29855.5,4841,20.5713412948184,4.89759022302436,0.960073517664825,-3.85244689999683,381.1,207.167540893838,12.7027027027027,21.527986386079,HIGH,29938,161.75,30,7.86288058138154,SSL,Resolved,5060,5062,CHOCH_DOWN,DOWN,727,4.10765631608495,0,0,0,EQH,1.02083766435247,1763,1,BEARISH_FVG,0,0.376737709463412,479,1,2,0,BEARISH_OB,4.88543739368683,0.486113173501177,727,1,0,1,1,6,4,7.86288058138154,0,0,0.2,RUN
2026-07-13,2026_07_13.csv,23,MARKET,1,4661,4661,0,2026-07-06T12:42:00-05:00,2026-07-06T12:42:00-05:00,LOW,HL,external,ChartPrimeLow,29907.25,29907.5,29882.25,29886.25,29882.25,1385,25.25,21,0.25,4,-1,0.158415841584158,29907.25,29907.5,29882.25,29886.25,1385,15.7330546280405,1.60490131109046,1.33476940724355,-0.254241791855914,725.35,249.327149544529,1.90942303715448,2.64572069750546,HIGH,30094,211.75,92,13.4589248563724,SSL,Resolved,4937,4937,CHOCH_UP,UP,237,3.5434949739918,0,0,1,EQH,0.174791231900941,421,1,BEARISH_FVG,0,0.778615487558736,244,1,6,1,BULLISH_OB,0,2.19283545475726,237,0,0,1,1,5,5,13.4589248563724,0,1,0,SWEEP
2026-07-13,2026_07_13.csv,24,MARKET,1,4764,4764,0,2026-07-06T14:25:00-05:00,2026-07-06T14:25:00-05:00,HIGH,LH,external,ChartPrimeHigh,30047.75,30052,30040,30049,30052,637,12,1.25,3,7.75,1,0.75,30047.75,30052,30040,30049,637,11.6214017580911,1.03257767434512,0.10756017441095,0.258144418586279,504.7,126.21968943077,1.2621359223301,1.04817244121461,LOW,29882.25,169.75,103,14.606671685007,BSL,Resolved,10169,10169,CHOCH_UP,UP,340,9.80948790627861,0,0,1,EQH,0.322680523232849,279,1,BEARISH_FVG,0,0.709897151112268,182,1,1,0,BEARISH_OB,4.51752732525989,2.38783587192308,3867,1,0,1,0,6,5,0,14.606671685007,1,0.0909090909090909,SWEEP
2026-07-13,2026_07_13.csv,25,MARKET,1,5307,5307,0,2026-07-07T00:28:00-05:00,2026-07-07T00:28:00-05:00,LOW,LL,external,ChartPrimeLow,29561,29571.5,29558.5,29571,29558.5,189,13,10,0.5,2.5,1,0.961538461538462,29561,29571.5,29558.5,29571,189,11.3125452337318,1.14916667570412,0.883974365926243,-1.1049679574078,134.05,71.7101631569752,1.40992167101828,0.766279109973759,HIGH,30052,493.5,543,43.6241349584601,SSL,Resolved,5792,5792,CHOCH_DOWN,DOWN,369,28.6186700968621,0,0,0,EQL,4.50826926622384,2914,1,BULLISH_FVG,0,1.30386218974121,2783,1,4,0,BULLISH_OB,0.11049679574078,1.59115385866724,2782,0,0,0,1,6,3,43.6241349584601,0,0,0.333333333333333,SWEEP
2026-07-13,2026_07_13.csv,26,MARKET,1,5421,5421,0,2026-07-07T02:22:00-05:00,2026-07-07T02:22:00-05:00,HIGH,LH,external,ChartPrimeHigh,29728,29744,29728,29738.25,29744,305,16,10.25,5.75,0,1,0.640625,29728,29744,29728,29738.25,305,11.5646000219967,1.38353250173519,0.886325508924109,0.497206992811085,154.75,96.0754260984566,1.97092084006462,1.56387544767198,LOW,29558.5,185.5,114,16.0403299419924,BSL,Resolved,8484,8484,CHOCH_DOWN,DOWN,483,11.9545855228057,0,0,1,EQL,0.324265430094186,1628,1,BULLISH_FVG,0,1.49162097843326,1570,1,1,0,BULLISH_OB,10.0089929422405,2.98324195686651,997,1,0,1,0,7,3,0,16.0403299419924,1,0.4,SWEEP
2026-07-13,2026_07_13.csv,27,MARKET,1,5674,5674,0,2026-07-07T06:35:00-05:00,2026-07-07T06:35:00-05:00,LOW,HL,external,ChartPrimeLow,29601.75,29606.25,29591.25,29605.25,29591.25,198,15,3.5,1,10.5,1,0.933333333333333,29601.75,29606.25,29591.25,29605.25,198,10.7139490600372,1.40004399087071,0.326676931203165,-1.30670772481266,97.55,40.0193390750022,2.02972834443875,2.51003645541826,HIGH,29744,152.75,253,14.2571146403667,SSL,Resolved,5784,5784,CHOCH_DOWN,DOWN,736,27.1608534228917,0,0,0,EQL,1.70338685555936,3281,1,BULLISH_FVG,0,1.89005938767545,364,1,3,0,BULLISH_OB,3.1734330459736,1.68005278904485,3149,0,0,0,1,7,4,14.2571146403667,0,1,0.272727272727273,SWEEP
2026-07-13,2026_07_13.csv,28,MARKET,1,5709,5709,0,2026-07-07T07:10:00-05:00,2026-07-07T07:10:00-05:00,HIGH,LH,external,ChartPrimeHigh,29692.5,29716,29692.25,29702.5,29716,964,23.75,10,13.5,0.25,1,0.431578947368421,29692.5,29716,29692.25,29702.5,964,14.3125964340476,1.65937746581761,0.698685248765309,0.943225085833168,199.05,140.324792891349,4.84300427028385,5.45128187427497,LOW,29591.25,124.75,35,8.71609847834723,BSL,Resolved,8223,8223,CHOCH_DOWN,DOWN,771,11.6156422607233,0,0,1,EQL,0.611349592669646,1956,1,BULLISH_FVG,0,0.646283855107911,1865,1,4,0,BULLISH_OB,10.0436004510013,2.41046410824032,1285,1,0,1,1,8,4,0,8.71609847834723,1,0.333333333333333,SWEEP
2026-07-13,2026_07_13.csv,29,MARKET,1,5861,5861,0,2026-07-07T09:42:00-05:00,2026-07-07T09:42:00-05:00,LOW,LL,external,ChartPrimeLow,29227.25,29249,29210,29238.5,29210,2156,39,11.25,10.5,17.25,1,0.730769230769231,29227.25,29249,29210,29238.5,2156,32.8698637344217,1.18649716089814,0.342258796412924,-0.867055617579407,1578.7,420.152722233237,1.36568062329765,1.37402418085376,HIGH,29716,506,152,15.3940400875502,SSL,Resolved,6862,6864,BOS_DOWN,DOWN,76,11.5987703228824,0,0,0,EQL,6.46488837668856,38,0,BEARISH_FVG,2.2665138073567,0.190143775784958,15,1,3,0,BULLISH_OB,10.0167741083516,0.547614074260678,3336,1,0,0,1,8,1,15.3940400875502,0,1,0.777777777777778,RUN
2026-07-13,2026_07_13.csv,30,MARKET,1,6007,6007,0,2026-07-07T12:08:00-05:00,2026-07-07T12:08:00-05:00,HIGH,LH,external,ChartPrimeHigh,29569.25,29580.75,29566.25,29568.25,29580.75,772,14.5,1,11.5,2,-1,0.137931034482759,29569.25,29580.75,29566.25,29568.25,772,18.4799288385345,0.784635056048725,0.054112762486119,0.676409531076487,683.6,212.840879532105,1.12931538911644,0.415333746949048,LOW,29210,370.75,146,20.0623066917286,BSL,Resolved,7769,7769,BOS_DOWN,DOWN,222,0.568184006104249,0,0,0,EQL,1.55574192147592,3614,1,BEARISH_FVG,0,1.12283982158697,213,1,1,0,BULLISH_OB,1.2716499184238,0.974029724750142,3482,1,0,1,0,9,1,0,20.0623066917286,1,0.8,SWEEP
2026-07-13,2026_07_13.csv,31,MARKET,1,6359,6359,0,2026-07-07T19:00:00-05:00,2026-07-07T19:00:00-05:00,LOW,HL,external,ChartPrimeLow,29300,29320,29266,29270.5,29266,733,54,29.5,20,4.5,-1,0.0833333333333333,29300,29320,29266,29270.5,733,14.7234821076343,3.66761066473538,2.00360212240173,-0.305634222061281,128.15,50.6569590480913,5.71985953960203,11.940116646674,HIGH,29580.75,314.75,352,21.3774158652863,SSL,Resolved,6857,6857,BOS_DOWN,DOWN,574,22.0905623834293,0,0,1,EQL,0.390532617078304,445,0,BEARISH_FVG,1.03576041920768,0.118857753023832,497,1,2,0,BULLISH_OB,18.5587891507211,1.22253688824513,3834,1,0,0,1,9,2,21.3774158652863,0,1,0.636363636363636,SWEEP
2026-07-13,2026_07_13.csv,32,MARKET,1,6432,6432,0,2026-07-07T20:13:00-05:00,2026-07-07T20:13:00-05:00,HIGH,LH,external,ChartPrimeHigh,29544.5,29558.75,29543.5,29555.25,29558.75,316,15.25,10.75,3.5,1,1,0.770491803278688,29544.5,29558.75,29543.5,29555.25,316,14.1952030004851,1.07430658085544,0.757298081586623,0.24656216609797,187.45,87.1977493975619,1.68578287543345,1.47423529721966,LOW,29266,292.75,73,20.6231640357659,BSL,Resolved,7750,7750,BOS_DOWN,DOWN,647,2.28950582805258,0,0,1,EQH,0.158504249634409,350,1,BEARISH_FVG,0,0.669240165123062,421,1,6,0,BULLISH_OB,0.105669499756273,1.26803399707528,3907,1,0,1,1,10,2,0,20.6231640357659,0,0.666666666666667,SWEEP
2026-07-13,2026_07_13.csv,33,MARKET,1,6797,6797,0,2026-07-08T02:18:00-05:00,2026-07-08T02:18:00-05:00,LOW,HL,external,ChartPrimeLow,29284.75,29297,29281,29290.75,29281,202,16,6,6.25,3.75,1,0.609375,29284.75,29297,29281,29290.75,202,14.5835872372451,1.09712375561052,0.411421408353945,-0.668559788575161,142.1,56.1220990341594,1.42153413089374,1.06731574604045,HIGH,29558.75,277.75,365,19.0453826950514,SSL,Resolved,6856,6857,BOS_DOWN,DOWN,1012,21.2739153236353,0,0,1,EQL,0,0,0,BEARISH_FVG,0.239995821539801,0.42856396703536,951,1,1,0,BULLISH_OB,17.7082631179011,1.23426422506184,4272,1,0,0,1,10,3,19.0453826950514,0,3,0.538461538461538,GRAB
2026-07-13,2026_07_13.csv,34,MARKET,1,6854,6854,0,2026-07-08T03:15:00-05:00,2026-07-08T03:15:00-05:00,HIGH,LH,external,ChartPrimeHigh,29409.25,29414.75,29397,29399,29414.75,151,17.75,10.25,5.5,2,-1,0.112676056338028,29409.25,29414.75,29397,29399,151,15.1685701000011,1.17018281110088,0.675739369790648,1.03833122675148,122.7,59.8958262318836,1.23064384678077,0.472487012541375,LOW,29281,133.75,57,8.81757470336578,BSL,Resolved,7403,7405,BOS_DOWN,DOWN,1069,11.6359023188341,0,0,1,EQL,0.510924889353905,1031,1,BEARISH_FVG,0,0.131851584349395,176,1,4,0,BULLISH_OB,8.20776112574983,1.18666425914455,4329,1,0,1,1,11,3,0,8.81757470336578,2,0.571428571428571,RUN
2026-07-13,2026_07_13.csv,36,MARKET,1,7186,7186,0,2026-07-08T08:47:00-05:00,2026-07-08T08:47:00-05:00,HIGH,LH,external,ChartPrimeHigh,29390,29399,29355.5,29365,29399,1629,43.5,25,9,9.5,-1,0.218390804597701,29390,29399,29355.5,29365,1629,39.5151030530586,1.10084490837822,0.632669487573687,0.860430503100214,2179.1,1078.41916247812,0.7475563305952,-0.510098502641512,LOW,28909.75,489.25,272,12.3813418718171,BSL,Resolved,7400,7403,BOS_DOWN,DOWN,330,2.9861999813478,0,0,1,EQL,0,509,1,BEARISH_FVG,0,1.20207202639001,945,1,2,1,BEARISH_OB,0,0.398581777171423,330,0,0,1,0,12,1,0,12.3813418718171,1,0.846153846153846,RUN
2026-07-13,2026_07_13.csv,38,MARKET,1,7769,7769,0,2026-07-08T19:30:00-05:00,2026-07-08T19:30:00-05:00,HIGH,HH,external,ChartPrimeHigh,29563.25,29583,29563.25,29569.25,29583,490,19.75,6,13.75,0,1,0.30379746835443,29563.25,29583,29563.25,29569.25,490,15.5670849937375,1.2687025225304,0.385428614439617,0.883273908090788,190,97.3247142302509,2.57894736842105,3.08246474056178,LOW,29034,549,480,35.2667182212249,BSL,Resolved,8050,8050,CHOCH_UP,UP,368,11.8198108428149,0,0,0,EQH,1.41323825294526,1687,1,BEARISH_FVG,0,1.33294062493701,1975,1,3,0,BEARISH_OB,1.60595256016507,0.722678652074281,1984,1,0,1,0,9,2,0,35.2667182212249,0,0.636363636363636,SWEEP
2026-07-13,2026_07_13.csv,40,MARKET,1,8236,8236,0,2026-07-09T03:17:00-05:00,2026-07-09T03:17:00-05:00,HIGH,HH,external,ChartPrimeHigh,29725.5,29735.75,29725.5,29729.25,29735.75,159,10.25,3.75,6.5,0,1,0.365853658536585,29725.5,29735.75,29725.5,29729.25,159,12.6057042742612,0.813123945873364,0.297484370441475,0.51563957543189,157.5,63.5417185792138,1.00952380952381,0.0236065380908771,LOW,29396.5,339.25,298,26.9124193792721,BSL,Resolved,8483,8484,BOS_UP,UP,142,12.1175300226494,0,0,1,EQL,0.872620819961659,4483,1,BULLISH_FVG,0,1.36842810403078,4385,1,2,0,BEARISH_OB,9.24184777504848,0.892453111324424,2451,1,0,1,0,8,3,0,26.9124193792721,0,0.454545454545455,GRAB
2026-07-13,2026_07_13.csv,41,MARKET,1,8395,8395,0,2026-07-09T05:56:00-05:00,2026-07-09T05:56:00-05:00,LOW,HL,external,ChartPrimeLow,29577.75,29580.5,29564.5,29571.5,29564.5,117,16,6.25,2.75,7,-1,0.4375,29577.75,29580.5,29564.5,29571.5,117,12.5764513203874,1.27221897436702,0.496960536862117,-0.556595801285571,137.4,112.971412313027,0.851528384279476,-0.180576657247363,HIGH,29735.75,171.25,159,13.616718710022,SSL,Resolved,10829,10829,BOS_UP,UP,301,1.47100318911187,0,0,1,EQH,0.278297900642785,2313,1,BULLISH_FVG,0,2.34565373398919,343,1,1,0,BULLISH_OB,0.0198784214744847,0.636109487183509,301,1,0,0,1,8,4,13.616718710022,0,0,0.333333333333333,SWEEP
2026-07-13,2026_07_13.csv,42,MARKET,1,8577,8577,0,2026-07-09T08:58:00-05:00,2026-07-09T08:58:00-05:00,HIGH,HH,external,ChartPrimeHigh,29925.5,29931.25,29916.75,29921.75,29931.25,880,14.5,3.75,5.75,5,-1,0.344827586206897,29925.5,29931.25,29916.75,29921.75,880,27.7959248428615,0.521659202993703,0.134911862843199,0.341776719202771,1862.65,546.244842080912,0.472445172200897,-1.79891858796618,LOW,29564.5,366.75,182,13.1943801860649,BSL,Resolved,8765,8767,BOS_UP,UP,94,7.03340511622544,0,0,1,EQL,0.629588693268262,5284,1,BEARISH_FVG,0,0.512665078804156,3670,1,3,1,BULLISH_OB,0,0.692547562595088,5026,1,0,1,0,7,4,0,13.1943801860649,1,0.272727272727273,RUN
2026-07-13,2026_07_13.csv,43,MARKET,1,8600,8600,0,2026-07-09T09:21:00-05:00,2026-07-09T09:21:00-05:00,LOW,HL,external,ChartPrimeLow,29641.75,29651.75,29614.5,29641.25,29614.5,2726,37.25,0.5,10,26.75,-1,0.718120805369127,29641.75,29651.75,29614.5,29641.25,2726,38.1984340617457,0.975170865375984,0.0130895418171273,-0.700290487216311,1779.95,878.413255535229,1.53150369392399,1.07699877482331,HIGH,29931.25,316.75,23,8.29222474115015,SSL,Resolved,10790,10791,BOS_UP,UP,117,3.17421389065337,0,0,1,EQL,0.130895418171273,6207,1,BULLISH_FVG,0,0.287969919976801,179,1,2,1,BEARISH_OB,0,0.294514690885364,2815,1,0,1,1,7,5,8.29222474115015,0,1,0.166666666666667,GRAB
2026-07-13,2026_07_13.csv,44,MARKET,1,8789,8789,0,2026-07-09T12:30:00-05:00,2026-07-09T12:30:00-05:00,HIGH,HH,external,ChartPrimeHigh,29988.75,29993.5,29981,29985,29993.5,695,12.5,3.75,4.75,4,-1,0.32,29988.75,29993.5,29981,29985,695,9.20035689329869,1.35864294667794,0.407592884003381,0.923877203740997,601.2,499.360150592736,1.15602129075183,0.187840379110468,LOW,29614.5,379,189,41.194054143275,BSL,Resolved,10094,10097,BOS_UP,UP,24,6.76604187445612,0,0,1,EQL,0.706494332272527,4282,1,BULLISH_FVG,0,0.407592884003381,4052,1,1,0,BEARISH_OB,0.788012909073203,4.89111460804057,6827,1,1,1,0,7,5,0,41.194054143275,1,0.166666666666667,RUN
2026-07-13,2026_07_13.csv,45,MARKET,1,9159,9159,0,2026-07-09T19:40:00-05:00,2026-07-09T19:40:00-05:00,LOW,HL,external,ChartPrimeLow,29805,29818.25,29804.25,29812,29804.25,149,14,7,6.25,0.75,1,0.553571428571429,29805,29818.25,29804.25,29812,149,14.6515269354749,0.955531806456472,0.477765903228236,-0.528955107145547,191.4,103.182556665359,0.778474399164054,-0.410922169117319,HIGH,29993.5,189.25,370,12.9167424551348,SSL,Resolved,9500,9502,BOS_UP,UP,394,8.66803852999799,0,0,0,EQL,1.51861304954689,7633,1,BULLISH_FVG,0,1.00672101037378,4051,1,2,0,BULLISH_OB,3.78800108988101,2.3547033801963,4735,1,0,0,1,7,6,12.9167424551348,0,1,0.0769230769230769,RUN
2026-07-13,2026_07_13.csv,46,MARKET,1,9306,9306,0,2026-07-09T22:07:00-05:00,2026-07-09T22:07:00-05:00,HIGH,LH,external,ChartPrimeHigh,29955.75,29963.5,29955.75,29960.5,29963.5,118,7.75,4.75,3,0,1,0.612903225806452,29955.75,29963.5,29955.75,29960.5,118,7.74080993563897,1.00118722258232,0.613630878356905,0.387556344225414,105.35,73.1035395859872,1.12007593735168,0.17304223669116,LOW,29804.25,159.25,147,20.5727826059657,BSL,Resolved,9951,9951,BOS_UP,UP,541,4.1662307004232,0,0,1,EQL,0.452149068262983,7548,1,BEARISH_FVG,0,0.129185448075138,465,1,5,1,BEARISH_OB,0,5.8133451633812,7344,1,0,1,0,8,6,0,20.5727826059657,0,0.142857142857143,SWEEP
2026-07-13,2026_07_13.csv,47,MARKET,1,9660,9660,0,2026-07-10T04:01:00-05:00,2026-07-10T04:01:00-05:00,LOW,LL,external,ChartPrimeLow,29771.75,29771.75,29717.25,29736,29717.25,1158,54.5,35.75,0,18.75,-1,0.344036697247706,29771.75,29771.75,29717.25,29736,1158,12.6956693455693,4.29280241289682,2.81592084882682,-1.47688156407001,69.8,46.931439355724,16.5902578796562,23.1870152490279,HIGH,29963.5,246.25,354,19.3963778747861,SSL,Resolved,9992,9992,CHOCH_DOWN,DOWN,160,6.85273045728484,0,0,1,EQL,0.492293854690003,1027,1,BULLISH_FVG,0,2.28424348576161,1052,1,0,1,BULLISH_OB,0,1.16181349706841,1177,1,0,0,1,8,6,19.3963778747861,0,0,0.142857142857143,SWEEP
2026-07-13,2026_07_13.csv,48,MARKET,1,9802,9802,0,2026-07-10T06:23:00-05:00,2026-07-10T06:23:00-05:00,HIGH,LH,external,ChartPrimeHigh,29884.25,29887.75,29884,29886,29887.75,48,3.75,1.75,1.75,0.25,1,0.533333333333333,29884.25,29887.75,29884,29886,48,6.31308308470172,0.594004537828316,0.277202117653214,0.277202117653214,95.5,45.9015250291317,0.50261780104712,-1.03482400573519,LOW,29717.25,170.5,142,27.0074063199274,BSL,Resolved,9930,9930,CHOCH_DOWN,DOWN,302,13.2265010423105,0,0,1,EQH,0,0,1,BEARISH_FVG,0,0.435603327740765,550,1,3,1,BULLISH_OB,0,5.4648417480205,5378,1,0,1,0,9,6,0,27.0074063199274,3,0.2,SWEEP
2026-07-13,2026_07_13.csv,49,MARKET,1,9844,9844,0,2026-07-10T07:05:00-05:00,2026-07-10T07:05:00-05:00,LOW,HL,external,ChartPrimeLow,29783.5,29787.75,29771.25,29782.75,29771.25,350,16.5,0.75,4.25,11.5,-1,0.696969696969697,29783.5,29787.75,29771.25,29782.75,350,11.2253136959223,1.46989210697905,0.0668132775899567,-1.02447025637934,129.6,65.2069014752273,2.70061728395062,3.38001032120399,HIGH,29887.75,116.5,42,10.3783291189733,SSL,Resolved,9991,9992,CHOCH_DOWN,DOWN,344,2.93978421395809,0,0,1,EQH,0.712674960959538,1230,1,BULLISH_FVG,0,0.334066387949783,174,1,4,0,BEARISH_OB,3.8528990076875,0.467692943129697,344,1,0,1,1,9,7,10.3783291189733,0,1,0.125,GRAB
2026-07-13,2026_07_13.csv,50,MARKET,1,9951,9951,0,2026-07-10T08:52:00-05:00,2026-07-10T08:52:00-05:00,HIGH,HH,external,ChartPrimeHigh,29930.75,29968.5,29928.75,29960.5,29968.5,2433,39.75,29.75,8,2,1,0.79874213836478,29930.75,29968.5,29928.75,29960.5,2433,32.0516435285087,1.24018601307118,0.928189531795413,0.249597185020615,1720.6,522.056931761278,1.41404161339068,1.36460212796439,LOW,29771.25,197.25,107,6.15413059316454,BSL,Resolved,10044,10044,CHOCH_UP,UP,20,2.51937158630183,0,0,1,EQL,0.0467994721913653,8193,1,BULLISH_FVG,0,0.124798592510308,1125,1,2,1,BEARISH_OB,0,1.40398416574096,7989,1,0,1,0,8,7,0,6.15413059316454,2,0.0666666666666667,SWEEP
2026-07-13,2026_07_13.csv,51,MARKET,1,9992,9992,0,2026-07-10T09:33:00-05:00,2026-07-10T09:33:00-05:00,LOW,LL,external,ChartPrimeLow,29761.25,29835,29675,29832.5,29675,4372,160,71.25,2.5,86.25,1,0.984375,29761.25,29835,29675,29832.5,4372,50.3415930777691,3.17828638741781,1.41533065689699,-3.1286256626144,1327.4,501.727655207484,3.29365677263824,6.06823237347947,HIGH,29968.5,293.5,41,5.83016909191954,SSL,Resolved,10739,10739,CHOCH_DOWN,DOWN,1,1.91193790493102,0,1,1,EQL,0.0645589422444242,4498,1,BULLISH_FVG,0,0.337692928663142,1548,1,0,0,BULLISH_OB,0.61082691508186,0.292998276340079,1509,1,1,1,1,8,6,5.83016909191954,0,1,0.142857142857143,SWEEP
2026-07-13,2026_07_13.csv,53,MARKET,1,10829,10829,0,2026-07-13T00:30:00-05:00,2026-07-13T00:30:00-05:00,LOW,LL,external,ChartPrimeLow,29585,29585,29542.75,29572.25,29542.75,662,42.25,12.75,0,29.5,-1,0.698224852071006,29585,29585,29542.75,29572.25,662,14.92161152097,2.83146360837931,0.854465349274228,-1.97699825910508,167.25,71.4806792077412,3.95814648729447,6.92145074002626,HIGH,30077.75,535,567,35.854036224448,SSL,Resolved,11324,11324,CHOCH_DOWN,DOWN,89,8.86298372090327,0,0,1,EQL,0.485872453508875,4792,1,BULLISH_FVG,0,1.97699825910508,2777,1,4,1,BULLISH_OB,0,1.20630402250479,8304,1,0,0,1,6,4,35.854036224448,0,0,0.2,SWEEP
2026-07-13,2026_07_13.csv,55,MARKET,1,11355,11355,0,2026-07-13T09:16:00-05:00,2026-07-13T09:16:00-05:00,LOW,LL,external,ChartPrimeLow,29643.75,29654.25,29488.5,29557.25,29488.5,3341,165.75,86.5,10.5,68.75,-1,0.414781297134238,29643.75,29654.25,29488.5,29557.25,3341,41.3970100421405,4.00391235577819,2.08952288853583,-1.66074796054148,1477.05,568.714205467034,2.26194103110931,3.27748099499168,HIGH,29799.75,311.25,190,7.51865894863325,SSL,Resolved,11494,11496,BOS_DOWN,DOWN,25,1.31048111795455,0,0,1,EQH,0.138898920336197,9233,1,BULLISH_FVG,0,0.241563339715124,3281,1,1,0,BULLISH_OB,1.22593394905426,0.434814011487224,8830,1,0,0,1,7,4,7.51865894863325,0,1,0.272727272727273,RUN
2026-07-20,2026_07_20.csv,56,MARKET,1,11400,11400,0,2026-07-13T10:01:00-05:00,2026-07-13T10:01:00-05:00,HIGH,LH,external,ChartPrimeHigh,29745.5,29752.5,29733.75,29740,29752.5,1269,18.75,5.5,7,6.25,-1,0.333333333333333,29745.5,29752.5,29733.75,29740,1269,26.9647237959161,0.695352941194961,0.203970196083855,0.463568627463307,1078.5,370.73406911154,1.17663421418637,0.513845410691634,LOW,29488.5,264,45,9.79056941202505,BSL,Resolved,12629,12631,BOS_DOWN,DOWN,70,7.7786815688343,0,0,1,EQH,0.101985098041928,8754,1,BEARISH_FVG,0,0.287412549027251,186,1,4,0,BULLISH_OB,1.18673568630607,0.547010980406703,2917,1,0,1,1,8,4,0,9.79056941202505,1,0.333333333333333,RUN
2026-07-20,2026_07_20.csv,57,MARKET,1,11887,11887,0,2026-07-13T19:08:00-05:00,2026-07-13T19:08:00-05:00,LOW,LL,external,ChartPrimeLow,29337.25,29341.5,29325.75,29341.5,29325.75,208,15.75,4.25,0,11.5,1,1,29337.25,29341.5,29325.75,29341.5,208,23.2102153378792,0.678580520289096,0.183109029284359,-0.678580520289096,257.3,144.704215557115,0.808394869801788,-0.340694981208348,HIGH,29752.5,426.75,487,18.3863007640236,SSL,Resolved,12076,12078,BOS_DOWN,DOWN,393,7.01199870965399,0,0,1,EQH,0,6010,1,BULLISH_FVG,0,0.484700371635069,4665,1,3,0,BULLISH_OB,0.990942982009474,0.42007365541706,4486,1,0,0,1,8,3,18.3863007640236,0,1,0.454545454545455,RUN
2026-07-20,2026_07_20.csv,58,MARKET,1,11942,11942,0,2026-07-13T20:03:00-05:00,2026-07-13T20:03:00-05:00,HIGH,LH,external,ChartPrimeHigh,29533.25,29541.25,29529.5,29531,29541.25,183,11.75,2.25,8,1.5,-1,0.127659574468085,29533.25,29541.25,29529.5,29531,183,20.6550622289474,0.568867809244979,0.108932133685209,0.496246386788173,207.8,86.5757471812978,0.88065447545717,-0.286454357108423,LOW,29325.75,215.5,55,10.4332776929611,BSL,Resolved,12193,12197,BOS_DOWN,DOWN,448,2.55385335639767,0,0,1,EQL,0.278382119417756,5905,1,BULLISH_FVG,0,0.45993567555977,421,1,3,1,BULLISH_OB,0,0.87145706948167,9417,1,0,1,1,9,3,0,10.4332776929611,0,0.5,GRAB
2026-07-20,2026_07_20.csv,59,MARKET,1,12080,12080,0,2026-07-13T22:21:00-05:00,2026-07-13T22:21:00-05:00,LOW,LL,external,ChartPrimeLow,29313.25,29319.75,29303.5,29305.25,29303.5,326,16.25,8,6.5,1.75,-1,0.107692307692308,29313.25,29319.75,29303.5,29305.25,326,13.1874768862115,1.23222964788591,0.606636134343832,-0.132701654387713,143.25,75.3265391478993,2.27574171029668,2.42610376193152,HIGH,29541.25,237.75,138,18.0284676175308,SSL,Resolved,15465,15465,BOS_DOWN,DOWN,4,1.68720674864378,1,0,1,EQL,0.473934479956119,4716,1,BULLISH_FVG,0,0.663508271938566,4719,1,5,0,BEARISH_OB,1.80095102383325,0.530806617550853,4,0,1,0,1,9,3,18.0284676175308,0,0,0.5,SWEEP
2026-07-20,2026_07_20.csv,60,MARKET,1,12258,12258,0,2026-07-14T01:19:00-05:00,2026-07-14T01:19:00-05:00,HIGH,HH,external,ChartPrimeHigh,29637.25,29649.75,29635.25,29641.5,29649.75,350,14.5,4.25,8.25,2,1,0.431034482758621,29637.25,29649.75,29635.25,29641.5,350,10.811783796238,1.34112929681828,0.39308962148122,0.763056324051781,112.75,40.7183926500052,3.10421286031042,5.82660524051824,LOW,29303.5,346.25,178,32.0252426912641,BSL,Resolved,12563,12565,CHOCH_UP,UP,65,10.0353468072264,0,0,1,EQH,0.1156145945533,1335,1,BULLISH_FVG,0,0.32372086474924,862,1,0,0,BEARISH_OB,2.82099610710052,1.0405313509797,6473,1,0,1,0,9,3,0,32.0252426912641,0,0.5,RUN
2026-07-20,2026_07_20.csv,61,MARKET,1,12551,12551,0,2026-07-14T06:12:00-05:00,2026-07-14T06:12:00-05:00,LOW,HL,external,ChartPrimeLow,29568.75,29576.25,29555,29567.5,29555,213,21.25,1.25,7.5,12.5,-1,0.588235294117647,29568.75,29576.25,29555,29567.5,213,15.4110093502302,1.37888437525882,0.0811108456034601,-0.811108456034601,174.55,146.382196663392,1.2202807218562,0.2626685544856,HIGH,29649.75,94.75,293,6.14820209674227,SSL,Resolved,14141,14142,CHOCH_UP,UP,358,0.892219301638061,0,0,1,EQH,0.389332058896608,6469,1,BEARISH_FVG,0,0.746219779551833,1219,1,0,1,BULLISH_OB,0,1.16799617668982,10026,1,0,0,1,9,4,6.14820209674227,0,1,0.384615384615385,GRAB
2026-07-20,2026_07_20.csv,62,MARKET,1,12630,12630,0,2026-07-14T07:31:00-05:00,2026-07-14T07:31:00-05:00,HIGH,HH,external,ChartPrimeHigh,29903.5,29921.75,29858.75,29906,29921.75,2109,63,2.5,15.75,44.75,1,0.75,29903.5,29921.75,29858.75,29906,2109,33.2625949840663,1.89401939416269,0.0751594997683605,0.473504848540671,441.65,914.91099430491,4.77527453866184,1.82241771098919,LOW,29555,366.75,79,11.0258986160185,BSL,Resolved,13279,13280,BOS_UP,UP,67,8.17735357479763,0,0,1,EQL,0.232994449281918,3555,1,BULLISH_FVG,0,0.85681829735931,2127,1,4,1,BEARISH_OB,0,0.586244098193212,2639,1,0,1,1,9,4,0,11.0258986160185,1,0.384615384615385,GRAB
2026-07-20,2026_07_20.csv,63,MARKET,1,12735,12735,0,2026-07-14T09:16:00-05:00,2026-07-14T09:16:00-05:00,LOW,HL,external,ChartPrimeLow,29614.75,29621.25,29567.5,29605.5,29567.5,2984,53.75,9.25,6.5,38,-1,0.706976744186047,29614.75,29621.25,29567.5,29605.5,2984,39.630910181266,1.35626458625743,0.233403672983837,-0.958847521447112,1350.15,538.062847165645,2.21012480094804,3.03654119329487,HIGH,29921.75,354.25,105,8.93872985454315,SSL,Resolved,14141,14142,BOS_UP,UP,172,2.07540022734276,0,0,1,EQH,0.16401339182648,6653,1,BULLISH_FVG,0,0.523581212369147,430,1,1,1,BEARISH_OB,0,0.946231106691229,1405,1,0,0,1,7,5,8.93872985454315,0,0,0.166666666666667,GRAB
2026-07-20,2026_07_20.csv,64,MARKET,1,12974,12974,0,2026-07-14T13:15:00-05:00,2026-07-14T13:15:00-05:00,HIGH,LH,external,ChartPrimeHigh,29868.75,29878.25,29866,29866,29878.25,612,12.25,2.75,9.5,0,-1,0,29868.75,29878.25,29866,29866,612,9.16083968344411,1.33721366417303,0.300190822569456,1.33721366417303,340.95,110.098807895454,1.79498460184778,2.46187951696426,LOW,29567.5,310.75,239,33.9215629503485,BSL,Resolved,13230,13230,BOS_UP,UP,411,24.9431283480439,0,0,1,EQH,0.327480897348497,3519,1,BEARISH_FVG,0,0.845992318150284,338,1,0,1,BULLISH_OB,0,3.76603031950772,8550,1,0,1,0,8,5,0,33.9215629503485,0,0.230769230769231,SWEEP
2026-07-20,2026_07_20.csv,65,MARKET,1,13150,13150,0,2026-07-14T17:11:00-05:00,2026-07-14T17:11:00-05:00,LOW,HL,external,ChartPrimeLow,29762.5,29763.5,29745.5,29748.5,29745.5,173,18,14,1,3,-1,0.166666666666667,29762.5,29763.5,29745.5,29748.5,173,8.91260851313734,2.01961075407583,1.5708083642812,-0.336601792345972,83,61.8223260642949,2.08433734939759,1.45578475818591,HIGH,29878.25,132.75,176,14.8946293113093,SSL,Resolved,14120,14120,BOS_UP,UP,587,10.7432072057089,0,0,1,EQL,0.252451344259479,9357,1,BULLISH_FVG,0,1.5708083642812,375,1,1,0,BULLISH_OB,2.80501493621644,1.6549588123677,4667,1,0,0,1,8,6,14.8946293113093,0,1,0.142857142857143,SWEEP
2026-07-20,2026_07_20.csv,67,MARKET,1,14004,14004,0,2026-07-15T07:25:00-05:00,2026-07-15T07:25:00-05:00,LOW,HL,external,ChartPrimeLow,29866.5,29869.5,29856.25,29863.75,29856.25,144,13.25,2.75,3,7.5,-1,0.566037735849057,29866.5,29869.5,29856.25,29863.75,144,9.82233194311136,1.34896683157736,0.279974248063225,-0.763566131081523,99,64.9291922019672,1.45454545454545,0.693062680651009,HIGH,30062.5,206.25,320,20.9980686047419,SSL,Resolved,14077,14077,BOS_UP,UP,753,2.2397939845058,0,0,1,EQH,0.43268747427953,12023,1,BULLISH_FVG,0,0.99263597040598,774,1,2,0,BULLISH_OB,0.356330861171377,3.512404202975,9580,1,0,0,1,7,7,20.9980686047419,0,0,0,SWEEP
2026-07-20,2026_07_20.csv,69,MARKET,1,14260,14260,0,2026-07-15T11:41:00-05:00,2026-07-15T11:41:00-05:00,LOW,LL,external,ChartPrimeLow,29407,29436.25,29397,29422,29397,1584,39.25,15,14.25,10,1,0.636942675159236,29407,29436.25,29397,29422,1584,21.2696652345095,1.84535109355261,0.705229717281252,-1.17538286213542,862.35,251.446470446495,1.83684118977213,2.86999455080265,HIGH,29999.75,602.75,214,28.338480806085,SSL,Resolved,15348,15349,CHOCH_DOWN,DOWN,181,21.5917831774277,0,0,1,EQL,0.0940306289708335,7583,1,BULLISH_FVG,0,0.0470153144854168,2148,1,1,0,BEARISH_OB,0.0117538286213542,0.740491203145314,7404,1,0,0,1,8,4,28.338480806085,0,2,0.333333333333333,GRAB
2026-07-20,2026_07_20.csv,70,MARKET,1,14654,14654,0,2026-07-15T19:15:00-05:00,2026-07-15T19:15:00-05:00,HIGH,LH,external,ChartPrimeHigh,29753,29763.25,29736,29736,29763.25,276,27.25,17,10.25,0,-1,0,29753,29763.25,29736,29736,276,15.350056248338,1.77523779451626,1.10748779841381,1.77523779451626,107.25,73.8159027581456,2.57342657342657,2.28609274823749,LOW,29397,366.25,394,23.8598474217094,BSL,Resolved,14954,14954,CHOCH_DOWN,DOWN,575,6.05860972073439,0,0,1,EQL,0.293158534874245,1548,1,BEARISH_FVG,0,0.342018290686619,1891,1,2,0,BULLISH_OB,2.78500608130533,0.960908530976691,6171,1,0,1,0,9,4,0,23.8598474217094,2,0.384615384615385,SWEEP
2026-07-20,2026_07_20.csv,71,MARKET,1,14733,14733,0,2026-07-15T20:34:00-05:00,2026-07-15T20:34:00-05:00,LOW,HL,external,ChartPrimeLow,29596.75,29609,29593.5,29609,29593.5,112,15.5,12.25,0,3.25,1,1,29596.75,29609,29593.5,29609,112,13.0224221930985,1.19025475984142,0.940685213423056,-1.19025475984142,105.35,63.2868667260436,1.06312292358804,0.105077093305734,HIGH,29763.25,169.75,79,13.0352093860052,SSL,Resolved,15092,15092,CHOCH_DOWN,DOWN,654,20.1767379450537,0,0,0,EQL,1.07506881534064,569,1,BULLISH_FVG,0,0.959882870839853,423,1,2,1,BEARISH_OB,0,2.87964861251956,3403,1,0,1,1,9,5,13.0352093860052,0,1,0.285714285714286,SWEEP
2026-07-20,2026_07_20.csv,73,MARKET,1,15348,15348,0,2026-07-16T06:49:00-05:00,2026-07-16T06:49:00-05:00,LOW,LL,external,ChartPrimeLow,29443.5,29445.25,29361,29384.25,29361,1315,84.25,59.25,1.75,23.25,-1,0.275964391691395,29443.5,29445.25,29361,29384.25,1315,19.0365201536622,4.42570382191371,3.1124385928592,-1.2213366630207,141.1,65.4109318080701,9.31963146704465,17.9465414656449,HIGH,29797,436,379,22.9033455947107,SSL,Resolved,15460,15462,CHOCH_DOWN,DOWN,250,12.213366630207,0,0,1,EQH,0.131326522905451,8624,1,BULLISH_FVG,0,2.50833658749412,3457,1,1,0,BULLISH_OB,0.131326522905451,0.51217343933126,7947,1,0,0,1,9,5,22.9033455947107,0,2,0.285714285714286,RUN
2026-07-20,2026_07_20.csv,75,MARKET,1,16541,16541,0,2026-07-17T03:42:00-05:00,2026-07-17T03:42:00-05:00,LOW,LL,external,ChartPrimeLow,28573,28573,28550,28571.5,28550,348,23,1.5,0,21.5,-1,0.934782608695652,28573,28573,28550,28571.5,348,17.0301138238699,1.35054881240797,0.0880792703744329,-1.26246954203354,219.85,84.0685880695043,1.58289743006595,1.52435056830086,HIGH,29532,982,1092,57.6625623384621,SSL,Resolved,16833,16833,BOS_DOWN,DOWN,1081,47.6215255157767,0,0,0,EQL,1.60010674513553,16,0,BEARISH_FVG,1.32118905561649,0.308277446310515,2,1,1,0,BEARISH_OB,45.639741932352,0.411036595080687,4465,1,0,0,1,10,1,57.6625623384621,0,3,0.818181818181818,SWEEP
2026-07-20,2026_07_20.csv,76,MARKET,1,16660,16660,0,2026-07-17T05:41:00-05:00,2026-07-17T05:41:00-05:00,HIGH,LH,external,ChartPrimeHigh,28814.75,28825.5,28811,28815.5,28825.5,385,14.5,0.75,10,3.75,1,0.310344827586207,28814.75,28825.5,28811,28815.5,385,15.0681645350861,0.962293713095374,0.0497738127463125,0.6636508366175,219,92.3780276905715,1.75799086757991,1.79696410661669,LOW,28550,275.5,119,18.2835805488121,BSL,Resolved,16869,16871,BOS_DOWN,DOWN,1200,35.5385023008671,0,0,0,EQL,2.42232555365387,334,1,BEARISH_FVG,0,0.895928629433625,342,1,5,0,BEARISH_OB,33.298680727283,0.46455558563225,4584,1,0,1,0,11,1,0,18.2835805488121,0,0.833333333333333,GRAB
2026-07-20,2026_07_20.csv,78,MARKET,1,17050,17050,0,2026-07-17T12:11:00-05:00,2026-07-17T12:11:00-05:00,HIGH,HH,external,ChartPrimeHigh,29038.25,29050.25,29023.75,29024.25,29050.25,814,26.5,14,12,0.5,-1,0.0188679245283019,29038.25,29050.25,29023.75,29024.25,814,21.2658995264383,1.24612645550472,0.658330957625135,1.22261463558954,832,305.920577928324,0.978365384615385,-0.0588388009786557,LOW,28408.25,642,207,30.1891767710955,BSL,Resolved,18089,18089,CHOCH_UP,UP,181,10.5685630518749,0,0,1,EQL,0.188094559321467,9971,1,BULLISH_FVG,0,0.822913697031419,979,1,2,0,BULLISH_OB,11.4385003887367,1.10505553601362,181,1,0,1,0,11,1,0,30.1891767710955,1,0.833333333333333,SWEEP
2026-07-20,2026_07_20.csv,80,MARKET,1,17415,17415,0,2026-07-19T19:16:00-05:00,2026-07-19T19:16:00-05:00,HIGH,LH,external,ChartPrimeHigh,28949.25,28963.5,28948.5,28952.25,28963.5,410,15,3,11.25,0.75,1,0.25,28949.25,28963.5,28948.5,28952.25,410,20.0385984360371,0.748555346716478,0.149711069343296,0.561416510037359,271.6,120.037660756947,1.50957290132548,1.15297148517608,LOW,28709.75,253.75,122,12.6630612819538,BSL,Resolved,17987,17989,CHOCH_UP,UP,546,6.8867091897916,0,0,1,EQL,0.948170105840872,1173,1,BEARISH_FVG,0,0.486560975365711,1174,1,3,0,BULLISH_OB,7.80992745074192,1.17273670985582,546,1,0,1,0,12,2,0,12.6630612819538,0,0.714285714285714,RUN
2026-07-20,2026_07_20.csv,81,MARKET,1,17796,17796,0,2026-07-20T01:37:00-05:00,2026-07-20T01:37:00-05:00,LOW,HL,external,ChartPrimeLow,28776.5,28777.75,28766,28776.25,28766,51,11.75,0.25,1.25,10.25,-1,0.872340425531915,28776.5,28777.75,28766,28776.25,51,12.8361732552497,0.915381848339773,0.0194762095391441,-0.798524591104909,72.35,29.1260622123898,0.704906703524534,-0.733020476448685,HIGH,28963.5,197.5,381,15.3862055359238,SSL,Resolved,18614,18614,CHOCH_UP,UP,927,4.6353378703163,0,0,1,EQH,0.506381448017747,1325,1,BULLISH_FVG,0,1.79181127760126,608,1,1,0,BULLISH_OB,1.36333466774009,1.83076369667955,927,1,0,0,1,12,3,15.3862055359238,0,1,0.6,SWEEP
