tsne_x,tsne_y,tsne_seed,tsne_perplexity,tsne_iterations,target,dataset_date,source_file,symbol,timeframe,pivot_id,pivot_timestamp,confirmation_timestamp,pivot_index,confirmation_index,confirmation_delay,pivot_side,structure_type,structure_mode,source,candle_direction,pivot_price,pivot_volume,atr_14,range_atr_ratio,body_atr_ratio,volume_ratio_20,volume_zscore_20,previous_pivot_type,distance_previous_pivot,bars_previous_pivot,swing_size_atr,liquidity_type,last_structure_event,last_structure_event_direction,bars_since_structure_event,distance_last_structure_event_atr,bos_count_previous_20,choch_count_previous_20,near_equal_level,equal_level_type,distance_equal_level_atr,bars_since_equal_level,inside_fvg,nearest_fvg_type,distance_fvg_atr,fvg_size_atr,bars_since_fvg,fvg_mitigated,active_fvg_count_50,inside_order_block,nearest_ob_type,distance_ob_atr,ob_size_atr,bars_since_ob,ob_invalidated,active_ob_count_50,active_bsl_count,active_ssl_count,distance_nearest_bsl_atr,distance_nearest_ssl_atr,liquidity_imbalance_100
-9.06384191128946,-27.42882452885,42,30,750,SWEEP,2026-03,2026_03.csv,MARKET,1,3,2026-04-01T07:44:00-05:00,2026-04-01T07:44:00-05:00,464,464,0,HIGH,HH,external,ChartPrimeHigh,1,24246,1828,21.5944194057924,6.49473354038774,3.24157823762668,5.32091398631931,8.31797000176388,LOW,242.5,201,11.2297531803496,BSL,BOS_UP,UP,64,2.99845986980468,0,0,0,EQL,4.80448203076812,82,0,BEARISH_FVG,2.3154130268762,0.150501846746953,43,1,0,0,BULLISH_OB,3.9014709502864,0.358889019165811,64,1,0,1,1,0,11.2297531803496,0
-3.80336765801092,-19.6438215266474,42,30,750,SWEEP,2026-03,2026_03.csv,MARKET,1,4,2026-04-01T08:07:00-05:00,2026-04-01T08:07:00-05:00,487,487,0,LOW,HL,external,ChartPrimeLow,1,24036,466,20.401634563756,0.722981286323191,0.4043793635367,0.773957814316559,-0.747388387714344,HIGH,210,23,10.2932928900251,SSL,BOS_UP,UP,87,7.11952758226736,0,0,0,EQL,2.04640465789785,264,1,BULLISH_FVG,0,0.110285280964555,472,1,1,0,BULLISH_OB,5.78385029058553,0.379871523322355,87,1,0,1,2,10.2932928900251,0,-0.333333333333333
-14.7883103321053,-19.1191913052989,42,30,750,RUN,2026-03,2026_03.csv,MARKET,1,5,2026-04-01T12:04:00-05:00,2026-04-01T12:04:00-05:00,724,724,0,HIGH,HH,external,ChartPrimeHigh,1,24348.25,1214,8.40401803255275,1.66586981914738,0.327224428761093,3.18384474167322,3.33860785078409,LOW,312.25,237,37.1548465020551,BSL,BOS_UP,UP,131,12.1667992148443,0,0,0,EQH,2.61779543008875,54,0,BEARISH_FVG,3.03426288487559,0.11899070136767,3,1,1,0,BULLISH_OB,13.2377155271533,1.30889771504437,131,0,0,1,2,0,37.1548465020551,-0.333333333333333
-1.3718128917046,-20.4003965436294,42,30,750,RUN,2026-03,2026_03.csv,MARKET,1,6,2026-04-01T19:31:00-05:00,2026-04-01T19:31:00-05:00,1111,1111,0,LOW,HL,external,ChartPrimeLow,-1,24154.5,137,10.4998745386263,1.26191984020921,0.666674632563355,1.38453764527539,0.708718807845806,HIGH,193.75,387,18.4526014370214,SSL,BOS_UP,UP,518,8.71438983993528,0,0,1,EQL,0.452386357810848,28,1,BULLISH_FVG,0,1.80954543124339,290,1,0,1,BULLISH_OB,0,0.738104057480857,711,1,0,1,3,18.4526014370214,0,-0.5
-5.78320140871674,-19.3891053229569,42,30,750,SWEEP,2026-03,2026_03.csv,MARKET,1,7,2026-04-01T19:59:00-05:00,2026-04-01T19:59:00-05:00,1139,1139,0,HIGH,LH,external,ChartPrimeHigh,-1,24245.75,296,13.2174333338475,1.43749542896081,0.170229721850622,1.44672531769306,0.704882315746228,LOW,91.25,28,6.90376094171968,BSL,BOS_UP,UP,546,0.018914413538958,0,0,1,EQH,0.113486481233748,348,1,BEARISH_FVG,0,0.737662128019363,355,1,3,0,BULLISH_OB,0.662004473863531,0.832234195714153,546,1,0,2,3,0,6.90376094171968,-0.2
1.94337957666504,-19.9447983966553,42,30,750,RUN,2026-03,2026_03.csv,MARKET,1,8,2026-04-02T01:14:00-05:00,2026-04-02T01:14:00-05:00,1454,1454,0,LOW,LL,external,ChartPrimeLow,1,23752.5,157,9.22643550043804,0.89416980150225,0.487728982637591,1.12303290414878,0.253133946993679,HIGH,493.25,315,53.4605157079982,SSL,CHOCH_DOWN,DOWN,311,43.5704557822915,0,0,0,EQL,11.949360074621,161,0,BULLISH_FVG,0.812881637729318,0.162576327545864,12,1,4,0,BULLISH_OB,43.5162636731095,0.839977692320296,1054,1,0,2,1,53.4605157079982,0,0.333333333333333
-7.11204634998576,-17.6980098011712,42,30,750,RUN,2026-03,2026_03.csv,MARKET,1,9,2026-04-02T02:59:00-05:00,2026-04-02T02:59:00-05:00,1559,1559,0,HIGH,LH,external,ChartPrimeHigh,1,23882,186,8.80080689242688,0.880601073825276,0.454503780038852,1.44578313253012,1.43535333291741,LOW,129.5,105,14.7145598787578,BSL,CHOCH_DOWN,DOWN,416,30.9630700151468,0,0,0,EQL,2.18729944143697,266,1,BEARISH_FVG,0,0.738568642563134,270,1,0,0,BULLISH_OB,30.9062570426419,0.880601073825276,1159,1,0,3,1,0,14.7145598787578,0.5
-16.2190094250683,-10.8797496418315,42,30,750,RUN,2026-03,2026_03.csv,MARKET,1,11,2026-04-02T19:01:00-05:00,2026-04-02T19:01:00-05:00,2460,2460,0,HIGH,HH,external,ChartPrimeHigh,1,24255,349,6.7763275388108,4.27960423015345,3.28348945244532,6.27133872416891,4.23109042094682,LOW,589,648,86.9202376400132,BSL,CHOCH_UP,UP,542,55.044564753353,0,0,1,EQL,0.18446569957558,1845,0,BEARISH_FVG,0.110679419745348,0.221358839490696,1677,1,2,0,BULLISH_OB,2.65630607388835,1.6232981562651,1867,1,0,2,1,0,86.9202376400132,0.333333333333333
0.577276186780988,-19.3593795061619,42,30,750,SWEEP,2026-03,2026_03.csv,MARKET,1,12,2026-04-02T21:51:00-05:00,2026-04-02T21:51:00-05:00,2630,2630,0,LOW,HL,external,ChartPrimeLow,1,24150.5,99,6.44692872963171,1.39601357133572,0.77556309518651,1.80656934306569,1.49315803532274,HIGH,104.5,170,16.2092686893981,SSL,CHOCH_UP,UP,712,41.6477382115156,0,0,0,EQL,1.27967910705774,2248,1,BULLISH_FVG,0,0.620450476149208,403,1,6,0,BULLISH_OB,0.542894166630557,1.20212279753909,2230,1,0,2,2,16.2092686893981,0,0
-7.08210904705578,-16.5183724848097,42,30,750,GRAB,2026-03,2026_03.csv,MARKET,1,13,2026-04-03T00:46:00-05:00,2026-04-03T00:46:00-05:00,2805,2805,0,HIGH,LH,external,ChartPrimeHigh,1,24193.5,26,4.50265055780019,0.943888482004781,0.610751370708976,0.935251798561151,-0.0777510595153877,LOW,43,175,9.54993052381308,BSL,CHOCH_UP,UP,887,69.1814734457622,0,0,0,EQL,1.38807129706585,516,1,BEARISH_FVG,0,0.388659963178439,201,1,0,1,BEARISH_OB,0,3.44241681672332,1662,1,0,3,2,0,9.54993052381308,0.2
0.0246551181830448,-20.3889522018232,42,30,750,GRAB,2026-03,2026_03.csv,MARKET,1,14,2026-04-03T06:08:00-05:00,2026-04-03T06:08:00-05:00,3122,3122,0,LOW,LL,external,ChartPrimeLow,1,24114.25,52,4.36179434493485,1.08900136603551,0.573158613702898,1.64296998420221,0.740844186168917,HIGH,79.25,317,18.1691280543819,SSL,CHOCH_DOWN,DOWN,251,8.31079989869202,0,0,0,EQH,3.78284685043913,2901,1,BULLISH_FVG,0,3.55358340495797,920,1,2,0,BULLISH_OB,9.11322195787607,1.77679170247898,2722,1,0,3,2,18.1691280543819,0,0.2
-8.17756594645774,-27.2582013924019,42,30,750,RUN,2026-03,2026_03.csv,MARKET,1,15,2026-04-03T07:30:00-05:00,2026-04-03T07:30:00-05:00,3204,3204,0,HIGH,HH,external,ChartPrimeHigh,1,24245.25,859,14.5279525173028,6.45307725836409,3.08026887799246,13.1045003813883,17.4663358473566,LOW,131,82,9.01709995568742,BSL,CHOCH_DOWN,DOWN,333,6.52191008245331,0,0,1,EQH,0.137665648178434,2413,1,BEARISH_FVG,0,0.671120034869866,2420,1,0,0,BULLISH_OB,0.56787079873604,0.757161064981387,2611,1,0,4,2,0,9.01709995568742,0.333333333333333
-1.39835911393487,-23.1629587890504,42,30,750,SWEEP,2026-03,2026_03.csv,MARKET,1,16,2026-04-05T17:11:00-05:00,2026-04-05T17:11:00-05:00,3260,3260,0,LOW,LL,external,ChartPrimeLow,-1,23981.5,720,19.7563164707752,1.42992242717863,0.316354519287307,2.36881065964797,1.44833386774982,HIGH,263.75,56,13.3501607139243,SSL,BOS_DOWN,DOWN,28,6.7193699896624,0,0,1,EQH,0.27839197697283,2080,0,BEARISH_FVG,0.27839197697283,0.202466892343876,2093,1,4,0,BULLISH_OB,6.25116530111718,0.860484292461474,1342,0,0,3,2,13.3501607139243,0,0.2
-9.76622887439125,-20.2341980735433,42,30,750,SWEEP,2026-03,2026_03.csv,MARKET,1,17,2026-04-05T21:24:00-05:00,2026-04-05T21:24:00-05:00,3513,3513,0,HIGH,HH,external,ChartPrimeHigh,1,24326.75,284,13.5514461975091,0.940858991296706,0.368964310312434,1.20696982575436,0.355166046715103,LOW,345.25,253,25.4769856270735,BSL,CHOCH_UP,UP,14,6.01411825809267,0,1,1,EQH,0.0368964310312434,2843,1,BEARISH_FVG,0,0.424308956859299,2759,1,4,0,BULLISH_OB,6.62290937010818,0.811721482687354,2920,1,1,2,2,0,25.4769856270735,0
-3.79353090803494,-24.2860905113734,42,30,750,RUN,2026-03,2026_03.csv,MARKET,1,18,2026-04-05T22:19:00-05:00,2026-04-05T22:19:00-05:00,3568,3568,0,LOW,HL,external,ChartPrimeLow,-1,24120.5,1174,14.4805562568016,5.19662357339725,2.72779576277995,8.15844336344684,9.79946520010344,HIGH,206.25,55,14.2432373689459,SSL,CHOCH_UP,UP,69,8.61500054194427,0,0,1,EQL,0.535200434469484,356,1,BULLISH_FVG,0,2.39976969004059,197,1,5,0,BEARISH_OB,0.345290602883538,0.638787615334545,336,1,0,2,3,14.2432373689459,0,-0.2
-7.9753323769423,-27.3197078513624,42,30,750,RUN,2026-03,2026_03.csv,MARKET,1,19,2026-04-06T01:50:00-05:00,2026-04-06T01:50:00-05:00,3779,3779,0,HIGH,LH,external,ChartPrimeHigh,1,24290.75,1032,11.0859823221778,5.4798932773389,2.07469210500074,16.2647754137116,29.6226252438283,LOW,170.25,211,15.3572317772337,BSL,CHOCH_UP,UP,280,4.10428220771885,0,0,0,EQH,2.25510011413123,86,1,BEARISH_FVG,0,0.699081035380683,249,1,1,0,BULLISH_OB,4.84846524538215,0.992244050217743,3186,1,0,3,3,0,15.3572317772337,0
-2.78536894718723,-21.7367843180013,42,30,750,SWEEP,2026-03,2026_03.csv,MARKET,1,20,2026-04-06T02:11:00-05:00,2026-04-06T02:11:00-05:00,3800,3800,0,LOW,HL,external,ChartPrimeLow,-1,24207.25,321,11.5918439591436,1.57438282160488,1.38028082990017,2.20618556701031,1.72521674483522,HIGH,83.5,21,7.20334058104151,SSL,CHOCH_UP,UP,301,3.2781669710129,0,0,1,EQL,0.0215668879671902,1355,1,BULLISH_FVG,0,0.0215668879671902,199,1,3,1,BEARISH_OB,0,1.33714705396579,2657,1,0,3,4,7.20334058104151,0,-0.142857142857143
-15.3773716427302,-19.5824914553787,42,30,750,SWEEP,2026-03,2026_03.csv,MARKET,1,21,2026-04-06T04:05:00-05:00,2026-04-06T04:05:00-05:00,3914,3914,0,HIGH,HH,external,ChartPrimeHigh,1,24398.25,221,8.43994617069235,1.74764147800128,0.207347294000152,2.4678950307091,3.8194663011501,LOW,191,114,22.6304760880165,BSL,BOS_UP,UP,77,12.7370480600093,0,0,0,EQL,7.46450258400545,3175,0,BEARISH_FVG,1.59953626800117,0.651662924000476,13,1,3,0,BULLISH_OB,13.5664372360099,0.947873344000693,77,0,0,1,4,0,22.6304760880165,-0.6
-2.13153303279493,-20.2104148300973,42,30,750,GRAB,2026-03,2026_03.csv,MARKET,1,22,2026-04-06T08:29:00-05:00,2026-04-06T08:29:00-05:00,4178,4178,0,LOW,HL,external,ChartPrimeLow,-1,24257.25,1025,10.639291239575,1.64484640996622,0.91641442840975,3.97826508829808,7.4105938866558,HIGH,141,264,13.2527625031564,SSL,BOS_UP,UP,341,3.14870598479247,0,0,1,EQL,0.093991223426641,3563,1,BULLISH_FVG,0,0.164484640996622,352,1,2,0,BULLISH_OB,1.73883763339286,0.751929787413128,341,1,0,1,5,13.2527625031564,0,-0.666666666666667
-6.4667594046731,-20.6676241291176,42,30,750,SWEEP,2026-03,2026_03.csv,MARKET,1,23,2026-04-06T08:35:00-05:00,2026-04-06T08:35:00-05:00,4184,4184,0,HIGH,LH,external,ChartPrimeHigh,-1,24373.75,2153,23.9060352402594,2.07060683641253,1.2444556239045,2.37821716558047,1.10416598934257,LOW,116.5,6,4.87324639276889,BSL,BOS_UP,UP,347,3.47192661459071,0,0,0,EQL,1.61047198387641,3445,1,BEARISH_FVG,0,0.125491323418941,282,1,0,0,BULLISH_OB,3.76473970256824,0.334643529117177,347,1,0,2,5,0,4.87324639276889,-0.428571428571429
-6.72294700589436,-22.9890549009821,42,30,750,RUN,2026-03,2026_03.csv,MARKET,1,24,2026-04-06T08:37:00-05:00,2026-04-06T08:37:00-05:00,4186,4186,0,LOW,LL,external,ChartPrimeLow,1,24245.75,2510,27.7761222224686,1.1700697361459,0.486028967322142,2.15793319864162,1.09356654957386,HIGH,128,2,4.60827465312846,SSL,CHOCH_DOWN,DOWN,1,0.41402467586701,0,1,1,EQH,0.0540032185913491,3395,1,BULLISH_FVG,0,0.684040768823756,405,1,1,0,BULLISH_OB,0.315018775116203,0.396023603003227,3593,1,1,2,5,4.60827465312846,0,-0.428571428571429
-10.8858220170714,-22.7904972207572,42,30,750,RUN,2026-03,2026_03.csv,MARKET,1,25,2026-04-06T09:00:00-05:00,2026-04-06T09:00:00-05:00,4209,4209,0,HIGH,HH,external,ChartPrimeHigh,-1,24452.25,4318,31.1828703042265,2.54947665895993,0.384826665503385,2.90139425499748,6.16135640615756,LOW,206.5,23,6.62222553553742,BSL,CHOCH_UP,UP,10,2.51740777016798,0,1,0,EQL,3.752059988658,3470,0,BEARISH_FVG,2.05240888268472,0.25655111033559,274,1,1,0,BULLISH_OB,2.26085665983239,0.705515553422873,10,0,1,1,5,0,6.62222553553742,-0.666666666666667
-6.31879847731798,-23.0974908601755,42,30,750,RUN,2026-03,2026_03.csv,MARKET,1,26,2026-04-06T12:14:00-05:00,2026-04-06T12:14:00-05:00,4403,4403,0,LOW,LL,external,ChartPrimeLow,1,24202.75,1038,18.6197836067166,1.6514692463401,1.03384660136738,1.28282765865414,0.544172927753409,HIGH,249.5,194,13.3997260800603,SSL,CHOCH_DOWN,DOWN,2,2.30937162902843,0,1,1,EQH,0.0134265792385374,2395,1,BULLISH_FVG,0,0.281958164009285,806,1,3,1,BEARISH_OB,0,0.832447912789318,3260,1,1,1,4,13.3997260800603,0,-0.6
-8.28115160004414,-17.9567053749888,42,30,750,SWEEP,2026-03,2026_03.csv,MARKET,1,27,2026-04-06T17:06:00-05:00,2026-04-06T17:06:00-05:00,4635,4635,0,HIGH,LH,external,ChartPrimeHigh,1,24384,150,7.22371089759018,1.10746403246409,0.103824753043508,1.36239782016349,0.482752702060203,LOW,181.25,232,25.0909819855145,BSL,CHOCH_DOWN,DOWN,234,19.13836281102,0,0,1,EQH,0.830598024348066,395,1,BEARISH_FVG,0,1.10746403246409,700,1,2,0,BULLISH_OB,0.311474259130525,3.04552608927624,436,1,0,2,4,0,25.0909819855145,-0.333333333333333
-0.680689921891104,-24.5650741868892,42,30,750,SWEEP,2026-03,2026_03.csv,MARKET,1,28,2026-04-06T21:07:00-05:00,2026-04-06T21:07:00-05:00,4876,4876,0,LOW,LL,external,ChartPrimeLow,-1,24153,452,11.8840121153991,2.04055665414353,1.5567133237796,2.13257843831092,1.80841016907141,HIGH,231,241,19.4378798807074,SSL,BOS_DOWN,DOWN,15,4.18629664097486,1,0,1,EQH,0.441769997288804,1836,1,BULLISH_FVG,0,0.841466661502485,1675,1,6,0,BULLISH_OB,0.0841466661502485,0.652136662664426,4476,1,1,2,4,19.4378798807074,0,-0.333333333333333
-10.4238958449157,-20.0866332184148,42,30,750,GRAB,2026-03,2026_03.csv,MARKET,1,29,2026-04-07T04:34:00-05:00,2026-04-07T04:34:00-05:00,5323,5323,0,HIGH,HH,external,ChartPrimeHigh,1,24422,279,11.5124157198411,1.10749996441025,0.912058794220203,1.86684509869522,0.973508652603238,LOW,269,447,23.3660776804985,BSL,CHOCH_UP,UP,17,3.30078420765407,0,1,0,EQH,2.77960775381395,1083,0,BULLISH_FVG,1.62867641825036,0.412598025956759,6,1,2,0,BULLISH_OB,3.49622537784411,1.91098033074709,1124,1,1,2,4,0,23.3660776804985,-0.333333333333333
-6.4138405089376,-26.8143085269286,42,30,750,RUN,2026-03,2026_03.csv,MARKET,1,30,2026-04-07T07:06:00-05:00,2026-04-07T07:06:00-05:00,5475,5475,0,LOW,LL,external,ChartPrimeLow,-1,24133,2297,17.1512738797539,5.72843747285607,1.20982267238436,18.720456397718,38.9861766333462,HIGH,289,152,16.8500603527268,SSL,CHOCH_UP,UP,169,14.6344814828181,0,0,1,EQL,0.116609414205722,3229,1,BEARISH_FVG,0,0.597623247804323,2249,1,1,1,BEARISH_OB,0,0.539318540701462,2243,1,0,2,4,16.8500603527268,0,-0.333333333333333
-8.52868751905376,-25.6650301923752,42,30,750,GRAB,2026-03,2026_03.csv,MARKET,1,31,2026-04-07T08:30:00-05:00,2026-04-07T08:30:00-05:00,5559,5559,0,HIGH,LH,external,ChartPrimeHigh,1,24308,5201,16.5196827333336,3.98010065092405,0.484270801633345,14.06816337571,19.0493643627962,LOW,175,84,10.5934237857294,BSL,CHOCH_UP,UP,253,4.60057261551678,0,0,1,EQH,0.196735013163546,1511,1,BULLISH_FVG,0,0.771806590103144,317,1,1,0,BEARISH_OB,0.0605338502041681,3.7076983250053,1374,1,0,3,4,0,10.5934237857294,-0.142857142857143
-7.84867972029534,-19.5052483388443,42,30,750,RUN,2026-03,2026_03.csv,MARKET,1,33,2026-04-07T12:36:00-05:00,2026-04-07T12:36:00-05:00,5805,5805,0,HIGH,LH,external,ChartPrimeHigh,1,24299.75,2708,18.106330890829,2.55435517437859,0.84224684128159,3.77632129410124,4.04810203520996,LOW,358.25,150,19.7858971074839,BSL,CHOCH_DOWN,DOWN,217,9.20948595302984,0,0,1,EQL,0.124265927402202,1142,1,BULLISH_FVG,0,0.704173588612477,563,1,2,0,BEARISH_OB,0.510871034875718,3.38279469039327,1620,1,0,4,2,0,19.7858971074839,0.333333333333333
-18.8245796923044,-11.1196228094397,42,30,750,RUN,2026-03,2026_03.csv,MARKET,1,35,2026-04-08T01:16:00-05:00,2026-04-08T01:16:00-05:00,6505,6505,0,HIGH,HH,external,ChartPrimeHigh,-1,25202,234,8.94120776219082,1.11841713848619,0.419406426932322,1.16970757310672,0.396180174079693,LOW,1125.25,620,125.849888508159,BSL,CHOCH_UP,UP,571,100.909186319917,0,0,1,EQH,0,0,0,BEARISH_FVG,1.1743379954105,0.307564713083703,7,1,3,0,BULLISH_OB,91.73816578433,2.46051770466963,2306,1,0,1,3,0,125.849888508159,-0.5
-4.58791842655825,-13.5871099402765,42,30,750,SWEEP,2026-03,2026_03.csv,MARKET,1,36,2026-04-08T03:04:00-05:00,2026-04-08T03:04:00-05:00,6613,6613,0,LOW,HL,external,ChartPrimeLow,-1,25134.25,224,8.63067610100147,1.21659066765136,0.231731555743116,1.49035262807718,1.57894780727717,HIGH,67.75,108,7.84990645079805,SSL,CHOCH_UP,UP,679,96.6899916338151,0,0,0,EQH,2.14351689062382,206,1,BEARISH_FVG,0,0.5503624448899,190,1,2,0,BULLISH_OB,87.1889978483473,2.54904711317427,2414,1,0,1,4,7.84990645079805,0,-0.6
-17.146675968284,-21.742965770713,42,30,750,SWEEP,2026-03,2026_03.csv,MARKET,1,37,2026-04-08T04:13:00-05:00,2026-04-08T04:13:00-05:00,6682,6682,0,HIGH,HH,external,ChartPrimeHigh,-1,25245.25,296,9.8618671357946,0.735154905269959,0.30420202976688,1.536465092136,0.737114558312428,LOW,111,69,11.2554751013745,BSL,BOS_UP,UP,14,4.38557926247252,1,0,0,EQH,4.38557926247252,177,0,BULLISH_FVG,1.44495964139268,0.811205412711679,0,0,7,0,BULLISH_OB,5.72913822727623,0.583053890386519,14,0,1,1,4,0,11.2554751013745,-0.6
-2.67959789008336,-18.2360481769565,42,30,750,RUN,2026-03,2026_03.csv,MARKET,1,38,2026-04-08T06:22:00-05:00,2026-04-08T06:22:00-05:00,6811,6811,0,LOW,HL,external,ChartPrimeLow,1,25180.25,307,8.64249071137157,2.2852208535224,1.79346446732138,2.02373104812129,3.95752608519878,HIGH,65,129,7.52098002425095,SSL,BOS_UP,UP,143,2.51663562349936,0,0,1,EQL,0.0867805387413571,318,1,BEARISH_FVG,0,1.01243961864917,232,1,1,0,BULLISH_OB,0.318195308718309,0.665317463683738,143,1,0,1,5,7.52098002425095,0,-0.666666666666667
-16.9314567823429,-21.7441756902108,42,30,750,SWEEP,2026-03,2026_03.csv,MARKET,1,39,2026-04-08T07:07:00-05:00,2026-04-08T07:07:00-05:00,6856,6856,0,HIGH,HH,external,ChartPrimeHigh,-1,25257,353,9.52889711604018,1.28556325572866,0.603427650648144,1.48725510848957,0.741466092701395,LOW,76.75,45,8.05444733691219,BSL,BOS_UP,UP,1,1.23309128610708,1,0,0,EQL,5.27343294696856,77,0,BULLISH_FVG,1.99393484561995,0.157415908864733,173,1,2,0,BULLISH_OB,1.28556325572866,0.918259468377611,1,0,1,1,5,0,8.05444733691219,-0.666666666666667
-4.5482938785048,-21.7405287256676,42,30,750,SWEEP,2026-03,2026_03.csv,MARKET,1,40,2026-04-08T09:56:00-05:00,2026-04-08T09:56:00-05:00,7025,7025,0,LOW,LL,external,ChartPrimeLow,-1,24926.5,4285,22.5051253715282,1.99954451517656,1.16640096718632,3.12090313182811,7.61140601576709,HIGH,330.5,169,14.6855436059078,SSL,CHOCH_DOWN,DOWN,155,11.2752093494678,0,0,0,EQH,2.643842192289,940,0,BULLISH_FVG,0.577646193273228,0.599863354552967,955,0,0,0,BULLISH_OB,11.3974037365064,0.255497354717005,357,1,0,1,4,14.6855436059078,0,-0.6
-8.34002471740886,-18.1332683121874,42,30,750,SWEEP,2026-03,2026_03.csv,MARKET,1,41,2026-04-08T11:55:00-05:00,2026-04-08T11:55:00-05:00,7144,7144,0,HIGH,LH,external,ChartPrimeHigh,1,25157.5,808,8.39043444251232,1.25142506886163,0.774691709295297,1.47042766151046,1.35408906371166,LOW,231,119,27.5313515149559,BSL,CHOCH_DOWN,DOWN,274,2.71142098253354,0,0,1,EQH,0.0595916699457921,549,1,BEARISH_FVG,0,0.566120864485025,196,1,0,0,BULLISH_OB,3.0391751672354,0.685304204376609,476,1,0,2,4,0,27.5313515149559,-0.333333333333333
-0.440692959956828,-18.4695983268113,42,30,750,SWEEP,2026-03,2026_03.csv,MARKET,1,42,2026-04-08T20:23:00-05:00,2026-04-08T20:23:00-05:00,7592,7592,0,LOW,HL,external,ChartPrimeLow,-1,24980.5,235,6.61264952362382,1.32322149672993,0.264644299345987,1.98647506339814,2.2583435781346,HIGH,177,448,26.7668805624227,SSL,CHOCH_DOWN,DOWN,722,30.2072564539205,0,0,1,EQH,0.831739226515959,1507,1,BULLISH_FVG,0,1.24760883977394,563,1,0,0,BULLISH_OB,30.6231260671785,0.869545554993957,924,1,0,2,5,26.7668805624227,0,-0.428571428571429
-6.21907928407012,-17.5653990384972,42,30,750,SWEEP,2026-03,2026_03.csv,MARKET,1,43,2026-04-08T21:51:00-05:00,2026-04-08T21:51:00-05:00,7680,7680,0,HIGH,LH,external,ChartPrimeHigh,1,25050.75,143,5.07121296340135,1.62682972684046,0.443680834592852,3.20987654320988,3.33384688391594,LOW,70.25,88,13.852701613399,BSL,CHOCH_DOWN,DOWN,810,25.5362969243441,0,0,0,EQL,2.85927648959838,305,1,BEARISH_FVG,0,1.72542546786109,277,1,2,0,BULLISH_OB,26.0785734999576,1.13385102173729,1012,1,0,3,5,0,13.852701613399,-0.25
-2.7204484748215,-16.1039598983013,42,30,750,GRAB,2026-03,2026_03.csv,MARKET,1,44,2026-04-09T00:10:00-05:00,2026-04-09T00:10:00-05:00,7819,7819,0,LOW,HL,external,ChartPrimeLow,-1,24994.25,158,4.21089359352135,3.02786088435397,2.61227213552107,3.40150699677072,4.06957589091079,HIGH,56.5,139,13.4175796051764,SSL,CHOCH_DOWN,DOWN,949,44.1711470188108,0,0,0,EQH,1.9592041016408,1734,1,BULLISH_FVG,0,1.48424553154606,215,1,3,0,BULLISH_OB,44.8242150526911,1.36550588902238,1151,1,0,3,6,13.4175796051764,0,-0.333333333333333
-5.84241296397988,-17.5385106402635,42,30,750,SWEEP,2026-03,2026_03.csv,MARKET,1,45,2026-04-09T01:03:00-05:00,2026-04-09T01:03:00-05:00,7872,7872,0,HIGH,HH,external,ChartPrimeHigh,1,25059,534,6.30648017509808,2.02172997393141,1.14961116164727,7.65591397849462,6.00592324470957,LOW,64.75,53,10.267216926436,BSL,CHOCH_DOWN,DOWN,1002,19.2262556344458,0,0,0,EQL,3.25062466396815,690,1,BULLISH_FVG,0,4.32095229722596,542,1,2,0,BULLISH_OB,19.6623150405878,0.911760576478872,1204,1,0,3,6,0,10.267216926436,-0.333333333333333
-0.609992988738816,-22.1806547972772,42,30,750,SWEEP,2026-03,2026_03.csv,MARKET,1,46,2026-04-09T03:15:00-05:00,2026-04-09T03:15:00-05:00,8004,8004,0,LOW,LL,external,ChartPrimeLow,-1,24953,111,7.01741841990122,0.855015283538481,0.285005094512827,0.736074270557029,-0.420361978595732,HIGH,106,132,15.1052700091798,SSL,BOS_DOWN,DOWN,41,5.87823007432706,0,0,1,EQL,0.32063073132693,706,0,BULLISH_FVG,0.42750764176924,0.10687691044231,1920,1,3,0,BEARISH_OB,5.98510698476936,0.890640920352584,41,1,0,3,5,15.1052700091798,0,-0.25
-8.71307703889131,-21.2784748089107,42,30,750,RUN,2026-03,2026_03.csv,MARKET,1,47,2026-04-09T08:45:00-05:00,2026-04-09T08:45:00-05:00,8334,8334,0,HIGH,HH,external,ChartPrimeHigh,-1,25111.5,2114,20.3721694559052,1.26397927602826,0.208617938761945,1.34239268478537,0.54162296453233,LOW,158.5,330,7.78022195147491,BSL,CHOCH_UP,UP,17,2.57704512588285,0,1,1,EQH,0.0859015041960952,2083,1,BEARISH_FVG,0,1.54622707552971,1105,1,2,0,BULLISH_OB,2.66294663007895,0.319062729871211,17,1,0,3,5,0,7.78022195147491,-0.25
-1.95240277153412,-22.0621279204277,42,30,750,SWEEP,2026-03,2026_03.csv,MARKET,1,48,2026-04-09T09:36:00-05:00,2026-04-09T09:36:00-05:00,8385,8385,0,LOW,HL,external,ChartPrimeLow,-1,24960.5,905,15.5794549095558,0.994900019929001,0.978853245414017,0.822316114669938,-0.601367450625961,HIGH,151,51,9.69225180705027,SSL,CHOCH_UP,UP,68,6.32242915890365,0,0,1,EQL,0.336982264814662,1087,0,BULLISH_FVG,0.0160467745149839,0.272795166754726,1113,1,1,0,BEARISH_OB,2.21445488306778,0.401169362874597,422,1,0,3,6,9.69225180705027,0,-0.333333333333333
-12.1124491043522,-21.3157700221118,42,30,750,SWEEP,2026-03,2026_03.csv,MARKET,1,49,2026-04-09T11:03:00-05:00,2026-04-09T11:03:00-05:00,8472,8472,0,HIGH,HH,external,ChartPrimeHigh,1,25265.75,3299,18.1379324811176,1.84695802759631,1.13022804673804,2.53525456292027,3.18697848122361,LOW,305.25,87,16.8293712813066,BSL,BOS_UP,UP,31,8.50427688826061,0,0,0,EQL,3.25285145158752,1693,0,BEARISH_FVG,1.15779458446336,0.206749032939885,1613,1,4,0,BULLISH_OB,1.15779458446336,0.482414410193065,1617,1,1,1,6,0,16.8293712813066,-0.714285714285714
-2.32759808897454,-19.4462803112166,42,30,750,RUN,2026-03,2026_03.csv,MARKET,1,50,2026-04-09T13:25:00-05:00,2026-04-09T13:25:00-05:00,8614,8614,0,LOW,HL,external,ChartPrimeLow,-1,25145,1509,13.1182216626107,1.69611404443764,0.0190574611734566,1.67806505421184,1.27138129718612,HIGH,120.75,142,9.20475374677953,SSL,BOS_UP,UP,173,2.55369979724318,0,0,1,EQH,0.152459689387653,162,1,BULLISH_FVG,0,1.14344767040739,156,1,4,0,BULLISH_OB,2.8967340983654,0.438321606989501,1946,1,0,1,7,9.20475374677953,0,-0.75
-13.3228540452475,-19.9129641546134,42,30,750,GRAB,2026-03,2026_03.csv,MARKET,1,51,2026-04-09T14:52:00-05:00,2026-04-09T14:52:00-05:00,8701,8701,0,HIGH,HH,external,ChartPrimeHigh,1,25269.75,823,10.5095921722183,1.33211639144366,0.999087293582745,1.1286341195831,0.275833609145666,LOW,124.75,87,11.8701085594712,BSL,BOS_UP,UP,260,15.0576727818542,0,0,0,EQH,1.47484314766977,14,0,BULLISH_FVG,1.40347976955671,0.118938963521755,0,0,1,0,BULLISH_OB,2.37877927043511,0.832572744652288,1846,1,0,1,7,0,11.8701085594712,-0.75
-1.73923184661407,-18.5686319281275,42,30,750,RUN,2026-03,2026_03.csv,MARKET,1,52,2026-04-09T18:03:00-05:00,2026-04-09T18:03:00-05:00,8832,8832,0,LOW,HL,external,ChartPrimeLow,1,25193,111,6.52513299193572,0.996148278975037,0.383133953451937,1.02493074792244,0.0272187515271935,HIGH,76.75,131,11.7622123709745,SSL,BOS_UP,UP,391,12.4901668825332,0,0,1,EQH,0.153253581380775,225,1,BULLISH_FVG,0,1.60916260449814,180,1,2,0,BULLISH_OB,0.651327720868293,0.881208092939456,2164,1,0,1,8,11.7622123709745,0,-0.777777777777778
-16.0447258343652,-19.3602178616468,42,30,750,RUN,2026-03,2026_03.csv,MARKET,1,53,2026-04-09T22:39:00-05:00,2026-04-09T22:39:00-05:00,9108,9108,0,HIGH,HH,external,ChartPrimeHigh,-1,25303.75,341,4.82820660042148,2.58895300770866,0.103558120308346,6.4952380952381,8.39944952232139,LOW,110.75,276,22.9381236482987,BSL,BOS_UP,UP,160,7.04195218096756,0,0,0,EQL,9.57912612852205,148,0,BULLISH_FVG,2.43361582724614,0.310674360925039,110,1,3,0,BULLISH_OB,11.650288534689,0.880244022620945,160,0,0,1,8,0,22.9381236482987,-0.777777777777778
-1.24311278128996,-18.8633934015235,42,30,750,RUN,2026-03,2026_03.csv,MARKET,1,54,2026-04-10T03:18:00-05:00,2026-04-10T03:18:00-05:00,9387,9387,0,LOW,HL,external,ChartPrimeLow,-1,25202.75,193,6.28746793493915,1.03380248889697,0.119284902565035,1.21651433974157,0.351170320105706,HIGH,101,279,16.0637002120914,SSL,BOS_UP,UP,439,10.6561179624765,0,0,1,EQH,0.119284902565035,2882,1,BULLISH_FVG,0,0.675947781201866,853,1,2,0,BULLISH_OB,2.22665151454732,0.914517586331937,2719,1,0,1,9,16.0637002120914,0,-0.8
-14.5239923891406,-17.7237894256031,42,30,750,SWEEP,2026-03,2026_03.csv,MARKET,1,55,2026-04-10T10:24:00-05:00,2026-04-10T10:24:00-05:00,9813,9813,0,HIGH,HH,external,ChartPrimeHigh,1,25393,1375,11.8614834565626,0.9062947344965,0.0421532434649535,1.56623761248434,2.20560297391946,LOW,190.25,426,16.0393091384148,BSL,BOS_UP,UP,175,7.5243539584942,0,0,0,EQL,6.76559557612504,35,0,BULLISH_FVG,2.04443230805024,0.147536352127337,8,1,0,0,BULLISH_OB,8.83110450590776,0.864141491031547,175,1,0,1,9,0,16.0393091384148,-0.8
-3.35030514547995,-20.1743737641381,42,30,750,RUN,2026-03,2026_03.csv,MARKET,1,56,2026-04-10T11:44:00-05:00,2026-04-10T11:44:00-05:00,9893,9893,0,LOW,HL,external,ChartPrimeLow,-1,25222.25,1360,11.6752694781874,0.920749625529755,0.235540601879705,2.0809425445643,2.59542000483448,HIGH,170.75,80,14.6249300985308,SSL,BOS_UP,UP,255,6.98056692843489,0,0,0,EQL,1.32759248332197,3114,1,BULLISH_FVG,0,0.963575189507883,444,1,0,0,BEARISH_OB,0.984987971496947,0.706621805639114,3023,1,0,1,10,14.6249300985308,0,-0.818181818181818
-11.4581398565715,-17.2332887126688,42,30,750,SWEEP,2026-03,2026_03.csv,MARKET,1,57,2026-04-10T15:59:00-05:00,2026-04-10T15:59:00-05:00,10148,10148,0,HIGH,LH,external,ChartPrimeHigh,1,25338,444,4.59359233390309,2.66675819479858,1.52386182559919,4.81561822125813,7.84892519979468,LOW,115.75,255,25.1981437590151,BSL,BOS_UP,UP,510,7.45603821811031,0,0,0,EQL,5.49678729948279,370,0,BEARISH_FVG,0.163270909885627,1.46943818897065,375,1,2,0,BULLISH_OB,10.8303036890799,2.23136910177024,510,1,0,2,10,0,25.1981437590151,-0.666666666666667
-14.1035564309149,-28.1251103888878,42,30,750,SWEEP,2026-03,2026_03.csv,MARKET,1,59,2026-04-12T20:57:00-05:00,2026-04-12T20:57:00-05:00,10386,10386,0,HIGH,LH,external,ChartPrimeHigh,1,25093.75,282,6.78494145061934,1.58439097496099,0.773772336608855,2.89379168804515,4.18122108496125,LOW,189.25,237,27.892650419662,BSL,BOS_UP,UP,748,30.9508934643542,0,0,1,EQH,0.847464940095412,3201,1,BEARISH_FVG,0,46.8316495157073,235,1,1,0,BULLISH_OB,4.67948032139641,0.884311241838691,1945,1,0,3,4,0,27.892650419662,-0.142857142857143
-12.8338576487627,-27.5830235892497,42,30,750,RUN,2026-03,2026_03.csv,MARKET,1,61,2026-04-13T06:00:00-05:00,2026-04-13T06:00:00-05:00,10929,10929,0,HIGH,HH,external,ChartPrimeHigh,1,25194.75,1483,8.98608133391638,4.25658288397993,1.66924818979605,12.1358428805237,11.13400884185,LOW,145.25,416,16.1638866378584,BSL,BOS_UP,UP,283,11.2396044779601,0,0,1,EQH,0.306028834795943,2322,1,BEARISH_FVG,0,35.360240820513,778,1,0,0,BULLISH_OB,0.667699275918421,0.639878472755153,4261,1,0,3,5,0,16.1638866378584,-0.25
-18.8095456158523,-12.3233355821521,42,30,750,GRAB,2026-03,2026_03.csv,MARKET,1,63,2026-04-13T18:10:00-05:00,2026-04-13T18:10:00-05:00,11599,11599,0,HIGH,HH,external,ChartPrimeHigh,1,25619.25,189,6.35846421586531,1.21884778098815,0.629082725671304,1.27573405332433,0.275704504043956,LOW,545.75,608,85.8304743837786,BSL,BOS_UP,UP,527,66.7614042618672,0,0,0,EQH,3.42063732083772,15,0,BULLISH_FVG,1.88724817701391,0.550447384962391,1,0,2,0,BULLISH_OB,52.0565955493004,1.61202448453272,1961,1,0,1,6,0,85.8304743837786,-0.714285714285714
-5.28845895829418,-12.8714715745694,42,30,750,SWEEP,2026-03,2026_03.csv,MARKET,1,65,2026-04-14T00:21:00-05:00,2026-04-14T00:21:00-05:00,11970,11970,0,HIGH,LH,external,ChartPrimeHigh,1,25598.25,79,2.05510028230072,1.45978277840605,0.851539954070197,4.34065934065934,7.77445297317098,LOW,38.25,315,18.6122304246772,BSL,BOS_UP,UP,898,196.340783695614,0,0,1,EQH,0.364945694601513,386,1,BEARISH_FVG,0,0.973188518937368,330,1,4,0,BULLISH_OB,150.844220435292,4.98759115955401,2332,1,0,2,7,0,18.6122304246772,-0.555555555555556
-17.3687036479344,-19.2259637147649,42,30,750,GRAB,2026-03,2026_03.csv,MARKET,1,67,2026-04-14T04:02:00-05:00,2026-04-14T04:02:00-05:00,12191,12191,0,HIGH,HH,external,ChartPrimeHigh,-1,25674,218,5.25911446897809,0.808120839557582,0.332755639817828,2.36314363143631,3.0026666977994,LOW,109.5,158,20.8209957486012,BSL,BOS_UP,UP,119,14.4035655521146,0,0,0,EQL,12.1693491133377,97,0,BULLISH_FVG,1.71131471906311,0.332755639817828,0,0,4,0,BULLISH_OB,16.3525628710475,1.23594951932336,119,0,0,1,8,0,20.8209957486012,-0.777777777777778
-18.9492574051498,-11.9454661265743,42,30,750,SWEEP,2026-03,2026_03.csv,MARKET,1,69,2026-04-14T20:48:00-05:00,2026-04-14T20:48:00-05:00,13137,13137,0,HIGH,HH,external,ChartPrimeHigh,1,26042.5,133,3.90651816429929,1.2159165272567,0.895938493768093,1.94729136163982,1.2401760959459,LOW,422.5,828,108.152575319148,BSL,BOS_UP,UP,771,94.3295242724406,0,0,0,EQH,3.19978033488604,129,0,BULLISH_FVG,1.59989016744302,0.191986820093163,0,0,2,0,BULLISH_OB,98.4892387077925,0.383973640186325,771,1,0,1,9,0,108.152575319148,-0.8
-4.3909009455615,-13.736707405591,42,30,750,RUN,2026-03,2026_03.csv,MARKET,1,70,2026-04-14T21:42:00-05:00,2026-04-14T21:42:00-05:00,13191,13191,0,LOW,HL,external,ChartPrimeLow,-1,25990,112,4.31880294429781,0.926182567621259,0.347318462857972,0.97053726169844,-0.0393606055319179,HIGH,52.5,54,12.156146200029,SSL,BOS_UP,UP,825,73.1684228420794,0,0,0,EQL,1.85236513524252,114,1,BEARISH_FVG,0,0.810409746668601,308,1,4,0,BULLISH_OB,76.9310395230408,0.347318462857972,825,1,0,1,10,12.156146200029,0,-0.818181818181818
-7.65747939285309,-28.8079890659169,42,30,750,SWEEP,2026-03,2026_03.csv,MARKET,1,71,2026-04-15T00:00:00-05:00,2026-04-15T00:00:00-05:00,13329,13329,0,HIGH,HH,external,ChartPrimeHigh,1,26058,1806,5.82639701295155,7.63765323596737,0.72943879219913,45.0374064837905,56.7145433548279,LOW,68,138,11.6710206751861,BSL,BOS_UP,UP,963,65.9069402834038,0,0,0,EQH,2.91775516879652,184,0,BULLISH_FVG,3.30392864701959,0.0858163284940153,183,1,0,0,BULLISH_OB,68.6959709594593,0.257448985482046,963,1,0,1,10,0,11.6710206751861,-0.818181818181818
0.656128792429442,-22.9034270342669,42,30,750,SWEEP,2026-03,2026_03.csv,MARKET,1,72,2026-04-15T00:51:00-05:00,2026-04-15T00:51:00-05:00,13380,13380,0,LOW,LL,external,ChartPrimeLow,-1,25966,213,5.06235649418498,0.740761738986092,0.345688811526843,2.19135802469136,2.61481503768173,HIGH,92,51,18.1733546631254,SSL,CHOCH_DOWN,DOWN,28,4.74087512951099,0,0,1,EQL,0,0,0,BULLISH_FVG,0.0493841159324061,0.641993507121279,573,1,6,0,BEARISH_OB,7.95084266511738,0.592609391188873,28,0,1,1,10,18.1733546631254,0,-0.818181818181818
-8.76391687792008,-15.104459502974,42,30,750,SWEEP,2026-03,2026_03.csv,MARKET,1,73,2026-04-15T04:01:00-05:00,2026-04-15T04:01:00-05:00,13570,13570,0,HIGH,LH,external,ChartPrimeHigh,0,26038.25,98,4.23134880756055,1.29982193625178,0,1.55802861685215,1.49831808619214,LOW,72.25,190,17.0749336171256,BSL,CHOCH_DOWN,DOWN,218,11.4029833498451,0,0,1,EQL,0.590828152841717,427,1,BULLISH_FVG,0,0.118165630568343,424,1,3,0,BEARISH_OB,6.85360657296391,0.70899378341006,218,1,0,2,10,0,17.0749336171256,-0.666666666666667
-15.2358688925069,-15.8758810084404,42,30,750,GRAB,2026-03,2026_03.csv,MARKET,1,75,2026-04-15T11:23:00-05:00,2026-04-15T11:23:00-05:00,14012,14012,0,HIGH,HH,external,ChartPrimeHigh,1,26251.5,1047,8.2986904324392,1.02425799217355,0.271127115575351,1.69527202072539,1.27529424594913,LOW,317.75,350,38.2891737662523,BSL,CHOCH_UP,UP,165,25.6968255095305,0,0,0,EQL,7.77231064649339,23,0,BULLISH_FVG,1.17488416749319,0.301252350639279,1,1,4,0,BULLISH_OB,25.5461993342108,2.74139639081744,165,1,0,1,10,0,38.2891737662523,-0.818181818181818
-18.6235073213158,-13.5802741988195,42,30,750,GRAB,2026-03,2026_03.csv,MARKET,1,77,2026-04-15T20:44:00-05:00,2026-04-15T20:44:00-05:00,14513,14513,0,HIGH,HH,external,ChartPrimeHigh,-1,26465.25,355,5.54736391351777,2.16318961349525,0.85626255534187,3.07492420961455,2.22111899052105,LOW,363,468,65.4364858082313,BSL,BOS_UP,UP,388,38.5318149903841,0,0,0,EQH,11.942609324505,122,0,BULLISH_FVG,2.2082560637764,0.721063204498417,0,0,5,0,BULLISH_OB,38.7120807915087,1.75759156096489,388,1,0,1,11,0,65.4364858082313,-0.833333333333333
-2.64132413426672,-15.3796203547736,42,30,750,GRAB,2026-03,2026_03.csv,MARKET,1,78,2026-04-16T00:02:00-05:00,2026-04-16T00:02:00-05:00,14711,14711,0,LOW,HL,external,ChartPrimeLow,-1,26416.5,373,3.66224239899404,3.82279447254654,2.79883166740014,10.3038674033149,11.1387696596316,HIGH,48.75,198,13.3115164669031,SSL,BOS_UP,UP,586,45.0543634264413,0,0,0,EQH,4.77849309068317,320,0,BEARISH_FVG,0.136528374019519,0.477849309068317,281,1,2,0,BULLISH_OB,45.3274201744804,2.66230329338063,586,1,0,1,12,13.3115164669031,0,-0.846153846153846
-13.0319296840672,-17.8307873301161,42,30,750,SWEEP,2026-03,2026_03.csv,MARKET,1,79,2026-04-16T02:40:00-05:00,2026-04-16T02:40:00-05:00,14869,14869,0,HIGH,HH,external,ChartPrimeHigh,1,26488,252,4.82620447014765,2.17562269998038,1.34681405236881,3.07692307692308,3.7096876496469,LOW,71.5,158,14.8149545760569,BSL,BOS_UP,UP,98,4.71384918329082,0,0,0,EQL,4.86925080471799,60,0,BEARISH_FVG,1.60581675474742,0.518005404757233,38,1,1,0,BULLISH_OB,6.83767134279548,0.46620486428151,98,0,0,2,12,0,14.8149545760569,-0.714285714285714
-12.8315057298224,-17.9253749849514,42,30,750,SWEEP,2026-03,2026_03.csv,MARKET,1,80,2026-04-16T02:40:00-05:00,2026-04-16T02:40:00-05:00,14869,14869,0,HIGH,LH,external,ChartPrimeActiveHigh,1,26488,252,4.82620447014765,2.17562269998038,1.34681405236881,3.07692307692308,3.7096876496469,HIGH,0,0,0,BSL,BOS_UP,UP,98,4.71384918329082,0,0,0,EQL,4.86925080471799,60,0,BEARISH_FVG,1.60581675474742,0.518005404757233,38,1,1,0,BULLISH_OB,6.83767134279548,0.46620486428151,98,0,0,2,12,0,14.8149545760569,-0.714285714285714
1.06708521919629,-22.1187082445039,42,30,750,GRAB,2026-03,2026_03.csv,MARKET,1,81,2026-04-16T05:47:00-05:00,2026-04-16T05:47:00-05:00,15056,15056,0,LOW,LL,external,ChartPrimeLow,-1,26364.5,449,7.87398422152874,1.36525546629974,0.920753686574243,1.86888657648283,1.52576492567832,HIGH,123.5,187,15.6845627988854,SSL,CHOCH_DOWN,DOWN,132,6.60402644163595,0,0,0,EQL,2.79401118684598,705,0,BULLISH_FVG,0.0317501271232497,0.0952503813697492,828,1,8,0,BEARISH_OB,7.04852822136144,0.920753686574243,132,1,0,2,12,15.6845627988854,0,-0.714285714285714
-14.850252218193,-16.7894131089632,42,30,750,GRAB,2026-03,2026_03.csv,MARKET,1,83,2026-04-16T11:18:00-05:00,2026-04-16T11:18:00-05:00,15387,15387,0,HIGH,HH,external,ChartPrimeHigh,1,26564,731,9.72821074033076,0.719556780465264,0.102793825780752,1.0159127232298,0.0451368997110929,LOW,288.5,143,29.6560187377469,BSL,CHOCH_UP,UP,56,7.81233075933715,0,0,0,EQH,1.87598732049872,15,0,BULLISH_FVG,2.5698456445188,0.102793825780752,9,1,1,0,BULLISH_OB,8.19780760601497,1.77319349471797,56,1,0,1,12,0,29.6560187377469,-0.846153846153846
-10.4701371614356,-15.2609076352364,42,30,750,RUN,2026-03,2026_03.csv,MARKET,1,85,2026-04-16T20:07:00-05:00,2026-04-16T20:07:00-05:00,15856,15856,0,HIGH,LH,external,ChartPrimeHigh,1,26497.75,180,4.57392875509046,2.29561949086204,1.25712495928159,3.30882352941176,3.9520310930464,LOW,142.75,339,31.2094935543387,BSL,CHOCH_UP,UP,525,2.13164667008618,0,0,1,EQH,0.16397282077586,248,1,BULLISH_FVG,0,0.8198641038793,383,1,3,0,BULLISH_OB,2.95151077396548,3.77137487784478,525,1,0,2,13,0,31.2094935543387,-0.733333333333333
-16.5188963701736,-16.1755845342153,42,30,750,RUN,2026-03,2026_03.csv,MARKET,1,87,2026-04-17T11:36:00-05:00,2026-04-17T11:36:00-05:00,16785,16785,0,HIGH,HH,external,ChartPrimeHigh,1,26884.75,1426,11.1057479436096,1.44069540216844,0.630304238448694,1.87261982928431,1.9896712289177,LOW,444.75,693,40.0468300071509,BSL,BOS_UP,UP,486,34.8468200399492,0,0,0,EQL,12.6511065002916,144,0,BULLISH_FVG,1.66580405875726,0.810391163719749,4,1,1,0,BULLISH_OB,35.3195482187857,0.270130387906583,486,0,0,1,14,0,40.0468300071509,-0.866666666666667
-3.70256933997518,-9.88911127543738,42,30,750,RUN,2026-03,2026_03.csv,MARKET,1,88,2026-04-17T12:24:00-05:00,2026-04-17T12:24:00-05:00,16833,16833,0,LOW,HL,external,ChartPrimeLow,-1,26735.5,6755,19.7826911311034,4.23349884224416,3.15932749421206,5.28126343770767,6.78347390094661,HIGH,149.25,48,7.54447405617839,SSL,BOS_UP,UP,534,12.0180817879827,0,0,1,EQL,0.442305849189688,192,1,BULLISH_FVG,0,0.593953568911867,202,1,2,0,BULLISH_OB,12.2834652974965,0.151647719722179,534,0,0,1,15,7.54447405617839,0,-0.875
-10.757236357184,-11.3275713067299,42,30,750,RUN,2026-03,2026_03.csv,MARKET,1,89,2026-04-17T15:16:00-05:00,2026-04-17T15:16:00-05:00,17005,17005,0,HIGH,LH,external,ChartPrimeHigh,1,26845,148,7.25737702748342,0.688954147078922,0.0688954147078922,0.136897604291925,-0.520036540749583,LOW,109.5,172,15.0880958210284,BSL,BOS_UP,UP,706,47.8478655146311,0,0,0,EQL,4.30596341924326,143,1,BULLISH_FVG,0,0.413372488247353,308,1,1,0,BULLISH_OB,48.571267369064,0.413372488247353,706,0,0,2,15,0,15.0880958210284,-0.764705882352941
-14.7523886231034,-28.4210870439579,42,30,750,GRAB,2026-03,2026_03.csv,MARKET,1,91,2026-04-19T20:56:00-05:00,2026-04-19T20:56:00-05:00,17285,17285,0,HIGH,LH,external,ChartPrimeHigh,-1,26714.75,171,5.23346313772041,1.76747208427441,1.00315983161521,1.82497331910352,1.12500080899665,LOW,179.75,236,34.346281853873,BSL,BOS_UP,UP,986,41.4639397067619,0,0,0,EQL,2.34070627376882,5,1,BEARISH_FVG,0,50.7789952860459,234,1,0,0,BULLISH_OB,42.4670995383771,0.573234189494404,986,0,0,3,15,0,34.346281853873,-0.666666666666667
0.992452510787518,-16.7211583701851,42,30,750,SWEEP,2026-03,2026_03.csv,MARKET,1,92,2026-04-20T00:44:00-05:00,2026-04-20T00:44:00-05:00,17513,17513,0,LOW,HL,external,ChartPrimeLow,-1,26612,399,6.95271386468113,1.97764502719552,1.40233011019319,3.01929625425653,2.17921142160189,HIGH,102.75,228,14.7784019304974,SSL,BOS_UP,UP,1214,16.4324323168792,0,0,0,EQL,2.91253176732431,896,1,BULLISH_FVG,0,1.3304157455679,456,1,4,0,BULLISH_OB,17.1875331454447,0.43148618775175,1214,0,0,3,16,14.7784019304974,0,-0.684210526315789
-12.0878280790027,-26.4328141130064,42,30,750,SWEEP,2026-03,2026_03.csv,MARKET,1,93,2026-04-20T08:30:00-05:00,2026-04-20T08:30:00-05:00,17979,17979,0,HIGH,HH,external,ChartPrimeHigh,1,26827.75,5341,12.0199073552137,2.64145130754509,0.228787121125953,14.7950138504155,21.1445048510585,LOW,215.75,466,17.9493895937907,BSL,BOS_UP,UP,369,9.40107079535734,0,0,0,EQL,1.16473443482303,1117,1,BEARISH_FVG,0,22.1091554324444,928,1,5,0,BULLISH_OB,10.5450064009871,0.499171900638443,369,1,0,3,16,0,17.9493895937907,-0.684210526315789
0.109996249390919,-7.77824084895875,42,30,750,SWEEP,2026-03,2026_03.csv,MARKET,1,94,2026-04-20T10:07:00-05:00,2026-04-20T10:07:00-05:00,18076,18076,0,LOW,LL,external,ChartPrimeLow,-1,26568.75,1558,21.8736703340758,0.822907163045189,0.480029178443027,0.830202754909013,-0.198681976718346,HIGH,259,97,11.840719734928,SSL,CHOCH_DOWN,DOWN,3,1.97726304453914,0,1,0,EQH,1.0514924861133,2704,0,BULLISH_FVG,0.0114292661534054,0.0342877984602162,1564,1,3,0,BEARISH_OB,2.58301415066962,0.69718523535773,3,0,1,3,16,11.840719734928,0,-0.684210526315789
-14.3905934539972,-28.2613766576901,42,30,750,RUN,2026-03,2026_03.csv,MARKET,1,95,2026-04-20T19:10:00-05:00,2026-04-20T19:10:00-05:00,18559,18559,0,HIGH,LH,external,ChartPrimeHigh,1,26819,197,5.95054906305892,1.84856891077298,1.51246547245062,1.92288921425085,0.791571070315541,LOW,250.25,483,42.0549427200853,BSL,CHOCH_DOWN,DOWN,486,34.7867058663643,0,0,1,EQL,0.882271525596195,1697,1,BEARISH_FVG,0,44.6597443670836,1508,1,1,0,BULLISH_OB,19.8301028610192,1.00831031496708,949,1,0,4,16,0,42.0549427200853,-0.6
0.183146267686865,-15.8218959358465,42,30,750,RUN,2026-03,2026_03.csv,MARKET,1,96,2026-04-20T19:38:00-05:00,2026-04-20T19:38:00-05:00,18587,18587,0,LOW,HL,external,ChartPrimeLow,-1,26785,100,5.37542112456517,1.1161916175424,0.279047904385601,1.06157112526539,0.082341518116053,HIGH,34,28,6.32508583274028,SSL,CHOCH_DOWN,DOWN,514,32.1835249724726,0,0,0,EQL,1.16269960160667,1605,1,BULLISH_FVG,0,1.58127145818507,155,1,0,0,BULLISH_OB,15.6266826455936,1.1161916175424,977,1,0,4,17,6.32508583274028,0,-0.619047619047619
-12.3282601807568,-27.7420840232914,42,30,750,SWEEP,2026-03,2026_03.csv,MARKET,1,97,2026-04-20T19:47:00-05:00,2026-04-20T19:47:00-05:00,18596,18596,0,HIGH,HH,external,ChartPrimeHigh,1,26838.5,1295,8.01969687550524,4.67598720776308,2.55620634024381,12.8663686040735,21.0469096466989,LOW,53.5,9,6.67107508307532,BSL,CHOCH_DOWN,DOWN,523,28.242962734889,0,0,0,EQL,3.08615155712363,1734,1,BEARISH_FVG,0,33.1371626790143,1545,1,2,0,BULLISH_OB,17.1452864284646,0.748157953242092,986,1,0,4,17,0,6.67107508307532,-0.619047619047619
-0.828190483379612,-15.7572905750062,42,30,750,RUN,2026-03,2026_03.csv,MARKET,1,98,2026-04-20T22:22:00-05:00,2026-04-20T22:22:00-05:00,18751,18751,0,LOW,HL,external,ChartPrimeLow,-1,26790,177,3.50594418368191,2.49576135316873,1.35484187743445,3.582995951417,3.58161416669614,HIGH,48.5,155,13.8336486432781,SSL,CHOCH_DOWN,DOWN,678,50.7709166701752,0,0,1,EQL,0.356537336166961,1769,1,BULLISH_FVG,0,0.926997074034099,160,1,4,0,BULLISH_OB,25.3854583350876,1.71137921360141,1141,1,0,3,18,13.8336486432781,0,-0.714285714285714
-11.6205221824086,-15.1050194257161,42,30,750,SWEEP,2026-03,2026_03.csv,MARKET,1,99,2026-04-21T01:10:00-05:00,2026-04-21T01:10:00-05:00,18918,18918,0,HIGH,HH,external,ChartPrimeHigh,1,26857.25,223,5.18782618064668,1.54207171200997,1.15655378400748,2.6754649070186,1.63390589580958,LOW,67.25,167,12.9630403290839,BSL,CHOCH_UP,UP,61,3.61423057502338,0,0,0,EQH,2.84319471901839,53,1,BEARISH_FVG,0,3.51785109302276,2099,1,3,0,BULLISH_OB,3.51785109302276,1.01198456100655,61,1,0,2,18,0,12.9630403290839,-0.8
-1.07238652577778,-14.1083393609531,42,30,750,RUN,2026-03,2026_03.csv,MARKET,1,100,2026-04-21T03:06:00-05:00,2026-04-21T03:06:00-05:00,19034,19034,0,LOW,HL,external,ChartPrimeLow,-1,26797.25,288,6.48621934147625,3.044917071137,1.81153294105619,3.71612903225806,3.55472402712844,HIGH,60,116,9.25038097560607,SSL,CHOCH_UP,UP,177,6.35963692072917,0,0,1,EQL,0.847951589430556,527,1,BEARISH_FVG,0,0.192716270325126,281,1,2,0,BULLISH_OB,5.62731509349369,0.809408335365531,177,1,0,2,19,9.25038097560607,0,-0.80952380952381
-14.0860184211679,-16.282229473394,42,30,750,GRAB,2026-03,2026_03.csv,MARKET,1,101,2026-04-21T06:40:00-05:00,2026-04-21T06:40:00-05:00,19248,19248,0,HIGH,HH,external,ChartPrimeHigh,1,26901.75,205,6.86401007440684,1.2019213128432,0.473484153544289,1.18978525827046,0.303208174058798,LOW,104.5,214,15.2243366293472,BSL,BOS_UP,UP,62,6.48309071776027,0,0,0,EQH,6.73804372351489,316,0,BULLISH_FVG,1.96678033010705,0.874124591158688,6,1,2,0,BULLISH_OB,7.10226230316434,0.473484153544289,62,1,0,1,19,0,15.2243366293472,-0.9
1.85912566434571,-10.6329326603085,42,30,750,RUN,2026-03,2026_03.csv,MARKET,1,102,2026-04-21T12:20:00-05:00,2026-04-21T12:20:00-05:00,19588,19588,0,LOW,LL,external,ChartPrimeLow,1,26600,1435,18.2871346909539,0.956956915106922,0.218733009167297,0.899771138351569,-0.151149879137458,HIGH,301.75,340,16.5006713790579,SSL,CHOCH_DOWN,DOWN,230,10.7862715145623,0,0,0,EQL,1.76353488641133,2971,1,BULLISH_FVG,0,1.91391383021384,2535,1,4,0,BEARISH_OB,1.38075212036856,0.833919597450318,1515,1,0,1,17,16.5006713790579,0,-0.888888888888889
-8.57173732317223,-13.5021252066356,42,30,750,SWEEP,2026-03,2026_03.csv,MARKET,1,103,2026-04-21T14:32:00-05:00,2026-04-21T14:32:00-05:00,19720,19720,0,HIGH,LH,external,ChartPrimeHigh,-1,26786.5,506,13.7956085354134,0.688624932754033,0.235582213836906,0.454035622953026,-0.716461415693465,LOW,186.5,132,13.5187947324871,BSL,CHOCH_DOWN,DOWN,362,0.779233476537458,0,0,1,EQL,0.344312466377016,2738,1,BULLISH_FVG,0,1.17791106918453,338,1,2,0,BEARISH_OB,1.61283207934497,0.724868350267403,362,1,0,2,17,0,13.5187947324871,-0.789473684210526
-14.1760825091929,-11.4793433088347,42,30,750,SWEEP,2026-03,2026_03.csv,MARKET,1,105,2026-04-21T21:29:00-05:00,2026-04-21T21:29:00-05:00,20077,20077,0,HIGH,HH,external,ChartPrimeHigh,1,26837.75,325,4.34033735461195,3.28315493376529,1.15198418728607,7.15859030837004,15.5612148069924,LOW,286,345,65.893495512763,BSL,CHOCH_UP,UP,140,11.8078379196822,0,0,1,EQL,0.806388931100246,1205,1,BULLISH_FVG,0,1.6703770715648,682,1,1,1,BULLISH_OB,0,1.20958339665037,1220,1,0,2,16,0,65.893495512763,-0.777777777777778
1.60001879176731,-13.6382243377963,42,30,750,SWEEP,2026-03,2026_03.csv,MARKET,1,106,2026-04-22T00:00:00-05:00,2026-04-22T00:00:00-05:00,20228,20228,0,LOW,HL,external,ChartPrimeLow,0,26765.5,314,4.6717826565366,2.88968922411475,0,5.04417670682731,5.49142945185391,HIGH,72.25,151,15.4651886253549,SSL,CHOCH_UP,UP,291,4.49507212640073,0,0,1,EQH,0.481614870685792,2236,1,BULLISH_FVG,0,0.856204214552519,313,1,4,0,BULLISH_OB,2.03348500956223,1.28430632182878,291,1,0,2,17,15.4651886253549,0,-0.789473684210526
-11.8147336530487,-14.4862634576795,42,30,750,SWEEP,2026-03,2026_03.csv,MARKET,1,107,2026-04-22T02:44:00-05:00,2026-04-22T02:44:00-05:00,20392,20392,0,HIGH,HH,external,ChartPrimeHigh,1,26864.5,161,6.60343665018007,0.984335936625174,0.454308893827003,1.55255544840887,0.616221304930155,LOW,99,164,14.9921934962911,BSL,BOS_UP,UP,144,4.05092096995745,0,0,0,EQH,1.36292668148101,1460,1,BEARISH_FVG,0,1.93081279876476,984,1,1,0,BULLISH_OB,1.74151742633685,0.492167968312587,1206,1,0,2,17,0,14.9921934962911,-0.789473684210526
-0.271640878806309,-14.6181844899964,42,30,750,RUN,2026-03,2026_03.csv,MARKET,1,108,2026-04-22T06:43:00-05:00,2026-04-22T06:43:00-05:00,20631,20631,0,LOW,HL,external,ChartPrimeLow,-1,26806,264,6.88945542322596,1.81436691757371,1.4152061957075,2.05847953216374,1.81811681876582,HIGH,58.5,239,8.49123717424499,SSL,BOS_UP,UP,383,4.60849197063724,0,0,1,EQH,0.0725746767029486,1870,1,BULLISH_FVG,0,0.290298706811794,170,1,1,0,BEARISH_OB,0.399160721866217,1.45149353405897,1273,1,0,2,18,8.49123717424499,0,-0.8
-19.8085615435214,-16.5306482220929,42,30,750,SWEEP,2026-03,2026_03.csv,MARKET,1,109,2026-04-22T15:08:00-05:00,2026-04-22T15:08:00-05:00,21136,21136,0,HIGH,HH,external,ChartPrimeHigh,1,27136,730,13.8418502928184,0.758569105854851,0.162550522683182,0.388081124903644,-0.540063665550283,LOW,330,505,23.8407433268668,BSL,BOS_UP,UP,482,19.614429737104,0,0,1,EQH,0,0,0,BULLISH_FVG,1.67968873439289,0.126428184309142,2,0,4,0,BULLISH_OB,19.8131025981612,0.307039876179345,482,1,0,1,18,0,23.8407433268668,-0.894736842105263
2.65969954146709,-15.954411755965,42,30,750,SWEEP,2026-03,2026_03.csv,MARKET,1,110,2026-04-22T22:40:00-05:00,2026-04-22T22:40:00-05:00,21528,21528,0,LOW,HL,external,ChartPrimeLow,-1,26865,244,8.1659634509269,1.07152083799822,0.0306148810856633,1.53604028958137,0.927131636786978,HIGH,271,392,33.1865310968591,SSL,BOS_UP,UP,874,0.0612297621713267,0,0,0,EQH,1.16336548125521,2596,1,BULLISH_FVG,0,0.887831551484237,795,1,5,0,BULLISH_OB,0.397993454113624,0.520452978456277,874,1,0,1,19,33.1865310968591,0,-0.9
-9.08659209082017,-12.2536158713452,42,30,750,GRAB,2026-03,2026_03.csv,MARKET,1,111,2026-04-23T02:49:00-05:00,2026-04-23T02:49:00-05:00,21777,21777,0,HIGH,LH,external,ChartPrimeHigh,1,27013.5,246,9.00229105629595,1.388535420798,0.749809127230922,1.98387096774194,1.47433773560325,LOW,148.5,249,16.4958007990803,BSL,BOS_UP,UP,1123,16.5513422159122,0,0,1,EQH,0.638726293567082,920,1,BULLISH_FVG,0,0.16662425049576,366,1,0,0,BULLISH_OB,16.8568200084878,0.472102043071321,1123,1,0,2,19,0,16.4958007990803,-0.80952380952381
2.38947592874635,-16.6307464144414,42,30,750,SWEEP,2026-03,2026_03.csv,MARKET,1,112,2026-04-23T04:08:00-05:00,2026-04-23T04:08:00-05:00,21856,21856,0,LOW,HL,external,ChartPrimeLow,0,26890,182,8.34450940274352,1.25831244153764,0,1.1741935483871,0.296479616125762,HIGH,123.5,79,14.8001510980856,SSL,BOS_UP,UP,1202,3.05590164373427,0,0,0,EQL,3.95469624483258,283,1,BULLISH_FVG,0,0.958714241171536,1079,1,6,0,BULLISH_OB,3.38545966413698,0.509316940622378,1202,1,0,2,20,14.8001510980856,0,-0.818181818181818
-14.3673541838361,-15.4771588722615,42,30,750,SWEEP,2026-03,2026_03.csv,MARKET,1,113,2026-04-23T10:33:00-05:00,2026-04-23T10:33:00-05:00,22241,22241,0,HIGH,HH,external,ChartPrimeHigh,1,27155.75,838,11.6976965074004,0.619780141792307,0.170973832218567,1.00751427712654,0.0225346499798712,LOW,265.75,385,22.7181479560422,BSL,BOS_UP,UP,226,12.1605138165456,0,0,0,EQH,1.68836659315835,1105,0,BULLISH_FVG,1.06858645136605,0.213717290273209,8,1,5,0,BULLISH_OB,15.9005663963268,0.406062851519098,226,1,0,1,20,0,22.7181479560422,-0.904761904761905
-14.8257228479597,-12.1607628293166,42,30,750,GRAB,2026-03,2026_03.csv,MARKET,1,115,2026-04-23T19:30:00-05:00,2026-04-23T19:30:00-05:00,22718,22718,0,HIGH,LH,external,ChartPrimeHigh,1,27135.75,376,6.32352269596606,1.89767643400017,1.22558269695844,2.60478004849325,3.2107631881259,LOW,454,344,71.7954250863397,BSL,CHOCH_DOWN,DOWN,371,38.8628319712951,0,0,1,EQH,0.0395349257083368,1582,1,BULLISH_FVG,0,1.14651284554177,477,1,3,0,BULLISH_OB,26.2511906703356,0.751163588458399,703,1,0,2,17,0,71.7954250863397,-0.789473684210526
1.4162343844614,-15.704329162034,42,30,750,SWEEP,2026-03,2026_03.csv,MARKET,1,116,2026-04-23T23:25:00-05:00,2026-04-23T23:25:00-05:00,22953,22953,0,LOW,HL,external,ChartPrimeLow,-1,27016.25,119,5.90002239221983,1.18643617509498,0.0847454410782126,1.89189189189189,1.68841923637148,HIGH,119.5,235,20.2541604176928,SSL,CHOCH_DOWN,DOWN,606,21.3982238722487,0,0,0,EQL,1.22880889563408,50,1,BULLISH_FVG,0,11.567752707176,383,1,3,0,BULLISH_OB,7.88132602027377,0.805081690243019,938,1,0,2,18,20.2541604176928,0,-0.8
-2.45705112086983,-6.17839207797283,42,30,750,SWEEP,2026-03,2026_03.csv,MARKET,1,117,2026-04-24T03:21:00-05:00,2026-04-24T03:21:00-05:00,23189,23189,0,HIGH,HH,external,ChartPrimeHigh,-1,27153.75,514,10.4150375831168,2.04031908962548,0.720112619867817,2.30080572963295,2.02113600271612,LOW,137.5,236,13.2020646975766,BSL,CHOCH_UP,UP,1,1.72827028768276,0,1,0,EQH,1.70426653368717,2053,0,BEARISH_FVG,0.504078833907472,0.192030031964751,945,1,1,0,BULLISH_OB,5.85691597492491,0.600093849889847,1,0,1,2,18,0,13.2020646975766,-0.8
-1.31846083068129,-12.7319869296081,42,30,750,SWEEP,2026-03,2026_03.csv,MARKET,1,118,2026-04-24T04:22:00-05:00,2026-04-24T04:22:00-05:00,23250,23250,0,LOW,HL,external,ChartPrimeLow,-1,27064.5,596,8.5185304691623,3.99129874842644,1.23260696642581,7.83180026281209,15.6749335704314,HIGH,89.25,61,10.4771592146194,SSL,CHOCH_UP,UP,62,8.36411870074659,0,0,1,EQL,0.733694622872508,558,1,BULLISH_FVG,0,0.381521203893704,586,1,0,0,BULLISH_OB,2.58260507251123,0.733694622872508,62,1,0,2,19,10.4771592146194,0,-0.80952380952381
-18.865725652549,-17.9034151071031,42,30,750,GRAB,2026-03,2026_03.csv,MARKET,1,119,2026-04-24T06:30:00-05:00,2026-04-24T06:30:00-05:00,23378,23378,0,HIGH,HH,external,ChartPrimeHigh,-1,27363.75,891,21.1767468391051,1.08609694278104,0.42499445587084,1.19038076152305,0.43073548535931,LOW,299.25,128,14.1310656577054,BSL,BOS_UP,UP,70,9.91653730365294,0,0,0,EQL,4.65132821147531,9,0,BULLISH_FVG,3.69509068576592,0.31874584190313,7,0,2,0,BULLISH_OB,9.99917511451672,0.224302629487388,70,1,0,1,19,0,14.1310656577054,-0.9
0.646104803375294,-10.8836679116294,42,30,750,SWEEP,2026-03,2026_03.csv,MARKET,1,120,2026-04-24T08:56:00-05:00,2026-04-24T08:56:00-05:00,23524,23524,0,LOW,HL,external,ChartPrimeLow,1,27130.25,2167,25.4464478415771,1.21824469147906,0.0294736618906223,1.25303573493697,1.17372178148633,HIGH,233.5,146,9.17613340194708,SSL,BOS_UP,UP,216,0.923508072572833,0,0,1,EQH,0.167017417380193,726,1,BULLISH_FVG,0,0.0982455396354077,223,1,2,0,BULLISH_OB,0.668069669520773,0.186666525307275,216,1,0,1,20,9.17613340194708,0,-0.904761904761905
-16.3813620669673,-17.7672015236713,42,30,750,SWEEP,2026-03,2026_03.csv,MARKET,1,121,2026-04-24T12:54:00-05:00,2026-04-24T12:54:00-05:00,23762,23762,0,HIGH,HH,external,ChartPrimeHigh,1,27462.5,3833,11.6895118545356,3.1866172397564,0.919627794023658,7.34572633192794,14.5269350823572,LOW,332.25,238,28.4229148431963,BSL,BOS_UP,UP,130,8.44774368928709,0,0,0,EQH,5.00448613491944,108,0,BEARISH_FVG,3.87099141205307,0.128320157305627,73,1,1,0,BULLISH_OB,11.5274274646221,0.855467715370845,130,0,0,1,20,0,28.4229148431963,-0.904761904761905
1.21312772333888,-14.8599104043277,42,30,750,SWEEP,2026-03,2026_03.csv,MARKET,1,122,2026-04-26T17:06:00-05:00,2026-04-26T17:06:00-05:00,23954,23954,0,LOW,HL,external,ChartPrimeLow,-1,27344.25,399,11.2614103562029,1.13218501028844,0.310795885177219,1.83955739972337,0.793738071290697,HIGH,118.25,192,10.5004609777732,SSL,BOS_UP,UP,322,1.73157707455879,0,0,0,EQL,3.59635238562211,157,1,BULLISH_FVG,0,2.66396473009045,320,1,3,0,BULLISH_OB,1.46518060154975,0.887988243363484,322,0,0,1,21,10.5004609777732,0,-0.909090909090909
-16.2959543791929,-15.3820838665078,42,30,750,GRAB,2026-03,2026_03.csv,MARKET,1,123,2026-04-26T23:39:00-05:00,2026-04-26T23:39:00-05:00,24347,24347,0,HIGH,HH,external,ChartPrimeHigh,1,27540,184,3.81290665278833,1.31133553881881,0.0655667769409403,3.1587982832618,3.35066874968558,LOW,195.75,393,51.3387863447563,BSL,BOS_UP,UP,219,20.3257008516915,0,0,0,EQL,4.45854083198394,51,0,BULLISH_FVG,1.83586975434633,1.24576876187787,159,1,2,0,BULLISH_OB,20.9813686211009,2.16370363905103,219,0,0,1,21,0,51.3387863447563,-0.909090909090909
3.41338903485288,-12.8405460890826,42,30,750,SWEEP,2026-03,2026_03.csv,MARKET,1,124,2026-04-27T03:15:00-05:00,2026-04-27T03:15:00-05:00,24563,24563,0,LOW,HL,external,ChartPrimeLow,1,27388,150,8.53402928657334,1.34754634813511,0.937423546528773,1.03770321687997,0.067719121245217,HIGH,152,216,17.8110473840467,SSL,BOS_UP,UP,435,8.7297567770492,0,0,1,EQL,0,0,1,BULLISH_FVG,0,0.35153382994829,493,1,0,0,BULLISH_OB,7.05997108479482,1.17177943316097,931,0,0,1,22,17.8110473840467,0,-0.91304347826087
-11.8054493884209,-13.1132590738908,42,30,750,SWEEP,2026-03,2026_03.csv,MARKET,1,125,2026-04-27T06:32:00-05:00,2026-04-27T06:32:00-05:00,24760,24760,0,HIGH,LH,external,ChartPrimeHigh,1,27500.25,177,5.40707334337683,0.601064530404595,0.138707199324137,1.69377990430622,2.09276393215381,LOW,112.25,197,20.7598441655126,BSL,BOS_UP,UP,632,6.98159569931491,0,0,0,EQL,4.20745171283217,464,1,BEARISH_FVG,0,1.1096575945931,385,1,0,0,BULLISH_OB,7.44395303039537,1.52577919256551,632,1,0,2,22,0,20.7598441655126,-0.833333333333333
1.08300735917369,-9.84518077792544,42,30,750,GRAB,2026-03,2026_03.csv,MARKET,1,126,2026-04-27T08:52:00-05:00,2026-04-27T08:52:00-05:00,24900,24900,0,LOW,LL,external,ChartPrimeLow,1,27298.5,2098,24.7632789324514,0.858125454951469,0.53506646014621,1.03225171590937,0.111396891388346,HIGH,201.75,140,8.14714402524513,SSL,CHOCH_DOWN,DOWN,22,3.61422250438384,0,0,0,EQH,1.28214038563337,1412,1,BEARISH_FVG,0,0.191816278165623,1471,1,2,0,BULLISH_OB,0.777360706250155,0.403823743506574,1268,1,1,2,21,8.14714402524513,0,-0.826086956521739
-13.0957156422604,-13.6971980472425,42,30,750,RUN,2026-03,2026_03.csv,MARKET,1,127,2026-04-27T19:11:00-05:00,2026-04-27T19:11:00-05:00,25459,25459,0,HIGH,HH,external,ChartPrimeHigh,1,27512,146,6.92045664553868,0.650246108094754,0.144499135132167,1.35498839907193,0.435047247676435,LOW,213.5,559,30.8505653507178,BSL,CHOCH_UP,UP,32,1.69786483780297,0,0,0,EQL,1.58949048645384,1163,1,BEARISH_FVG,0,0.758620459443879,1087,1,3,0,BULLISH_OB,1.66174005401993,0.758620459443879,32,1,0,2,21,0,30.8505653507178,-0.826086956521739
2.30984187464135,-13.3170887099324,42,30,750,RUN,2026-03,2026_03.csv,MARKET,1,128,2026-04-27T21:58:00-05:00,2026-04-27T21:58:00-05:00,25626,25626,0,LOW,HL,external,ChartPrimeLow,1,27386,201,6.08617793040902,2.09491082018746,0.575073558482833,1.94296761720638,1.07260981215236,HIGH,126,167,20.702648105382,SSL,CHOCH_UP,UP,199,18.7720440161896,0,0,1,EQL,0.205383413743869,1829,1,BULLISH_FVG,0,0.410766827487738,538,1,1,0,BEARISH_OB,1.15014711696567,3.36828798539945,748,1,0,2,22,20.702648105382,0,-0.833333333333333
-10.6752600726442,-14.2568737252588,42,30,750,RUN,2026-03,2026_03.csv,MARKET,1,129,2026-04-27T23:46:00-05:00,2026-04-27T23:46:00-05:00,25734,25734,0,HIGH,LH,external,ChartPrimeHigh,1,27439.5,78,2.98965321965933,1.25432607880432,0.836217385869548,2.48407643312102,1.79437932585489,LOW,53.5,108,17.8950520576083,BSL,CHOCH_UP,UP,307,20.32008247663,0,0,1,EQH,0.16724347717391,1267,1,BEARISH_FVG,0,5.10092605380424,167,1,2,0,BULLISH_OB,4.09746519076079,2.75951737336951,1606,1,0,3,22,0,17.8950520576083,-0.76
2.43642470376793,-11.1285303680904,42,30,750,GRAB,2026-03,2026_03.csv,MARKET,1,130,2026-04-28T07:31:00-05:00,2026-04-28T07:31:00-05:00,26199,26199,0,LOW,LL,external,ChartPrimeLow,1,27036.5,604,16.5214772683502,0.877645489230994,0.181581825358137,0.764750569764497,-0.247300779186028,HIGH,403,465,24.3924918731097,SSL,CHOCH_DOWN,DOWN,440,21.1542826542229,0,0,1,EQL,0.438822744615497,6,1,BULLISH_FVG,0,0.0151318187798447,3227,1,2,0,BULLISH_OB,3.02636375596895,0.378295469496118,3011,1,0,3,19,24.3924918731097,0,-0.727272727272727
-5.90747565302373,-8.83664915735503,42,30,750,RUN,2026-03,2026_03.csv,MARKET,1,131,2026-04-28T08:49:00-05:00,2026-04-28T08:49:00-05:00,26277,26277,0,HIGH,LH,external,ChartPrimeHigh,-1,27252,3018,24.3156471757173,1.32630646295141,0.771108408692679,1.09623871705926,0.200498949318417,LOW,215.5,78,8.86260597724119,BSL,CHOCH_DOWN,DOWN,518,5.51085476079035,0,0,1,EQL,0.544916608809493,2908,1,BEARISH_FVG,0,0.452383599766372,163,1,2,0,BULLISH_OB,2.704020153149,0.411257817969429,2645,1,0,4,19,0,8.86260597724119,-0.652173913043478
-13.523047112834,-13.1326596833787,42,30,750,SWEEP,2026-03,2026_03.csv,MARKET,1,133,2026-04-28T19:30:00-05:00,2026-04-28T19:30:00-05:00,26858,26858,0,HIGH,HH,external,ChartPrimeHigh,1,27294,133,5.3316033833215,1.03158461058924,0.750243353155813,0.977941176470588,-0.057545651009496,LOW,284.5,461,53.3610584932072,BSL,CHOCH_UP,UP,30,7.87755520813604,0,0,0,EQL,1.64115733502834,918,1,BEARISH_FVG,0,0.937804191444766,830,1,2,0,BULLISH_OB,4.45456990936264,1.87560838288953,3226,1,1,4,18,0,53.3610584932072,-0.636363636363636
-0.449968968972697,-13.4129088721486,42,30,750,RUN,2026-03,2026_03.csv,MARKET,1,134,2026-04-28T20:08:00-05:00,2026-04-28T20:08:00-05:00,26896,26896,0,LOW,HL,external,ChartPrimeLow,-1,27191.75,814,9.41603592425281,1.88508201782466,1.16821984203219,4.40357046253719,3.5277914191089,HIGH,102.25,38,10.8591344407083,SSL,CHOCH_UP,UP,68,6.39865868022174,0,0,1,EQH,0,276,1,BULLISH_FVG,0,0.584109921016093,187,1,1,0,BULLISH_OB,4.22152170188903,0.504458568150262,3588,1,0,4,19,10.8591344407083,0,-0.652173913043478
-11.4027231776781,-13.9200158650952,42,30,750,RUN,2026-03,2026_03.csv,MARKET,1,135,2026-04-29T01:05:00-05:00,2026-04-29T01:05:00-05:00,27193,27193,0,HIGH,HH,external,ChartPrimeHigh,1,27317.25,53,5.18321564411398,1.25404776615485,0.627023883077424,0.769230769230769,-0.263540295798538,LOW,125.5,297,24.2127684080667,BSL,BOS_UP,UP,112,4.48563239432311,0,0,1,EQH,0,0,1,BEARISH_FVG,0,0.627023883077424,1178,1,2,0,BULLISH_OB,0.0964652127811422,1.92930425562284,3561,1,0,4,19,0,24.2127684080667,-0.652173913043478
0.205421882851443,-13.9055773502828,42,30,750,SWEEP,2026-03,2026_03.csv,MARKET,1,136,2026-04-29T03:16:00-05:00,2026-04-29T03:16:00-05:00,27324,27324,0,LOW,HL,external,ChartPrimeLow,-1,27198,356,10.7210876989533,1.30583765314846,0.699555885615248,1.91500806885422,1.68914245513189,HIGH,119.25,131,11.1229385812824,SSL,BOS_UP,UP,243,8.95431533587518,0,0,1,EQH,0.582963238012707,704,1,BULLISH_FVG,0,2.02871206828422,614,1,1,0,BULLISH_OB,3.84755737088387,0.396415001848641,496,1,0,4,20,11.1229385812824,0,-0.666666666666667
-9.85374143384352,-13.686014301372,42,30,750,SWEEP,2026-03,2026_03.csv,MARKET,1,137,2026-04-29T05:32:00-05:00,2026-04-29T05:32:00-05:00,27460,27460,0,HIGH,LH,external,ChartPrimeHigh,1,27288.5,58,6.79427950100153,0.588730563617579,0.0735913204521974,0.48494983277592,-0.727153641009419,LOW,90.5,136,13.3200290018477,BSL,BOS_UP,UP,379,0.809504524974172,0,0,1,EQL,0.0735913204521974,367,1,BULLISH_FVG,0,1.03027848633076,231,1,3,0,BULLISH_OB,0.110386980678296,0.662321884069777,379,1,0,5,20,0,13.3200290018477,-0.6
0.525102842090122,-8.2270147289851,42,30,750,SWEEP,2026-03,2026_03.csv,MARKET,1,138,2026-04-29T08:35:00-05:00,2026-04-29T08:35:00-05:00,27643,27643,0,LOW,LL,external,ChartPrimeLow,-1,27124.25,2075,18.8487872388873,1.27329146941004,0.0397903584190638,1.97543792840823,0.753532997192196,HIGH,164.25,183,8.71408849377498,SSL,CHOCH_DOWN,DOWN,5,3.91271857787461,0,1,1,EQH,0.0928441696444822,4845,1,BEARISH_FVG,0,0.809070621187631,1318,1,1,0,BEARISH_OB,1.12739348854014,1.85688339288964,1305,1,1,5,19,8.71408849377498,0,-0.583333333333333
-1.63881650393322,-6.11582064854278,42,30,750,RUN,2026-03,2026_03.csv,MARKET,1,139,2026-04-29T09:37:00-05:00,2026-04-29T09:37:00-05:00,27705,27705,0,HIGH,HH,external,ChartPrimeHigh,-1,27315.5,1537,15.646896811858,1.00658936972498,0.30357457182182,1.32872271450184,1.02994639911964,LOW,191.25,62,12.2228709180891,BSL,CHOCH_UP,UP,2,1.7255817766714,0,1,1,EQH,0.111843263302776,512,1,BULLISH_FVG,0,0.335529789908327,4093,1,5,0,BULLISH_OB,0.143798481389283,0.639104361730147,4073,1,1,5,19,0,12.2228709180891,-0.583333333333333
0.797543220623051,-12.3608679003253,42,30,750,SWEEP,2026-03,2026_03.csv,MARKET,1,140,2026-04-29T11:34:00-05:00,2026-04-29T11:34:00-05:00,27822,27822,0,LOW,HL,external,ChartPrimeLow,-1,27153.5,1308,15.0820910147804,0.92825324991608,0.182335459804944,1.44746306645272,0.868083854439487,HIGH,162,117,10.7412161776004,SSL,CHOCH_UP,UP,119,8.95101348133363,0,0,0,EQL,1.12716466061238,4474,1,BULLISH_FVG,0,1.21004441506918,176,1,4,0,BULLISH_OB,0.0994557053481514,0.314943066935813,4514,1,0,5,20,10.7412161776004,0,-0.6
-6.04579359499445,-8.49770906782257,42,30,750,RUN,2026-03,2026_03.csv,MARKET,1,141,2026-04-29T15:03:00-05:00,2026-04-29T15:03:00-05:00,28031,28031,0,HIGH,HH,external,ChartPrimeHigh,-1,27414,2674,33.4450718927408,1.45761384984737,0.276572884330014,1.71889563847909,0.822758606579166,LOW,260.5,209,7.78889041815876,BSL,BOS_UP,UP,49,2.94512747097366,0,0,1,EQH,0.0224248284591903,3124,1,BEARISH_FVG,0,0.0523245997381107,2281,1,0,0,BEARISH_OB,0.0149498856394602,0.612945311217868,3153,1,0,4,20,0,7.78889041815876,-0.666666666666667
-15.4950303464769,-14.5336872794902,42,30,750,GRAB,2026-03,2026_03.csv,MARKET,1,143,2026-04-29T19:39:00-05:00,2026-04-29T19:39:00-05:00,28247,28247,0,HIGH,HH,external,ChartPrimeHigh,1,27622.75,243,9.94100574406405,1.38315984861093,0.980786074469567,1.0595160235448,0.0601435819835546,LOW,528.75,201,53.1887832693111,BSL,CHOCH_UP,UP,146,20.9988813380023,0,0,0,EQL,10.0341959926502,3951,0,BULLISH_FVG,1.30771476595942,0.402373774141361,0,1,3,0,BULLISH_OB,12.2975484721953,0.528115578560536,2820,1,0,1,19,0,53.1887832693111,-0.9
3.08163113936498,-14.7438274684942,42,30,750,GRAB,2026-03,2026_03.csv,MARKET,1,144,2026-04-30T01:11:00-05:00,2026-04-30T01:11:00-05:00,28579,28579,0,LOW,HL,external,ChartPrimeLow,-1,27185.25,256,12.148403848354,1.2553089434927,0.905468746125884,1.41397404032035,0.82881976547224,HIGH,437.5,332,36.0129614936431,SSL,CHOCH_UP,UP,478,18.8296341523905,0,0,1,EQH,0.288103691949145,5234,1,BULLISH_FVG,0,6.15307170662817,489,1,2,0,BEARISH_OB,1.83151632739099,1.09067826237891,941,1,0,1,20,36.0129614936431,0,-0.904761904761905
-18.6505811209452,-15.5397566067862,42,30,750,RUN,2026-03,2026_03.csv,MARKET,1,145,2026-04-30T07:30:00-05:00,2026-04-30T07:30:00-05:00,28958,28958,0,HIGH,LH,external,ChartPrimeHigh,-1,27550,528,12.3405638125594,1.80299703789509,0.0607751810526435,1.55844155844156,0.855840012100427,LOW,364.75,379,29.556996385269,BSL,CHOCH_UP,UP,857,11.0205661642127,0,0,0,EQL,2.18790651789517,4662,0,BEARISH_FVG,0.162067149473716,0.324134298947432,610,0,4,0,BULLISH_OB,4.01116194947447,0.425426267368504,3531,1,0,2,20,0,29.556996385269,-0.818181818181818
-18.0374301332686,-15.721308551505,42,30,750,RUN,2026-03,2026_03.csv,MARKET,1,147,2026-04-30T17:08:00-05:00,2026-04-30T17:08:00-05:00,29476,29476,0,HIGH,HH,external,ChartPrimeHigh,1,27646.5,319,11.6725789565524,1.13513903391179,0.471189787661499,1.34231011992426,0.555637415553788,LOW,483.25,411,41.4004481613489,BSL,CHOCH_UP,UP,188,8.2672390016972,0,0,0,EQL,5.44010027572821,22,0,BULLISH_FVG,1.4135693629845,0.599696093387362,0,0,3,0,BULLISH_OB,8.43858074266502,0.599696093387362,188,0,0,1,20,0,41.4004481613489,-0.904761904761905
-7.33164870376608,6.11010613303484,42,30,750,SWEEP,2026-06-29,2026_06_29.csv,MARKET,1,3,2026-06-01T00:29:00-05:00,2026-06-01T00:29:00-05:00,29,29,0,LOW,LL,external,ChartPrimeLow,-1,30551,154,5.48716402676059,1.59463066118067,1.00233927274213,1.96053469127944,1.44939519946036,HIGH,30,24,5.467305124048,SSL,BOS_DOWN,DOWN,20,3.18926132236133,0,0,0,NONE,0,-1,0,BEARISH_FVG,1.95911766945053,0.2733652562024,0,0,2,0,BEARISH_OB,4.41940497527213,1.04790014877587,20,0,1,1,1,5.467305124048,0,0
11.5309817069306,4.26117224195764,42,30,750,RUN,2026-06-29,2026_06_29.csv,MARKET,1,4,2026-06-01T00:51:00-05:00,2026-06-01T00:51:00-05:00,51,51,0,HIGH,HH,external,ChartPrimeHigh,1,30592.25,176,5.70446761033767,1.49006017399349,1.22710837858288,2.05487448920023,1.92560009868908,LOW,41.25,22,7.23117437379195,BSL,CHOCH_UP,UP,3,1.97213846557962,0,1,0,NONE,0,-1,0,BULLISH_FVG,1.6215360716988,0.569728890056336,1,1,2,0,BEARISH_OB,1.97213846557962,1.00798188240736,42,1,1,1,1,0,7.23117437379195,0
-6.34976448782249,8.45460683020638,42,30,750,SWEEP,2026-06-29,2026_06_29.csv,MARKET,1,5,2026-06-01T08:27:00-05:00,2026-06-01T08:27:00-05:00,507,507,0,LOW,LL,external,ChartPrimeLow,1,30291.5,847,21.3829540498719,0.830100460329349,0.607960900522904,0.771086531020984,-0.366062393398561,HIGH,300.75,456,14.0649416024818,SSL,CHOCH_DOWN,DOWN,366,12.1358348988995,0,0,0,EQH,8.41792016108636,128,0,BEARISH_FVG,1.04054846435651,0.280597338702879,1,0,6,0,BULLISH_OB,13.0594678054631,0.233831115585732,459,1,0,1,1,14.0649416024818,0,0
-10.178632880918,10.6137062721154,42,30,750,SWEEP,2026-06-29,2026_06_29.csv,MARKET,1,6,2026-06-01T12:43:00-05:00,2026-06-01T12:43:00-05:00,763,763,0,HIGH,HH,external,ChartPrimeHigh,1,30693,5300,19.3693972105409,3.63976221013392,0.684068784174105,4.95813648907807,4.93646632179802,LOW,401.5,256,20.7285748562946,BSL,CHOCH_UP,UP,14,5.20150415136159,0,1,0,EQH,7.87324449709819,64,0,BULLISH_FVG,4.45290057622767,0.193604372879464,1,0,1,0,BEARISH_OB,5.78231726999998,0.219418289263392,622,1,1,1,1,0,20.7285748562946,0
-2.59721101675304,3.54984639575048,42,30,750,RUN,2026-06-29,2026_06_29.csv,MARKET,1,7,2026-06-01T22:20:00-05:00,2026-06-01T22:20:00-05:00,1280,1280,0,LOW,HL,external,ChartPrimeLow,-1,30317.75,363,8.60259922805461,1.54023216108794,0.581219683429411,2.96326530612245,2.86464856183196,HIGH,375.25,517,43.6205372413773,SSL,CHOCH_UP,UP,531,31.9089606202747,0,0,0,EQH,17.0006757403103,225,1,BULLISH_FVG,0,0.464975746743529,733,1,3,0,BULLISH_OB,27.172020200325,0.464975746743529,531,1,0,1,2,43.6205372413773,0,-0.333333333333333
13.4639912233478,16.1043690999539,42,30,750,RUN,2026-06-29,2026_06_29.csv,MARKET,1,8,2026-06-02T04:50:00-05:00,2026-06-02T04:50:00-05:00,1670,1670,0,HIGH,LH,external,ChartPrimeHigh,1,30586,134,8.39940138066367,0.773864672661518,0.148820129357984,0.994803266518189,-0.00563843445852023,LOW,268.25,390,31.9367997602234,BSL,CHOCH_UP,UP,921,0.744100646789922,0,0,0,EQL,3.66097518220641,806,1,BEARISH_FVG,0,1.01197687963429,916,1,2,0,BEARISH_OB,0.595280517431937,0.505988439817147,1529,1,0,2,2,0,31.9367997602234,0
1.01634663343582,15.6172580616192,42,30,750,SWEEP,2026-06-29,2026_06_29.csv,MARKET,1,9,2026-06-02T08:41:00-05:00,2026-06-02T08:41:00-05:00,1901,1901,0,LOW,HL,external,ChartPrimeLow,1,30423.75,2724,24.7000250092954,1.79149616177908,0.587043940018003,1.50476453528518,0.581859207388664,HIGH,162.25,231,6.56881925985662,SSL,CHOCH_UP,UP,1152,6.82185544089887,0,0,0,EQH,1.62955300591204,846,1,BULLISH_FVG,0,0.445343678634347,1311,1,0,0,BULLISH_OB,5.17205954050344,0.161943155867035,1152,1,0,2,3,6.56881925985662,0,-0.2
11.4360097833181,18.029634738406,42,30,750,GRAB,2026-06-29,2026_06_29.csv,MARKET,1,10,2026-06-02T11:07:00-05:00,2026-06-02T11:07:00-05:00,2047,2047,0,HIGH,HH,external,ChartPrimeHigh,1,30713.25,1777,12.0494840710523,2.01253430080531,1.07888436744202,2.14613526570048,3.53954695553866,LOW,289.5,146,24.0259249518819,BSL,BOS_UP,UP,129,10.5606181351536,0,0,0,EQH,2.63496758971417,21,0,BULLISH_FVG,1.97103874821138,0.0207477762969619,7,1,1,0,BEARISH_OB,10.9755736610929,0.352712197048353,1906,1,0,1,3,0,24.0259249518819,-0.5
0.558622795563374,10.6467221682182,42,30,750,RUN,2026-06-29,2026_06_29.csv,MARKET,1,11,2026-06-02T13:40:00-05:00,2026-06-02T13:40:00-05:00,2200,2200,0,LOW,HL,external,ChartPrimeLow,1,30598.5,1157,9.64544874547847,1.34778591883494,0.181432719843165,2.19440493124704,3.20688512703482,HIGH,114.75,153,11.8968026297161,SSL,BOS_UP,UP,282,1.29594799887975,0,0,0,EQL,1.89208407836443,1336,0,BEARISH_FVG,0.0777568799327849,0.311027519731139,238,1,3,0,BEARISH_OB,1.81432719843165,0.440622319619114,2059,1,0,1,4,11.8968026297161,0,-0.6
-9.13201500865908,11.1574447705112,42,30,750,SWEEP,2026-06-29,2026_06_29.csv,MARKET,1,12,2026-06-02T15:05:00-05:00,2026-06-02T15:05:00-05:00,2285,2285,0,HIGH,HH,external,ChartPrimeHigh,1,30763.25,2330,12.5136520226361,2.43733803248071,1.57827626693423,1.45802697037014,0.540269807737317,LOW,164.75,85,13.1656210115146,BSL,BOS_UP,UP,7,3.99563611882083,1,0,0,EQH,6.53286505427206,259,0,BULLISH_FVG,3.57609432634465,1.01888721029931,0,0,2,0,BULLISH_OB,4.55502517545575,0.899018126734687,7,0,1,1,4,0,13.1656210115146,-0.6
8.60690042812147,5.50438847474342,42,30,750,RUN,2026-06-29,2026_06_29.csv,MARKET,1,13,2026-06-02T18:25:00-05:00,2026-06-02T18:25:00-05:00,2425,2425,0,LOW,LL,external,ChartPrimeLow,-1,30561.25,1410,14.9365127969349,2.17587601884352,1.0712005015845,4.19206184034488,4.32020212071669,HIGH,202,140,13.5239063325043,SSL,CHOCH_DOWN,DOWN,2,2.49388866775142,0,1,1,EQL,0.401700188094188,1524,1,BEARISH_FVG,0,0.652762805653056,477,1,6,1,BULLISH_OB,0,1.87460087777288,507,0,1,1,4,13.5239063325043,0,-0.6
13.323048165299,15.1561361177559,42,30,750,RUN,2026-06-29,2026_06_29.csv,MARKET,1,14,2026-06-02T23:35:00-05:00,2026-06-02T23:35:00-05:00,2735,2735,0,HIGH,LH,external,ChartPrimeHigh,0,30730.5,84,3.92642883534377,0.764053068527687,0,1.93548387096774,1.70981094334287,LOW,169.25,310,43.1053272827703,BSL,CHOCH_DOWN,DOWN,312,33.6183350152182,0,0,0,EQL,1.7191194041873,424,1,BEARISH_FVG,0,2.48317247271498,345,1,3,0,BULLISH_OB,6.17609563726547,2.86519900697883,457,1,0,2,4,0,43.1053272827703,-0.333333333333333
4.69761005616555,8.01760776895835,42,30,750,GRAB,2026-06-29,2026_06_29.csv,MARKET,1,15,2026-06-03T01:12:00-05:00,2026-06-03T01:12:00-05:00,2832,2832,0,LOW,HL,external,ChartPrimeLow,-1,30670.25,264,7.96226835738468,1.56990438389417,0.722156016591316,3.16926770708283,3.82884529605188,HIGH,60.25,97,7.56693913036988,SSL,CHOCH_DOWN,DOWN,409,9.01125116355251,0,0,1,EQL,0.0313980876778833,205,1,BULLISH_FVG,0,1.09893306872592,386,1,4,0,BULLISH_OB,3.10841068011045,1.41291394550475,554,1,0,2,5,7.56693913036988,0,-0.428571428571429
11.6626796601489,17.9389976364894,42,30,750,SWEEP,2026-06-29,2026_06_29.csv,MARKET,1,16,2026-06-03T07:04:00-05:00,2026-06-03T07:04:00-05:00,3184,3184,0,HIGH,HH,external,ChartPrimeHigh,1,30799,289,7.17308545159918,1.5335102410564,0.731902615049644,2.14790040876997,2.08732464513523,LOW,128.75,352,17.9490403214556,BSL,CHOCH_UP,UP,293,9.54958650112393,0,0,0,EQH,2.47452788897737,51,0,BULLISH_FVG,1.60321525201351,1.04557516435663,31,1,2,0,BULLISH_OB,11.1179492476589,0.941017647920971,293,1,0,1,5,0,17.9490403214556,-0.666666666666667
5.40853725889386,7.64199416593016,42,30,750,RUN,2026-06-29,2026_06_29.csv,MARKET,1,17,2026-06-03T07:55:00-05:00,2026-06-03T07:55:00-05:00,3235,3235,0,LOW,HL,external,ChartPrimeLow,-1,30700,630,9.43021325332391,1.37854782821776,0.55672123831871,2.26537216828479,4.16329025426524,HIGH,99,51,10.4981719225814,SSL,CHOCH_UP,UP,344,3.23428528928013,0,0,1,EQL,0.212084281264271,273,1,BULLISH_FVG,0,0.927868730531184,348,1,3,1,BULLISH_OB,0,1.19297408211152,957,1,0,1,6,10.4981719225814,0,-0.714285714285714
-0.198974168099555,17.442878137262,42,30,750,GRAB,2026-06-29,2026_06_29.csv,MARKET,1,18,2026-06-03T08:32:00-05:00,2026-06-03T08:32:00-05:00,3272,3272,0,HIGH,HH,external,ChartPrimeHigh,-1,30807.75,2890,15.1432672312884,1.61788071397031,0.297161763790464,3.10185682086508,1.27196235342008,LOW,107.75,37,7.11537334409389,BSL,CHOCH_UP,UP,381,5.10127694506964,0,0,0,EQH,1.74995260898829,139,0,BEARISH_FVG,1.10610212077562,0.907994278248641,75,1,2,0,BULLISH_OB,5.8441813545458,0.445742645685696,381,1,0,1,6,0,7.11537334409389,-0.714285714285714
1.33615378228204,11.7293559815347,42,30,750,GRAB,2026-06-29,2026_06_29.csv,MARKET,1,19,2026-06-03T11:43:00-05:00,2026-06-03T11:43:00-05:00,3463,3463,0,LOW,LL,external,ChartPrimeLow,1,30505.75,1240,18.6447701963731,1.19336413190699,0.576569187325847,1.09666578225878,0.265339951757271,HIGH,302,191,16.1975715881308,SSL,CHOCH_DOWN,DOWN,188,10.4184711291205,0,0,1,EQH,0.0536343430070555,3113,1,BEARISH_FVG,0,0.509526258567028,1593,1,0,0,BULLISH_OB,1.68948180472225,1.50176160419756,1545,1,0,1,4,16.1975715881308,0,-0.6
11.5345880606078,15.0730930694961,42,30,750,SWEEP,2026-06-29,2026_06_29.csv,MARKET,1,20,2026-06-03T14:48:00-05:00,2026-06-03T14:48:00-05:00,3648,3648,0,HIGH,LH,external,ChartPrimeHigh,-1,30694.75,859,12.4399129103695,1.02492678942889,0.5024150928573,1.07368289481907,0.426792566402706,LOW,189,185,15.1930324080048,BSL,CHOCH_DOWN,DOWN,373,0.422028678000132,0,0,1,EQH,0.522511696571592,1198,1,BEARISH_FVG,0,0.120579622285752,298,1,2,0,BULLISH_OB,0.020096603714292,0.90434716714314,1370,1,0,2,4,0,15.1930324080048,-0.333333333333333
-0.622829165154425,9.43471998074396,42,30,750,RUN,2026-06-29,2026_06_29.csv,MARKET,1,21,2026-06-03T17:51:00-05:00,2026-06-03T17:51:00-05:00,3771,3771,0,LOW,LL,external,ChartPrimeLow,1,30368.5,578,16.4941147313423,1.86430132813182,0.0757846068346268,2.81060053488938,2.27343258144263,HIGH,326.25,123,19.7797823838376,SSL,BOS_DOWN,DOWN,67,8.32114983044203,0,0,0,EQH,5.78994396216549,2716,1,BULLISH_FVG,0,0.348609191439283,2514,1,1,0,BEARISH_OB,9.57917430389683,0.666904540144716,67,0,0,2,3,19.7797823838376,0,-0.2
15.4536503201236,16.135636230507,42,30,750,SWEEP,2026-06-29,2026_06_29.csv,MARKET,1,22,2026-06-03T20:12:00-05:00,2026-06-03T20:12:00-05:00,3912,3912,0,HIGH,LH,external,ChartPrimeHigh,1,30531,222,9.78262146038187,0.715554621871953,0.48555492198454,1.58684774839171,1.05809248694306,LOW,162.5,141,16.6110894363132,BSL,BOS_DOWN,DOWN,208,2.58110774318097,0,0,1,EQL,0.357777310935977,2264,1,BEARISH_FVG,0,1.58444237700218,449,1,3,1,BEARISH_OB,0,1.12444297722735,208,0,0,3,3,0,16.6110894363132,0
3.46120051358722,25.9626034547359,42,30,750,GRAB,2026-06-29,2026_06_29.csv,MARKET,1,23,2026-06-03T21:16:00-05:00,2026-06-03T21:16:00-05:00,3976,3976,0,LOW,LL,external,ChartPrimeLow,1,30352.5,476,14.0562527562128,1.24499753266496,0.177856790380708,2.18248509857863,1.31881173776409,HIGH,178.5,64,12.6989748331826,SSL,BOS_DOWN,DOWN,1,1.13828345843653,1,0,0,EQH,7.06091457811412,125,1,BEARISH_FVG,0,0.177856790380708,2749,1,9,0,BEARISH_OB,3.1124938316624,0.711427161522833,1,0,1,3,4,12.6989748331826,0,-0.142857142857143
11.8710534815592,6.66339867595188,42,30,750,SWEEP,2026-06-29,2026_06_29.csv,MARKET,1,24,2026-06-04T02:05:00-05:00,2026-06-04T02:05:00-05:00,4265,4265,0,HIGH,HH,external,ChartPrimeHigh,-1,30544.5,184,8.32357795473387,1.02119545779778,0.0600703210469285,1.51315789473684,0.658700767512246,LOW,192,289,23.0670032820205,BSL,CHOCH_UP,UP,1,1.62189866826707,0,1,1,EQH,0.480562568375428,3566,1,BEARISH_FVG,0,1.11130093936818,566,1,4,1,BULLISH_OB,0,3.36393797862799,2347,1,1,3,3,0,23.0670032820205,0
-4.54862747931777,8.152386039098,42,30,750,GRAB,2026-06-29,2026_06_29.csv,MARKET,1,25,2026-06-04T06:38:00-05:00,2026-06-04T06:38:00-05:00,4538,4538,0,LOW,LL,external,ChartPrimeLow,1,30164.25,1185,19.2087656389136,1.62686143333922,1.36656360400494,2.77160566015671,2.65793122946644,HIGH,380.25,273,19.7956499208716,SSL,CHOCH_DOWN,DOWN,192,9.80021327443543,0,0,0,EQH,12.3120873275112,181,0,BEARISH_FVG,1.45766784427194,1.34053382107151,0,1,2,0,BEARISH_OB,10.2947791501706,1.18435512347095,192,1,0,3,1,19.7956499208716,0,0.5
6.23632981980815,20.048189596899,42,30,750,RUN,2026-06-29,2026_06_29.csv,MARKET,1,26,2026-06-04T08:37:00-05:00,2026-06-04T08:37:00-05:00,4657,4657,0,HIGH,LH,external,ChartPrimeHigh,1,30364.5,3556,27.6233636192593,1.91866568932423,1.41184833742726,1.73828029525346,0.737150699012669,LOW,200.25,119,7.24929819409767,BSL,CHOCH_DOWN,DOWN,311,0.434414873054542,0,0,0,EQH,1.31229492901893,300,1,BEARISH_FVG,0,0.181006197106059,288,1,1,1,BEARISH_OB,0,0.823578196832569,311,1,0,4,1,0,7.24929819409767,0.6
3.27681105622747,24.515894944623,42,30,750,SWEEP,2026-06-29,2026_06_29.csv,MARKET,1,27,2026-06-04T09:07:00-05:00,2026-06-04T09:07:00-05:00,4687,4687,0,LOW,LL,external,ChartPrimeLow,1,30151,2487,35.1093406000589,0.996885711944738,0.192256530160771,0.960880904085772,-0.162049978734952,HIGH,213.5,30,6.0810028428629,SSL,BOS_DOWN,DOWN,1,0.377392448093365,1,0,0,EQL,2.05073632171489,105,0,BULLISH_FVG,1.17490101764916,0.071206122281767,141,1,4,0,BEARISH_OB,2.34980203529831,0.81887040624032,1,0,1,4,1,6.0810028428629,0,0.6
17.0207118321328,15.5433026484904,42,30,750,GRAB,2026-06-29,2026_06_29.csv,MARKET,1,28,2026-06-04T14:30:00-05:00,2026-06-04T14:30:00-05:00,5010,5010,0,HIGH,HH,external,ChartPrimeHigh,1,30603.25,1424,10.7640769685182,1.25417163398995,0.836114422659965,1.7166968053044,3.55673478285892,LOW,452.25,323,42.0147497386632,BSL,CHOCH_UP,UP,270,22.1802576011185,0,0,1,EQH,0.719987419512748,63,1,BULLISH_FVG,0,0.418057211329983,1578,1,2,1,BEARISH_OB,0,0.975466826436626,2587,1,0,3,1,0,42.0147497386632,0.5
-6.89977052702891,7.22394100561067,42,30,750,GRAB,2026-06-29,2026_06_29.csv,MARKET,1,29,2026-06-04T20:26:00-05:00,2026-06-04T20:26:00-05:00,5306,5306,0,LOW,LL,external,ChartPrimeLow,1,30052.25,751,16.2179259766188,1.5106740550747,1.06363785510361,2.34760862769616,2.31898601950162,HIGH,551,296,33.9747511978024,SSL,CHOCH_DOWN,DOWN,35,6.08894134443374,0,0,0,EQH,6.56680762716145,27,0,BEARISH_FVG,3.2525737308241,0.385376034457831,3,0,2,0,BEARISH_OB,6.87510845472771,0.601186613754217,35,0,1,3,1,33.9747511978024,0,0.5
13.0028387172175,9.82015233968424,42,30,750,GRAB,2026-06-29,2026_06_29.csv,MARKET,1,30,2026-06-04T21:36:00-05:00,2026-06-04T21:36:00-05:00,5376,5376,0,HIGH,LH,external,ChartPrimeHigh,-1,30249,324,9.52916558706866,1.0231745802834,0.078705736944877,1.83257918552036,1.65390544048189,LOW,196.75,70,20.6471383252061,BSL,CHOCH_DOWN,DOWN,105,10.2842162941306,0,0,0,EQL,2.7284655474224,794,1,BULLISH_FVG,0,2.78093603871899,683,1,5,1,BEARISH_OB,0,3.01705324955362,690,1,0,4,1,0,20.6471383252061,0.6
-3.75334114526674,7.31189612310306,42,30,750,GRAB,2026-06-29,2026_06_29.csv,MARKET,1,31,2026-06-05T02:20:00-05:00,2026-06-05T02:20:00-05:00,5660,5660,0,LOW,HL,external,ChartPrimeLow,-1,30062,537,12.7714762331265,1.76173839181095,1.29194148732803,2.60806216610005,5.58888021520895,HIGH,187,284,14.642003523051,SSL,CHOCH_DOWN,DOWN,389,6.96865408316332,0,0,0,EQH,7.57547508478709,381,0,BULLISH_FVG,1.15491739018718,0.274048194281703,351,1,2,0,BEARISH_OB,7.96697250518952,0.763419969784745,389,1,0,4,2,14.642003523051,0,0.333333333333333
12.6726601722224,5.99236913200879,42,30,750,RUN,2026-06-29,2026_06_29.csv,MARKET,1,32,2026-06-05T04:14:00-05:00,2026-06-05T04:14:00-05:00,5774,5774,0,HIGH,HH,external,ChartPrimeHigh,-1,30259,752,18.1021407858127,2.99688311133441,1.83679932630174,3.52472463088821,1.6495685410335,LOW,197,114,10.8826907453065,BSL,CHOCH_UP,UP,1,0.55242085001556,0,1,0,EQH,1.49153629504201,1207,1,BEARISH_FVG,0,0.731957626270617,552,1,1,1,BEARISH_OB,0,1.58820994379473,1088,1,1,4,2,0,10.8826907453065,0.333333333333333
-3.34376385225207,2.67699181926817,42,30,750,RUN,2026-06-29,2026_06_29.csv,MARKET,1,33,2026-06-05T15:48:00-05:00,2026-06-05T15:48:00-05:00,6468,6468,0,LOW,LL,external,ChartPrimeLow,-1,28781.25,658,18.1642691732313,1.69288396393708,0.853323624098366,1.42872652263598,1.2754420829166,HIGH,1477.75,694,81.3547732587974,SSL,CHOCH_DOWN,DOWN,494,70.5093052621924,0,0,0,EQH,49.2037412282526,290,0,BULLISH_FVG,1.83051680653359,0.0825797055579064,3,1,5,0,BEARISH_OB,73.2757253983823,1.18364244632999,494,1,0,4,1,81.3547732587974,0,0.6
15.5778074131119,7.83921010409324,42,30,750,RUN,2026-06-29,2026_06_29.csv,MARKET,1,34,2026-06-07T19:40:00-05:00,2026-06-07T19:40:00-05:00,6640,6640,0,HIGH,LH,external,ChartPrimeHigh,-1,29287.5,530,16.0368671734186,0.997701098785694,0.342959752707582,1.38779785284106,0.777083790471679,LOW,506.25,172,31.5678863287661,BSL,CHOCH_DOWN,DOWN,666,48.294968813095,0,0,0,EQL,21.3570391458813,114,0,BEARISH_FVG,0.48326146972432,0.982112019117167,323,1,7,0,BEARISH_OB,51.4283738264688,1.34066085149328,666,1,0,5,1,0,31.5678863287661,0.666666666666667
-0.414209704709274,5.61539874048233,42,30,750,RUN,2026-06-29,2026_06_29.csv,MARKET,1,35,2026-06-08T00:49:00-05:00,2026-06-08T00:49:00-05:00,6949,6949,0,LOW,HL,external,ChartPrimeLow,-1,28972.75,221,18.1317656148534,1.18576428003169,0.496366442803963,0.832234983995481,-0.350403648263723,HIGH,314.75,309,17.3590375413941,SSL,CHOCH_DOWN,DOWN,975,60.074127536024,0,0,0,EQL,1.53046319864555,423,1,BULLISH_FVG,0,0.289547091635645,379,1,2,0,BEARISH_OB,62.8455068416795,1.18576428003169,975,1,0,5,2,17.3590375413941,0,0.428571428571429
16.8964864636378,11.3674185783577,42,30,750,RUN,2026-06-29,2026_06_29.csv,MARKET,1,36,2026-06-08T08:22:00-05:00,2026-06-08T08:22:00-05:00,7402,7402,0,HIGH,HH,external,ChartPrimeHigh,1,29604.25,1322,15.0652733247794,1.97474014301931,1.47690649351865,1.98498498498498,4.02060729830934,LOW,631.5,453,41.9175932879562,BSL,CHOCH_UP,UP,132,21.0251744639115,0,0,0,EQH,4.69623076028963,1224,0,BEARISH_FVG,0.215727914783623,0.381672464617178,1215,1,2,0,BULLISH_OB,24.2776876406492,0.879506114117846,132,0,0,5,2,0,41.9175932879562,0.428571428571429
3.51295327085746,16.8031694634703,42,30,750,GRAB,2026-06-29,2026_06_29.csv,MARKET,1,37,2026-06-08T09:00:00-05:00,2026-06-08T09:00:00-05:00,7440,7440,0,LOW,HL,external,ChartPrimeLow,1,29331.5,3002,45.3008981969717,0.805723538665729,0.347675225588636,1.17469820586566,1.06834060506653,HIGH,272.75,38,6.02085192249527,SSL,CHOCH_UP,UP,170,0.971283169898413,0,0,1,EQL,0.860910082409957,118,1,BEARISH_FVG,0,0.419417732456133,1124,1,1,0,BULLISH_OB,2.05293942728528,0.292488681844408,170,0,0,5,3,6.02085192249527,0,0.25
8.33718284343984,14.2264396656414,42,30,750,SWEEP,2026-06-29,2026_06_29.csv,MARKET,1,38,2026-06-08T10:20:00-05:00,2026-06-08T10:20:00-05:00,7520,7520,0,HIGH,HH,external,ChartPrimeHigh,-1,29743,1401,19.2182206146364,0.858560234626186,0.169110349244552,1.00965696166042,0.02901387028108,LOW,411.5,80,21.4119719120409,BSL,BOS_UP,UP,34,7.21971106390201,0,0,0,EQL,3.04398628640193,1431,1,BEARISH_FVG,0,0.520339536137082,1378,1,2,0,BULLISH_OB,10.0165360706388,1.18377244471186,34,0,1,5,3,0,21.4119719120409,0.25
-1.65805828966524,6.64138695888068,42,30,750,GRAB,2026-06-29,2026_06_29.csv,MARKET,1,39,2026-06-08T17:15:00-05:00,2026-06-08T17:15:00-05:00,7875,7875,0,LOW,LL,external,ChartPrimeLow,-1,29321.25,530,17.7046807488621,2.28753065782352,2.00511946549963,2.23912125052809,1.83323564197423,HIGH,421.75,355,23.8213840725203,SSL,BOS_UP,UP,389,15.9844734855323,0,0,0,EQL,2.78175024439033,553,1,BEARISH_FVG,0,1.07316253083079,1559,1,1,0,BULLISH_OB,4.67390523296041,0.748389659658313,605,0,0,5,4,23.8213840725203,0,0.111111111111111
10.1804264470573,12.2268956740781,42,30,750,RUN,2026-06-29,2026_06_29.csv,MARKET,1,40,2026-06-08T18:40:00-05:00,2026-06-08T18:40:00-05:00,7960,7960,0,HIGH,LH,external,ChartPrimeHigh,-1,29482,134,13.2850603866088,0.940906524790802,0.583362045370297,0.894824707846411,-0.126001663232932,LOW,160.75,85,12.1000579088097,BSL,BOS_UP,UP,474,9.20206581245404,0,0,1,EQL,0.752725219832641,316,1,BEARISH_FVG,0,1.09145156875733,209,1,3,0,BULLISH_OB,3.44371788073433,1.71244987511926,474,1,0,6,3,0,12.1000579088097,0.333333333333333
-2.93013146009165,5.81081323609473,42,30,750,RUN,2026-06-29,2026_06_29.csv,MARKET,1,41,2026-06-08T19:56:00-05:00,2026-06-08T19:56:00-05:00,8036,8036,0,LOW,LL,external,ChartPrimeLow,-1,29303.5,322,17.8031889247114,1.27786095492265,1.12339424608585,1.92526158445441,2.7775614774867,HIGH,178.5,76,10.0262936463162,SSL,CHOCH_DOWN,DOWN,23,0.997012393401188,0,0,0,EQL,1.10935181800977,147,1,BULLISH_FVG,0,2.21870363601954,764,1,1,0,BEARISH_OB,3.06124932058393,0.603824407271142,23,0,1,6,3,10.0262936463162,0,0.333333333333333
15.4122233376305,12.777437008564,42,30,750,SWEEP,2026-06-29,2026_06_29.csv,MARKET,1,42,2026-06-09T02:08:00-05:00,2026-06-09T02:08:00-05:00,8408,8408,0,HIGH,HH,external,ChartPrimeHigh,-1,29689.25,210,11.6958637241905,1.02600374653652,0.470251717162571,1.2847965738758,0.377334008362863,LOW,385.75,372,32.9817454355385,BSL,CHOCH_UP,UP,329,17.7199397058078,0,0,0,EQH,1.21837944901212,2230,1,BEARISH_FVG,0,2.26575827360148,858,1,2,0,BULLISH_OB,11.8631683193285,1.94513210280882,922,1,0,6,3,0,32.9817454355385,0.333333333333333
3.28169862072308,7.19513664845231,42,30,750,RUN,2026-06-29,2026_06_29.csv,MARKET,1,43,2026-06-09T03:01:00-05:00,2026-06-09T03:01:00-05:00,8461,8461,0,LOW,HL,external,ChartPrimeLow,-1,29566,577,13.3015870156773,2.48090697456673,0.789379491907597,5.20288548241659,9.38815673418055,HIGH,123.25,53,9.2658116550106,SSL,CHOCH_UP,UP,382,6.31503593526077,0,0,1,EQH,0.902147990751539,1035,1,BULLISH_FVG,0,0.751789992292949,779,1,1,0,BULLISH_OB,1.16527448805407,1.71032223246646,975,1,0,6,4,9.2658116550106,0,0.2
-2.09321679869967,16.8612108912147,42,30,750,RUN,2026-06-29,2026_06_29.csv,MARKET,1,44,2026-06-09T08:30:00-05:00,2026-06-09T08:30:00-05:00,8790,8790,0,HIGH,HH,external,ChartPrimeHigh,-1,29748,6579,16.0968392241076,3.33916486657211,0.574646977037991,13.3937296416938,13.4208312353878,LOW,182,329,11.306567548207,BSL,BOS_UP,UP,220,3.64978485416021,0,0,0,EQH,3.16832387339865,209,0,BEARISH_FVG,0.0931859962764309,0.621239975176206,2648,1,0,0,BULLISH_OB,4.08465283678356,0.543584978279181,220,1,0,5,4,0,11.306567548207,0.111111111111111
1.8601011646003,16.3571445744247,42,30,750,SWEEP,2026-06-29,2026_06_29.csv,MARKET,1,45,2026-06-09T08:34:00-05:00,2026-06-09T08:34:00-05:00,8794,8794,0,LOW,HL,external,ChartPrimeLow,-1,29633.25,2938,21.7238214566779,1.23136714474226,0.230162083129394,2.35775619934195,1.05253129270204,HIGH,114.75,4,5.28221980781958,SSL,BOS_UP,UP,224,2.57781533104921,0,0,1,EQH,0.678978145231711,1228,1,BULLISH_FVG,0,0.943664540830514,392,1,0,0,BULLISH_OB,1.85280476919162,0.402783645476439,224,1,0,5,5,5.28221980781958,0,0
4.28770645868772,23.9137583534342,42,30,750,RUN,2026-06-29,2026_06_29.csv,MARKET,1,46,2026-06-09T08:50:00-05:00,2026-06-09T08:50:00-05:00,8810,8810,0,HIGH,HH,external,ChartPrimeHigh,-1,29848.25,3449,27.6835879630714,1.55326686906914,1.37265444243319,1.16278677747248,0.493574713905274,LOW,215,16,7.76633434534569,BSL,BOS_UP,UP,7,3.62127915405072,1,0,0,EQL,1.6887261890461,2721,1,BEARISH_FVG,0,0.559898522571433,2723,1,5,0,BULLISH_OB,5.52674025505996,1.30944009311061,7,0,1,5,5,0,7.76633434534569,0
6.40962356105656,20.6803784275427,42,30,750,GRAB,2026-06-29,2026_06_29.csv,MARKET,1,48,2026-06-09T15:04:00-05:00,2026-06-09T15:04:00-05:00,9184,9184,0,HIGH,LH,external,ChartPrimeHigh,1,29196.25,1797,41.8294948591991,1.45830113907256,1.39255805493405,0.689152652873387,-0.27920803088092,LOW,968.5,204,23.1535189047832,BSL,CHOCH_DOWN,DOWN,355,10.4471737340116,0,0,1,EQL,0.0956263042014795,2345,1,BEARISH_FVG,0,0.657430841385172,315,1,3,0,BULLISH_OB,0.693290705460727,0.316762132667401,1914,1,0,6,1,0,23.1535189047832,0.714285714285714
1.24057425045307,7.49089273645441,42,30,750,SWEEP,2026-06-29,2026_06_29.csv,MARKET,1,49,2026-06-09T18:37:00-05:00,2026-06-09T18:37:00-05:00,9337,9337,0,LOW,HL,external,ChartPrimeLow,-1,28980.25,224,17.2031067470651,0.973661341888584,0.668483906371267,2.34800838574423,2.23967729225648,HIGH,216,153,12.5558716327125,SSL,CHOCH_DOWN,DOWN,508,37.9582600748206,0,0,1,EQH,0.276112917849001,180,1,BEARISH_FVG,0,0.653951647537109,201,1,2,0,BULLISH_OB,14.2416136574748,0.770209718210373,2067,1,0,6,2,12.5558716327125,0,0.5
10.4159956752865,11.0148693077244,42,30,750,SWEEP,2026-06-29,2026_06_29.csv,MARKET,1,50,2026-06-09T19:06:00-05:00,2026-06-09T19:06:00-05:00,9366,9366,0,HIGH,LH,external,ChartPrimeHigh,-1,29169,555,19.7870897152933,0.859146051521707,0.303228018184132,2.66250899496282,2.45885616014264,LOW,188.75,29,9.53904807204248,BSL,CHOCH_DOWN,DOWN,537,23.4622679069972,0,0,1,EQH,0.505380030306886,137,1,BULLISH_FVG,0,1.40242958410161,490,1,5,0,BULLISH_OB,2.84276267047623,0.669628540156624,2096,1,0,7,2,0,9.53904807204248,0.555555555555556
0.741506551260722,8.23511810865963,42,30,750,GRAB,2026-06-29,2026_06_29.csv,MARKET,1,51,2026-06-10T00:23:00-05:00,2026-06-10T00:23:00-05:00,9683,9683,0,LOW,LL,external,ChartPrimeLow,-1,28853.75,130,18.2769093249895,0.98484922586934,0.0683923073520375,0.92264017033357,-0.120787283533532,HIGH,315.25,317,17.2485399141839,SSL,BOS_DOWN,DOWN,177,6.9213015040262,0,0,1,EQL,0.177819999115298,515,1,BEARISH_FVG,0,0.615530766168338,636,1,2,0,BEARISH_OB,7.71465226930983,1.19002614792545,177,1,0,7,2,17.2485399141839,0,0.555555555555556
12.8588762765555,11.3254244824832,42,30,750,SWEEP,2026-06-29,2026_06_29.csv,MARKET,1,52,2026-06-10T01:38:00-05:00,2026-06-10T01:38:00-05:00,9758,9758,0,HIGH,LH,external,ChartPrimeHigh,1,29014,246,15.6803007767399,1.00444501825906,0.797178585919887,1.63563829787234,1.40063074584892,LOW,160.25,75,10.2198294714929,BSL,BOS_DOWN,DOWN,252,2.15238218198369,0,0,1,EQH,0.669630012172705,185,1,BEARISH_FVG,0,1.16388073544303,225,1,1,1,BEARISH_OB,0,1.3870907395006,252,1,0,8,2,0,10.2198294714929,0.6
-3.88291520941121,8.91150527040834,42,30,750,GRAB,2026-06-29,2026_06_29.csv,MARKET,1,53,2026-06-10T06:40:00-05:00,2026-06-10T06:40:00-05:00,10048,10048,0,LOW,LL,external,ChartPrimeLow,1,28610,261,32.4591864603752,1.08597915856677,0.901131642214977,0.591568449682684,-0.655065910678392,HIGH,404,290,12.4463994343539,SSL,BOS_DOWN,DOWN,193,7.50943035179147,0,0,0,EQH,5.1988363973941,108,0,BEARISH_FVG,0.138635637263843,1.33244251370249,1091,1,1,0,BEARISH_OB,7.97925112251894,0.516032649815414,193,1,0,8,2,12.4463994343539,0,0.6
5.96117407207174,17.4226288810457,42,30,750,SWEEP,2026-06-29,2026_06_29.csv,MARKET,1,54,2026-06-10T09:35:00-05:00,2026-06-10T09:35:00-05:00,10223,10223,0,HIGH,HH,external,ChartPrimeHigh,-1,29250,1747,56.4251852403354,0.784224275233181,0.301283902349471,0.957995174380347,-0.113938459315935,LOW,640,175,11.342452794333,BSL,CHOCH_UP,UP,52,4.1825294679103,0,0,1,EQL,0.88169847893448,3384,1,BULLISH_FVG,0,0.735487173382531,1332,1,1,0,BULLISH_OB,0.203809698648171,0.234824218007676,2953,1,0,6,2,0,11.342452794333,0.5
19.0512736557323,13.3451120483833,42,30,750,RUN,2026-06-29,2026_06_29.csv,MARKET,1,56,2026-06-11T03:37:00-05:00,2026-06-11T03:37:00-05:00,11245,11245,0,HIGH,LH,external,ChartPrimeHigh,-1,28936,142,13.9586366391147,1.4507147455401,1.18206386673638,0.948563794255177,-0.0772553258687723,LOW,670.25,558,48.0168670715185,BSL,CHOCH_DOWN,DOWN,767,23.3547163973369,0,0,1,EQL,0.644762109128932,4719,1,BEARISH_FVG,0,2.00592656173446,991,1,2,1,BULLISH_OB,0,7.09238320041825,1074,1,0,7,2,0,48.0168670715185,0.555555555555556
0.869465180617814,14.1917709083471,42,30,750,GRAB,2026-06-29,2026_06_29.csv,MARKET,1,57,2026-06-11T07:34:00-05:00,2026-06-11T07:34:00-05:00,11482,11482,0,LOW,HL,external,ChartPrimeLow,1,28637.5,1336,36.6773938040272,1.5472746047122,0.245382756694447,1.92147274557745,0.846198982950428,HIGH,298.5,237,8.13852809703248,SSL,CHOCH_DOWN,DOWN,1004,0.749780645455253,0,0,1,EQL,0.122691378347223,1012,1,BEARISH_FVG,0,0.524846451818677,982,1,1,1,BEARISH_OB,0,0.783861583885037,1004,1,0,7,3,8.13852809703248,0,0.4
5.83370603490508,15.2217782135596,42,30,750,RUN,2026-06-29,2026_06_29.csv,MARKET,1,58,2026-06-11T09:04:00-05:00,2026-06-11T09:04:00-05:00,11572,11572,0,HIGH,HH,external,ChartPrimeHigh,1,29049.5,1221,53.2693868812502,0.807217850955502,0.403608925477751,0.542281044590513,-1.13976399114656,LOW,412,90,7.73427336264342,BSL,CHOCH_UP,UP,13,2.13067967635929,0,1,1,EQL,0.384836417315995,2314,1,BEARISH_FVG,0,0.248735733143265,2099,1,2,0,BEARISH_OB,0.619492769337944,0.40830205251819,2066,1,1,7,3,0,7.73427336264342,0.4
19.4299280293841,15.297745240729,42,30,750,GRAB,2026-06-29,2026_06_29.csv,MARKET,1,60,2026-06-11T19:36:00-05:00,2026-06-11T19:36:00-05:00,12144,12144,0,HIGH,HH,external,ChartPrimeHigh,-1,29645.5,97,15.8042501562394,0.506192949422638,0.442918830744809,0.851250548486178,-0.291103612808982,LOW,1068,515,67.5767587479222,BSL,CHOCH_UP,UP,367,37.7113747319866,0,0,1,EQH,0.158185296694575,4578,1,BULLISH_FVG,0,0.727652364795043,3621,1,3,1,BEARISH_OB,0,2.38859798008808,3315,0,0,6,3,0,67.5767587479222,0.333333333333333
-0.42731874419584,6.98925660342818,42,30,750,GRAB,2026-06-29,2026_06_29.csv,MARKET,1,61,2026-06-12T02:17:00-05:00,2026-06-12T02:17:00-05:00,12545,12545,0,LOW,HL,external,ChartPrimeLow,-1,29260,195,16.3885965111944,1.90681367856328,0.900016056281868,1.50928792569659,0.922754971172004,HIGH,385.5,401,23.5224535387566,SSL,CHOCH_UP,UP,768,12.8442969388022,0,0,0,EQL,3.64582775341299,5706,1,BULLISH_FVG,0,0.2440721508561,687,1,3,0,BULLISH_OB,1.31188781085154,0.80848899971083,5275,1,0,6,4,23.5224535387566,0,0.2
6.45828221263337,26.929719752451,42,30,750,SWEEP,2026-06-29,2026_06_29.csv,MARKET,1,62,2026-06-12T04:36:00-05:00,2026-06-12T04:36:00-05:00,12684,12684,0,HIGH,HH,external,ChartPrimeHigh,1,29675,323,19.7159506018072,2.05417434938631,0.304322125835009,2.05994897959184,2.56612294790423,LOW,415,139,21.0489470369215,BSL,BOS_UP,UP,2,1.49625045202213,1,0,1,EQH,0,6506,1,BULLISH_FVG,0,0.634004428822936,3861,1,5,1,BEARISH_OB,0,1.91469337504527,3855,0,1,6,4,0,21.0489470369215,0.2
2.56307968741359,18.867613126509,42,30,750,GRAB,2026-06-29,2026_06_29.csv,MARKET,1,63,2026-06-12T08:45:00-05:00,2026-06-12T08:45:00-05:00,12933,12933,0,LOW,LL,external,ChartPrimeLow,-1,29230,2358,58.5225134869182,1.62757876114278,0.747575546456658,1.43679736769948,0.756783738333149,HIGH,445,249,7.60391127253058,SSL,BOS_UP,UP,251,7.09983176120551,0,0,1,EQL,0.508351371590527,6094,1,BULLISH_FVG,0,0.170874410618665,1078,1,1,1,BULLISH_OB,0,0.226408594069731,5663,1,0,6,5,7.60391127253058,0,0.0909090909090909
6.1088769939217,24.8140682492931,42,30,750,RUN,2026-06-29,2026_06_29.csv,MARKET,1,64,2026-06-12T10:25:00-05:00,2026-06-12T10:25:00-05:00,13033,13033,0,HIGH,HH,external,ChartPrimeHigh,1,29760,670,32.9139020670048,0.524094650487904,0.311418560434842,0.86686505369388,-0.403132550220187,LOW,530,100,16.1026182468747,BSL,BOS_UP,UP,15,2.58249537921576,1,0,0,EQL,1.26086539102887,6944,1,BEARISH_FVG,0,0.751961889830471,4217,1,2,0,BULLISH_OB,1.96725383299083,1.10135832348907,4230,1,1,6,4,0,16.1026182468747,0.2
2.05463530950965,8.09676658828993,42,30,750,SWEEP,2026-06-29,2026_06_29.csv,MARKET,1,65,2026-06-12T14:35:00-05:00,2026-06-12T14:35:00-05:00,13283,13283,0,LOW,HL,external,ChartPrimeLow,-1,29580.5,699,21.5461455430677,1.36915440123774,0.835416244823026,1.67164892980988,1.71225086130612,HIGH,179.5,250,8.33095644142962,SSL,BOS_UP,UP,265,4.38593528532089,0,0,1,EQH,0.545341159815031,538,1,BULLISH_FVG,0,1.94930457125373,200,1,3,0,BULLISH_OB,0.510532149614071,1.0558733094291,601,1,0,6,5,8.33095644142962,0,0.0909090909090909
20.2673154876294,16.0946161706585,42,30,750,SWEEP,2026-06-29,2026_06_29.csv,MARKET,1,66,2026-06-15T03:46:00-05:00,2026-06-15T03:46:00-05:00,14014,14014,0,HIGH,HH,external,ChartPrimeHigh,-1,30628.25,127,9.18690105275701,1.11571899393909,1.00686836038405,1.38344226579521,0.558761131482999,LOW,1047.75,731,114.048251307286,BSL,BOS_UP,UP,646,94.5095625841574,0,0,0,EQL,1.25178228588288,13150,1,BEARISH_FVG,0,0.489827850997648,10351,1,2,0,BEARISH_OB,1.76882279526929,1.14293165232785,11591,1,0,3,5,0,114.048251307286,-0.25
5.77760170761136,9.19558509560816,42,30,750,SWEEP,2026-06-29,2026_06_29.csv,MARKET,1,67,2026-06-15T04:45:00-05:00,2026-06-15T04:45:00-05:00,14073,14073,0,LOW,HL,external,ChartPrimeLow,-1,30509.5,101,9.53889507208271,1.41525825559295,1.04833944858737,1.48202494497432,0.835516170047106,HIGH,118.75,59,12.4490309519751,SSL,BOS_UP,UP,705,78.5730416716236,0,0,1,EQL,0.262084862146843,290,1,BEARISH_FVG,0,0.209667889717475,374,1,2,0,BULLISH_OB,1.25800733830485,0.681420641581792,9809,1,0,3,6,12.4490309519751,0,-0.333333333333333
12.4718851740786,18.0918258511799,42,30,750,RUN,2026-06-29,2026_06_29.csv,MARKET,1,68,2026-06-15T11:30:00-05:00,2026-06-15T11:30:00-05:00,14478,14478,0,HIGH,HH,external,ChartPrimeHigh,1,30915,540,12.2865678432133,1.20049799001821,0.529033012550398,1.29372304743651,0.968855480479817,LOW,405.5,405,33.003521013721,BSL,BOS_UP,UP,182,23.3384948228964,0,0,0,EQL,9.17668802539345,54,0,BEARISH_FVG,0.874939213064121,0.0610422706788921,1,1,1,0,BEARISH_OB,9.11564575471456,2.90968156902719,11203,1,0,1,6,0,33.003521013721,-0.714285714285714
1.23708199661124,11.288889369122,42,30,750,SWEEP,2026-06-29,2026_06_29.csv,MARKET,1,69,2026-06-15T14:57:00-05:00,2026-06-15T14:57:00-05:00,14685,14685,0,LOW,HL,external,ChartPrimeLow,1,30815,1159,15.7825695993534,0.966255837111896,0.364325971370059,1.50061500615006,0.865595897182555,HIGH,100,207,6.33610384991407,SSL,BOS_UP,UP,389,11.8326739397145,0,0,1,EQL,0.807853240864044,261,1,BEARISH_FVG,0,0.253444153996563,279,1,0,0,BEARISH_OB,0.760332461989689,2.26515712634428,11410,1,0,1,7,6.33610384991407,0,-0.75
0.565316255617566,17.641844299756,42,30,750,SWEEP,2026-06-29,2026_06_29.csv,MARKET,1,70,2026-06-15T15:00:00-05:00,2026-06-15T15:00:00-05:00,14688,14688,0,HIGH,LH,external,ChartPrimeHigh,1,30894,3287,18.3504210677039,1.30787189631518,0.54494662346466,2.64408961106866,1.29460894553339,LOW,79,3,4.30507832537082,BSL,BOS_UP,UP,392,14.4819565185733,0,0,0,EQL,1.68933453274045,129,1,BULLISH_FVG,0,0.054494662346466,217,1,1,0,BEARISH_OB,4.95901427352841,1.94818417888616,11413,1,0,2,7,0,4.30507832537082,-0.555555555555556
-2.30753687135079,23.2155687242848,42,30,750,SWEEP,2026-06-29,2026_06_29.csv,MARKET,1,71,2026-06-15T20:09:00-05:00,2026-06-15T20:09:00-05:00,14937,14937,0,LOW,LL,external,ChartPrimeLow,-1,30755.5,196,12.399293723042,0.766172671782572,0.201624387311203,1.31897711978466,0.853889127515635,HIGH,138.5,249,11.1699910570407,SSL,CHOCH_DOWN,DOWN,177,4.79866041800664,0,0,1,EQH,0.746010233051452,12612,1,BEARISH_FVG,0,3.85102579764398,11661,1,4,0,BEARISH_OB,0.947634620362655,2.88322873855021,11662,1,0,2,7,11.1699910570407,0,-0.555555555555556
-3.67910393528596,22.5885516239381,42,30,750,RUN,2026-06-29,2026_06_29.csv,MARKET,1,73,2026-06-16T15:19:00-05:00,2026-06-16T15:19:00-05:00,16087,16087,0,LOW,LL,external,ChartPrimeLow,1,30272.25,1056,14.9593464874957,0.668478399665312,0.0334239199832656,0.971749332842551,-0.0147753728064535,HIGH,703.25,539,47.010743456463,SSL,CHOCH_DOWN,DOWN,360,32.3042186638262,0,0,1,EQH,0.919157799539803,11520,1,BEARISH_FVG,0,0.434510959782452,10869,1,2,0,BEARISH_OB,0.668478399665312,1.92187539903777,11401,1,0,1,6,47.010743456463,0,-0.714285714285714
14.653561280719,18.0747818366173,42,30,750,RUN,2026-06-29,2026_06_29.csv,MARKET,1,74,2026-06-17T03:08:00-05:00,2026-06-17T03:08:00-05:00,16736,16736,0,HIGH,LH,external,ChartPrimeHigh,1,30584.5,200,8.46513966164447,1.47664427282133,1.21084830371349,2.08550573514077,2.43022068238934,LOW,312.25,649,36.8865739350768,BSL,CHOCH_DOWN,DOWN,1009,20.2004936521958,0,0,1,EQH,0.118131541825706,2497,1,BULLISH_FVG,0,0.945052334605651,2455,1,1,0,BEARISH_OB,0.413460396389972,0.502059052759252,16595,1,0,2,6,0,36.8865739350768,-0.5
3.21369129013291,11.6302862711693,42,30,750,RUN,2026-06-29,2026_06_29.csv,MARKET,1,75,2026-06-17T06:57:00-05:00,2026-06-17T06:57:00-05:00,16965,16965,0,LOW,HL,external,ChartPrimeLow,1,30387.75,377,10.8860605662188,1.35494377514044,0.597093867011042,2.62534818941504,2.15366078038828,HIGH,196.75,229,18.0735720514496,SSL,CHOCH_DOWN,DOWN,1238,33.7817337835862,0,0,0,EQH,1.19418773402208,12608,1,BULLISH_FVG,0,1.05639684163492,653,1,3,0,BEARISH_OB,0.275581784774327,2.08982853453865,12619,1,0,2,7,18.0735720514496,0,-0.555555555555556
9.54317551615193,20.5745406795999,42,30,750,SWEEP,2026-06-29,2026_06_29.csv,MARKET,1,76,2026-06-17T08:45:00-05:00,2026-06-17T08:45:00-05:00,17073,17073,0,HIGH,LH,external,ChartPrimeHigh,-1,30542.25,2387,29.5828775120761,1.30142850316991,0.490148397297758,1.45451221741515,0.815327854983296,LOW,154.5,108,5.22261568155197,BSL,CHOCH_DOWN,DOWN,1346,7.20856177405151,0,0,1,EQH,0.0591558410531777,16374,1,BEARISH_FVG,0,0.684517589329627,1277,1,3,1,BULLISH_OB,0,0.946493456850842,15155,1,0,3,7,0,5.22261568155197,-0.4
2.23406098284328,23.9957973999534,42,30,750,SWEEP,2026-06-29,2026_06_29.csv,MARKET,1,77,2026-06-17T09:02:00-05:00,2026-06-17T09:02:00-05:00,17090,17090,0,LOW,LL,external,ChartPrimeLow,-1,30320,1803,36.0353398239906,1.50546658544019,0.929642960594401,1.05819174223083,0.189686651939232,HIGH,222.25,17,6.16755665648077,SSL,BOS_DOWN,DOWN,5,1.88009882329166,1,0,1,EQL,0.173440850857164,3612,1,BULLISH_FVG,0,0.971268764800121,960,1,3,0,BULLISH_OB,0.173440850857164,0.437070944160054,12350,1,1,3,7,6.16755665648077,0,-0.4
10.6437523995774,22.7161524610046,42,30,750,SWEEP,2026-06-29,2026_06_29.csv,MARKET,1,78,2026-06-17T09:24:00-05:00,2026-06-17T09:24:00-05:00,17112,17112,0,HIGH,HH,external,ChartPrimeHigh,1,30545.75,1550,33.975968092118,0.890335189801923,0.559218796900382,1.12477776568339,0.506522752732791,LOW,225.75,22,6.64440228422427,BSL,BOS_DOWN,DOWN,27,4.65034578475054,0,0,1,EQH,0.154520983354053,16413,1,BEARISH_FVG,0,0.16923726748301,418,1,2,1,BULLISH_OB,0,0.824111911221615,15194,1,0,4,7,0,6.64440228422427,-0.272727272727273
10.6433035965338,22.7318111610892,42,30,750,SWEEP,2026-06-29,2026_06_29.csv,MARKET,1,79,2026-06-17T09:24:00-05:00,2026-06-17T09:24:00-05:00,17112,17112,0,HIGH,LH,external,ChartPrimeActiveHigh,1,30545.75,1550,33.975968092118,0.890335189801923,0.559218796900382,1.12477776568339,0.506522752732791,HIGH,0,0,0,BSL,BOS_DOWN,DOWN,27,4.65034578475054,0,0,1,EQH,0.154520983354053,16413,1,BEARISH_FVG,0,0.16923726748301,418,1,2,1,BULLISH_OB,0,0.824111911221615,15194,1,0,4,7,0,6.64440228422427,-0.272727272727273
-6.8301888245506,18.5320740706059,42,30,750,RUN,2026-06-29,2026_06_29.csv,MARKET,1,80,2026-06-17T09:47:00-05:00,2026-06-17T09:47:00-05:00,17135,17135,0,LOW,LL,external,ChartPrimeLow,-1,30284.75,5671,41.5181328814292,4.12470378880162,2.66750916560455,5.04156109703516,18.8529797907907,HIGH,261,23,6.28640986205677,SSL,BOS_DOWN,DOWN,50,2.48084373866608,0,0,1,EQH,0.0301073269255593,12568,1,BULLISH_FVG,0,0.132472238472461,1045,1,1,0,BULLISH_OB,0.319137665410928,0.379352319262047,12395,1,0,4,7,6.28640986205677,0,-0.272727272727273
1.85054826041738,22.9461763202065,42,30,750,SWEEP,2026-06-29,2026_06_29.csv,MARKET,1,81,2026-06-17T13:06:00-05:00,2026-06-17T13:06:00-05:00,17334,17334,0,LOW,LL,external,ChartPrimeLow,1,30070.25,2466,47.6256044497495,2.12595726962018,1.59578027151737,2.48501032901698,1.62935004749256,LOW,214.5,199,4.50387984526941,SSL,BOS_DOWN,DOWN,4,4.50387984526941,1,0,0,EQH,1.8582441319643,12055,1,BULLISH_FVG,0,12.3253028865881,3964,1,4,0,BEARISH_OB,0.881878571101702,0.451437839968729,11360,1,1,4,6,9.98412525140142,0,-0.2
4.7080172485474,18.4638025076379,42,30,750,GRAB,2026-06-29,2026_06_29.csv,MARKET,1,82,2026-06-17T13:44:00-05:00,2026-06-17T13:44:00-05:00,17372,17372,0,HIGH,LH,external,ChartPrimeHigh,1,30520,2551,53.800995738279,0.831768992114783,0.357800069233733,1.65054511339006,1.80172679915126,LOW,449.75,38,8.35951070846086,BSL,BOS_DOWN,DOWN,42,4.37259565128497,0,0,1,EQL,0.0325272790212485,3451,1,BEARISH_FVG,0,0.0975818370637454,550,1,3,0,BULLISH_OB,0.0278805248753558,0.120815607793209,13108,1,0,5,6,0,8.35951070846086,-0.0909090909090909
2.7150486343494,22.9621400235535,42,30,750,SWEEP,2026-06-29,2026_06_29.csv,MARKET,1,83,2026-06-17T14:53:00-05:00,2026-06-17T14:53:00-05:00,17441,17441,0,LOW,LL,external,ChartPrimeLow,1,29923,1797,49.5137636717135,1.14614595602678,0.414026292485444,1.05090792128425,0.158046882247634,HIGH,597,69,12.0572534933566,SSL,BOS_DOWN,DOWN,19,2.97392056431617,1,0,0,EQL,2.45386314814543,11352,1,BULLISH_FVG,0,11.8552894482417,4071,1,3,0,BEARISH_OB,2.87798764288662,0.95932921429554,19,1,0,5,6,12.0572534933566,0,-0.0909090909090909
13.9862605332232,14.3564257052375,42,30,750,SWEEP,2026-06-29,2026_06_29.csv,MARKET,1,84,2026-06-17T20:13:00-05:00,2026-06-17T20:13:00-05:00,17701,17701,0,HIGH,LH,external,ChartPrimeHigh,1,30438.25,201,14.2127463906248,0.510105492685238,0.105539067452118,1.02498725140235,0.0382163554876004,LOW,515.25,260,36.2526696698026,BSL,BOS_DOWN,DOWN,279,25.8922512149197,0,0,1,EQL,0.0527695337260591,4191,1,BEARISH_FVG,0,6.27957451340104,371,1,2,0,BEARISH_OB,1.24887896485007,1.81175399126136,616,1,0,6,6,0,36.2526696698026,0
5.358510754252,3.41109760403175,42,30,750,SWEEP,2026-06-29,2026_06_29.csv,MARKET,1,85,2026-06-17T23:45:00-05:00,2026-06-17T23:45:00-05:00,17913,17913,0,LOW,HL,external,ChartPrimeLow,-1,30284,214,10.0214113982973,1.2972224653115,0.873130505498123,1.87966622749231,2.46879588888492,HIGH,154.25,212,15.3920434826383,SSL,BOS_DOWN,DOWN,491,21.3293309200256,0,0,1,EQH,0.199572686971,13346,1,BULLISH_FVG,0,0.598718060912999,291,1,4,0,BEARISH_OB,0.773344162012623,6.16180671022961,583,1,0,6,7,15.3920434826383,0,-0.0769230769230769
11.5154011344929,7.00950883720937,42,30,750,GRAB,2026-06-29,2026_06_29.csv,MARKET,1,86,2026-06-18T03:10:00-05:00,2026-06-18T03:10:00-05:00,18118,18118,0,HIGH,HH,external,ChartPrimeHigh,1,30500,442,12.9392940805136,1.02401258658726,0.212530914197356,2.5,1.90493549918414,LOW,216,205,16.6933372605924,BSL,CHOCH_UP,UP,11,4.77228507334064,0,1,1,EQH,0.0386419843995193,14019,1,BULLISH_FVG,0,1.75821029017813,1045,1,5,0,BEARISH_OB,1.41043243058246,1.99006219657525,1033,1,1,6,7,0,16.6933372605924,-0.0769230769230769
4.83714976702079,3.75999351760205,42,30,750,SWEEP,2026-06-29,2026_06_29.csv,MARKET,1,87,2026-06-18T06:41:00-05:00,2026-06-18T06:41:00-05:00,18329,18329,0,LOW,HL,external,ChartPrimeLow,1,30355,276,13.4295269254111,1.30309876864589,0.372313933898826,1.40924176665816,1.16550197875305,HIGH,145,211,10.797104083066,SSL,CHOCH_UP,UP,222,6.19902699941546,0,0,1,EQH,0.409545327288709,13175,1,BULLISH_FVG,0,0.614317990933064,294,1,3,0,BEARISH_OB,0.111694180169648,4.59807708365051,999,1,0,6,8,10.797104083066,0,-0.142857142857143
15.213758235896,20.8525765570921,42,30,750,RUN,2026-06-29,2026_06_29.csv,MARKET,1,88,2026-06-18T12:34:00-05:00,2026-06-18T12:34:00-05:00,18682,18682,0,HIGH,HH,external,ChartPrimeHigh,1,30736.75,622,12.9063183894053,1.259073231398,0.174333216655108,1.07445154603558,0.28707832964739,LOW,381.75,353,29.57853575915,BSL,BOS_UP,UP,285,18.3437284635986,0,0,1,EQL,0.0387407148122462,16371,1,BULLISH_FVG,0,0.987888227712279,4325,1,2,0,BULLISH_OB,1.35592501842862,0.522999649965324,15791,1,0,2,8,0,29.57853575915,-0.6
4.09783992735597,9.62623917125527,42,30,750,RUN,2026-06-29,2026_06_29.csv,MARKET,1,89,2026-06-18T14:12:00-05:00,2026-06-18T14:12:00-05:00,18780,18780,0,LOW,HL,external,ChartPrimeLow,-1,30645.25,676,14.2720315371613,0.963422758995308,0.227718106671618,1.25359295317571,0.785726382879396,HIGH,91.5,98,6.41114054167787,SSL,BOS_UP,UP,383,10.1772476904777,0,0,1,EQH,0,17942,1,BEARISH_FVG,0,0.490469768215793,236,1,1,0,BULLISH_OB,1.33127508515715,0.613087210269742,4484,1,0,2,9,6.41114054167787,0,-0.636363636363636
6.33700385453098,26.9314830267383,42,30,750,RUN,2026-06-29,2026_06_29.csv,MARKET,1,90,2026-06-18T14:47:00-05:00,2026-06-18T14:47:00-05:00,18815,18815,0,HIGH,HH,external,ChartPrimeHigh,1,30783.25,1280,14.870434445391,0.941465432729118,0.268990123636891,1.88693152502396,2.05406593747894,LOW,138,35,9.28015926547273,BSL,BOS_UP,UP,3,3.12701018727886,1,0,1,EQH,0.134495061818445,15682,1,BULLISH_FVG,0,0.487544599091865,3768,1,5,1,BEARISH_OB,0,1.31132685272984,3088,0,1,2,9,0,9.28015926547273,-0.636363636363636
-1.33426861006673,11.4355487953522,42,30,750,GRAB,2026-06-29,2026_06_29.csv,MARKET,1,91,2026-06-19T00:42:00-05:00,2026-06-19T00:42:00-05:00,19350,19350,0,LOW,LL,external,ChartPrimeLow,-1,30388,322,13.2827040372376,2.40914801009562,1.5433604439675,5.27868852459016,8.55071555503785,HIGH,395.25,535,29.7567422184466,SSL,CHOCH_DOWN,DOWN,330,19.3672914249093,0,0,1,EQL,0.338786438919696,1554,1,BULLISH_FVG,0,0.338786438919696,1016,1,0,0,BEARISH_OB,0.244679094775336,1.71275366342735,15004,1,0,2,9,29.7567422184466,0,-0.636363636363636
16.7353674433363,17.7292670500922,42,30,750,SWEEP,2026-06-29,2026_06_29.csv,MARKET,1,92,2026-06-19T04:00:00-05:00,2026-06-19T04:00:00-05:00,19548,19548,0,HIGH,LH,external,ChartPrimeHigh,1,30666,299,7.6547332666396,1.92691234118928,1.86159327877609,6.3013698630137,8.00876077819754,LOW,278,198,36.317398701737,BSL,CHOCH_DOWN,DOWN,528,2.71074109014763,0,0,1,EQL,0.16329765603299,16212,1,BEARISH_FVG,0,0.457233436892372,531,1,1,1,BEARISH_OB,0,1.53499796671011,528,0,0,3,9,0,36.317398701737,-0.5
-1.987134797438,13.0243786112079,42,30,750,SWEEP,2026-06-29,2026_06_29.csv,MARKET,1,93,2026-06-19T07:37:00-05:00,2026-06-19T07:37:00-05:00,19765,19765,0,LOW,HL,external,ChartPrimeLow,-1,30525.25,609,9.80295324827011,3.49384508245451,0.816080603201054,13.8409090909091,23.6714759741287,HIGH,140.75,217,14.3579181125685,SSL,CHOCH_DOWN,DOWN,745,12.2412090480158,0,0,1,EQL,0.229522669650296,18117,1,BEARISH_FVG,0,3.87638286520501,1321,1,3,1,BULLISH_OB,0,0.663065490100856,15501,1,0,3,10,14.3579181125685,0,-0.538461538461538
15.7977619136097,19.8364640691601,42,30,750,RUN,2026-06-29,2026_06_29.csv,MARKET,1,94,2026-06-19T10:09:00-05:00,2026-06-19T10:09:00-05:00,19917,19917,0,HIGH,HH,external,ChartPrimeHigh,1,30705,246,6.92925140940025,1.40707840197184,0.793736534445652,2.08828522920204,2.53905694694109,LOW,179.75,152,25.9407531030192,BSL,CHOCH_UP,UP,93,5.62831360788735,0,0,1,EQL,0.432947200606719,16955,1,BEARISH_FVG,0,1.84002560257856,1008,1,1,1,BULLISH_OB,0,1.6235520022752,17639,1,0,3,10,0,25.9407531030192,-0.538461538461538
4.89738080502249,5.15020339451114,42,30,750,SWEEP,2026-06-29,2026_06_29.csv,MARKET,1,95,2026-06-21T18:59:00-05:00,2026-06-21T18:59:00-05:00,20147,20147,0,LOW,LL,external,ChartPrimeLow,1,30337.5,205,14.9013718474002,1.2918273697974,0.805294983769807,1.26699629171817,0.670556891846037,HIGH,367.5,230,24.6621588779503,SSL,CHOCH_DOWN,DOWN,107,12.5995111002318,0,0,1,EQH,0.0167769788285376,2250,1,BULLISH_FVG,0,0.0671079153141506,2136,1,4,1,BEARISH_OB,0,4.1439137706488,2817,1,0,3,8,24.6621588779503,0,-0.454545454545455
12.1425753273898,14.8193430281039,42,30,750,SWEEP,2026-06-29,2026_06_29.csv,MARKET,1,96,2026-06-21T20:37:00-05:00,2026-06-21T20:37:00-05:00,20245,20245,0,HIGH,LH,external,ChartPrimeHigh,-1,30659,266,9.04949646040489,0.884027087584724,0.138129232435113,1.88318584070796,2.75373062372677,LOW,321.5,98,35.5268385823111,BSL,CHOCH_DOWN,DOWN,205,14.7798278705571,0,0,1,EQH,0,0,1,BEARISH_FVG,0,0.303884311357249,217,1,1,0,BEARISH_OB,0.221006771896181,1.29841478489006,1225,1,0,4,8,0,35.5268385823111,-0.333333333333333
4.87348066701635,5.12218286707232,42,30,750,SWEEP,2026-06-29,2026_06_29.csv,MARKET,1,97,2026-06-21T23:44:00-05:00,2026-06-21T23:44:00-05:00,20432,20432,0,LOW,HL,external,ChartPrimeLow,1,30524,134,9.77706065731474,0.843811886737937,0.460261029129784,1.28045867176302,0.42163589286927,HIGH,135,187,13.8078308738935,SSL,CHOCH_DOWN,DOWN,392,0.127850285869384,0,0,1,EQL,0.178990400217138,6544,1,BEARISH_FVG,0,2.7615661747787,344,1,2,1,BEARISH_OB,0,3.32410743260399,392,1,0,4,9,13.8078308738935,0,-0.384615384615385
3.64784159142301,13.6416796400287,42,30,750,RUN,2026-06-29,2026_06_29.csv,MARKET,1,99,2026-06-22T11:04:00-05:00,2026-06-22T11:04:00-05:00,21112,21112,0,LOW,LL,external,ChartPrimeLow,1,30503,933,28.4355432087573,0.738512355675084,0.298921667773248,0.809158319240276,-0.413512597003032,HIGH,465,114,16.3527735899483,SSL,CHOCH_DOWN,DOWN,1,0.738512355675084,0,1,1,EQH,0.061542696306257,20762,1,BULLISH_FVG,0,0.58905152178846,957,1,2,0,BULLISH_OB,0.527508825482203,0.501133384208093,2715,1,1,2,9,16.3527735899483,0,-0.636363636363636
-5.54222258121004,19.7697826749486,42,30,750,RUN,2026-06-29,2026_06_29.csv,MARKET,1,101,2026-06-23T08:31:00-05:00,2026-06-23T08:31:00-05:00,22339,22339,0,LOW,LL,external,ChartPrimeLow,1,29616.5,5440,33.0319554651148,3.73880378139977,2.34621289925896,5.26213967885471,2.61970123778095,HIGH,1084.75,929,32.8394121609182,SSL,BOS_DOWN,DOWN,790,26.8376481960396,0,0,1,EQH,0.95362201711816,14773,1,BULLISH_FVG,0,0.605474296582958,9053,1,0,0,BULLISH_OB,0.0681158583655828,0.688727012363115,9657,1,0,3,6,32.8394121609182,0,-0.333333333333333
4.56382645494234,18.8472414274174,42,30,750,RUN,2026-06-29,2026_06_29.csv,MARKET,1,102,2026-06-23T09:20:00-05:00,2026-06-23T09:20:00-05:00,22388,22388,0,HIGH,LH,external,ChartPrimeHigh,1,30047,2302,36.7242403436942,0.96666397092937,0.667134289796325,1.17284422366578,0.686215135875142,LOW,430.5,49,11.7225025207069,BSL,BOS_DOWN,DOWN,839,12.4168667815153,0,0,1,EQL,0.871359072387037,4925,1,BULLISH_FVG,0,0.313144666639092,4921,1,2,0,BEARISH_OB,0.503754463723756,1.29342362307451,4966,1,0,4,6,0,11.7225025207069,-0.2
1.08227317175149,24.1762385829058,42,30,750,SWEEP,2026-06-29,2026_06_29.csv,MARKET,1,103,2026-06-23T13:54:00-05:00,2026-06-23T13:54:00-05:00,22662,22662,0,LOW,LL,external,ChartPrimeLow,1,29577.25,1187,22.3745591690103,1.31846173044869,0.69275107871033,1.24953944944471,0.678351848284353,HIGH,469.75,274,20.9948270467211,SSL,BOS_DOWN,DOWN,9,1.75422450576648,1,0,1,EQH,0.379895752841149,9917,1,BULLISH_FVG,0,1.87713195521509,9579,1,3,0,BULLISH_OB,0.636884056233691,1.01677980907484,9980,1,1,4,5,20.9948270467211,0,-0.111111111111111
14.3923420326393,19.6956325637727,42,30,750,SWEEP,2026-06-29,2026_06_29.csv,MARKET,1,104,2026-06-23T17:16:00-05:00,2026-06-23T17:16:00-05:00,22804,22804,0,HIGH,LH,external,ChartPrimeHigh,0,29803.5,93,13.1897772928543,0.758162914958206,0,0.51225557697604,-0.859334293386862,LOW,226.25,142,17.1534359509294,BSL,BOS_DOWN,DOWN,151,14.1776465097185,0,0,1,EQL,0.151632582991641,16715,1,BEARISH_FVG,0,1.72482063152992,369,1,2,0,BULLISH_OB,8.20711355442258,2.7483405667235,14001,1,0,5,5,0,17.1534359509294,0
-1.88831613811374,24.2394143469751,42,30,750,SWEEP,2026-06-29,2026_06_29.csv,MARKET,1,105,2026-06-23T18:08:00-05:00,2026-06-23T18:08:00-05:00,22856,22856,0,LOW,HL,external,ChartPrimeLow,1,29585.5,219,16.2708558467157,1.35211080518796,0.614595820539981,1.47177419354839,0.687203677677202,HIGH,218,52,13.3981888877716,SSL,BOS_DOWN,DOWN,203,1.90524704367394,0,0,0,EQH,1.02944799940447,10111,1,BULLISH_FVG,0,2.58130244626792,9773,1,10,0,BULLISH_OB,0.368757492323988,1.39820549172846,10174,1,0,5,6,13.3981888877716,0,-0.0909090909090909
8.60087813366707,13.6633237250505,42,30,750,SWEEP,2026-06-29,2026_06_29.csv,MARKET,1,106,2026-06-23T19:42:00-05:00,2026-06-23T19:42:00-05:00,22950,22950,0,HIGH,HH,external,ChartPrimeHigh,1,29891.75,366,19.4205647540839,1.37740587561311,0.566409892775484,1.70988086895585,1.67636750463723,LOW,306.25,94,15.7693663329538,BSL,CHOCH_UP,UP,35,4.54415209431241,0,0,1,EQH,0,374,1,BEARISH_FVG,0,0.45055332379868,444,1,2,0,BULLISH_OB,7.22172613288742,0.75950417440349,35,0,1,5,6,0,15.7693663329538,-0.0909090909090909
4.59689954133484,10.9988016851023,42,30,750,SWEEP,2026-06-29,2026_06_29.csv,MARKET,1,107,2026-06-23T22:06:00-05:00,2026-06-23T22:06:00-05:00,23094,23094,0,LOW,HL,external,ChartPrimeLow,-1,29616.5,279,16.4061944148475,0.975241399402172,0.304762937313179,1.1969111969112,0.590308413680255,HIGH,275.25,144,16.7771996990905,SSL,CHOCH_UP,UP,179,11.3981338555129,0,0,0,EQH,1.92000650507303,15528,1,BEARISH_FVG,0,1.67619615522248,239,1,6,0,BULLISH_OB,0.13714332179093,1.38667136477496,10412,1,0,5,7,16.7771996990905,0,-0.166666666666667
12.3357140261031,13.6198034579499,42,30,750,GRAB,2026-06-29,2026_06_29.csv,MARKET,1,108,2026-06-24T00:39:00-05:00,2026-06-24T00:39:00-05:00,23247,23247,0,HIGH,LH,external,ChartPrimeHigh,1,29884.25,169,13.8563319858335,0.884072351364288,0.19846522173484,1.22953801382321,0.51156985068184,LOW,267.75,153,19.3232956798194,BSL,CHOCH_UP,UP,332,5.82766060185031,0,0,1,EQH,0.0902114644249274,687,1,BEARISH_FVG,0,0.631480250974492,825,1,2,0,BULLISH_OB,9.58045752192729,1.06449528021414,332,1,0,6,7,0,19.3232956798194,-0.0769230769230769
2.74065185190857,8.28612579378564,42,30,750,SWEEP,2026-06-29,2026_06_29.csv,MARKET,1,109,2026-06-24T03:00:00-05:00,2026-06-24T03:00:00-05:00,23388,23388,0,LOW,HL,external,ChartPrimeLow,-1,29763,251,13.1353763222144,1.18001948477004,0.095162861675003,2.30698529411765,3.50002206902486,HIGH,121.25,141,9.23079758247529,SSL,CHOCH_UP,UP,473,3.0832767182701,0,0,1,EQH,0.875498327410028,484,1,BEARISH_FVG,0,0.32355372969501,321,1,1,0,BULLISH_OB,0.875498327410028,1.12292176776504,473,1,0,6,8,9.23079758247529,0,-0.142857142857143
11.5758642626585,12.8381577355072,42,30,750,GRAB,2026-06-29,2026_06_29.csv,MARKET,1,110,2026-06-24T03:33:00-05:00,2026-06-24T03:33:00-05:00,23421,23421,0,HIGH,LH,external,ChartPrimeHigh,1,29866.25,161,13.7194867815348,0.783557006991582,0.0364445119530968,1.55781325592646,1.25565831466912,LOW,103.25,33,7.5257917183145,BSL,CHOCH_UP,UP,506,4.57378625011365,0,0,0,EQH,1.22089115042874,861,1,BEARISH_FVG,0,0.69244572710884,171,1,3,0,BULLISH_OB,8.36401549323573,1.07511310261636,506,1,0,7,8,0,7.5257917183145,-0.0666666666666667
9.09230462837252,5.85069824863125,42,30,750,RUN,2026-06-29,2026_06_29.csv,MARKET,1,111,2026-06-24T06:20:00-05:00,2026-06-24T06:20:00-05:00,23588,23588,0,LOW,LL,external,ChartPrimeLow,-1,29734,304,12.9141730632531,1.85842329063184,1.39381746797388,1.99018003273322,1.98239224122187,HIGH,132.25,167,10.2406866744192,SSL,CHOCH_DOWN,DOWN,5,2.24559480951348,0,1,1,EQH,0,890,1,BEARISH_FVG,0,0.464605822657961,438,1,4,0,BULLISH_OB,0.212944335384899,1.14215598070082,673,1,1,7,8,10.2406866744192,0,-0.0666666666666667
10.2531100953271,6.61870527399969,42,30,750,SWEEP,2026-06-29,2026_06_29.csv,MARKET,1,112,2026-06-24T07:20:00-05:00,2026-06-24T07:20:00-05:00,23648,23648,0,HIGH,HH,external,ChartPrimeHigh,-1,29872.75,230,14.8751806518147,0.823519410401619,0.403356445910997,1.27142067440575,0.810029222509143,LOW,138.75,60,9.32761781169181,BSL,CHOCH_UP,UP,1,0.436969483070247,0,1,1,EQH,0.554615113127621,20,1,BEARISH_FVG,0,0.588228150286871,1061,1,4,0,BULLISH_OB,2.55459082410298,0.773099854662744,1,0,1,7,8,0,9.32761781169181,-0.0666666666666667
-1.55980389185725,21.4309640821418,42,30,750,RUN,2026-06-29,2026_06_29.csv,MARKET,1,113,2026-06-24T09:20:00-05:00,2026-06-24T09:20:00-05:00,23768,23768,0,LOW,LL,external,ChartPrimeLow,-1,29525,3173,48.8345431549184,1.17744523210941,0.373710878017335,2.26804860614725,3.34529939603041,HIGH,347.75,120,7.12098399071388,SSL,CHOCH_DOWN,DOWN,71,4.27975745236291,0,0,1,EQL,0.0511932709612788,16044,1,BULLISH_FVG,0,0.527290690901172,10707,1,2,0,BULLISH_OB,0.0563125980574067,0.465858765747637,16282,1,0,7,5,7.12098399071388,0,0.166666666666667
5.99207188411908,14.8381837984708,42,30,750,SWEEP,2026-06-29,2026_06_29.csv,MARKET,1,114,2026-06-24T10:01:00-05:00,2026-06-24T10:01:00-05:00,23809,23809,0,HIGH,HH,external,ChartPrimeHigh,1,29907.5,1560,34.2556476379998,0.875767999397595,0.313816866450805,1.1878474072946,0.648081160759205,LOW,382.5,41,11.1660419923193,BSL,CHOCH_UP,UP,2,1.01443126596888,0,1,1,EQH,0.459778199683737,1233,1,BEARISH_FVG,0,0.204345866526106,1395,1,3,0,BULLISH_OB,2.12373739853917,0.335711066435745,162,1,1,6,5,0,11.1660419923193,0.0909090909090909
-2.07092768508689,22.3313804670588,42,30,750,RUN,2026-06-29,2026_06_29.csv,MARKET,1,115,2026-06-24T14:13:00-05:00,2026-06-24T14:13:00-05:00,24061,24061,0,LOW,LL,external,ChartPrimeLow,-1,29264.75,1018,31.3465489424177,0.54232445272455,0.127605753582247,0.825528119044723,-0.629126035874551,HIGH,642.75,252,20.5046495287473,SSL,CHOCH_DOWN,DOWN,117,8.30234934244496,0,0,0,EQL,1.86623414614036,16172,1,BEARISH_FVG,0,0.207359349571152,15168,1,3,0,BULLISH_OB,0.837412757883497,0.422694058741194,16791,1,0,5,5,20.5046495287473,0,0
15.3494935776316,22.1265861766415,42,30,750,RUN,2026-06-29,2026_06_29.csv,MARKET,1,116,2026-06-24T17:01:00-05:00,2026-06-24T17:01:00-05:00,24169,24169,0,HIGH,HH,external,ChartPrimeHigh,-1,30168.5,458,28.0780686147842,1.11296828954772,0.24930489685869,0.769683219897488,-0.700803960654385,LOW,903.75,108,32.1870429337202,BSL,CHOCH_UP,UP,40,9.2955111543026,0,0,1,EQL,0.311631121073363,18731,1,BULLISH_FVG,0,0.79243342215798,6650,1,3,1,BEARISH_OB,0,0.34724610633889,18898,1,1,4,5,0,32.1870429337202,-0.111111111111111
1.43152553124962,4.54988527443454,42,30,750,RUN,2026-06-29,2026_06_29.csv,MARKET,1,117,2026-06-24T21:16:00-05:00,2026-06-24T21:16:00-05:00,24424,24424,0,LOW,HL,external,ChartPrimeLow,1,29924.5,232,14.1705138072628,1.30552782006523,0.635121642193894,1.58741019500513,0.732861086643735,HIGH,244,255,17.21885341059,SSL,CHOCH_UP,UP,295,1.19967421303291,0,0,0,EQL,1.88772265874296,57,1,BULLISH_FVG,0,2.02886080145272,293,1,4,0,BULLISH_OB,2.57577110445302,1.11146287383932,295,0,0,4,6,17.21885341059,0,-0.2
15.1716626902867,20.3371135371182,42,30,750,RUN,2026-06-29,2026_06_29.csv,MARKET,1,118,2026-06-25T06:02:00-05:00,2026-06-25T06:02:00-05:00,24950,24950,0,HIGH,HH,external,ChartPrimeHigh,1,30193,152,10.2481208035749,1.17094638422041,0.121973581689626,1.45593869731801,0.592958732415321,LOW,268.5,526,26.1999253469316,BSL,BOS_UP,UP,222,2.39068220111667,0,0,1,EQL,0.0487894326758504,19128,1,BEARISH_FVG,0,1.24413053323418,167,1,1,0,BEARISH_OB,1.90278787435816,0.951393937179082,19679,1,0,4,6,0,26.1999253469316,-0.2
5.74650167610559,6.43942570176109,42,30,750,RUN,2026-06-29,2026_06_29.csv,MARKET,1,119,2026-06-25T06:30:00-05:00,2026-06-25T06:30:00-05:00,24978,24978,0,LOW,HL,external,ChartPrimeLow,-1,30099,258,11.0402992931217,1.78890077846935,1.15485999622705,1.79291174426685,2.10960517018411,HIGH,94,28,8.51426193296806,SSL,BOS_UP,UP,250,6.29511919512,0,0,1,EQH,0.679329409545324,338,1,BEARISH_FVG,0,0.634040782242302,690,1,1,1,BEARISH_OB,0,4.30241959378705,7556,1,0,4,7,8.51426193296806,0,-0.272727272727273
-0.461642714587002,21.2755845731443,42,30,750,SWEEP,2026-06-29,2026_06_29.csv,MARKET,1,121,2026-06-25T08:59:00-05:00,2026-06-25T08:59:00-05:00,25127,25127,0,LOW,LL,external,ChartPrimeLow,-1,29298.25,2233,77.3239552394654,1.10897069005898,0.523770413380628,0.628757268158076,-1.56156597998959,HIGH,965.5,89,12.4864280029382,SSL,CHOCH_DOWN,DOWN,28,10.355781691717,0,0,1,EQL,0.323315069988042,17238,1,BEARISH_FVG,0,0.333014522087683,12584,1,7,0,BEARISH_OB,0.77272301727142,0.139025480094858,17114,1,1,4,6,12.4864280029382,0,-0.2
10.3050104082282,15.5677853879274,42,30,750,GRAB,2026-06-29,2026_06_29.csv,MARKET,1,122,2026-06-25T13:28:00-05:00,2026-06-25T13:28:00-05:00,25396,25396,0,HIGH,LH,external,ChartPrimeHigh,1,29891.25,980,30.3872123279576,0.814487348588699,0.0575900145466757,0.911967243625535,-0.185587460547718,LOW,593,269,19.5147877863878,BSL,CHOCH_DOWN,DOWN,297,6.83675744118392,0,0,1,EQH,0.0164542898704788,2820,1,BEARISH_FVG,0,1.65365613198312,284,1,0,0,BULLISH_OB,0.106952884158112,0.518310130920081,1267,1,0,5,6,0,19.5147877863878,-0.0909090909090909
2.41638784602294,9.99151531297834,42,30,750,GRAB,2026-06-29,2026_06_29.csv,MARKET,1,123,2026-06-25T14:50:00-05:00,2026-06-25T14:50:00-05:00,25478,25478,0,LOW,HL,external,ChartPrimeLow,-1,29616.25,1362,27.4759368313643,1.71058771493275,0.47314128285374,1.96906173196472,3.64122996841335,HIGH,275,82,10.0087579065214,SSL,CHOCH_DOWN,DOWN,379,17.5699195613571,0,0,1,EQL,0.200175158130428,1563,1,BEARISH_FVG,0,0.800700632521713,277,1,2,0,BULLISH_OB,0.072790966592883,0.827997244994044,12796,1,0,5,7,10.0087579065214,0,-0.166666666666667
14.9300415746139,15.0618530985086,42,30,750,SWEEP,2026-06-29,2026_06_29.csv,MARKET,1,126,2026-06-26T02:32:00-05:00,2026-06-26T02:32:00-05:00,26120,26120,0,HIGH,LH,external,ChartPrimeHigh,1,29562.75,330,20.1982684092756,0.841656307141314,0.235168674054191,1.58159597411934,0.879763055916884,LOW,402.25,234,19.9150735027996,BSL,BOS_DOWN,DOWN,543,2.64874190776825,0,0,1,EQH,0.297055167226346,13375,1,BULLISH_FVG,0,1.53478503066945,971,1,2,1,BEARISH_OB,0,1.39863474569071,2176,1,0,6,4,0,19.9150735027996,0.2
4.44613900580109,11.5797624336742,42,30,750,SWEEP,2026-06-29,2026_06_29.csv,MARKET,1,127,2026-06-26T06:54:00-05:00,2026-06-26T06:54:00-05:00,26382,26382,0,LOW,HL,external,ChartPrimeLow,-1,29304.75,213,15.1486347358312,0.742641181610266,0.181534511060287,1.45144804088586,0.811270528423977,HIGH,258,262,17.0312377649288,SSL,BOS_DOWN,DOWN,805,20.5629091619198,0,0,0,EQL,1.22123216531466,18493,1,BULLISH_FVG,0,0.181534511060287,341,1,4,0,BEARISH_OB,3.51516825962193,0.709634906872032,18369,1,0,6,5,17.0312377649288,0,0.0909090909090909
9.20978373977599,10.6446944317785,42,30,750,SWEEP,2026-06-29,2026_06_29.csv,MARKET,1,128,2026-06-26T07:16:00-05:00,2026-06-26T07:16:00-05:00,26404,26404,0,HIGH,LH,external,ChartPrimeHigh,-1,29450,256,17.247663153188,1.01463020494839,0.231915475416775,1.3097979022768,0.735383351443554,LOW,145.25,22,8.42143070107165,BSL,BOS_DOWN,DOWN,827,9.63898694700972,0,0,1,EQH,0.333378495911614,150,1,BEARISH_FVG,0,0.333378495911614,210,1,5,0,BULLISH_OB,0.811704163958713,0.637767557396132,18325,1,0,7,5,0,8.42143070107165,0.166666666666667
8.21404258465115,16.4773824293685,42,30,750,GRAB,2026-06-29,2026_06_29.csv,MARKET,1,130,2026-06-26T10:44:00-05:00,2026-06-26T10:44:00-05:00,26612,26612,0,HIGH,HH,external,ChartPrimeHigh,-1,29716,932,33.9038592428469,0.737379182143535,0.147475836428707,0.857484589198638,-0.339242919772478,LOW,534.5,130,15.7651669142288,BSL,CHOCH_UP,UP,106,7.84571449800721,0,0,1,EQH,0.0442427509286121,1367,1,BEARISH_FVG,0,0.309699256500285,918,1,8,0,BULLISH_OB,0.612024721179134,0.435053717464685,3697,1,0,6,5,0,15.7651669142288,0.0909090909090909
16.732287672607,18.9566529212914,42,30,750,SWEEP,2026-06-29,2026_06_29.csv,MARKET,1,132,2026-06-28T18:46:00-05:00,2026-06-28T18:46:00-05:00,27034,27034,0,HIGH,LH,external,ChartPrimeHigh,1,29683.25,271,13.3164566838603,2.45936293546415,2.00879262667683,3.22427126710292,4.85208522536487,LOW,428.25,121,32.1594557896954,BSL,CHOCH_UP,UP,528,17.5159207541073,0,0,1,EQL,0.150190102929109,13865,1,BEARISH_FVG,0,0.807271803243959,419,1,4,1,BULLISH_OB,0,1.08887824623604,13666,1,0,7,6,0,32.1594557896954,0.0769230769230769
5.44932734584684,11.9748718540715,42,30,750,RUN,2026-06-29,2026_06_29.csv,MARKET,1,133,2026-06-28T19:32:00-05:00,2026-06-28T19:32:00-05:00,27080,27080,0,LOW,HL,external,ChartPrimeLow,1,29363.25,224,25.844107182762,0.71583049355017,0.0870604654317775,0.719216567667362,-0.800394464693174,HIGH,320,46,12.3819328614083,SSL,CHOCH_UP,UP,574,3.35666461164742,0,0,1,EQL,0.280528166391283,19758,1,BULLISH_FVG,0,1.82826977406733,149,1,6,1,BEARISH_OB,0,0.415955557062937,19067,1,0,7,7,12.3819328614083,0,0
19.2226487416265,10.610923356297,42,30,750,GRAB,2026-06-29,2026_06_29.csv,MARKET,1,134,2026-06-29T06:31:00-05:00,2026-06-29T06:31:00-05:00,27739,27739,0,HIGH,HH,external,ChartPrimeHigh,1,29759.75,970,13.3367317519807,4.33014632624843,2.3244075517524,8.40918942349371,14.0861389508437,LOW,396.5,659,29.7299223958009,BSL,BOS_UP,UP,224,5.7360379906148,0,0,1,EQL,0.356159221639481,3850,1,BEARISH_FVG,0,1.36840121998327,2084,1,1,1,BEARISH_OB,0,1.25592988683396,4042,1,0,6,7,0,29.7299223958009,-0.0769230769230769
-4.20911632880644,15.9894687334055,42,30,750,SWEEP,2026-06-29,2026_06_29.csv,MARKET,1,135,2026-06-29T08:30:00-05:00,2026-06-29T08:30:00-05:00,27858,27858,0,LOW,HL,external,ChartPrimeLow,-1,29557,5346,21.7412949563838,5.36996532332676,0.908409551483541,21.2649164677804,28.0311605345865,HIGH,202.75,119,9.32557147155888,SSL,BOS_UP,UP,343,5.80692181644542,0,0,1,EQH,0.137986260984842,20432,1,BULLISH_FVG,0,0.413958782954525,475,1,2,1,BEARISH_OB,0,1.29937062427393,3914,1,0,6,8,9.32557147155888,0,-0.142857142857143
-5.01205890188669,7.4162705057386,42,30,750,SWEEP,2026-07-06,2026_07_06.csv,MARKET,1,3,2026-07-01T02:18:00-05:00,2026-07-01T02:18:00-05:00,138,138,0,LOW,LL,external,ChartPrimeLow,-1,30299,601,12.0496702070041,1.41082699426233,0.311211836969632,2.71331828442438,4.48381444720728,HIGH,164,130,13.6103310034719,SSL,BOS_DOWN,DOWN,116,11.3281108656946,0,0,0,EQL,9.19112291850312,71,0,BEARISH_FVG,3.11211836969632,0.207474557979755,3,1,3,0,BEARISH_OB,11.9712819954318,0.477191483353435,116,1,0,1,1,13.6103310034719,0,0
-8.2456524129144,8.58379070489223,42,30,750,RUN,2026-07-06,2026_07_06.csv,MARKET,1,5,2026-07-01T08:35:00-05:00,2026-07-01T08:35:00-05:00,515,515,0,LOW,LL,external,ChartPrimeLow,-1,30087.75,3177,39.7964225540101,1.23754842368456,0.370636329935986,1.91691555796905,0.769584678512217,HIGH,347.5,150,8.73194065442408,SSL,BOS_DOWN,DOWN,59,5.30826608128658,0,0,0,EQH,4.95647566643209,38,0,BEARISH_FVG,1.63331264039587,0.339226471466835,0,0,1,0,BEARISH_OB,5.03185932675805,0.804092376810275,59,0,0,2,1,8.73194065442408,0,0.333333333333333
-7.35286151868698,7.33926001605962,42,30,750,SWEEP,2026-07-06,2026_07_06.csv,MARKET,1,7,2026-07-01T19:04:00-05:00,2026-07-01T19:04:00-05:00,1084,1084,0,LOW,LL,external,ChartPrimeLow,-1,29952.5,357,19.4063782843445,1.49435405077077,0.399353237705981,2.00224340998317,1.24057114751358,HIGH,404,453,20.8178978107376,SSL,BOS_DOWN,DOWN,187,6.96935811609469,0,0,0,EQH,5.99029856558971,33,0,BEARISH_FVG,2.64088431386213,0.373588512692691,1,0,2,0,BEARISH_OB,7.83247640403988,1.42994223823754,187,0,0,3,1,20.8178978107376,0,0.5
14.0452111116578,12.8507616751662,42,30,750,GRAB,2026-07-06,2026_07_06.csv,MARKET,1,8,2026-07-01T21:15:00-05:00,2026-07-01T21:15:00-05:00,1215,1215,0,HIGH,LH,external,ChartPrimeHigh,1,30239.5,218,9.89809415999581,0.98503811364067,0.757721625877438,2.38121245221191,3.20579185020873,LOW,287,131,28.9954808835766,BSL,BOS_DOWN,DOWN,318,15.3312342302535,0,0,0,EQH,4.59684453032312,738,1,BULLISH_FVG,0,1.13658243881616,601,1,2,0,BEARISH_OB,4.8999331806741,3.23294560374374,759,1,0,4,1,0,28.9954808835766,0.6
-4.14742436899634,6.32115942074675,42,30,750,RUN,2026-07-06,2026_07_06.csv,MARKET,1,9,2026-07-02T02:17:00-05:00,2026-07-02T02:17:00-05:00,1517,1517,0,LOW,LL,external,ChartPrimeLow,-1,29826.25,311,19.4828887166215,1.47565386314979,0.846896999720749,1.34254262896611,0.897018127919085,HIGH,413.25,302,21.2109203111879,SSL,BOS_DOWN,DOWN,31,6.48004522513603,0,0,0,EQH,12.4468195413504,466,0,BULLISH_FVG,1.02654181784333,0.295130772629958,0,1,2,0,BEARISH_OB,7.1472974067342,0.461943818029499,31,0,1,4,1,21.2109203111879,0,0.6
17.8467901992826,10.388870029176,42,30,750,RUN,2026-07-06,2026_07_06.csv,MARKET,1,12,2026-07-02T19:00:00-05:00,2026-07-02T19:00:00-05:00,2460,2460,0,HIGH,LH,external,ChartPrimeHigh,1,29638.75,359,14.286201490268,3.35988541339686,2.09992838337304,6.62973222530009,7.32861731484584,LOW,310.25,301,21.7167593647162,BSL,CHOCH_DOWN,DOWN,498,13.1245523960815,0,0,0,EQL,2.04743017378871,67,1,BEARISH_FVG,0,0.507482692648484,417,1,0,0,BEARISH_OB,21.1742778656781,3.14989257505956,498,0,0,5,1,0,21.7167593647162,0.666666666666667
18.3769459995609,15.0241266521759,42,30,750,SWEEP,2026-07-06,2026_07_06.csv,MARKET,1,14,2026-07-03T08:33:00-05:00,2026-07-03T08:33:00-05:00,3272,3272,0,HIGH,HH,external,ChartPrimeHigh,1,29955.25,500,10.2564279688579,1.63312217965737,0.24374957905334,2.9868578255675,1.6900559232849,LOW,433.25,754,42.2418020499437,BSL,CHOCH_UP,UP,747,30.8586967081528,0,0,1,EQH,0.463124200201345,1572,1,BULLISH_FVG,0,0.731248737160019,1560,1,4,1,BEARISH_OB,0,4.38749242296011,1310,0,0,5,2,0,42.2418020499437,0.428571428571429
3.76852642962608,2.59118372691458,42,30,750,SWEEP,2026-07-06,2026_07_06.csv,MARKET,1,15,2026-07-03T10:43:00-05:00,2026-07-03T10:43:00-05:00,3402,3402,0,LOW,HL,external,ChartPrimeLow,1,29884.5,183,6.53562241983348,1.79783947804919,0.726786171977332,2.08191126279863,1.72185158261533,HIGH,70.75,130,10.8252887720834,SSL,CHOCH_UP,UP,877,37.6016214238799,0,0,1,EQL,0.918045690918735,157,1,BULLISH_FVG,0,0.726786171977332,176,1,0,0,BEARISH_OB,8.6831821599397,6.88534268189051,1440,0,0,5,3,10.8252887720834,0,0.25
19.4473107540245,9.54880004470068,42,30,750,RUN,2026-07-06,2026_07_06.csv,MARKET,1,16,2026-07-05T17:00:00-05:00,2026-07-05T17:00:00-05:00,3479,3479,0,HIGH,HH,external,ChartPrimeHigh,-1,29979.5,697,11.3751070699872,6.52741108660913,1.56042487255639,8.86204704386522,11.7347962881479,LOW,95,77,8.35156974044265,BSL,CHOCH_UP,UP,954,29.9557619900614,0,0,0,EQL,1.0988907553214,1721,1,BEARISH_FVG,0,6.15378822979985,1530,1,0,1,BEARISH_OB,0,3.95600671915705,1517,0,0,5,3,0,8.35156974044265,0.25
2.75156138789161,3.23736667862953,42,30,750,SWEEP,2026-07-06,2026_07_06.csv,MARKET,1,17,2026-07-05T17:05:00-05:00,2026-07-05T17:05:00-05:00,3484,3484,0,LOW,LL,external,ChartPrimeLow,0,29860.75,544,16.3890090054307,1.99829043898554,0,3.59907376778035,2.55908911937866,HIGH,118.75,5,7.24570960700864,SSL,CHOCH_UP,UP,959,13.545663433734,0,0,1,EQL,0.259320133303467,387,1,BEARISH_FVG,0,0.701689772468205,496,1,0,0,BEARISH_OB,4.91182840727743,2.74574258791906,1522,0,0,5,3,7.24570960700864,0,0.25
6.38554302926742,24.7848262114553,42,30,750,SWEEP,2026-07-06,2026_07_06.csv,MARKET,1,18,2026-07-05T18:31:00-05:00,2026-07-05T18:31:00-05:00,3570,3570,0,HIGH,HH,external,ChartPrimeHigh,1,30011.25,205,11.7546838708914,1.44623200306541,0.744384119224846,1.45493257629524,0.365728499832222,LOW,150.5,86,12.8034068506674,BSL,BOS_UP,UP,19,2.70105094690158,1,0,0,EQL,3.76445683150851,1812,1,BEARISH_FVG,0,5.95507295379877,1621,1,0,0,BEARISH_OB,2.12681176921385,3.82826118458492,1608,1,1,5,3,0,12.8034068506674,0.25
17.7965375811089,12.7244953517951,42,30,750,SWEEP,2026-07-06,2026_07_06.csv,MARKET,1,20,2026-07-06T08:00:00-05:00,2026-07-06T08:00:00-05:00,4379,4379,0,HIGH,LH,external,ChartPrimeHigh,-1,29938,391,9.58792439252343,1.66876576670511,1.25157432502883,3.34760273972603,7.0709568377008,LOW,255,609,26.5959544068627,BSL,CHOCH_DOWN,DOWN,697,8.05700971737311,0,0,0,EQH,1.30372325523837,2679,1,BEARISH_FVG,0,0.677936092723951,752,1,1,1,BULLISH_OB,0,2.00773381306709,828,1,0,6,3,0,26.5959544068627,0.333333333333333
-4.09607670134104,16.10182959252,42,30,750,RUN,2026-07-13,2026_07_13.csv,MARKET,1,21,2026-07-06T08:30:00-05:00,2026-07-06T08:30:00-05:00,4409,4409,0,LOW,HL,external,ChartPrimeLow,1,29776.25,4841,20.5713412948184,4.89759022302436,0.960073517664825,12.7027027027027,21.527986386079,HIGH,161.75,30,7.86288058138154,SSL,CHOCH_DOWN,DOWN,727,4.10765631608495,0,0,0,EQH,1.02083766435247,1763,1,BEARISH_FVG,0,0.376737709463412,479,1,2,0,BEARISH_OB,4.88543739368683,0.486113173501177,727,1,0,6,4,7.86288058138154,0,0.2
6.71144456147345,7.18394700516797,42,30,750,SWEEP,2026-07-13,2026_07_13.csv,MARKET,1,23,2026-07-06T12:42:00-05:00,2026-07-06T12:42:00-05:00,4661,4661,0,LOW,HL,external,ChartPrimeLow,-1,29882.25,1385,15.7330546280405,1.60490131109046,1.33476940724355,1.90942303715448,2.64572069750546,HIGH,211.75,92,13.4589248563724,SSL,CHOCH_UP,UP,237,3.5434949739918,0,0,1,EQH,0.174791231900941,421,1,BEARISH_FVG,0,0.778615487558736,244,1,6,1,BULLISH_OB,0,2.19283545475726,237,0,0,5,5,13.4589248563724,0,0
12.8324825872193,13.4365363713148,42,30,750,SWEEP,2026-07-13,2026_07_13.csv,MARKET,1,24,2026-07-06T14:25:00-05:00,2026-07-06T14:25:00-05:00,4764,4764,0,HIGH,LH,external,ChartPrimeHigh,1,30052,637,11.6214017580911,1.03257767434512,0.10756017441095,1.2621359223301,1.04817244121461,LOW,169.75,103,14.606671685007,BSL,CHOCH_UP,UP,340,9.80948790627861,0,0,1,EQH,0.322680523232849,279,1,BEARISH_FVG,0,0.709897151112268,182,1,1,0,BEARISH_OB,4.51752732525989,2.38783587192308,3867,1,0,6,5,0,14.606671685007,0.0909090909090909
-0.136100140775942,3.91798661052524,42,30,750,SWEEP,2026-07-13,2026_07_13.csv,MARKET,1,25,2026-07-07T00:28:00-05:00,2026-07-07T00:28:00-05:00,5307,5307,0,LOW,LL,external,ChartPrimeLow,1,29558.5,189,11.3125452337318,1.14916667570412,0.883974365926243,1.40992167101828,0.766279109973759,HIGH,493.5,543,43.6241349584601,SSL,CHOCH_DOWN,DOWN,369,28.6186700968621,0,0,0,EQL,4.50826926622384,2914,1,BULLISH_FVG,0,1.30386218974121,2783,1,4,0,BULLISH_OB,0.11049679574078,1.59115385866724,2782,0,0,6,3,43.6241349584601,0,0.333333333333333
13.1591771098655,12.3459085679647,42,30,750,SWEEP,2026-07-13,2026_07_13.csv,MARKET,1,26,2026-07-07T02:22:00-05:00,2026-07-07T02:22:00-05:00,5421,5421,0,HIGH,LH,external,ChartPrimeHigh,1,29744,305,11.5646000219967,1.38353250173519,0.886325508924109,1.97092084006462,1.56387544767198,LOW,185.5,114,16.0403299419924,BSL,CHOCH_DOWN,DOWN,483,11.9545855228057,0,0,1,EQL,0.324265430094186,1628,1,BULLISH_FVG,0,1.49162097843326,1570,1,1,0,BULLISH_OB,10.0089929422405,2.98324195686651,997,1,0,7,3,0,16.0403299419924,0.4
1.17908322301071,4.71127754199696,42,30,750,SWEEP,2026-07-13,2026_07_13.csv,MARKET,1,27,2026-07-07T06:35:00-05:00,2026-07-07T06:35:00-05:00,5674,5674,0,LOW,HL,external,ChartPrimeLow,1,29591.25,198,10.7139490600372,1.40004399087071,0.326676931203165,2.02972834443875,2.51003645541826,HIGH,152.75,253,14.2571146403667,SSL,CHOCH_DOWN,DOWN,736,27.1608534228917,0,0,0,EQL,1.70338685555936,3281,1,BULLISH_FVG,0,1.89005938767545,364,1,3,0,BULLISH_OB,3.1734330459736,1.68005278904485,3149,0,0,7,4,14.2571146403667,0,0.272727272727273
11.4854818341111,11.5256691306166,42,30,750,SWEEP,2026-07-13,2026_07_13.csv,MARKET,1,28,2026-07-07T07:10:00-05:00,2026-07-07T07:10:00-05:00,5709,5709,0,HIGH,LH,external,ChartPrimeHigh,1,29716,964,14.3125964340476,1.65937746581761,0.698685248765309,4.84300427028385,5.45128187427497,LOW,124.75,35,8.71609847834723,BSL,CHOCH_DOWN,DOWN,771,11.6156422607233,0,0,1,EQL,0.611349592669646,1956,1,BULLISH_FVG,0,0.646283855107911,1865,1,4,0,BULLISH_OB,10.0436004510013,2.41046410824032,1285,1,0,8,4,0,8.71609847834723,0.333333333333333
-4.63046706100807,9.39045489223844,42,30,750,RUN,2026-07-13,2026_07_13.csv,MARKET,1,29,2026-07-07T09:42:00-05:00,2026-07-07T09:42:00-05:00,5861,5861,0,LOW,LL,external,ChartPrimeLow,1,29210,2156,32.8698637344217,1.18649716089814,0.342258796412924,1.36568062329765,1.37402418085376,HIGH,506,152,15.3940400875502,SSL,BOS_DOWN,DOWN,76,11.5987703228824,0,0,0,EQL,6.46488837668856,38,0,BEARISH_FVG,2.2665138073567,0.190143775784958,15,1,3,0,BULLISH_OB,10.0167741083516,0.547614074260678,3336,1,0,8,1,15.3940400875502,0,0.777777777777778
10.4249689373097,13.8757152695316,42,30,750,SWEEP,2026-07-13,2026_07_13.csv,MARKET,1,30,2026-07-07T12:08:00-05:00,2026-07-07T12:08:00-05:00,6007,6007,0,HIGH,LH,external,ChartPrimeHigh,-1,29580.75,772,18.4799288385345,0.784635056048725,0.054112762486119,1.12931538911644,0.415333746949048,LOW,370.75,146,20.0623066917286,BSL,BOS_DOWN,DOWN,222,0.568184006104249,0,0,0,EQL,1.55574192147592,3614,1,BEARISH_FVG,0,1.12283982158697,213,1,1,0,BULLISH_OB,1.2716499184238,0.974029724750142,3482,1,0,9,1,0,20.0623066917286,0.8
-1.68280266434507,8.09496295800682,42,30,750,SWEEP,2026-07-13,2026_07_13.csv,MARKET,1,31,2026-07-07T19:00:00-05:00,2026-07-07T19:00:00-05:00,6359,6359,0,LOW,HL,external,ChartPrimeLow,-1,29266,733,14.7234821076343,3.66761066473538,2.00360212240173,5.71985953960203,11.940116646674,HIGH,314.75,352,21.3774158652863,SSL,BOS_DOWN,DOWN,574,22.0905623834293,0,0,1,EQL,0.390532617078304,445,0,BEARISH_FVG,1.03576041920768,0.118857753023832,497,1,2,0,BULLISH_OB,18.5587891507211,1.22253688824513,3834,1,0,9,2,21.3774158652863,0,0.636363636363636
11.3491308870782,10.6718387708718,42,30,750,SWEEP,2026-07-13,2026_07_13.csv,MARKET,1,32,2026-07-07T20:13:00-05:00,2026-07-07T20:13:00-05:00,6432,6432,0,HIGH,LH,external,ChartPrimeHigh,1,29558.75,316,14.1952030004851,1.07430658085544,0.757298081586623,1.68578287543345,1.47423529721966,LOW,292.75,73,20.6231640357659,BSL,BOS_DOWN,DOWN,647,2.28950582805258,0,0,1,EQH,0.158504249634409,350,1,BEARISH_FVG,0,0.669240165123062,421,1,6,0,BULLISH_OB,0.105669499756273,1.26803399707528,3907,1,0,10,2,0,20.6231640357659,0.666666666666667
0.650995562828542,6.39179067458921,42,30,750,GRAB,2026-07-13,2026_07_13.csv,MARKET,1,33,2026-07-08T02:18:00-05:00,2026-07-08T02:18:00-05:00,6797,6797,0,LOW,HL,external,ChartPrimeLow,1,29281,202,14.5835872372451,1.09712375561052,0.411421408353945,1.42153413089374,1.06731574604045,HIGH,277.75,365,19.0453826950514,SSL,BOS_DOWN,DOWN,1012,21.2739153236353,0,0,1,EQL,0,0,0,BEARISH_FVG,0.239995821539801,0.42856396703536,951,1,1,0,BULLISH_OB,17.7082631179011,1.23426422506184,4272,1,0,10,3,19.0453826950514,0,0.538461538461538
9.70509240152311,11.3931767908876,42,30,750,RUN,2026-07-13,2026_07_13.csv,MARKET,1,34,2026-07-08T03:15:00-05:00,2026-07-08T03:15:00-05:00,6854,6854,0,HIGH,LH,external,ChartPrimeHigh,-1,29414.75,151,15.1685701000011,1.17018281110088,0.675739369790648,1.23064384678077,0.472487012541375,LOW,133.75,57,8.81757470336578,BSL,BOS_DOWN,DOWN,1069,11.6359023188341,0,0,1,EQL,0.510924889353905,1031,1,BEARISH_FVG,0,0.131851584349395,176,1,4,0,BULLISH_OB,8.20776112574983,1.18666425914455,4329,1,0,11,3,0,8.81757470336578,0.571428571428571
7.69283053900636,18.4809382249048,42,30,750,RUN,2026-07-13,2026_07_13.csv,MARKET,1,36,2026-07-08T08:47:00-05:00,2026-07-08T08:47:00-05:00,7186,7186,0,HIGH,LH,external,ChartPrimeHigh,-1,29399,1629,39.5151030530586,1.10084490837822,0.632669487573687,0.7475563305952,-0.510098502641512,LOW,489.25,272,12.3813418718171,BSL,BOS_DOWN,DOWN,330,2.9861999813478,0,0,1,EQL,0,509,1,BEARISH_FVG,0,1.20207202639001,945,1,2,1,BEARISH_OB,0,0.398581777171423,330,0,0,12,1,0,12.3813418718171,0.846153846153846
15.9098005186055,12.7635974313597,42,30,750,SWEEP,2026-07-13,2026_07_13.csv,MARKET,1,38,2026-07-08T19:30:00-05:00,2026-07-08T19:30:00-05:00,7769,7769,0,HIGH,HH,external,ChartPrimeHigh,1,29583,490,15.5670849937375,1.2687025225304,0.385428614439617,2.57894736842105,3.08246474056178,LOW,549,480,35.2667182212249,BSL,CHOCH_UP,UP,368,11.8198108428149,0,0,0,EQH,1.41323825294526,1687,1,BEARISH_FVG,0,1.33294062493701,1975,1,3,0,BEARISH_OB,1.60595256016507,0.722678652074281,1984,1,0,9,2,0,35.2667182212249,0.636363636363636
15.1040127125402,13.8495300484958,42,30,750,GRAB,2026-07-13,2026_07_13.csv,MARKET,1,40,2026-07-09T03:17:00-05:00,2026-07-09T03:17:00-05:00,8236,8236,0,HIGH,HH,external,ChartPrimeHigh,1,29735.75,159,12.6057042742612,0.813123945873364,0.297484370441475,1.00952380952381,0.0236065380908771,LOW,339.25,298,26.9124193792721,BSL,BOS_UP,UP,142,12.1175300226494,0,0,1,EQL,0.872620819961659,4483,1,BULLISH_FVG,0,1.36842810403078,4385,1,2,0,BEARISH_OB,9.24184777504848,0.892453111324424,2451,1,0,8,3,0,26.9124193792721,0.454545454545455
2.20411222623321,7.73548804671954,42,30,750,SWEEP,2026-07-13,2026_07_13.csv,MARKET,1,41,2026-07-09T05:56:00-05:00,2026-07-09T05:56:00-05:00,8395,8395,0,LOW,HL,external,ChartPrimeLow,-1,29564.5,117,12.5764513203874,1.27221897436702,0.496960536862117,0.851528384279476,-0.180576657247363,HIGH,171.25,159,13.616718710022,SSL,BOS_UP,UP,301,1.47100318911187,0,0,1,EQH,0.278297900642785,2313,1,BULLISH_FVG,0,2.34565373398919,343,1,1,0,BULLISH_OB,0.0198784214744847,0.636109487183509,301,1,0,8,4,13.616718710022,0,0.333333333333333
7.63688390367515,17.4679941083497,42,30,750,RUN,2026-07-13,2026_07_13.csv,MARKET,1,42,2026-07-09T08:58:00-05:00,2026-07-09T08:58:00-05:00,8577,8577,0,HIGH,HH,external,ChartPrimeHigh,-1,29931.25,880,27.7959248428615,0.521659202993703,0.134911862843199,0.472445172200897,-1.79891858796618,LOW,366.75,182,13.1943801860649,BSL,BOS_UP,UP,94,7.03340511622544,0,0,1,EQL,0.629588693268262,5284,1,BEARISH_FVG,0,0.512665078804156,3670,1,3,1,BULLISH_OB,0,0.692547562595088,5026,1,0,7,4,0,13.1943801860649,0.272727272727273
2.53439913790376,16.7121709190491,42,30,750,GRAB,2026-07-13,2026_07_13.csv,MARKET,1,43,2026-07-09T09:21:00-05:00,2026-07-09T09:21:00-05:00,8600,8600,0,LOW,HL,external,ChartPrimeLow,-1,29614.5,2726,38.1984340617457,0.975170865375984,0.0130895418171273,1.53150369392399,1.07699877482331,HIGH,316.75,23,8.29222474115015,SSL,BOS_UP,UP,117,3.17421389065337,0,0,1,EQL,0.130895418171273,6207,1,BULLISH_FVG,0,0.287969919976801,179,1,2,1,BEARISH_OB,0,0.294514690885364,2815,1,0,7,5,8.29222474115015,0,0.166666666666667
16.3315011712199,14.0881643114965,42,30,750,RUN,2026-07-13,2026_07_13.csv,MARKET,1,44,2026-07-09T12:30:00-05:00,2026-07-09T12:30:00-05:00,8789,8789,0,HIGH,HH,external,ChartPrimeHigh,-1,29993.5,695,9.20035689329869,1.35864294667794,0.407592884003381,1.15602129075183,0.187840379110468,LOW,379,189,41.194054143275,BSL,BOS_UP,UP,24,6.76604187445612,0,0,1,EQL,0.706494332272527,4282,1,BULLISH_FVG,0,0.407592884003381,4052,1,1,0,BEARISH_OB,0.788012909073203,4.89111460804057,6827,1,1,7,5,0,41.194054143275,0.166666666666667
1.84908749223018,5.93631701517533,42,30,750,RUN,2026-07-13,2026_07_13.csv,MARKET,1,45,2026-07-09T19:40:00-05:00,2026-07-09T19:40:00-05:00,9159,9159,0,LOW,HL,external,ChartPrimeLow,1,29804.25,149,14.6515269354749,0.955531806456472,0.477765903228236,0.778474399164054,-0.410922169117319,HIGH,189.25,370,12.9167424551348,SSL,BOS_UP,UP,394,8.66803852999799,0,0,0,EQL,1.51861304954689,7633,1,BULLISH_FVG,0,1.00672101037378,4051,1,2,0,BULLISH_OB,3.78800108988101,2.3547033801963,4735,1,0,7,6,12.9167424551348,0,0.0769230769230769
14.9581435003173,10.3123993013153,42,30,750,SWEEP,2026-07-13,2026_07_13.csv,MARKET,1,46,2026-07-09T22:07:00-05:00,2026-07-09T22:07:00-05:00,9306,9306,0,HIGH,LH,external,ChartPrimeHigh,1,29963.5,118,7.74080993563897,1.00118722258232,0.613630878356905,1.12007593735168,0.17304223669116,LOW,159.25,147,20.5727826059657,BSL,BOS_UP,UP,541,4.1662307004232,0,0,1,EQL,0.452149068262983,7548,1,BEARISH_FVG,0,0.129185448075138,465,1,5,1,BEARISH_OB,0,5.8133451633812,7344,1,0,8,6,0,20.5727826059657,0.142857142857143
-3.23349374169432,12.0201114972954,42,30,750,SWEEP,2026-07-13,2026_07_13.csv,MARKET,1,47,2026-07-10T04:01:00-05:00,2026-07-10T04:01:00-05:00,9660,9660,0,LOW,LL,external,ChartPrimeLow,-1,29717.25,1158,12.6956693455693,4.29280241289682,2.81592084882682,16.5902578796562,23.1870152490279,HIGH,246.25,354,19.3963778747861,SSL,CHOCH_DOWN,DOWN,160,6.85273045728484,0,0,1,EQL,0.492293854690003,1027,1,BULLISH_FVG,0,2.28424348576161,1052,1,0,1,BULLISH_OB,0,1.16181349706841,1177,1,0,8,6,19.3963778747861,0,0.142857142857143
14.6254748553226,10.4609471512192,42,30,750,SWEEP,2026-07-13,2026_07_13.csv,MARKET,1,48,2026-07-10T06:23:00-05:00,2026-07-10T06:23:00-05:00,9802,9802,0,HIGH,LH,external,ChartPrimeHigh,1,29887.75,48,6.31308308470172,0.594004537828316,0.277202117653214,0.50261780104712,-1.03482400573519,LOW,170.5,142,27.0074063199274,BSL,CHOCH_DOWN,DOWN,302,13.2265010423105,0,0,1,EQH,0,0,1,BEARISH_FVG,0,0.435603327740765,550,1,3,1,BULLISH_OB,0,5.4648417480205,5378,1,0,9,6,0,27.0074063199274,0.2
3.56792975888271,7.92574080705095,42,30,750,GRAB,2026-07-13,2026_07_13.csv,MARKET,1,49,2026-07-10T07:05:00-05:00,2026-07-10T07:05:00-05:00,9844,9844,0,LOW,HL,external,ChartPrimeLow,-1,29771.25,350,11.2253136959223,1.46989210697905,0.0668132775899567,2.70061728395062,3.38001032120399,HIGH,116.5,42,10.3783291189733,SSL,CHOCH_DOWN,DOWN,344,2.93978421395809,0,0,1,EQH,0.712674960959538,1230,1,BULLISH_FVG,0,0.334066387949783,174,1,4,0,BEARISH_OB,3.8528990076875,0.467692943129697,344,1,0,9,7,10.3783291189733,0,0.125
6.44257031902669,18.7184005882448,42,30,750,SWEEP,2026-07-13,2026_07_13.csv,MARKET,1,50,2026-07-10T08:52:00-05:00,2026-07-10T08:52:00-05:00,9951,9951,0,HIGH,HH,external,ChartPrimeHigh,1,29968.5,2433,32.0516435285087,1.24018601307118,0.928189531795413,1.41404161339068,1.36460212796439,LOW,197.25,107,6.15413059316454,BSL,CHOCH_UP,UP,20,2.51937158630183,0,0,1,EQL,0.0467994721913653,8193,1,BULLISH_FVG,0,0.124798592510308,1125,1,2,1,BEARISH_OB,0,1.40398416574096,7989,1,0,8,7,0,6.15413059316454,0.0666666666666667
-6.00157349583178,18.212255304612,42,30,750,SWEEP,2026-07-13,2026_07_13.csv,MARKET,1,51,2026-07-10T09:33:00-05:00,2026-07-10T09:33:00-05:00,9992,9992,0,LOW,LL,external,ChartPrimeLow,1,29675,4372,50.3415930777691,3.17828638741781,1.41533065689699,3.29365677263824,6.06823237347947,HIGH,293.5,41,5.83016909191954,SSL,CHOCH_DOWN,DOWN,1,1.91193790493102,0,1,1,EQL,0.0645589422444242,4498,1,BULLISH_FVG,0,0.337692928663142,1548,1,0,0,BULLISH_OB,0.61082691508186,0.292998276340079,1509,1,1,8,6,5.83016909191954,0,0.142857142857143
-2.04499661496229,11.2526219596315,42,30,750,SWEEP,2026-07-13,2026_07_13.csv,MARKET,1,53,2026-07-13T00:30:00-05:00,2026-07-13T00:30:00-05:00,10829,10829,0,LOW,LL,external,ChartPrimeLow,-1,29542.75,662,14.92161152097,2.83146360837931,0.854465349274228,3.95814648729447,6.92145074002626,HIGH,535,567,35.854036224448,SSL,CHOCH_DOWN,DOWN,89,8.86298372090327,0,0,1,EQL,0.485872453508875,4792,1,BULLISH_FVG,0,1.97699825910508,2777,1,4,1,BULLISH_OB,0,1.20630402250479,8304,1,0,6,4,35.854036224448,0,0.2
-6.18046001767415,18.5915477132169,42,30,750,RUN,2026-07-13,2026_07_13.csv,MARKET,1,55,2026-07-13T09:16:00-05:00,2026-07-13T09:16:00-05:00,11355,11355,0,LOW,LL,external,ChartPrimeLow,-1,29488.5,3341,41.3970100421405,4.00391235577819,2.08952288853583,2.26194103110931,3.27748099499168,HIGH,311.25,190,7.51865894863325,SSL,BOS_DOWN,DOWN,25,1.31048111795455,0,0,1,EQH,0.138898920336197,9233,1,BULLISH_FVG,0,0.241563339715124,3281,1,1,0,BULLISH_OB,1.22593394905426,0.434814011487224,8830,1,0,7,4,7.51865894863325,0,0.272727272727273
