active_bsl_count,active_fvg_count_50,active_ob_count_50,active_ssl_count,atr_14,atr_1m_pips,bars_previous_pivot,bars_since_equal_level,bars_since_fvg,bars_since_ob,bars_since_structure_event,body_atr_ratio,bos_count_previous_20,bsl_count_previous_100,candle_direction,choch_count_previous_20,close_position,confirm_close,confirm_high,confirm_low,confirm_open,confirm_volume,confirmation_delay,confirmation_index,confirmation_timestamp,dataset_date,demand_distance_pips,distance_equal_level_atr,distance_equal_level_pips,distance_fvg_atr,distance_fvg_pips,distance_last_structure_event_atr,distance_last_structure_event_pips,distance_nearest_bsl_atr,distance_nearest_bsl_pips,distance_nearest_ssl_atr,distance_nearest_ssl_pips,distance_ob_atr,distance_ob_pips,distance_previous_pivot,equal_level_type,equal_levels_previous_100,fvg_mitigated,fvg_size_atr,ghost_definition,ghost_id,ghost_index,ghost_price_mid,ghost_timestamp,inside_fvg,inside_order_block,last_structure_event,last_structure_event_direction,legacy_liquidity_target,liquidity_imbalance_100,liquidity_state,liquidity_type,lower_wick,near_equal_level,nearest_fvg_type,nearest_ob_type,ob_invalidated,ob_size_atr,pivot_body,pivot_close,pivot_high,pivot_id,pivot_index,pivot_low,pivot_open,pivot_price,pivot_range,pivot_side,pivot_timestamp,pivot_volume,previous_pivot_price,previous_pivot_type,price_to_confirm_close,range_atr_ratio,resolved_index,source,source_file,sr_4h_resistance_pips,sr_4h_support_pips,sr_daily_resistance_pips,sr_daily_support_pips,sr_weekly_resistance_pips,sr_weekly_support_pips,ssl_count_previous_100,structure_mode,structure_type,supply_distance_pips,swept_index,swing_size_atr,symbol,target_trace_10,target_trace_15,target_trace_3,target_trace_5,tf_10_atr_pips,tf_10_channel_halfwidth_pips,tf_10_channel_lower_touches,tf_10_channel_upper_touches,tf_10_channel_valid_3_touches,tf_10_fib382_distance_pips,tf_10_fib500_distance_pips,tf_10_fib618_distance_pips,tf_10_poc_distance_pips,tf_10_range_pips,tf_10_resistance_distance_pips,tf_10_return_pips,tf_10_support_distance_pips,tf_10_trend_distance_pips,tf_10_vah_distance_pips,tf_10_val_distance_pips,tf_10_volume,tf_10_volume_ema9,tf_10_volume_ratio_ema9,tf_10_vwap_distance_pips,tf_1_atr_pips,tf_1_channel_halfwidth_pips,tf_1_channel_lower_touches,tf_1_channel_upper_touches,tf_1_channel_valid_3_touches,tf_1_fib382_distance_pips,tf_1_fib500_distance_pips,tf_1_fib618_distance_pips,tf_1_poc_distance_pips,tf_1_range_pips,tf_1_resistance_distance_pips,tf_1_return_pips,tf_1_support_distance_pips,tf_1_trend_distance_pips,tf_1_vah_distance_pips,tf_1_val_distance_pips,tf_1_volume,tf_1_volume_ema9,tf_1_volume_ratio_ema9,tf_1_vwap_distance_pips,tf_60_atr_pips,tf_60_channel_halfwidth_pips,tf_60_channel_lower_touches,tf_60_channel_upper_touches,tf_60_channel_valid_3_touches,tf_60_fib382_distance_pips,tf_60_fib500_distance_pips,tf_60_fib618_distance_pips,tf_60_poc_distance_pips,tf_60_range_pips,tf_60_resistance_distance_pips,tf_60_return_pips,tf_60_support_distance_pips,tf_60_trend_distance_pips,tf_60_vah_distance_pips,tf_60_val_distance_pips,tf_60_volume,tf_60_volume_ema9,tf_60_volume_ratio_ema9,tf_60_vwap_distance_pips,timeframe,upper_wick,volume_mean_20,volume_ratio_20,volume_std_20,volume_zscore_20
1,4,0,0,9.75770842836466,39.0308337134586,0,-1,12,-1,-1,0.358690775164572,0,1,-1,0,0.135593220338983,24168.5,24181.25,24166.5,24172,427,0,121,2026-04-01T02:01:00-05:00,2026-04,173.5,0,0,1.56286694893135,61,0,0,0,0,0,0,0,0,0,NONE,0,1,0.256207696546123,EXTERNAL_SWING_CONFIRMATION,1,121,24173.875,2026-04-01T02:01:00-05:00,0,0,NONE,NONE,SWEEP,1,Resolved,BSL,2,0,BULLISH_FVG,NONE,0,0,3.5,24168.5,24181.25,1,121,24166.5,24172,24181.25,14.75,HIGH,2026-04-01T02:01:00-05:00,427,0,NONE,1.30665925238523,1.51162540962213,398,ChartPrimeHigh,2026_04.csv,29.5,665.5,29.5,665.5,29.5,665.5,0,external,H,3.5,398,0,NQ,5,5,2,4,115.615384615385,65.9430419714341,3,4,1,400.009999999995,318,235.990000000005,42.8958333333285,695,29.5,619,665.5,37.3021978022007,-15.0208333333285,448.3125,1786,2005.80807145062,0.890414205337375,279.479471253362,36.6428571428571,15.9212323360257,11,9,1,320.906000000003,254,187.093999999997,53.1875,567,29.5,37,537.5,13.6571428571333,-17.6875,289.4375,427,232.596792410401,1.83579487737125,178.136334544804,279.666666666667,58.2184583176924,1,2,0,400.009999999995,318,235.990000000005,42.8958333333285,695,29.5,619,665.5,62.6666666666715,-15.0208333333285,448.3125,14583,3980.12,3.66395988060661,279.479471253362,1,9.25,223.35,1.91179762704276,108.48284426581,1.87725535201683
1,4,0,1,12.0229055412129,48.0916221648516,142,40,259,-1,-1,0.291110995424731,0,0,1,0,0.877551020408163,24014.25,24015.75,24003.5,24010.75,192,0,263,2026-04-01T04:23:00-05:00,2026-04,-483.5,6.17571183151037,297,0.790158416152841,38,0,0,14.7842798390703,711,0,0,0,0,177.75,EQL,2,1,0.0831745701213517,EXTERNAL_SWING_CONFIRMATION,2,263,24009.625,2026-04-01T04:23:00-05:00,0,0,NONE,NONE,GRAB,0,Resolved,SSL,7.25,0,BULLISH_FVG,NONE,0,0,3.5,24014.25,24015.75,2,263,24003.5,24010.75,24003.5,12.25,LOW,2026-04-01T04:23:00-05:00,192,24181.25,HIGH,-0.894126628804531,1.01888848398656,1160,ChartPrimeLow,2026_04.csv,686.5,24.5,686.5,24.5,686.5,24.5,1,external,L,354.5,1159,14.7842798390703,NQ,4,5,2,2,164.071428571429,129.135253889063,6,8,1,-247.101999999999,-331,-414.898000000001,-612.4375,711,686.5,-155,24.5,-186.742857142861,-642.0625,-256.9375,1696,2076.47339286304,0.816769435057173,-383.273892298748,44.9285714285714,22.1777533659502,8,10,1,-132.884000000005,-181.5,-230.115999999995,-224.416666666672,412,387.5,-193,24.5,-3.34285714286671,-344.583333333328,-224.416666666672,192,188.996455798754,1.01589206627475,-228.433125140684,359.8,165.467761210452,3,2,0,-247.101999999999,-331,-414.898000000001,-612.4375,711,686.5,2,24.5,-192.300000000003,-642.0625,-227.3125,11848,8032.2176,1.47505963981852,-352.809117596757,1,1.5,161.6,1.18811881188119,59.9794964967196,0.506839866547773
1,0,0,1,21.5944194057924,86.3776776231697,201,82,43,64,64,3.24157823762668,0,1,1,0,0.545454545454545,24182.25,24246,24105.75,24112.25,1828,0,464,2026-04-01T07:44:00-05:00,2026-04,280.5,4.80448203076812,415,2.3154130268762,200,2.99845986980468,259,0,0,11.2297531803496,970,3.9014709502864,337,242.5,EQL,1,1,0.150501846746953,EXTERNAL_SWING_CONFIRMATION,3,464,24175.875,2026-04-01T07:44:00-05:00,0,0,BOS_UP,UP,SWEEP,0,Resolved,BSL,6.5,0,BEARISH_FVG,BULLISH_OB,1,0.358889019165811,70,24182.25,24246,3,464,24105.75,24112.25,24246,140.25,HIGH,2026-04-01T07:44:00-05:00,1828,24003.5,LOW,2.95215160926716,6.49473354038774,592,ChartPrimeHigh,2026_04.csv,280.5,689.5,280.5,689.5,280.5,689.5,0,external,HH,-180.5,592,11.2297531803496,NQ,5,6,1,3,156.357142857143,89.2089215926839,6,8,1,289.914000000004,181,72.0859999999957,7.9375,923,280.5,668,642.5,-77.3428571428667,-68.9791666666715,238.6875,5317,2958.99211559406,1.79689562942027,182.185307753811,88.9285714285714,64.5177841659497,9,5,1,68.6699999999983,2,-64.6699999999983,-9.77083333332848,565,280.5,139,284.5,202.899999999994,-268.729166666672,155.020833333328,1828,621.446991964768,2.94152200209481,67.1722927050432,383.625,199.245096880579,3,4,0,318.960000000006,204.5,90.0399999999936,103.458333333328,970,280.5,674,689.5,98.416666666657,-58.2083333333285,386.375,17656,11328.5363712,1.55854202356502,254.124850889624,1,63.75,343.55,5.32091398631931,178.463014375528,8.31797000176388
1,1,0,2,20.401634563756,81.606538255024,23,264,472,87,87,0.4043793635367,0,1,1,0,0.694915254237288,24046.25,24050.75,24036,24038,466,0,487,2026-04-01T08:07:00-05:00,2026-04,-249.5,2.04640465789785,167,0,0,7.11952758226736,581,10.2932928900251,840,0,0,5.78385029058553,472,210,EQL,0,1,0.110285280964555,EXTERNAL_SWING_CONFIRMATION,4,487,24043.375,2026-04-01T08:07:00-05:00,1,0,BOS_UP,UP,SWEEP,-0.333333333333333,Resolved,SSL,2,0,BULLISH_FVG,BULLISH_OB,1,0.379871523322355,8.25,24046.25,24050.75,4,487,24036,24038,24036,14.75,LOW,2026-04-01T08:07:00-05:00,466,24246,HIGH,-0.502410724394082,0.722981286323191,1157,ChartPrimeLow,2026_04.csv,810.5,159.5,810.5,159.5,810.5,159.5,1,external,HL,357.5,1157,10.2932928900251,NQ,7,8,2,4,172.357142857143,179.13873766114,7,6,1,-291.380000000005,-390.5,-489.619999999995,-548,840,810.5,-71,29.5,-387.728571428568,-583,-128,5043,4501.58331312387,1.12027250174348,-321.51047517563,64.8571428571429,24.498871387232,13,11,1,-291.380000000005,-390.5,-489.619999999995,-58,840,810.5,-328,29.5,-3.52857142857101,-408,12,466,514.488450034003,0.905754055254694,-288.938597703556,383.222222222222,198.460066885377,5,1,0,-211.039999999994,-325.5,-439.960000000006,-466.958333333328,970,810.5,130,159.5,-287.833333333343,-588.208333333328,-103.208333333328,28943,13147.11193344,2.20147209109727,-263.859221017978,1,4.5,602.1,0.773957814316559,182.100768806724,-0.747388387714344
1,1,0,2,8.40401803255275,33.616072130211,237,54,3,131,131,0.327224428761093,0,1,1,0,0.5,24341.25,24348.25,24334.25,24338.5,1214,0,724,2026-04-01T12:04:00-05:00,2026-04,1088,2.61779543008875,88,3.03426288487559,102,12.1667992148443,409,0,0,37.1548465020551,1249,13.2377155271533,445,312.25,EQH,1,1,0.11899070136767,EXTERNAL_SWING_CONFIRMATION,5,724,24341.25,2026-04-01T12:04:00-05:00,0,0,BOS_UP,UP,RUN,-0.333333333333333,Resolved,BSL,4.25,0,BEARISH_FVG,BULLISH_OB,0,1.30889771504437,2.75,24341.25,24348.25,5,724,24334.25,24338.5,24348.25,14,HIGH,2026-04-01T12:04:00-05:00,1214,24036,LOW,0.832934909573692,1.66586981914738,3876,ChartPrimeHigh,2026_04.csv,28,1221,28,1351,28,1351,0,external,HH,-661,3874,37.1548465020551,NQ,0,0,0,0,143.357142857143,88.7021549525885,5,7,1,687.644,551,414.356,92.625,1158,28,986,1130,-78.0142857142928,-3.875,671.625,5178,6088.83878275749,0.850408457958056,468.239815887282,30.9285714285714,21.1923512588787,4,7,1,120.320000000007,92,63.679999999993,117,240,28,64,212,52.528571428571,27,127,1214,673.27279615464,1.80313241071627,103.560182833928,413.076923076923,238.299249987024,1,6,1,824.221999999994,661.5,498.778000000006,747.6875,1379,28,1310,1351,262.538461538454,517.854166666672,1207.35416666667,31504,37360.9893187584,0.84323248860496,673.512627305419,1,7,381.3,3.18384474167322,249.415336336802,3.33860785078409
1,0,0,3,10.4998745386263,41.9994981545051,387,28,290,711,518,0.666674632563355,0,0,-1,0,0.471698113207547,24160.75,24167.75,24154.5,24167.75,137,0,1111,2026-04-01T19:31:00-05:00,2026-04,-174.5,0.452386357810848,19,0,0,8.71438983993528,366,18.4526014370214,775,0,0,0,0,193.75,EQL,2,1,1.80954543124339,EXTERNAL_SWING_CONFIRMATION,6,1111,24161.125,2026-04-01T19:31:00-05:00,1,1,BOS_UP,UP,RUN,-0.5,Resolved,SSL,6.25,1,BULLISH_FVG,BULLISH_OB,1,0.738104057480857,7,24160.75,24167.75,6,1111,24154.5,24167.75,24154.5,13.25,LOW,2026-04-01T19:31:00-05:00,137,24348.25,HIGH,-0.595245207645853,1.26191984020921,1145,ChartPrimeLow,2026_04.csv,378.5,26.5,748.5,630.5,748.5,630.5,1,external,HL,318.5,1143,18.4526014370214,NQ,4,7,1,2,95.4285714285714,41.771421950052,8,11,1,-52.1919999999955,-76.5,-100.808000000005,-123.708333333328,206,179.5,-135,26.5,-49.8571428571449,-158.041666666672,-55.0416666666715,862,943.495898259948,0.913623473710646,-93.0464021698863,39.7857142857143,21.8580029561947,6,9,1,-43.0240000000049,-64.5,-85.9759999999951,-53.125,182,155.5,-25,26.5,-18.8142857142811,-75.875,-0.0416666666715173,137,94.0098142366443,1.45729465707846,-59.7872023809468,412.142857142857,260.544379313533,11,8,1,103.721999999994,-59,-221.721999999994,-145.1875,1379,748.5,588,630.5,-296.415789473685,-604.854166666672,84.6458333333285,5824,25439.4955055461,0.22893535757147,-104.219483592387,1,0,98.95,1.38453764527539,53.6884298522503,0.708718807845806
2,3,0,3,13.2174333338475,52.86973333539,28,348,355,546,546,0.170229721850622,0,1,-1,0,0.5,24236.25,24245.75,24226.75,24238.5,296,0,1139,2026-04-01T19:59:00-05:00,2026-04,181,0.113486481233748,6,0,0,0.018914413538958,1,0,0,6.90376094171968,365,0.662004473863531,35,91.25,EQH,2,1,0.737662128019363,EXTERNAL_SWING_CONFIRMATION,7,1139,24236.25,2026-04-01T19:59:00-05:00,1,0,BOS_UP,UP,SWEEP,-0.2,Resolved,BSL,9.5,1,BEARISH_FVG,BULLISH_OB,1,0.832234195714153,2.25,24236.25,24245.75,7,1139,24226.75,24238.5,24245.75,19,HIGH,2026-04-01T19:59:00-05:00,296,24154.5,LOW,0.718747714480405,1.43749542896081,1957,ChartPrimeHigh,2026_04.csv,38,327,448,931,448,931,1,external,LH,-91,1957,6.90376094171968,NQ,6,6,2,3,110.357142857143,64.5198049095303,5,11,1,187.570000000007,144.5,101.429999999993,197.729166666672,365,38,168,327,170.428571428565,152.104166666672,273.770833333328,1707,1376.1855144802,1.2403850949156,190.229964636164,49.1428571428571,35.7327838560786,4,6,1,187.570000000007,144.5,101.429999999993,243.354166666672,365,38,231,327,33.0999999999913,91.2708333333285,304.1875,296,205.9473656289,1.43726043349041,176.191696642709,395.214285714286,266.984452672071,11,6,1,404.221999999994,241.5,78.7780000000057,155.3125,1379,448,890,931,-45.4052631578961,-304.354166666672,385.145833333328,8896,23824.132024687,0.373402900503649,195.468756497299,1,7.25,204.6,1.44672531769306,129.667035132296,0.704882315746228
2,4,0,1,9.22643550043804,36.9057420017522,315,161,12,1054,311,0.487728982637591,0,0,1,0,0.96969696969697,23760.5,23760.75,23752.5,23756,157,0,1454,2026-04-02T01:14:00-05:00,2026-04,-465.5,11.949360074621,441,0.812881637729318,30,43.5704557822915,1608,53.4605157079982,1973,0,0,43.5162636731095,1606,493.25,EQL,0,1,0.162576327545864,EXTERNAL_SWING_CONFIRMATION,8,1454,23756.625,2026-04-02T01:14:00-05:00,0,0,CHOCH_DOWN,DOWN,RUN,0.333333333333333,Resolved,SSL,3.5,0,BULLISH_FVG,BULLISH_OB,1,0.839977692320296,4.5,23760.5,23760.75,8,1454,23752.5,23756,23752.5,8.25,LOW,2026-04-02T01:14:00-05:00,157,24245.75,HIGH,-0.867073746911273,0.89416980150225,1757,ChartPrimeLow,2026_04.csv,590.5,16.5,2366.5,16.5,2366.5,16.5,1,external,LL,543.5,1755,53.4605157079982,NQ,7,10,2,4,100.5,47.8613014128565,10,6,1,-200.857999999993,-268,-335.142000000007,-256.145833333328,569,552.5,-477,16.5,-31.2285714285827,-374.6875,-42.7708333333285,1624,1289.52574943443,1.25937772139274,-244.658063136769,37,35.5490088480008,4,4,1,-97.3359999999957,-132.5,-167.664000000004,-39.375,298,281.5,-23,16.5,-62.1857142857043,-151.125,-2.125,157,153.404383811373,1.02343880989117,-107.976172839524,373.714285714286,517.767401511209,5,4,1,-893.805999999997,-1175,-1456.194,-1721.10416666667,2383,2366.5,-1113,16.5,-640.128571428577,-2217.5625,-1522.52083333333,8100,14404.3446270999,0.56233033919231,-1634.43768363849,1,0.25,139.8,1.12303290414878,67.9482155762754,0.253133946993679
3,0,0,1,8.80080689242688,35.2032275697075,105,266,270,1159,416,0.454503780038852,0,1,1,0,0.645161290322581,23879.25,23882,23874.25,23875.25,186,0,1559,2026-04-02T02:59:00-05:00,2026-04,322.5,2.18729944143697,77,0,0,30.9630700151468,1090,0,0,14.7145598787578,518,30.9062570426419,1088,129.5,EQL,2,1,0.738568642563134,EXTERNAL_SWING_CONFIRMATION,9,1559,23878.125,2026-04-02T02:59:00-05:00,1,0,CHOCH_DOWN,DOWN,RUN,0.5,Resolved,BSL,1,0,BEARISH_FVG,BULLISH_OB,1,0.880601073825276,4,23879.25,23882,9,1559,23874.25,23875.25,23882,7.75,HIGH,2026-04-02T02:59:00-05:00,186,23752.5,LOW,0.312471348776711,0.880601073825276,1920,ChartPrimeHigh,2026_04.csv,15.5,502.5,1880.5,502.5,1880.5,502.5,0,external,LH,-284.5,1918,14.7145598787578,NQ,6,7,3,4,117,97.225955529228,5,6,1,304.623999999996,243.5,182.376000000004,297.458333333328,518,15.5,289,502.5,168.64285714287,167.958333333328,383.791666666672,1233,1380.25203623419,0.893315110306995,292.05913315872,32,16.593034592639,8,11,1,198.945999999996,158,117.054000000004,237.520833333328,347,15.5,147,331.5,20.3428571428522,136.3125,280.895833333328,186,134.739387490414,1.38044267132529,183.512490328285,385.071428571429,473.643763218826,6,6,1,-407.805999999997,-689,-970.194000000003,-1235.10416666667,2383,1880.5,-997,502.5,136.671428571426,-1731.5625,-1036.52083333333,9047,12558.4157328755,0.720393415255133,-1122.2364059496,1,2.75,128.65,1.44578313253012,39.9553187948739,1.43535333291741
3,4,0,1,11.6014761576756,46.4059046307023,253,111,2,57,57,0.797312331145048,0,0,1,0,0.890625,23680.25,23682,23666,23671,242,0,1812,2026-04-02T07:12:00-05:00,2026-04,-458,9.54619899181773,443,2.06870226459256,96,7.45594774530234,346,18.618320381333,864,0,0,8.10241720298751,376,216,EQL,1,0,0.387881674611104,EXTERNAL_SWING_CONFIRMATION,10,1812,23674,2026-04-02T07:12:00-05:00,0,0,BOS_DOWN,DOWN,NONE,0.5,Detected,SSL,5,0,BEARISH_FVG,BEARISH_OB,0,0.861959276913565,9.25,23680.25,23682,10,1812,23666,23671,23666,16,LOW,2026-04-02T07:12:00-05:00,242,23882,HIGH,-1.22829196960183,1.3791348430617,-1,ChartPrimeLow,2026_04.csv,784,32,2697,32,2697,32,1,external,LL,784,-1,18.618320381333,NQ,7,9,3,3,140.214285714286,89.4730421029591,9,8,1,-264.432000000001,-356,-447.567999999999,-436.833333333328,776,744,-640,32,-129.799999999988,-727.833333333328,-178.166666666672,2515,2060.61368812118,1.22051018805622,-353.065674318495,50.7857142857143,41.4889902960951,4,7,1,-131.877999999997,-182.5,-233.122000000003,-155.6875,429,397,-163,32,0.30000000000291,-298.6875,-102.0625,242,254.603916438651,0.950495983663755,-163.824748026716,349.714285714286,282.938183888736,3,5,1,-1010.478,-1332.5,-1654.522,-2071.60416666667,2729,2697,-2391,32,27.5428571428638,-2640.14583333333,-1844.1875,13725,10453.8741548561,1.31291039060618,-1807.17824824508,1,1.75,264.85,0.91372474985841,95.3526481016652,-0.239636763686283
2,2,0,1,6.7763275388108,27.1053101552432,648,1845,1677,1867,542,3.28348945244532,0,1,1,0,0.78448275862069,24248.75,24255,24226,24226.5,349,0,2460,2026-04-02T19:01:00-05:00,2026-04,132,0.18446569957558,5,0.110679419745348,3,55.044564753353,1492,0,0,86.9202376400132,2356,2.65630607388835,72,589,EQL,3,1,0.221358839490696,EXTERNAL_SWING_CONFIRMATION,11,2460,24240.5,2026-04-02T19:01:00-05:00,0,0,CHOCH_UP,UP,RUN,0.333333333333333,Resolved,BSL,0.5,1,BEARISH_FVG,BULLISH_OB,1,1.6232981562651,22.25,24248.75,24255,11,2460,24226,24226.5,24255,29,HIGH,2026-04-02T19:01:00-05:00,349,23666,LOW,0.922328497877899,4.27960423015345,3501,ChartPrimeHigh,2026_04.csv,58,422,105,2298,431,2298,0,external,HH,-324,3499,86.9202376400132,NQ,0,1,0,0,84.2857142857143,52.6441990320795,8,6,1,231.224000000002,176,120.775999999998,88.25,468,58,328,410,110.842857142852,68.75,166.25,939,764.051269879751,1.22897511857782,149.480424558802,28.5,34.4290564031614,8,3,1,100.207999999999,70,39.7920000000013,128.666666666672,256,58,135,198,82.6142857142841,107.333333333328,182,349,143.122268637413,2.43847448285045,109.878613410081,476.142857142857,382.837471306154,1,6,1,1380.054,1096.5,812.945999999996,345.5625,2403,105,1491,2298,42.3714285714232,45.1875,1446.9375,2779,23791.8483245633,0.116804712357337,896.739972631229,1,6.25,55.65,6.27133872416891,69.3320092020994,4.23109042094682
2,6,0,2,6.44692872963171,25.7877149185268,170,2248,403,2230,712,0.77556309518651,0,0,1,0,1,24159.5,24159.5,24150.5,24154.5,99,0,2630,2026-04-02T21:51:00-05:00,2026-04,-284,1.27967910705774,33,0,0,41.6477382115156,1074,16.2092686893981,418,0,0,0.542894166630557,14,104.5,EQL,0,1,0.620450476149208,EXTERNAL_SWING_CONFIRMATION,12,2630,24155,2026-04-02T21:51:00-05:00,1,0,CHOCH_UP,UP,SWEEP,0,Resolved,SSL,4,0,BULLISH_FVG,BULLISH_OB,1,1.20212279753909,5,24159.5,24159.5,12,2630,24150.5,24154.5,24150.5,9,LOW,2026-04-02T21:51:00-05:00,99,24255,HIGH,-1.39601357133572,1.39601357133572,2850,ChartPrimeLow,2026_04.csv,400,18,447,1956,773,1956,1,external,HL,192,2850,16.2092686893981,NQ,2,2,2,2,61.6428571428571,55.0250032025754,0,9,1,-141.676000000007,-191,-240.323999999993,-251.958333333328,418,400,-211,18,-91.7142857142899,-356.458333333328,-199.708333333328,539,529.608902443622,1.01773213689016,-221.080616367515,26.2142857142857,11.205079071229,7,11,1,-69.096000000005,-96,-122.903999999995,-53.25,228,210,-25,18,-17.8428571428522,-157.75,-5.75,99,63.3489735428734,1.56277196714164,-96.5943337484787,428.785714285714,372.061279969621,1,6,1,1038.054,754.5,470.945999999996,3.5625,2403,447,1602,1956,-513,-296.8125,904.6875,3212,14272.1864605453,0.225053113542162,512.826603936686,1,0,54.8,1.80656934306569,29.6016891409933,1.49315803532274
3,0,0,2,4.50265055780019,18.0106022312007,175,516,201,1662,887,0.610751370708976,0,1,1,0,0.647058823529412,24192,24193.5,24189.25,24189.25,26,0,2805,2026-04-03T00:46:00-05:00,2026-04,123.5,1.38807129706585,25,0,0,69.1814734457622,1246,0,0,9.54993052381308,172,0,0,43,EQL,0,1,0.388659963178439,EXTERNAL_SWING_CONFIRMATION,13,2805,24191.375,2026-04-03T00:46:00-05:00,1,1,CHOCH_UP,UP,GRAB,0.2,Resolved,BSL,0,0,BEARISH_FVG,BEARISH_OB,1,3.44241681672332,2.75,24192,24193.5,13,2805,24189.25,24189.25,24193.5,4.25,HIGH,2026-04-03T00:46:00-05:00,26,24150.5,LOW,0.333137111295805,0.943888482004781,3205,ChartPrimeHigh,2026_04.csv,68.5,163.5,301.5,2101.5,627.5,2101.5,0,external,LH,-24.5,3204,9.54993052381308,NQ,5,6,1,3,53.7857142857143,30.3298650555142,7,6,1,91.301999999996,69,46.698000000004,33.5625,189,25.5,87,163.5,47.6142857142841,9.9375,88.6875,370,290.487915843174,1.27371907683675,62.6168282078725,18.1428571428571,10.5113651345798,10,10,1,76.1659999999974,60,43.8340000000026,28.6041666666715,137,8.5,84,128.5,-1.4571428571362,11.4791666666715,79.9791666666715,26,38.5358354984161,0.67469667294663,56.2404689092946,249.571428571429,476.876474879222,2,1,0,1183.554,900,616.445999999996,149.0625,2403,301.5,1336,2101.5,-433.485714285707,-151.3125,950.0625,1635,8433.90350435071,0.193860411037021,607.328426490087,1,1.5,27.8,0.935251798561151,23.1508099210373,-0.0777510595153877
3,2,0,2,4.36179434493485,17.4471773797394,317,2901,920,2722,251,0.573158613702898,0,0,1,0,0.736842105263158,24117.75,24119,24114.25,24115.25,52,0,3122,2026-04-03T06:08:00-05:00,2026-04,-82.5,3.78284685043913,66,0,0,8.31079989869202,145,18.1691280543819,317,0,0,9.11322195787607,159,79.25,EQH,4,1,3.55358340495797,EXTERNAL_SWING_CONFIRMATION,14,3122,24116.625,2026-04-03T06:08:00-05:00,1,0,CHOCH_DOWN,DOWN,GRAB,0.2,Resolved,SSL,1,0,BULLISH_FVG,BULLISH_OB,1,1.77679170247898,2.5,24117.75,24119,14,3122,24114.25,24115.25,24114.25,4.75,LOW,2026-04-03T06:08:00-05:00,52,24193.5,HIGH,-0.802422059184057,1.08900136603551,3233,ChartPrimeLow,2026_04.csv,203.5,9.5,600.5,1802.5,926.5,1802.5,1,external,LL,41.5,3232,18.1691280543819,NQ,6,9,3,5,48.3571428571429,22.1142309503709,7,13,1,-71.8659999999945,-97,-122.134000000005,-92.5625,213,203.5,-173,9.5,-53.3000000000029,-136.9375,-57.0625,544,279.195521352097,1.94845532394466,-106.255960216513,17.3571428571429,15.9666899503286,2,7,1,-36.3399999999965,-50.5,-64.6600000000035,-63,120,110.5,-83,9.5,-33.585714285713,-98,-63,52,57.0893381874437,0.910853088351915,-70.6032015066012,151.428571428571,154.130056155594,4,2,1,407.457999999999,215,22.5420000000013,-158.770833333328,1631,600.5,976,1030.5,-202.399999999994,-362.645833333328,45.1041666666715,1770,4842.24045427574,0.365533272606707,-43.179260686069,1,1.25,31.65,1.64296998420221,27.4686639645979,0.740844186168917
4,0,0,2,14.5279525173028,58.1118100692112,82,2413,2420,2611,333,3.08026887799246,0,1,1,0,0.650666666666667,24212.5,24245.25,24151.5,24167.75,859,0,3204,2026-04-03T07:30:00-05:00,2026-04,187.5,0.137665648178434,8,0,0,6.52191008245331,379,0,0,9.01709995568742,524,0.56787079873604,33,131,EQH,2,1,0.671120034869866,EXTERNAL_SWING_CONFIRMATION,15,3204,24198.375,2026-04-03T07:30:00-05:00,1,0,CHOCH_DOWN,DOWN,RUN,0.333333333333333,Resolved,BSL,16.25,1,BEARISH_FVG,BULLISH_OB,1,0.757161064981387,44.75,24212.5,24245.25,15,3204,24151.5,24167.75,24245.25,93.75,HIGH,2026-04-03T07:30:00-05:00,859,24114.25,LOW,2.25427498892186,6.45307725836409,3501,ChartPrimeHigh,2026_04.csv,187.5,336.5,273.5,2129.5,599.5,2129.5,1,external,HH,-179.5,3499,9.01709995568742,NQ,3,3,0,1,91.6428571428571,56.3265405730925,9,5,1,136.331999999995,74.5,12.6680000000051,238.25,524,187.5,275,336.5,145.628571428577,150.916666666672,260.083333333328,1565,656.973740790864,2.38213478382874,184.372392365738,60.4285714285714,62.2375762884095,10,6,1,100.487999999998,45.5,-9.48799999999756,-22.4583333333285,466,187.5,225,278.5,127.042857142849,-177.791666666672,191.125,859,233.096322816201,3.68517181919395,125.064061527519,164.571428571429,147.221789107353,5,2,1,261.720000000001,168.5,75.2799999999988,250.791666666672,790,226.5,224,563.5,93.9857142857072,53.2916666666715,382.458333333328,3749,3716.04522326225,1.00886823888242,182.13537315499,1,32.75,65.55,13.1045003813883,45.4273871139426,17.4663358473566
3,4,0,2,19.7563164707752,79.0252658831009,56,2080,2093,1342,28,0.316354519287307,0,1,-1,0,0.0619469026548673,23983.25,24009.75,23981.5,23989.5,720,0,3260,2026-04-05T17:11:00-05:00,2026-04,-623.5,0.27839197697283,22,0.27839197697283,22,6.7193699896624,531,13.3501607139243,1055,0,0,6.25116530111718,494,263.75,EQH,2,1,0.202466892343876,EXTERNAL_SWING_CONFIRMATION,16,3260,23995.625,2026-04-05T17:11:00-05:00,0,0,BOS_DOWN,DOWN,SWEEP,0.2,Resolved,SSL,1.75,1,BEARISH_FVG,BULLISH_OB,0,0.860484292461474,6.25,23983.25,24009.75,16,3260,23981.5,23989.5,23981.5,28.25,LOW,2026-04-05T17:11:00-05:00,720,24245.25,HIGH,-0.0885792654004459,1.42992242717863,5651,ChartPrimeLow,2026_04.csv,998.5,56.5,1084.5,1270.5,1410.5,1318.5,1,external,LL,394.5,5651,13.3501607139243,NQ,4,6,2,3,169.071428571429,154.403908726673,2,7,1,-346.509999999995,-471,-595.490000000005,-536.9375,1055,998.5,-642,56.5,-435.385714285701,-976.520833333328,-229.229166666672,4394,1917.81526346656,2.29114872725415,-450.643469573115,102.857142857143,76.7907495114245,4,7,1,-346.509999999995,-471,-595.490000000005,-536.9375,1055,998.5,-591,56.5,74.3000000000029,-976.520833333328,-185.270833333328,720,455.747113349028,1.5798235006013,-387.128566255371,218.071428571429,173.152825279449,2,10,1,-361.407999999996,-490.5,-619.592000000004,-604.458333333328,1094,1037.5,-362,56.5,-507.042857142864,-741.208333333328,-330.958333333328,12887,5243.78232554002,2.4575772219288,-620.315914822975,1,20.25,303.95,2.36881065964797,287.261113797186,1.44833386774982
2,4,1,2,13.5514461975091,54.2057847900364,253,2843,2759,2920,14,0.368964310312434,0,1,1,1,0.725490196078431,24323.25,24326.75,24314,24318.25,284,0,3513,2026-04-05T21:24:00-05:00,2026-04,930.5,0.0368964310312434,2,0,0,6.01411825809267,326,0,0,25.4769856270735,1381,6.62290937010818,359,345.25,EQH,0,1,0.424308956859299,EXTERNAL_SWING_CONFIRMATION,17,3513,24320.375,2026-04-05T21:24:00-05:00,1,0,CHOCH_UP,UP,SWEEP,0,Resolved,BSL,4.25,1,BEARISH_FVG,BULLISH_OB,1,0.811721482687354,5,24323.25,24326.75,17,3513,24314,24318.25,24326.75,12.75,HIGH,2026-04-05T21:24:00-05:00,284,23981.5,LOW,0.258275017218703,0.940858991296706,3849,ChartPrimeHigh,2026_04.csv,25.5,1145.5,25.5,1355.5,111.5,2617.5,0,external,HH,-938.5,3849,25.4769856270735,NQ,5,8,2,3,136.785714285714,114.752986430579,6,8,1,673.457999999999,540,406.542000000001,422.1875,1131,25.5,1050,1105.5,170.399999999994,-1.9375,704.9375,2633,1664.12069087165,1.5822169716674,599.533013916691,56.5,37.7239966707136,9,4,1,327.995999999999,260.5,193.004000000001,463.083333333328,572,25.5,473,546.5,-24.8857142857014,224.75,534.583333333328,284,263.045678394975,1.07966039105026,309.981299927385,277.428571428571,218.931481968656,5,5,1,827.957999999999,665,502.042000000001,463.604166666672,1381,25.5,423,1355.5,659.642857142855,3.27083333332848,923.9375,9180,7711.99314917237,1.1903537545265,697.686724737781,1,3.5,235.3,1.20696982575436,137.118962948237,0.355166046715103
2,5,0,3,14.4805562568016,57.9222250272063,55,356,197,336,69,2.72779576277995,0,1,-1,0,0.425249169435216,24152.5,24195.75,24120.5,24192,1174,0,3568,2026-04-05T22:19:00-05:00,2026-04,281.5,0.535200434469484,31,0,0,8.61500054194427,499,14.2432373689459,825,0,0,0.345290602883538,20,206.25,EQL,0,1,2.39976969004059,EXTERNAL_SWING_CONFIRMATION,18,3568,24158.125,2026-04-05T22:19:00-05:00,1,0,CHOCH_UP,UP,RUN,-0.2,Resolved,SSL,32,1,BULLISH_FVG,BEARISH_OB,1,0.638787615334545,39.5,24152.5,24195.75,18,3568,24120.5,24192,24120.5,75.25,LOW,2026-04-05T22:19:00-05:00,1174,24326.75,HIGH,-2.20985985845464,5.19662357339725,5590,ChartPrimeLow,2026_04.csv,674.5,359.5,674.5,706.5,760.5,1968.5,1,external,HL,150.5,5588,14.2432373689459,NQ,0,0,0,0,158.857142857143,149.725940615623,5,2,1,-83.6919999999955,-196.5,-309.308000000005,-216.416666666672,956,674.5,244,281.5,-363.78571428571,-455.416666666672,-17.25,2493,1762.02353816699,1.41485056584058,-233.30478375114,56.9285714285714,38.8224888318318,4,11,1,-164.649999999994,-262,-359.350000000006,-622.9375,825,674.5,-282,150.5,-117.542857142849,-657.3125,-210.4375,1174,388.610934978014,3.02101637995961,-363.596195396865,315.785714285714,207.838232713434,6,4,1,178.957999999999,16,-146.957999999999,-12.7708333333285,1381,674.5,-209,706.5,55.8142857142811,-645.729166666672,159.854166666672,10645,8137.87267389841,1.30808141470965,27.8811879695859,1,3.75,143.9,8.15844336344684,105.11798133526,9.79946520010344
3,1,0,3,11.0859823221778,44.3439292887112,211,86,249,3186,280,2.07469210500074,0,1,1,0,0.415637860082305,24255.25,24290.75,24230,24232.25,1032,0,3779,2026-04-06T01:50:00-05:00,2026-04,121.5,2.25510011413123,100,0,0,4.10428220771885,182,0,0,15.3572317772337,681,4.84846524538215,215,170.25,EQH,1,1,0.699081035380683,EXTERNAL_SWING_CONFIRMATION,19,3779,24260.375,2026-04-06T01:50:00-05:00,1,0,CHOCH_UP,UP,RUN,0,Resolved,BSL,2.25,0,BEARISH_FVG,BULLISH_OB,1,0.992244050217743,23,24255.25,24290.75,19,3779,24230,24232.25,24290.75,60.75,HIGH,2026-04-06T01:50:00-05:00,1032,24120.5,LOW,3.20224216206635,5.4798932773389,3839,ChartPrimeHigh,2026_04.csv,121.5,559.5,265.5,1115.5,351.5,2377.5,0,external,LH,-258.5,3837,15.3572317772337,NQ,0,1,0,0,102.357142857143,67.5376998590839,5,3,1,160.926000000007,107,53.0739999999932,135.5625,457,121.5,295,335.5,52.7571428571391,2.27083333332848,154.604166666672,1613,913.848940357207,1.76506195801847,96.2185470779223,42.5714285714286,28.3431457282786,11,6,1,63.8999999999942,28.5,-6.89999999999418,9.75,300,121.5,134,178.5,113.971428571429,9.75,147.25,1032,260.137081943885,3.96713914174918,69.0610509146063,325.571428571429,176.2448297114,4,9,1,587.957999999999,425,262.042000000001,396.229166666672,1381,265.5,237,1115.5,190.100000000006,-179.1875,568.854166666672,5722,6390.99257077525,0.89532258669265,413.550277323739,1,35.5,63.45,16.2647754137116,32.696291838678,29.6226252438283
3,3,0,4,11.5918439591436,46.3673758365744,21,1355,199,2657,301,1.38028082990017,0,1,-1,0,0.10958904109589,24209.25,24225.5,24207.25,24225.25,321,0,3800,2026-04-06T02:11:00-05:00,2026-04,-54.5,0.0215668879671902,1,0,0,3.2781669710129,152,7.20334058104151,334,0,0,0,0,83.5,EQL,0,1,0.0215668879671902,EXTERNAL_SWING_CONFIRMATION,20,3800,24216.375,2026-04-06T02:11:00-05:00,1,1,CHOCH_UP,UP,SWEEP,-0.142857142857143,Resolved,SSL,2,1,BULLISH_FVG,BEARISH_OB,1,1.33714705396579,16,24209.25,24225.5,20,3800,24207.25,24225.25,24207.25,18.25,LOW,2026-04-06T02:11:00-05:00,321,24290.75,HIGH,-0.172535103737521,1.57438282160488,4402,ChartPrimeLow,2026_04.csv,297.5,383.5,441.5,939.5,527.5,2201.5,1,external,HL,-82.5,4402,7.20334058104151,NQ,3,3,1,3,119.642857142857,69.6869482175795,10,7,1,-76.8739999999962,-119,-161.126000000004,-37.1875,357,297.5,16,59.5,-101.028571428571,-156.1875,7.4375,1275,1125.43632678864,1.13289394490946,-105.372913366606,42.2857142857143,20.8694464946362,4,10,1,-91.0880000000034,-130.5,-169.911999999997,-165.291666666672,334,297.5,-277,36.5,-3.75714285713912,-193.125,-12.2083333333285,321,167.937853467349,1.91142135839202,-124.448251298309,351.357142857143,240.237940556248,4,12,1,411.957999999999,249,86.0420000000013,220.229166666672,1381,441.5,34,939.5,15.0142857142782,-355.1875,392.854166666672,7253,6588.65409483549,1.10083180807523,227.697487910264,1,0.25,145.5,2.20618556701031,101.726348602513,1.72521674483522
1,3,0,4,8.43994617069235,33.7597846827694,114,3175,13,77,77,0.207347294000152,0,1,1,0,0.11864406779661,24385.25,24398.25,24383.5,24383.5,221,0,3914,2026-04-06T04:05:00-05:00,2026-04,212.5,7.46450258400545,252,1.59953626800117,54,12.7370480600093,430,0,0,22.6304760880165,764,13.5664372360099,458,191,EQL,0,1,0.651662924000476,EXTERNAL_SWING_CONFIRMATION,21,3914,24390.875,2026-04-06T04:05:00-05:00,0,0,BOS_UP,UP,SWEEP,-0.6,Resolved,BSL,0,0,BEARISH_FVG,BULLISH_OB,0,0.947873344000693,1.75,24385.25,24398.25,21,3914,24383.5,24383.5,24398.25,14.75,HIGH,2026-04-06T04:05:00-05:00,221,24207.25,LOW,1.54029418400113,1.74764147800128,4200,ChartPrimeHigh,2026_04.csv,29.5,734.5,29.5,1637.5,29.5,2899.5,0,external,HH,-661.5,4200,22.6304760880165,NQ,5,6,2,2,142.5,99.0577153857465,5,8,1,442.652000000002,352.5,262.347999999998,591.25,764,29.5,628,734.5,56.1857142857189,272.916666666672,718.583333333328,950,1211.20316321223,0.78434405461798,400.43789777669,30.5,28.0448030380607,4,2,1,178.766000000003,139,99.2339999999967,19.6458333333285,337,29.5,19,307.5,55.6142857142841,5.60416666667152,174.104166666672,221,111.388517209432,1.98404652056259,128.69839893264,378.214285714286,229.799972761537,6,6,1,1000.70600000001,804,607.293999999994,1324.9375,1667,29.5,815,1637.5,454.557142857142,630.354166666672,1602.77083333333,7495,6915.22542946061,1.08384029941662,849.29990764086,1,13,89.55,2.4678950307091,34.4158030561543,3.8194663011501
1,2,0,5,10.639291239575,42.5571649583001,264,3563,352,341,341,0.91641442840975,0,0,-1,0,0.442857142857143,24265,24274.75,24257.25,24274.75,1025,0,4178,2026-04-06T08:29:00-05:00,2026-04,-144,0.093991223426641,4,0,0,3.14870598479247,134,13.2527625031564,564,0,0,1.73883763339286,74,141,EQL,1,1,0.164484640996622,EXTERNAL_SWING_CONFIRMATION,22,4178,24266,2026-04-06T08:29:00-05:00,1,0,BOS_UP,UP,GRAB,-0.666666666666667,Resolved,SSL,7.75,1,BULLISH_FVG,BULLISH_OB,1,0.751929787413128,9.75,24265,24274.75,22,4178,24257.25,24274.75,24257.25,17.5,LOW,2026-04-06T08:29:00-05:00,1025,24398.25,HIGH,-0.728431981556468,1.64484640996622,4186,ChartPrimeLow,2026_04.csv,491,35,529,1138,529,2400,1,external,HL,311,4185,13.2527625031564,NQ,7,7,3,4,100.642857142857,50.3666653397218,6,7,1,-120.474000000002,-168.5,-216.525999999998,-160.020833333328,407,372,-361,35,-89.7857142857101,-193.9375,-75.2291666666715,4001,2130.22002075455,1.87820974407272,-155.276084792567,45.8571428571429,28.4308229168509,6,6,1,-88.3859999999986,-126.5,-164.614000000001,-160.145833333328,323,288,-146,35,-29.442857142858,-240.895833333328,-79.3958333333285,1025,468.313275743343,2.18870583664971,-131.645669684032,355.857142857143,214.011752013761,6,4,1,501.206000000006,304.5,107.793999999994,-146.979166666672,1667,529,457,1138,-302.699999999997,-285.895833333328,547.604166666672,13367,8042.40362448802,1.66206530088832,212.330237207207,1,0,257.65,3.97826508829808,103.547706396617,7.4105938866558
2,0,0,5,23.9060352402594,95.6241409610376,6,3445,282,347,347,1.2444556239045,0,1,-1,0,0.0101010101010101,24324.75,24373.75,24324.25,24354.5,2153,0,4184,2026-04-06T08:35:00-05:00,2026-04,342,1.61047198387641,154,0,0,3.47192661459071,332,0,0,4.87324639276889,466,3.76473970256824,360,116.5,EQL,0,1,0.125491323418941,EXTERNAL_SWING_CONFIRMATION,23,4184,24349,2026-04-06T08:35:00-05:00,1,0,BOS_UP,UP,SWEEP,-0.428571428571429,Resolved,BSL,0.5,0,BEARISH_FVG,BULLISH_OB,1,0.334643529117177,29.75,24324.75,24373.75,23,4184,24324.25,24354.5,24373.75,49.5,HIGH,2026-04-06T08:35:00-05:00,2153,24257.25,LOW,2.04969161584271,2.07060683641253,4195,ChartPrimeHigh,2026_04.csv,139,367,197,1470,197,2732,1,external,LH,99,4195,4.87324639276889,NQ,2,3,2,2,132.357142857143,61.384778672174,9,5,1,188.987999999998,134,79.0120000000024,163.125,466,99,-87,367,199.900000000009,85.4583333333285,279.625,17364,4953.54270081731,3.50537000461004,142.214084316409,110.142857142857,95.2818746619616,6,3,1,188.987999999998,134,79.0120000000024,163.125,466,99,71,367,90.5428571428492,46.625,279.625,2153,1822.18224149322,1.18155031421867,131.45017505734,358.214285714286,206.993778101982,7,5,1,833.206000000006,636.5,439.793999999994,185.020833333328,1667,197,684,1470,-62.6285714285768,-23.3541666666715,810.145833333328,27610,10964.37649652,2.51815504591285,498.664508130605,1,19.25,905.3,2.37821716558047,1129.99314599691,1.10416598934257
2,1,1,5,27.7761222224686,111.104488889874,2,3395,405,3593,1,0.486028967322142,0,1,1,1,0.638461538461538,24266.5,24278.25,24245.75,24253,2510,0,4186,2026-04-06T08:37:00-05:00,2026-04,-6,0.0540032185913491,6,0,0,0.41402467586701,46,4.60827465312846,512,0,0,0.315018775116203,35,128,EQH,0,1,0.684040768823756,EXTERNAL_SWING_CONFIRMATION,24,4186,24262,2026-04-06T08:37:00-05:00,1,0,CHOCH_DOWN,DOWN,RUN,-0.428571428571429,Resolved,SSL,7.25,1,BULLISH_FVG,BULLISH_OB,1,0.396023603003227,13.5,24266.5,24278.25,24,4186,24245.75,24253,24245.75,32.5,LOW,2026-04-06T08:37:00-05:00,2510,24373.75,HIGH,-0.747044523846996,1.1700697361459,4403,ChartPrimeLow,2026_04.csv,487,65,545,1122,545,2384,2,external,LL,253,4401,4.60827465312846,NQ,7,8,2,4,134,62.0338265714588,11,7,1,-130.584000000003,-191,-251.415999999997,-180.333333333328,512,447,-330,65,-118.542857142864,-265.666666666672,-52.3333333333285,22550,6034.02246881883,3.73714219934189,-186.046401363812,133.571428571429,116.030545466281,2,3,1,-130.584000000003,-191,-251.415999999997,-180.333333333328,512,447,-176,65,-203.657142857133,-308.333333333328,-52.3333333333285,2510,2195.59071002252,1.14320031895847,-184.825680580776,360.285714285714,220.267621144852,6,7,1,485.206000000006,288.5,91.7939999999944,-162.979166666672,1667,545,455,1122,-368.585714285713,-371.354166666672,392.6875,33060,12080.8638474247,2.73655927403299,143.96681300833,1,11.75,1163.15,2.15793319864162,1231.61228781626,1.09356654957386
1,1,1,5,31.1828703042265,124.731481216906,23,3470,274,10,10,0.384826665503385,0,2,-1,1,0.330188679245283,24399,24452.25,24372.75,24411,4318,0,4209,2026-04-06T09:00:00-05:00,2026-04,596,3.752059988658,468,2.05240888268472,256,2.51740777016798,314,0,0,6.62222553553742,826,2.26085665983239,282,206.5,EQL,0,1,0.25655111033559,EXTERNAL_SWING_CONFIRMATION,25,4209,24412.5,2026-04-06T09:00:00-05:00,0,0,CHOCH_UP,UP,RUN,-0.666666666666667,Resolved,BSL,26.25,0,BEARISH_FVG,BULLISH_OB,0,0.705515553422873,12,24399,24452.25,25,4209,24372.75,24411,24452.25,79.5,HIGH,2026-04-06T09:00:00-05:00,4318,24245.75,LOW,1.70766832817127,2.54947665895993,6011,ChartPrimeHigh,2026_04.csv,159,667,159,1724,159,2986,2,external,HH,-349,6009,6.62222553553742,NQ,6,6,3,5,180.928571428571,102.393941829136,9,4,1,351.467999999993,254,156.532000000007,408.875,826,159,199,667,318.757142857139,202.375,546.541666666672,16301,10163.9729147488,1.60380199128097,331.723446629767,120.714285714286,50.3315817385149,10,10,1,351.467999999993,254,156.532000000007,408.875,826,159,435,667,17.1714285714261,30.2916666666715,408.875,4318,1852.27932406661,2.33118188163974,306.990112783082,351.857142857143,169.485540004675,7,9,1,1004.694,782.5,560.305999999997,429.4375,1883,159,1027,1724,167.742857142861,37.1458333333285,821.729166666672,66854,19004.1369774405,3.5178656141745,647.118037866923,1,41.25,1488.25,2.90139425499748,459.273869820611,6.16135640615756
1,3,1,4,18.6197836067166,74.4791344268665,194,2395,806,3260,2,1.03384660136738,0,0,1,1,0.788617886178862,24227,24233.5,24202.75,24207.75,1038,0,4403,2026-04-06T12:14:00-05:00,2026-04,-181.5,0.0134265792385374,1,0,0,2.30937162902843,172,13.3997260800603,998,0,0,0,0,249.5,EQH,2,1,0.281958164009285,EXTERNAL_SWING_CONFIRMATION,26,4403,24218.125,2026-04-06T12:14:00-05:00,1,1,CHOCH_DOWN,DOWN,RUN,-0.6,Resolved,SSL,5,1,BULLISH_FVG,BEARISH_OB,1,0.832447912789318,19.25,24227,24233.5,26,4403,24202.75,24207.75,24202.75,30.75,LOW,2026-04-06T12:14:00-05:00,1038,24452.25,HIGH,-1.30237818613813,1.6514692463401,4863,ChartPrimeLow,2026_04.csv,936.5,61.5,936.5,946.5,936.5,2208.5,1,external,LL,428.5,4861,13.3997260800603,NQ,5,9,2,2,173,114.374369138325,7,8,1,-319.736000000004,-437.5,-555.263999999996,-375.125,998,936.5,-618,61.5,-266.200000000012,-458.291666666672,-208.791666666672,9050,6299.53749883069,1.43661340244103,-401.473817519509,84.1428571428571,54.0438404605875,4,9,1,-158.532000000007,-226.5,-294.467999999993,-406.5,576,514.5,-378,61.5,-61.557142857142,-502.5,-238.5,1038,1083.06257567727,0.958393377548758,-302.74622032496,380.571428571429,244.829763090064,5,8,1,227.194000000003,5,-217.194000000003,-348.0625,1883,936.5,237,946.5,-561.300000000003,-661.895833333328,-191.145833333328,31859,31396.5276210864,1.0147300486377,-246.148892437632,1,6.5,809.15,1.28282765865414,420.54646295029,0.544172927753409
2,2,0,4,7.22371089759018,28.8948435903607,232,395,700,436,234,0.103824753043508,0,1,1,0,0.78125,24382.25,24384,24376,24381.5,150,0,4635,2026-04-06T17:06:00-05:00,2026-04,117,0.830598024348066,24,0,0,19.13836281102,553,0,0,25.0909819855145,725,0.311474259130525,9,181.25,EQH,0,1,1.10746403246409,EXTERNAL_SWING_CONFIRMATION,27,4635,24380,2026-04-06T17:06:00-05:00,1,0,CHOCH_DOWN,DOWN,SWEEP,-0.333333333333333,Resolved,BSL,5.5,1,BEARISH_FVG,BULLISH_OB,1,3.04552608927624,0.75,24382.25,24384,27,4635,24376,24381.5,24384,8,HIGH,2026-04-06T17:06:00-05:00,150,24202.75,LOW,0.242257757101519,1.10746403246409,5299,ChartPrimeHigh,2026_04.csv,16,709,289,1594,289,2856,0,external,LH,-457,5299,25.0909819855145,NQ,4,6,3,3,85.6428571428571,71.2301392976381,4,7,1,326.372000000003,261,195.627999999997,157.125,554,16,410,538,46.057142857142,64.7916666666715,203.291666666672,1601,2470.08301305487,0.648156354073284,186.589788283469,32.7142857142857,27.3887386989398,7,3,1,107.600000000006,84,60.3999999999942,129.833333333328,200,16,138,184,35.8571428571304,121.5,154.833333333328,150,154.017624121506,0.973914516962445,123.276508572701,378,165.143312904254,13,9,1,531.085999999996,374.5,217.914000000004,291.5625,1327,289,662,1038,132.457142857136,70.3958333333285,402.145833333328,7485,26781.3681165056,0.279485348449653,269.273453563568,1,1.75,110.1,1.36239782016349,82.6510133029233,0.482752702060203
2,6,1,4,11.8840121153991,47.5360484615966,241,1836,1675,4476,15,1.5567133237796,1,0,-1,0,0.175257731958763,24157.25,24177.25,24153,24175.75,452,0,4876,2026-04-06T21:07:00-05:00,2026-04,-599.5,0.441769997288804,21,0,0,4.18629664097486,199,19.4378798807074,924,0,0,0.0841466661502485,4,231,EQH,2,1,0.841466661502485,EXTERNAL_SWING_CONFIRMATION,28,4876,24165.125,2026-04-06T21:07:00-05:00,1,0,BOS_DOWN,DOWN,SWEEP,-0.333333333333333,Resolved,SSL,4.25,1,BULLISH_FVG,BULLISH_OB,1,0.652136662664426,18.5,24157.25,24177.25,28,4876,24153,24175.75,24153,24.25,LOW,2026-04-06T21:07:00-05:00,452,24384,HIGH,-0.357623331138556,2.04055665414353,5475,ChartPrimeLow,2026_04.csv,851.5,48.5,1148.5,178.5,1148.5,1996.5,1,external,LL,748.5,5475,19.4378798807074,NQ,2,2,1,2,144,125.817092447249,3,4,1,-265.504000000001,-362.5,-459.495999999999,-550.875,822,773.5,-634,48.5,-244.328571428574,-722.125,-345.375,2037,1603.67957928767,1.27020386510428,-434.177467362155,49.0714285714286,38.3203512941665,4,6,1,-173.823999999993,-242.5,-311.176000000007,-36.375,582,533.5,-311,48.5,19.5571428571275,-400.125,-36.375,452,226.652675771583,1.99424074064547,-242.898562247414,372.357142857143,201.076956801098,7,9,1,-408.754000000001,-550,-691.245999999999,-574.9375,1197,1148.5,-402,48.5,-507.185714285704,-774.4375,-475.1875,10062,15147.4923033511,0.664268368551935,-605.720302785921,1,1.5,211.95,2.13257843831092,132.74090364315,1.80841016907141
2,2,1,4,11.5124157198411,46.0496628793645,447,1083,6,1124,17,0.912058794220203,0,1,1,1,0.823529411764706,24419.75,24422,24409.25,24409.25,279,0,5323,2026-04-07T04:34:00-05:00,2026-04,537.5,2.77960775381395,128,1.62867641825036,75,3.30078420765407,152,0,0,23.3660776804985,1076,3.49622537784411,161,269,EQH,2,1,0.412598025956759,EXTERNAL_SWING_CONFIRMATION,29,5323,24415.625,2026-04-07T04:34:00-05:00,0,0,CHOCH_UP,UP,GRAB,-0.333333333333333,Resolved,BSL,0,0,BULLISH_FVG,BULLISH_OB,1,1.91098033074709,10.5,24419.75,24422,29,5323,24409.25,24409.25,24422,12.75,HIGH,2026-04-07T04:34:00-05:00,279,24153,LOW,0.195441170190044,1.10749996441025,5991,ChartPrimeHigh,2026_04.csv,25.5,844.5,146.5,1050.5,146.5,2998.5,0,external,HH,-349.5,5990,23.3660776804985,NQ,7,9,1,3,170.571428571429,109.072095733368,6,6,1,505.979999999996,404.5,303.020000000004,744.916666666672,860,25.5,798,834.5,61.1285714285623,243.25,816.583333333328,2212,1427.54557278765,1.54951270359832,401.40890873941,46.9285714285714,18.07395209579,11,11,1,162.372000000003,126.5,90.627999999997,82.1666666666715,304,25.5,179,278.5,12.4571428571362,-19.1666666666715,196.166666666672,279,199.203211266933,1.40057983114609,144.750957595432,267.642857142857,231.474322046567,9,6,1,593.245999999999,452,310.754000000001,427.0625,1197,146.5,376,1050.5,581.085714285713,227.5625,576.6875,7397,8112.07651629341,0.911850373346805,408.010176960452,1,2.25,149.45,1.86684509869522,133.075345199627,0.973508652603238
2,1,0,4,17.1512738797539,68.6050955190158,152,3229,2249,2243,169,1.20982267238436,0,0,-1,0,0.348600508905852,24167.25,24231.25,24133,24188,2297,0,5475,2026-04-07T07:06:00-05:00,2026-04,15.5,0.116609414205722,8,0,0,14.6344814828181,1004,16.8500603527268,1156,0,0,0,0,289,EQL,2,1,0.597623247804323,EXTERNAL_SWING_CONFIRMATION,30,5475,24182.125,2026-04-07T07:06:00-05:00,1,1,CHOCH_UP,UP,RUN,-0.333333333333333,Resolved,SSL,34.25,1,BEARISH_FVG,BEARISH_OB,1,0.539318540701462,20.75,24167.25,24231.25,30,5475,24133,24188,24133,98.25,LOW,2026-04-07T07:06:00-05:00,2297,24422,HIGH,-1.99693621827298,5.72843747285607,5590,ChartPrimeLow,2026_04.csv,959.5,196.5,1080.5,196.5,1080.5,2064.5,1,external,LL,791.5,5588,16.8500603527268,NQ,0,0,0,0,227.071428571429,150.984685276255,7,9,1,-245.092000000004,-381.5,-517.907999999996,-116.583333333328,1156,959.5,-763,196.5,5.78571428572468,-694.583333333328,27.9166666666715,3582,2356.40676597158,1.52011106559656,-423.178349970694,65.1428571428571,30.8220931893227,10,10,1,5.5,-53.5,-112.5,19.4166666666715,500,303.5,-179,196.5,-34.7428571428609,-168.083333333328,19.4166666666715,2297,583.015287291298,3.93986238452153,-116.234187467766,365,239.760705108835,9,6,1,-245.092000000004,-381.5,-517.907999999996,-646.416666666672,1156,959.5,-548,196.5,-226.914285714287,-742.75,-357.416666666672,13581,10578.2209847772,1.28386427354316,-465.732501593797,1,43.25,122.7,18.720456397718,55.771049837707,38.9861766333462
3,1,0,4,16.5196827333336,66.0787309333345,84,1511,317,1374,253,0.484270801633345,0,1,1,0,0.140684410646388,24251.5,24308,24242.25,24243.5,5201,0,5559,2026-04-07T08:30:00-05:00,2026-04,290.5,0.196735013163546,13,0,0,4.60057261551678,304,0,0,10.5934237857294,700,0.0605338502041681,4,175,EQH,1,1,0.771806590103144,EXTERNAL_SWING_CONFIRMATION,31,5559,24275.125,2026-04-07T08:30:00-05:00,1,0,CHOCH_UP,UP,GRAB,-0.142857142857143,Resolved,BSL,1.25,1,BULLISH_FVG,BEARISH_OB,1,3.7076983250053,8,24251.5,24308,31,5559,24242.25,24243.5,24308,65.75,HIGH,2026-04-07T08:30:00-05:00,5201,24133,LOW,3.4201625365355,3.98010065092405,5936,ChartPrimeHigh,2026_04.csv,587.5,568.5,708.5,568.5,708.5,2436.5,1,external,LH,419.5,5934,10.5934237857294,NQ,2,4,1,1,216.071428571429,161.296208160383,6,5,1,171.220000000001,48.5,-74.2200000000012,243.5,1040,471.5,-385,568.5,356.585714285713,113.5,373.5,8651,4368.29004839789,1.98040878791298,165.439691702704,60.4285714285714,25.8586731570594,8,13,1,186.152000000002,125.5,64.8479999999981,29.125,514,131.5,144,382.5,124.385714285701,-120.791666666672,221.875,5201,1402.83596247787,3.70748978434607,162.268479033417,360.928571428571,221.153458696066,8,9,1,126.907999999996,-9.5,-145.907999999996,-274.416666666672,1156,587.5,-209,568.5,78.914285714287,-370.75,159.083333333328,24388,14372.2931697314,1.69687604559599,-51.4739963265456,1,56.5,369.7,14.06816337571,253.620011040139,19.0493643627962
3,2,0,2,23.4139946543748,93.6559786174993,96,4453,4445,3737,67,0.277611748697717,0,1,1,0,0.733333333333333,23955.25,23960.25,23941.5,23948.75,1275,0,5655,2026-04-07T10:06:00-05:00,2026-04,-536.5,0.427094997996488,40,0,0,8.17886921163274,766,15.6530316765713,1466,0,0,3.56624323327067,334,366.5,EQL,0,1,1.13180174469069,EXTERNAL_SWING_CONFIRMATION,32,5655,23950.875,2026-04-07T10:06:00-05:00,1,0,CHOCH_DOWN,DOWN,NONE,0.2,Detected,SSL,7.25,1,BEARISH_FVG,BULLISH_OB,0,0.72606149659403,6.5,23955.25,23960.25,32,5655,23941.5,23948.75,23941.5,18.75,LOW,2026-04-07T10:06:00-05:00,1275,24308,HIGH,-0.587255622245171,0.800803121243415,-1,ChartPrimeLow,2026_04.csv,1428.5,37.5,1884.5,37.5,2005.5,1139.5,1,external,LL,449.5,-1,15.6530316765713,NQ,5,5,1,3,321.642857142857,229.231598994213,3,8,1,-522.512000000002,-695.5,-868.487999999998,-1092.54166666667,1466,1428.5,-1027,37.5,-415.21428571429,-1275.79166666667,-481.708333333328,15240,12272.9767577443,1.24175253492463,-709.791945254648,92.9285714285714,49.3442377283545,10,8,1,-272.683999999994,-368.5,-464.316000000006,-554.583333333328,812,774.5,-547,37.5,-49.1428571428551,-689.916666666672,-317.75,1275,1456.68761099366,0.875273456283654,-418.63315324868,487.5,333.697521176138,5,4,1,-696.703999999998,-923.5,-1150.296,-1604.20833333333,1922,1884.5,-1216,37.5,-722.557142857142,-1684.29166666667,-803.375,79222,35624.2083759807,2.2238248542644,-1054.11225723835,1,5,1219.35,1.04563906999631,646.074862148343,0.0861355289616926
4,2,0,2,18.106330890829,72.425323563316,150,1142,563,1620,217,0.84224684128159,0,1,1,0,0.562162162162162,24279.5,24299.75,24253.5,24264.25,2708,0,5805,2026-04-07T12:36:00-05:00,2026-04,1117.5,0.124265927402202,9,0,0,9.20948595302984,667,0,0,19.7858971074839,1433,0.510871034875718,37,358.25,EQL,0,1,0.704173588612477,EXTERNAL_SWING_CONFIRMATION,33,5805,24276.625,2026-04-07T12:36:00-05:00,1,0,CHOCH_DOWN,DOWN,RUN,0.333333333333333,Resolved,BSL,10.75,1,BULLISH_FVG,BEARISH_OB,1,3.38279469039327,15.25,24279.5,24299.75,33,5805,24253.5,24264.25,24299.75,46.25,HIGH,2026-04-07T12:36:00-05:00,2708,23941.5,LOW,1.11839334661982,2.55435517437859,5936,ChartPrimeHigh,2026_04.csv,92.5,1340.5,581.5,1340.5,702.5,2442.5,0,external,LH,-853.5,5934,19.7858971074839,NQ,4,4,0,1,243.285714285714,187.957775113359,4,7,1,793.093999999997,624,454.906000000003,892.6875,1433,92.5,920,1340.5,135.628571428577,295.604166666672,952.395833333328,11036,7791.2309562364,1.41646423549624,646.700009571388,72.2142857142857,76.8265038364341,3,3,1,228.860000000001,167.5,106.139999999999,243.333333333328,520,92.5,354,427.5,177.157142857148,178.333333333328,351.666666666672,2708,1471.64730288782,1.8401148119431,246.45976302147,489.571428571429,282.915226217261,8,8,1,606.296000000002,379.5,152.703999999998,259.375,1922,581.5,-301,1340.5,302.871428571423,-461.375,739.875,40510,41290.5005549047,0.981097333662331,428.138429772385,1,20.25,717.1,3.77632129410124,491.810725787879,4.04810203520996
4,5,0,3,14.7238146648565,58.8952586594259,80,5662,2520,2653,297,0.611254637799921,0,1,1,0,0.80952380952381,24089.5,24092.5,24076.75,24080.5,1384,0,5885,2026-04-07T13:56:00-05:00,2026-04,349.5,0.0679171819777689,4,0,0,3.8203414862495,225,15.1455315810425,892,0,0,3.31096262141624,195,223,EQL,0,1,0.0679171819777689,EXTERNAL_SWING_CONFIRMATION,34,5885,24084.625,2026-04-07T13:56:00-05:00,1,0,CHOCH_DOWN,DOWN,NONE,0.142857142857143,Detected,SSL,3.75,1,BULLISH_FVG,BEARISH_OB,1,0.628233933294363,9,24089.5,24092.5,34,5885,24076.75,24080.5,24076.75,15.75,LOW,2026-04-07T13:56:00-05:00,1384,24299.75,HIGH,-0.865944070216554,1.06969561614986,-1,ChartPrimeLow,2026_04.csv,860.5,572.5,1349.5,572.5,1470.5,1674.5,1,external,HL,10.5,-1,15.1455315810425,NQ,4,5,2,2,198.428571428571,193.642146697054,2,9,1,-223.342000000004,-345,-466.657999999996,-452.395833333328,1031,860.5,-15,170.5,-492.114285714284,-624.229166666672,-323.520833333328,8811,6740.8464621839,1.30710587304275,-394.339712719433,60.8571428571429,44.1574809098159,6,7,1,-215.271999999997,-291.5,-367.728000000003,-439.541666666672,646,614.5,-434,31.5,-83.4285714285797,-601.041666666672,-304.958333333328,1384,1110.46030716246,1.24633000483962,-375.431314738118,508.928571428571,282.854391989356,8,7,1,-161.703999999998,-388.5,-615.296000000002,-508.625,1922,1349.5,-862,572.5,-271.528571428586,-909.041666666672,-28.125,36461,40548.9461014748,0.899184898881351,-339.68700755894,1,3,770.1,1.79716919880535,411.847532468024,1.49060016536013
1,3,0,3,8.94120776219082,35.7648310487633,620,0,7,2306,571,0.419406426932322,0,1,-1,0,0.225,25194.25,25202,25192,25198,234,0,6505,2026-04-08T01:16:00-05:00,2026-04,59,0,0,1.1743379954105,42,100.909186319917,3609,0,0,125.849888508159,4501,91.73816578433,3281,1125.25,EQH,3,1,0.307564713083703,EXTERNAL_SWING_CONFIRMATION,35,6505,25197,2026-04-08T01:16:00-05:00,0,0,CHOCH_UP,UP,RUN,-0.5,Resolved,BSL,2.25,1,BEARISH_FVG,BULLISH_OB,1,2.46051770466963,3.75,25194.25,25202,35,6505,25192,25198,25202,10,HIGH,2026-04-08T01:16:00-05:00,234,24076.75,LOW,0.8667732823268,1.11841713848619,6670,ChartPrimeHigh,2026_04.csv,20,441,20,5022,20,6124,0,external,HH,14,6668,125.849888508159,NQ,4,5,1,2,96.8571428571429,56.0156996655624,7,7,1,264.898000000001,210.5,156.101999999999,8.8125,461,20,353,441,54.3142857142811,-10.3958333333285,277.729166666672,1912,1570.31693415834,1.21758860164416,203.061354940393,36.9285714285714,18.3772661126299,10,10,1,162.309999999998,127.5,92.6900000000023,35.3125,295,20,30,275,11.7714285714173,-13.8541666666715,145.9375,234,189.254370593946,1.23643115488232,91.3210531391815,654.857142857143,844.811784973479,1,3,1,3095.95600000001,2501,1906.04399999999,3866.54166666667,5042,20,3262,5022,-94.6857142857189,3446.375,4706.875,10369,16153.6907557548,0.641896651160419,3452.74411386281,1,4,200.05,1.16970757310672,85.6933340464706,0.396180174079693
1,2,0,4,8.63067610100147,34.5227044040059,108,206,190,2414,679,0.231731555743116,0,0,-1,0,0.80952380952381,25142.75,25144.75,25134.25,25144.75,224,0,6613,2026-04-08T03:04:00-05:00,2026-04,-171,2.14351689062382,74,0,0,96.6899916338151,3338,7.84990645079805,271,0,0,87.1889978483473,3010,67.75,EQH,2,1,0.5503624448899,EXTERNAL_SWING_CONFIRMATION,36,6613,25139.5,2026-04-08T03:04:00-05:00,1,0,CHOCH_UP,UP,SWEEP,-0.6,Resolved,SSL,8.5,0,BEARISH_FVG,BULLISH_OB,1,2.54904711317427,2,25142.75,25144.75,36,6613,25134.25,25144.75,25134.25,10.5,LOW,2026-04-08T03:04:00-05:00,224,25202,HIGH,-0.984859111908242,1.21659066765136,6942,ChartPrimeLow,2026_04.csv,250,98,250,4792,250,5894,1,external,HL,190,6942,7.84990645079805,NQ,3,7,2,2,110.142857142857,85.0997393597535,7,7,1,-44.8239999999932,-84,-123.176000000007,-173.916666666672,332,250,9,82,-103.842857142852,-229.25,-49.4166666666715,1654,1684.05697727428,0.982152042549698,-98.530931679692,33.2142857142857,15.3542272105449,5,10,1,-64.1860000000015,-90.5,-116.813999999998,-76.5625,223,202,-12,21,-12.2857142857101,-76.5625,-2.22916666667152,224,168.469181613968,1.32962004002178,-65.7341542573558,619.285714285714,724.962549304953,4,2,1,2865.95600000001,2271,1676.04399999999,3636.54166666667,5042,250,3724,4792,-850.399999999994,3216.375,4476.875,10476,14152.383243459,0.740228682320475,3124.0152230489,1,0,150.3,1.49035262807718,46.6766536932544,1.57894780727717
1,7,1,4,9.8618671357946,39.4474685431784,69,177,0,14,14,0.30420202976688,1,1,-1,0,0.241379310344828,25239.75,25245.25,25238,25242.75,296,0,6682,2026-04-08T04:13:00-05:00,2026-04,163.5,4.38557926247252,173,1.44495964139268,57,4.38557926247252,173,0,0,11.2554751013745,444,5.72913822727623,226,111,EQH,1,0,0.811205412711679,EXTERNAL_SWING_CONFIRMATION,37,6682,25241.625,2026-04-08T04:13:00-05:00,0,0,BOS_UP,UP,SWEEP,-0.6,Resolved,BSL,1.75,0,BULLISH_FVG,BULLISH_OB,0,0.583053890386519,3,25239.75,25245.25,37,6682,25238,25242.75,25245.25,7.25,HIGH,2026-04-08T04:13:00-05:00,296,25134.25,LOW,0.557703721239279,0.735154905269959,6853,ChartPrimeHigh,2026_04.csv,14.5,467.5,14.5,5200.5,14.5,6302.5,1,external,HH,-218.5,6853,11.2554751013745,NQ,5,8,3,4,131.285714285714,96.488112751031,8,9,1,259.892000000007,207.5,155.107999999993,272.25,444,14.5,247,429.5,251.657142857133,179.75,346.25,1839,1780.10456980329,1.03308537666594,266.085374120012,40.5714285714286,34.4831107183206,8,2,1,228.373999999996,182,135.626000000004,272.0625,393,14.5,214,378.5,19.6142857142841,108.3125,353.9375,296,226.740259365934,1.30545850493312,204.693756523382,593.714285714286,716.408789665353,4,2,1,3208.37,2593,1977.63,4222.6875,5215,14.5,4286,5200.5,-735.971428571429,3570.8125,4874.5625,10539,13341.5174632496,0.789940127053059,3452.68690248586,1,2.5,192.65,1.536465092136,140.2088709747,0.737114558312428
1,1,0,5,8.64249071137157,34.5699628454863,129,318,232,143,143,1.79346446732138,0,0,1,0,0.924050632911392,25198.5,25200,25180.25,25183,307,0,6811,2026-04-08T06:22:00-05:00,2026-04,-42.5,0.0867805387413571,3,0,0,2.51663562349936,87,7.52098002425095,260,0,0,0.318195308718309,11,65,EQL,1,1,1.01243961864917,EXTERNAL_SWING_CONFIRMATION,38,6811,25190.125,2026-04-08T06:22:00-05:00,1,0,BOS_UP,UP,RUN,-0.666666666666667,Resolved,SSL,2.75,1,BEARISH_FVG,BULLISH_OB,1,0.665317463683738,15.5,25198.5,25200,38,6811,25180.25,25183,25180.25,19.75,LOW,2026-04-08T06:22:00-05:00,307,25245.25,HIGH,-2.11165977603969,2.2852208535224,6872,ChartPrimeLow,2026_04.csv,220.5,223.5,220.5,4994.5,220.5,6096.5,1,external,HL,-12.5,6870,7.52098002425095,NQ,8,9,3,5,104,77.3295221762031,5,6,1,53.8920000000071,1.5,-50.8920000000071,-100.25,444,220.5,194,223.5,-114.800000000003,-155.75,10.75,1509,1396.90286548607,1.08024690712831,-34.1704864941712,36,27.4288491723117,5,6,1,-39.1919999999955,-63.5,-87.8080000000045,-7.70833333332848,206,166.5,-4,39.5,-13.7142857142899,-102.125,18.0416666666715,307,172.832045518851,1.77629095969077,-67.0869231359829,485.714285714286,749.446481007641,4,2,1,3002.37,2387,1771.63,4016.6875,5215,220.5,4429,4994.5,-1122.59999999999,2278.35416666667,4885.85416666667,8682,11669.9056639735,0.743964882835555,2933.35934818769,1,1.5,151.7,2.02373104812129,39.2416870177621,3.95752608519878
1,2,1,5,9.52889711604018,38.1155884641607,45,77,173,1,1,0.603427650648144,1,1,-1,0,0.183673469387755,25247,25257,25244.75,25252.75,353,0,6856,2026-04-08T07:07:00-05:00,2026-04,50.5,5.27343294696856,201,1.99393484561995,76,1.23309128610708,47,0,0,8.05444733691219,307,1.28556325572866,49,76.75,EQL,1,1,0.157415908864733,EXTERNAL_SWING_CONFIRMATION,39,6856,25250.875,2026-04-08T07:07:00-05:00,0,0,BOS_UP,UP,SWEEP,-0.666666666666667,Resolved,BSL,2.25,0,BULLISH_FVG,BULLISH_OB,0,0.918259468377611,5.75,25247,25257,39,6856,25244.75,25252.75,25257,12.25,HIGH,2026-04-08T07:07:00-05:00,353,25180.25,LOW,1.04943939243156,1.28556325572866,8472,ChartPrimeHigh,2026_04.csv,24.5,428.5,24.5,5237.5,24.5,6339.5,1,external,HH,-350.5,8472,8.05444733691219,NQ,3,6,2,3,105.428571428571,56.2079242801187,10,9,1,190.563999999998,149.5,108.436000000002,127.75,348,24.5,300,323.5,136.828571428574,84.25,200.25,3400,1951.05083126678,1.74265065036386,147.254472745946,40.3571428571429,40.591429796603,2,5,1,165.225999999995,129,92.7740000000049,122.604166666672,307,24.5,110,282.5,52.2714285714319,84.2291666666715,212.145833333328,353,374.325359955292,0.94302988192454,126.645684745963,441.428571428571,793.920846748752,2,1,0,3203.932,2587.5,1971.068,4220,5224,24.5,5143,5199.5,-865.142857142855,1172.66666666667,5090.66666666667,12058,11702.9443789448,1.03033899927731,2932.68334260496,1,4.25,237.35,1.48725510848957,155.974765587258,0.741466092701395
1,0,0,4,22.5051253715282,90.0205014861128,169,940,955,357,155,1.16640096718632,0,0,-1,0,0.305555555555556,24940.25,24971.5,24926.5,24966.5,4285,0,7025,2026-04-08T09:56:00-05:00,2026-04,-612,2.643842192289,238,0.577646193273228,52,11.2752093494678,1015,14.6855436059078,1322,0,0,11.3974037365064,1026,330.5,EQH,0,0,0.599863354552967,EXTERNAL_SWING_CONFIRMATION,40,7025,24949,2026-04-08T09:56:00-05:00,0,0,CHOCH_DOWN,DOWN,SWEEP,-0.6,Resolved,SSL,13.75,0,BULLISH_FVG,BULLISH_OB,1,0.255497354717005,26.25,24940.25,24971.5,40,7025,24926.5,24966.5,24926.5,45,LOW,2026-04-08T09:56:00-05:00,4285,25257,HIGH,-0.610971935192837,1.99954451517656,10149,ChartPrimeLow,2026_04.csv,1232,90,1232,4030,1232,5132,1,external,LL,980,10149,14.6855436059078,NQ,7,7,3,5,223.285714285714,162.386998766593,9,5,1,-415.004000000001,-571,-726.995999999999,-543.458333333328,1322,1232,-1105,90,-312.5,-929.041666666672,-323.125,18447,14123.1476774541,1.30615358709648,-657.137751495931,88.2857142857143,56.1315663807891,6,8,1,-182.748000000007,-267,-351.251999999993,-519.875,714,624,-393,90,-121.942857142858,-549.625,-371.125,4285,2152.08206542724,1.99109507431787,-406.233090550872,294.857142857143,923.485952749047,1,2,0,1685.57799999999,1128.5,571.422000000006,-543.520833333328,4721,1232,2824,3489,-1579.91428571429,-1133.64583333333,1423.5625,85948,38923.3133848179,2.20813678296782,469.203290737147,1,5,1373,3.12090313182811,382.583716328858,7.61140601576709
2,0,0,4,8.39043444251232,33.5617377700493,119,549,196,476,274,0.774691709295297,0,1,1,0,0.642857142857143,25153.75,25157.5,25147,25147.25,808,0,7144,2026-04-08T11:55:00-05:00,2026-04,863,0.0595916699457921,2,0,0,2.71142098253354,91,0,0,27.5313515149559,924,3.0391751672354,102,231,EQH,0,1,0.566120864485025,EXTERNAL_SWING_CONFIRMATION,41,7144,25152.25,2026-04-08T11:55:00-05:00,1,0,CHOCH_DOWN,DOWN,SWEEP,-0.333333333333333,Resolved,BSL,0.25,1,BEARISH_FVG,BULLISH_OB,1,0.685304204376609,6.5,25153.75,25157.5,41,7144,25147,25147.25,25157.5,10.5,HIGH,2026-04-08T11:55:00-05:00,808,24926.5,LOW,0.44693752459344,1.25142506886163,8456,ChartPrimeHigh,2026_04.csv,390,903,419,4302,419,5945,0,external,LH,167,8456,27.5313515149559,NQ,4,7,1,2,177.285714285714,163.033916739796,3,4,1,514.505999999994,394.5,274.494000000006,288.5625,1017,114,-70,903,235.342857142867,34.3125,458.0625,5285,7301.37547734292,0.723836216395119,339.745017844441,29.1428571428571,14.5029670285619,11,12,1,215.694000000003,170.5,125.305999999997,210.395833333328,383,21,173,362,1.89999999999418,162.520833333328,322.104166666672,808,566.907885014794,1.42527564240691,196.779409318158,331.857142857143,623.076093483514,1,1,0,1867.60000000001,1431,994.399999999994,274.75,3700,419,3260,3281,-313.442857142858,-187.75,583.083333333328,38069,41521.5850835597,0.916848427712681,549.652186792053,1,3.75,549.5,1.47042766151046,190.903247746077,1.35408906371166
2,0,0,5,6.61264952362382,26.4505980944953,448,1507,563,924,722,0.264644299345987,0,0,-1,0,0.571428571428571,24985.5,24989.25,24980.5,24987.25,235,0,7592,2026-04-08T20:23:00-05:00,2026-04,-198.5,0.831739226515959,22,0,0,30.2072564539205,799,26.7668805624227,708,0,0,30.6231260671785,810,177,EQH,0,1,1.24760883977394,EXTERNAL_SWING_CONFIRMATION,42,7592,24984.875,2026-04-08T20:23:00-05:00,1,0,CHOCH_DOWN,DOWN,SWEEP,-0.428571428571429,Resolved,SSL,5,1,BULLISH_FVG,BULLISH_OB,1,0.869545554993957,1.75,24985.5,24989.25,42,7592,24980.5,24987.25,24980.5,8.75,LOW,2026-04-08T20:23:00-05:00,235,25157.5,HIGH,-0.756126569559963,1.32322149672993,7971,ChartPrimeLow,2026_04.csv,320.5,17.5,1088.5,233.5,1088.5,5275.5,1,external,HL,141.5,7971,26.7668805624227,NQ,5,6,2,4,77.5,35.7814334179571,9,8,1,-111.615999999995,-151.5,-191.384000000005,-130.375,338,320.5,-260,17.5,-75.1857142857043,-200.791666666672,-74.0416666666715,1342,1047.05412056877,1.28169115009167,-156.285713046309,26.2142857142857,14.5778013854297,7,12,1,-62.7200000000012,-87.5,-112.279999999999,-126.875,210,192.5,-100,17.5,-21.1857142857043,-170.625,-65.625,235,139.273329959694,1.68732951289388,-100.572951551672,382.285714285714,174.27577090149,8,8,1,-271.504000000001,-427.5,-583.495999999999,-399.958333333328,1322,1088.5,-616,233.5,-45.5428571428638,-675.375,-69.4583333333285,5972,22033.7623507527,0.27103859544877,-415.121325007742,1,2,118.3,1.98647506339814,51.6750423318646,2.2583435781346
3,2,0,5,5.07121296340135,20.2848518536054,88,305,277,1012,810,0.443680834592852,0,1,1,0,0.363636363636364,25045.5,25050.75,25042.5,25043.25,143,0,7680,2026-04-08T21:51:00-05:00,2026-04,48.5,2.85927648959838,58,0,0,25.5362969243441,518,0,0,13.852701613399,281,26.0785734999576,529,70.25,EQL,0,1,1.72542546786109,EXTERNAL_SWING_CONFIRMATION,43,7680,25046.625,2026-04-08T21:51:00-05:00,1,0,CHOCH_DOWN,DOWN,SWEEP,-0.25,Resolved,BSL,0.75,0,BEARISH_FVG,BULLISH_OB,1,1.13385102173729,2.25,25045.5,25050.75,43,7680,25042.5,25043.25,25050.75,8.25,HIGH,2026-04-08T21:51:00-05:00,143,24980.5,LOW,1.03525528071665,1.62682972684046,7871,ChartPrimeHigh,2026_04.csv,35.5,264.5,841.5,480.5,841.5,5522.5,1,external,LH,-105.5,7871,13.852701613399,NQ,8,10,2,4,70.4285714285714,57.3556389843954,5,11,1,157.157999999996,124,90.8420000000042,118.145833333328,281,16.5,40,264.5,85.9571428571362,47.8958333333285,153.270833333328,572,752.925959849201,0.759702853272004,120.874116942374,19.5,12.1215926147854,10,4,1,77.4360000000015,59.5,41.5639999999985,75.3333333333285,152,16.5,50,135.5,27.2571428571391,43.6666666666715,81.6666666666715,143,72.6883355814092,1.96730326614569,65.0467218137492,352.642857142857,188.764065651286,8,9,1,-24.5040000000008,-180.5,-336.495999999999,-152.958333333328,1322,841.5,-564,480.5,202.842857142867,-428.375,177.541666666672,4352,17466.2137429251,0.249166766424282,-160.176889649447,1,5.25,44.55,3.20987654320988,29.5304503859999,3.33384688391594
3,3,0,6,4.21089359352135,16.8435743740854,139,1734,215,1151,949,2.61227213552107,0,0,-1,0,0.0392156862745098,24994.75,25007,24994.25,25005.75,158,0,7819,2026-04-09T00:10:00-05:00,2026-04,-0.5,1.9592041016408,33,0,0,44.1711470188108,744,13.4175796051764,226,0,0,44.8242150526911,755,56.5,EQH,0,1,1.48424553154606,EXTERNAL_SWING_CONFIRMATION,44,7819,25000.625,2026-04-09T00:10:00-05:00,1,0,CHOCH_DOWN,DOWN,GRAB,-0.333333333333333,Resolved,SSL,0.5,0,BULLISH_FVG,BULLISH_OB,1,1.36550588902238,11,24994.75,25007,44,7819,24994.25,25005.75,24994.25,12.75,LOW,2026-04-09T00:10:00-05:00,158,25050.75,HIGH,-0.118739642523685,3.02786088435397,7964,ChartPrimeLow,2026_04.csv,200.5,80.5,1025.5,296.5,1025.5,5338.5,1,external,HL,47.5,7963,13.4175796051764,NQ,5,6,1,3,50.7857142857143,25.170168223933,10,11,1,-60.8319999999949,-87.5,-114.168000000005,-73.375,226,200.5,-94,25.5,-30,-120.458333333328,-45.125,668,497.14870029394,1.34366236823116,-91.0677447552298,18,12.1275970011595,4,12,1,-19.5760000000009,-33.5,-47.4239999999991,-35.9583333333285,118,92.5,-89,25.5,-16.5142857142782,-70.375,-35.9583333333285,158,85.613766089362,1.84549760181187,-48.374601192947,320.571428571429,200.758641889292,6,11,1,-208.504000000001,-364.5,-520.495999999999,-336.958333333328,1322,1025.5,-617,296.5,109.885714285716,-557.291666666672,-6.45833333332848,2403,11482.8641294152,0.209268347419033,-325.411658411176,1,1.25,46.45,3.40150699677072,27.4107187063747,4.06957589091079
3,2,0,6,6.30648017509808,25.2259207003923,53,690,542,1204,1002,1.14961116164727,0,1,1,0,0.568627450980392,25053.5,25059,25046.25,25046.25,534,0,7872,2026-04-09T01:03:00-05:00,2026-04,25.5,3.25062466396815,82,0,0,19.2262556344458,485,0,0,10.267216926436,259,19.6623150405878,496,64.75,EQL,0,1,4.32095229722596,EXTERNAL_SWING_CONFIRMATION,45,7872,25052.625,2026-04-09T01:03:00-05:00,1,0,CHOCH_DOWN,DOWN,SWEEP,-0.333333333333333,Resolved,BSL,0,0,BULLISH_FVG,BULLISH_OB,1,0.911760576478872,7.25,25053.5,25059,45,7872,25046.25,25046.25,25059,12.75,HIGH,2026-04-09T01:03:00-05:00,534,24994.25,LOW,0.872118812284138,2.02172997393141,8270,ChartPrimeHigh,2026_04.csv,25.5,233.5,817.5,504.5,817.5,5546.5,1,external,HH,-182.5,8270,10.267216926436,NQ,6,8,2,3,66.8571428571429,46.2659730596678,8,5,1,134.562000000005,104,73.4379999999946,152.5625,259,25.5,80,233.5,107.300000000003,87.8125,174.145833333328,1351,733.576973099603,1.84166086115215,112.073700832596,24.5714285714286,29.8696365557052,11,2,1,134.562000000005,104,73.4379999999946,55.4375,259,25.5,60,233.5,66.3857142857159,1.47916666667152,130.979166666672,534,212.74985908938,2.50998991155927,95.6397395283129,292.285714285714,199.470906541259,7,8,1,-0.504000000000815,-156.5,-312.495999999999,-128.958333333328,1322,817.5,-614,504.5,283.014285714293,-349.291666666672,201.541666666672,4735,10239.1913834624,0.462438860909234,-108.829117367946,1,5.5,69.75,7.65591397849462,77.2986901570783,6.00592324470957
3,3,0,5,7.01741841990122,28.0696736796049,132,706,1920,41,41,0.285005094512827,0,0,-1,0,0.333333333333333,24955,24959,24953,24957,111,0,8004,2026-04-09T03:15:00-05:00,2026-04,-361,0.32063073132693,9,0.42750764176924,12,5.87823007432706,165,15.1052700091798,424,0,0,5.98510698476936,168,106,EQL,1,1,0.10687691044231,EXTERNAL_SWING_CONFIRMATION,46,8004,24956,2026-04-09T03:15:00-05:00,0,0,BOS_DOWN,DOWN,SWEEP,-0.25,Resolved,SSL,2,1,BULLISH_FVG,BEARISH_OB,1,0.890640920352584,2,24955,24959,46,8004,24953,24957,24953,6,LOW,2026-04-09T03:15:00-05:00,111,25059,HIGH,-0.285005094512827,0.855015283538481,10149,ChartPrimeLow,2026_04.csv,412,12,1204,118,1204,5160,1,external,LL,62,10149,15.1052700091798,NQ,5,6,3,5,87.3571428571429,67.9999784387403,1,5,1,-149.967999999993,-200,-250.032000000007,-332.5,424,412,-252,12,-127.528571428571,-385.5,-138.166666666672,1762,1359.95391352139,1.29563214053156,-218.807381102932,29.1428571428571,15.3004336760974,9,6,1,-87.320000000007,-118,-148.679999999993,-177.583333333328,260,248,-121,12,-2.5428571428638,-231.75,-69.25,111,153.452577753542,0.72335050753123,-114.393084216412,249.5,184.025604217236,6,5,1,-387.004000000001,-543,-698.995999999999,-515.458333333328,1322,1204,-953,118,-58.9428571428725,-570.541666666672,-74.7916666666715,8965,9163.18942584185,0.978371130767752,-468.941610347742,1,2,150.8,0.736074270557029,94.6803041820209,-0.420361978595732
3,2,0,5,20.3721694559052,81.4886778236207,330,2083,1105,17,17,0.208617938761945,0,1,-1,1,0.407766990291262,25096.25,25111.5,25085.75,25100.5,2114,0,8334,2026-04-09T08:45:00-05:00,2026-04,63.5,0.0859015041960952,7,0,0,2.57704512588285,210,0,0,7.78022195147491,634,2.66294663007895,217,158.5,EQH,3,1,1.54622707552971,EXTERNAL_SWING_CONFIRMATION,47,8334,25098.625,2026-04-09T08:45:00-05:00,1,0,CHOCH_UP,UP,RUN,-0.25,Resolved,BSL,10.5,1,BEARISH_FVG,BULLISH_OB,1,0.319062729871211,4.25,25096.25,25111.5,47,8334,25085.75,25100.5,25111.5,25.75,HIGH,2026-04-09T08:45:00-05:00,2114,24953,LOW,0.748570250851686,1.26397927602826,8443,ChartPrimeHigh,2026_04.csv,51.5,487.5,604.5,688.5,633.5,5730.5,0,external,HH,-31.5,8441,7.78022195147491,NQ,6,7,2,3,135.285714285714,63.8717803361418,9,9,1,281.601999999999,218,154.398000000001,229.229166666672,539,51.5,286,487.5,153.642857142855,72.0208333333285,296.604166666672,14879,7340.16361176757,2.02706653243347,212.66064934303,102.571428571429,76.0053438465555,6,3,1,177.160000000003,133.5,89.8399999999965,264.541666666672,370,51.5,169,318.5,72.085714285713,79.5416666666715,295.375,2114,1597.40205562576,1.32339882282915,150.277958727864,194.285714285714,105.77662874175,8,7,1,294.126000000004,193,91.8739999999962,246.5625,857,235.5,-146,621.5,298.414285714287,32.3125,389.395833333328,42983,16079.7042490025,2.67312130462016,226.347058886851,1,11,1574.8,1.34239268478537,995.526473781587,0.54162296453233
3,1,0,6,15.5794549095558,62.317819638223,51,1087,1113,422,68,0.978853245414017,0,1,-1,0,0.0161290322580645,24960.75,24976,24960.5,24976,905,0,8385,2026-04-09T09:36:00-05:00,2026-04,-193,0.336982264814662,21,0.0160467745149839,1,6.32242915890365,394,9.69225180705027,604,0,0,2.21445488306778,138,151,EQL,2,1,0.272795166754726,EXTERNAL_SWING_CONFIRMATION,48,8385,24968.25,2026-04-09T09:36:00-05:00,0,0,CHOCH_UP,UP,SWEEP,-0.333333333333333,Resolved,SSL,0.25,1,BULLISH_FVG,BEARISH_OB,1,0.401169362874597,15.25,24960.75,24976,48,8385,24960.5,24976,24960.5,15.5,LOW,2026-04-09T09:36:00-05:00,905,25111.5,HIGH,-0.0160467745149839,0.994900019929001,10149,ChartPrimeLow,2026_04.csv,573,31,815,167,1155,5209,1,external,HL,179,10149,9.69225180705027,NQ,5,8,2,3,170.071428571429,122.21218805739,2,10,1,-199.728000000003,-271,-342.271999999997,-258.416666666672,604,573,-103,31,-210.128571428577,-459.75,-182.916666666672,9420,10578.8983202722,0.890451889678204,-256.396817452391,59.5,30.0982139204801,10,10,1,-199.728000000003,-271,-342.271999999997,-233.25,604,573,-138,31,1.15714285714785,-560.416666666672,-132.583333333328,905,877.260838904904,1.03162019762528,-229.75769584415,220.714285714286,87.0005989090096,12,12,1,-188.028000000006,-277,-365.971999999994,-261.291666666672,754,654,-540,100,-123.200000000012,-481.208333333328,-135.625,77217,26546.7557654231,2.90871700792058,-247.137580855924,1,0,1100.55,0.822316114669938,325.175564118831,-0.601367450625961
1,4,1,6,18.1379324811176,72.5517299244705,87,1693,1613,1617,31,1.13022804673804,0,1,1,0,0.694029850746269,25255.5,25265.75,25232.25,25235,3299,0,8472,2026-04-09T11:03:00-05:00,2026-04,735,3.25285145158752,236,1.15779458446336,84,8.50427688826061,617,0,0,16.8293712813066,1221,1.15779458446336,84,305.25,EQL,2,1,0.206749032939885,EXTERNAL_SWING_CONFIRMATION,49,8472,25249,2026-04-09T11:03:00-05:00,0,0,BOS_UP,UP,SWEEP,-0.714285714285714,Resolved,BSL,2.75,0,BEARISH_FVG,BULLISH_OB,1,0.482414410193065,20.5,25255.5,25265.75,49,8472,25232.25,25235,25265.75,33.5,HIGH,2026-04-09T11:03:00-05:00,3299,24960.5,LOW,0.565114023369019,1.84695802759631,8699,ChartPrimeHigh,2026_04.csv,67,1154,67,1223,67,6332,1,external,HH,-481,8699,16.8293712813066,NQ,3,5,2,2,235.857142857143,212.01825455172,5,5,1,687.577999999994,543.5,399.422000000006,874.1875,1221,67,856,1154,479.199999999997,619.8125,1077.6875,15328,13187.5269131419,1.16231042415732,733.726386490162,62.3571428571429,47.4152393731397,8,3,1,550.381999999998,432.5,314.618000000002,453.3125,999,67,474,932,85.7142857142899,328.4375,786.3125,3299,1897.90586504798,1.7382316271606,502.675300341245,278.142857142857,221.217737378419,9,4,1,706.118000000002,558.5,410.881999999998,845.1875,1251,67,1142,1184,781.871428571423,740.9375,1105.8125,82545,40532.0321845232,2.03653741377219,814.051379635086,1,10.25,1301.25,2.53525456292027,626.847658925197,3.18697848122361
1,4,0,7,13.1182216626107,52.4728866504427,142,162,156,1946,173,0.0190574611734566,0,0,-1,0,0.550561797752809,25157.25,25167.25,25145,25157.5,1509,0,8614,2026-04-09T13:25:00-05:00,2026-04,363.5,0.152459689387653,8,0,0,2.55369979724318,134,9.20475374677953,483,0,0,2.8967340983654,152,120.75,EQH,2,1,1.14344767040739,EXTERNAL_SWING_CONFIRMATION,50,8614,25156.125,2026-04-09T13:25:00-05:00,1,0,BOS_UP,UP,RUN,-0.75,Resolved,SSL,12.25,1,BULLISH_FVG,BULLISH_OB,1,0.438321606989501,0.25,25157.25,25167.25,50,8614,25145,25157.5,25145,22.25,LOW,2026-04-09T13:25:00-05:00,1509,25265.75,HIGH,-0.933815597499372,1.69611404443764,10151,ChartPrimeLow,2026_04.csv,438.5,782.5,438.5,851.5,438.5,5960.5,1,external,HL,-109.5,10149,9.20475374677953,NQ,2,3,2,2,157.5,155.658502251911,1,6,1,178.881999999998,61,-56.8819999999978,-292.8125,999,438.5,497,560.5,-278.757142857139,-376.0625,-1.4375,9342,8265.87823237138,1.13018843701499,-69.9132395107881,48.9285714285714,26.9844176700663,9,8,1,-126.635999999999,-179.5,-232.364000000001,-95.5,448,403.5,-111,44.5,-31.3571428571304,-300.833333333328,-39.5,1509,1106.40018753267,1.36388263216508,-171.491358697938,328.214285714286,226.752778000242,4,5,1,334.618000000002,187,39.3819999999978,525.8125,1251,438.5,500,812.5,152.028571428571,-47.5625,734.3125,47678,42800.4578155006,1.11396004700522,256.341584071735,1,9.75,899.25,1.67806505421184,479.59648403632,1.27138129718612
1,1,0,7,10.5095921722183,42.0383686888733,87,14,0,1846,260,0.999087293582745,0,1,1,0,0.892857142857143,25268.25,25269.75,25255.75,25257.75,823,0,8701,2026-04-09T14:52:00-05:00,2026-04,263,1.47484314766977,62,1.40347976955671,59,15.0576727818542,633,0,0,11.8701085594712,499,2.37877927043511,100,124.75,EQH,3,0,0.118938963521755,EXTERNAL_SWING_CONFIRMATION,51,8701,25262.75,2026-04-09T14:52:00-05:00,0,0,BOS_UP,UP,GRAB,-0.75,Resolved,BSL,2,0,BULLISH_FVG,BULLISH_OB,1,0.832572744652288,10.5,25268.25,25269.75,51,8701,25255.75,25257.75,25269.75,14,HIGH,2026-04-09T14:52:00-05:00,823,25145,LOW,0.142726756226106,1.33211639144366,8949,ChartPrimeHigh,2026_04.csv,28,471,28,1278,28,6387,1,external,HH,-379,8948,11.8701085594712,NQ,7,10,3,4,144.571428571429,116.958203285574,3,5,1,280.381999999998,221.5,162.618000000002,335.854166666672,499,28,258,471,165.200000000012,148.729166666672,439.8125,7769,6885.09664509959,1.12837922261113,232.570175062399,43.2142857142857,20.9007959340463,8,7,1,235.267999999996,185,134.732000000004,158.375,426,28,76,398,20.442857142858,-1.375,211.625,823,854.348205048051,0.963307460748644,150.058712363039,310.857142857143,232.952389453039,3,6,1,755.005999999994,605.5,455.994000000006,948.645833333328,1267,28,947,1239,381.428571428565,315.145833333328,1212.60416666667,39157,41656.9783388839,0.939986565551004,624.018455919417,1,1.5,729.2,1.1286341195831,340.060082926532,0.275833609145666
1,2,0,8,6.52513299193572,26.1005319677429,131,225,180,2164,391,0.383133953451937,0,0,1,0,0.884615384615385,25198.75,25199.5,25193,25196.25,111,0,8832,2026-04-09T18:03:00-05:00,2026-04,125,0.153253581380775,4,0,0,12.4901668825332,326,11.7622123709745,307,0,0,0.651327720868293,17,76.75,EQH,1,1,1.60916260449814,EXTERNAL_SWING_CONFIRMATION,52,8832,25196.25,2026-04-09T18:03:00-05:00,1,0,BOS_UP,UP,RUN,-0.777777777777778,Resolved,SSL,3.25,1,BULLISH_FVG,BULLISH_OB,1,0.881208092939456,2.5,25198.75,25199.5,52,8832,25193,25196.25,25193,6.5,LOW,2026-04-09T18:03:00-05:00,111,25269.75,HIGH,-0.881208092939456,0.996148278975037,10151,ChartPrimeLow,2026_04.csv,294,205,294,973,294,6121,1,external,HL,-113,10149,11.7622123709745,NQ,6,8,2,4,79.4285714285714,81.5355568453116,5,7,1,-27.0240000000049,-78,-128.975999999995,-213,432,294,118,138,-172.914285714287,-249,-105,1138,1629.38613810046,0.698422536800689,-132.14565065669,24,12.0950278729785,7,6,1,-81.3540000000066,-110.5,-139.645999999993,-115.645833333328,247,234,-116,13,-10.0714285714203,-208.270833333328,-84.7708333333285,111,111.184047533367,0.998344658811668,-119.715221975275,325.928571428571,236.653788558514,2,8,1,489.005999999994,339.5,189.994000000006,682.645833333328,1267,294,688,973,-85.8571428571449,-3.64583333332848,946.604166666672,5849,30771.0479555173,0.190081274074751,308.485117261065,1,0.75,108.3,1.02493074792244,99.1963204962765,0.0272187515271935
1,3,0,8,4.82820660042148,19.3128264016859,276,148,110,160,160,0.103558120308346,0,1,-1,0,0.06,25292,25303.75,25291.25,25292.5,341,0,9108,2026-04-09T22:39:00-05:00,2026-04,167,9.57912612852205,185,2.43361582724614,47,7.04195218096756,136,0,0,22.9381236482987,443,11.650288534689,225,110.75,EQL,0,1,0.310674360925039,EXTERNAL_SWING_CONFIRMATION,53,9108,25297.5,2026-04-09T22:39:00-05:00,0,0,BOS_UP,UP,RUN,-0.777777777777778,Resolved,BSL,0.75,0,BULLISH_FVG,BULLISH_OB,0,0.880244022620945,0.5,25292,25303.75,53,9108,25291.25,25292.5,25303.75,12.5,HIGH,2026-04-09T22:39:00-05:00,341,25193,LOW,2.43361582724614,2.58895300770866,9640,ChartPrimeHigh,2026_04.csv,25,366,25,1378,25,6526,0,external,HH,-73,9638,22.9381236482987,NQ,4,5,2,3,63.0714285714286,51.4942609401711,7,3,1,175.232000000004,137,98.7679999999964,116.75,324,25,274,299,43.528571428571,8.75,143.75,918,570.785790127709,1.6083091343157,115.157163349417,21.7857142857143,22.4165637604667,2,6,1,62.7559999999939,46,29.2440000000061,90.375,142,25,25,117,32.6714285714261,43.0416666666715,102.208333333328,341,118.821181712722,2.86985868247336,59.2619669278065,338.428571428571,170.297683417723,14,5,1,842.054000000004,676.5,510.945999999996,1056.47916666667,1403,25,1024,1378,-85.585714285713,354.979166666672,1290.3125,2681,13822.0564269064,0.193965349090971,678.643287846338,1,11.25,52.5,6.4952380952381,34.3474889911912,8.39944952232139
1,2,0,9,6.28746793493915,25.1498717397566,279,2882,853,2719,439,0.119284902565035,0,0,-1,0,0.692307692307692,25207.25,25209.25,25202.75,25208,193,0,9387,2026-04-10T03:18:00-05:00,2026-04,-64,0.119284902565035,3,0,0,10.6561179624765,268,16.0637002120914,404,0,0,2.22665151454732,56,101,EQH,0,1,0.675947781201866,EXTERNAL_SWING_CONFIRMATION,54,9387,25206,2026-04-10T03:18:00-05:00,1,0,BOS_UP,UP,RUN,-0.8,Resolved,SSL,4.5,1,BULLISH_FVG,BULLISH_OB,1,0.914517586331937,0.75,25207.25,25209.25,54,9387,25202.75,25208,25202.75,6.5,LOW,2026-04-10T03:18:00-05:00,193,25303.75,HIGH,-0.715709415390211,1.03380248889697,10151,ChartPrimeLow,2026_04.csv,315,13,391,1012,391,6160,1,external,HL,99,10149,16.0637002120914,NQ,4,4,2,2,75.8571428571429,43.2258098720859,6,11,1,-112.296000000002,-151,-189.703999999998,-130.5,328,315,-242,13,-53.6428571428696,-185.166666666672,-75.8333333333285,1867,1132.62388092687,1.64838480932626,-142.183486618596,25,16.482557424383,7,5,1,-68.3659999999945,-93.5,-118.634000000005,-71.3125,213,200,-142,13,-15.6714285714261,-168.9375,-71.3125,193,200.627566447826,0.961981463550226,-106.47787878786,198.214285714286,236.364645493141,1,6,1,457.513999999996,295.5,133.486000000004,-133.5625,1373,391,881,982,-379.042857142864,-190.770833333328,610.145833333328,6600,7868.79170125989,0.838756476288889,255.94861140351,1,1.25,158.65,1.21651433974157,97.8157834912137,0.351170320105706
1,0,0,9,11.8614834565626,47.4459338262503,426,35,8,175,175,0.0421532434649535,0,1,1,0,0.581395348837209,25388.5,25393,25382.25,25388,1375,0,9813,2026-04-10T10:24:00-05:00,2026-04,245.5,6.76559557612504,321,2.04443230805024,97,7.5243539584942,357,0,0,16.0393091384148,761,8.83110450590776,419,190.25,EQL,1,1,0.147536352127337,EXTERNAL_SWING_CONFIRMATION,55,9813,25387.625,2026-04-10T10:24:00-05:00,0,0,BOS_UP,UP,SWEEP,-0.8,Resolved,BSL,5.75,0,BULLISH_FVG,BULLISH_OB,1,0.864141491031547,0.5,25388.5,25393,55,9813,25382.25,25388,25393,10.75,HIGH,2026-04-10T10:24:00-05:00,1375,25202.75,LOW,0.379379191184581,0.9062947344965,11258,ChartPrimeHigh,2026_04.csv,21.5,503.5,21.5,1708.5,21.5,6886.5,0,external,HH,-129.5,11258,16.0393091384148,NQ,8,11,3,5,183.714285714286,66.2404727154318,12,13,1,298.005999999994,237,175.994000000006,247.770833333328,517,21.5,462,495.5,116.628571428577,140.0625,312.395833333328,9583,9570.14132672946,1.00134362417769,230.986416218351,42.2142857142857,21.2422794466673,9,10,1,192.945999999996,152,111.054000000004,159.229166666672,347,21.5,194,325.5,-0.271428571417346,115.854166666672,245.979166666672,1375,995.416419953227,1.38133144324122,156.561067538496,215.928571428571,123.923193530252,8,6,1,591.555999999997,474.5,357.444000000003,247.166666666672,992,21.5,924,970.5,288.5,123.166666666672,577.833333333328,59033,30054.1021051658,1.96422437753857,424.296081216147,1,4.5,877.9,1.56623761248434,225.380544856915,2.20560297391946
1,0,0,10,11.6752694781874,46.7010779127495,80,3114,444,3023,255,0.235540601879705,0,1,-1,0,0.465116279069767,25227.25,25233,25222.25,25230,1360,0,9893,2026-04-10T11:44:00-05:00,2026-04,-394.5,1.32759248332197,62,0,0,6.98056692843489,326,14.6249300985308,683,0,0,0.984987971496947,46,170.75,EQL,0,1,0.963575189507883,EXTERNAL_SWING_CONFIRMATION,56,9893,25227.625,2026-04-10T11:44:00-05:00,1,0,BOS_UP,UP,RUN,-0.818181818181818,Resolved,SSL,5,0,BULLISH_FVG,BEARISH_OB,1,0.706621805639114,2.75,25227.25,25233,56,9893,25222.25,25230,25222.25,10.75,LOW,2026-04-10T11:44:00-05:00,1360,25393,HIGH,-0.428255639781281,0.920749625529755,10151,ChartPrimeLow,2026_04.csv,661.5,21.5,661.5,478.5,661.5,6246.5,1,external,HL,510.5,10149,14.6249300985308,NQ,6,6,3,4,174.214285714286,125.868383340743,5,4,1,-239.406000000003,-320,-400.593999999997,-391.145833333328,683,661.5,-330,21.5,-205.014285714293,-533.4375,-248.854166666672,7734,8541.62731619102,0.905448073734131,-360.813540504343,49.2142857142857,18.1630749938738,14,8,1,-119.457999999999,-163,-206.542000000001,-139.9375,369,347.5,-261,21.5,-9.6142857142986,-262.9375,-93.8125,1360,874.641398071039,1.55492296957288,-175.523398245452,252.5,119.909570877265,9,8,1,-167.100000000006,-261.5,-355.899999999994,-78.1666666666715,800,661.5,-77,138.5,-245.314285714281,-444.833333333328,-78.1666666666715,49092,35419.5839047208,1.38601289422423,-271.714619721373,1,3,653.55,2.0809425445643,272.191012893519,2.59542000483448
2,2,0,10,4.59359233390309,18.3743693356124,255,370,375,510,510,1.52386182559919,0,1,1,0,0.591836734693878,25333,25338,25325.75,25326,444,0,10148,2026-04-10T15:59:00-05:00,2026-04,252.5,5.49678729948279,101,0.163270909885627,3,7.45603821811031,137,0,0,25.1981437590151,463,10.8303036890799,199,115.75,EQL,2,1,1.46943818897065,EXTERNAL_SWING_CONFIRMATION,57,10148,25331.875,2026-04-10T15:59:00-05:00,0,0,BOS_UP,UP,SWEEP,-0.666666666666667,Resolved,BSL,0.25,0,BEARISH_FVG,BULLISH_OB,1,2.23136910177024,7,25333,25338,57,10148,25325.75,25326,25338,12.25,HIGH,2026-04-10T15:59:00-05:00,444,25222.25,LOW,1.08847273257085,2.66675819479858,11163,ChartPrimeHigh,2026_04.csv,24.5,434.5,244.5,555.5,244.5,6663.5,0,external,LH,-169.5,11163,25.1981437590151,NQ,1,1,1,1,82,48.1600152374272,9,7,1,231.970000000001,183,134.029999999999,191.645833333328,415,24.5,368,390.5,69.9285714285797,191.645833333328,312.6875,1240,3237.52355017162,0.383008796935012,233.170120916286,17.5714285714286,17.7368335155375,8,4,1,126.910000000003,98,69.0899999999965,205.1875,245,24.5,73,220.5,40.6000000000058,113.3125,205.1875,444,176.830086865902,2.51088492840421,138.537280181423,274.428571428571,123.089486825308,10,9,1,225.797999999995,136,46.2020000000048,215.270833333328,761,244.5,250,516.5,153.21428571429,25.0208333333285,405.520833333328,12643,30819.8605111126,0.410222492585304,154.372879637885,1,5,92.2,4.81561822125813,44.8214234490606,7.84892519979468
2,0,0,8,34.87262145291,139.49048581164,1,2851,4079,2186,511,0.379954229076011,0,1,-1,0,0.725947521865889,24966.75,24990.25,24904.5,24980,2336,0,10149,2026-04-12T17:00:00-05:00,2026-04,-1285.5,1.45529638683831,203,0,0,11.4488095063092,1597,12.4309553437321,1734,0,0,2.59515907406634,362,433.5,EQL,2,1,0.387123176794427,EXTERNAL_SWING_CONFIRMATION,58,10149,24947.375,2026-04-12T17:00:00-05:00,1,0,BOS_UP,UP,NONE,-0.6,Detected,SSL,62.25,0,BULLISH_FVG,BEARISH_OB,1,0.179223692960383,13.25,24966.75,24990.25,58,10149,24904.5,24980,24904.5,85.75,LOW,2026-04-12T17:00:00-05:00,2336,25338,HIGH,-1.78506798188541,2.45894906741645,-1,ChartPrimeLow,2026_04.csv,1562.5,171.5,1782.5,171.5,1782.5,5125.5,1,external,LL,1368.5,-1,12.4309553437321,NQ,1,2,1,1,199.785714285714,278.285209825315,0,3,1,-490.888000000006,-695.5,-900.111999999994,-1309.625,1734,1562.5,-1077,171.5,-1186.84285714287,-1309.625,-1237.375,3509,3611.0655181092,0.971735345814871,-1274.51145127529,137.5,287.707767489313,0,2,0,-490.888000000006,-695.5,-900.111999999994,-1381.875,1734,1562.5,-1395,171.5,-1236.40000000001,-1454.125,-1309.625,2336,608.445014406846,3.83929516174488,-1158.2621331237,380.428571428571,272.709042809502,4,5,1,-574.928,-805.5,-1036.072,-1334.70833333333,1954,1782.5,-1202,171.5,-1092.08571428571,-1497.54166666667,-1171.875,12720,31080.6128290284,0.409258339594897,-1375.95454441958,1,10.25,109.3,21.3723696248856,88.8814378821585,25.0524749942977
3,1,0,4,6.78494145061934,27.1397658024774,237,3201,235,1945,748,0.773772336608855,0,1,1,0,0.488372093023256,25088.25,25093.75,25083,25083,282,0,10386,2026-04-12T20:57:00-05:00,2026-04,578.5,0.847464940095412,23,0,0,30.9508934643542,840,0,0,27.892650419662,757,4.67948032139641,127,189.25,EQH,2,1,46.8316495157073,EXTERNAL_SWING_CONFIRMATION,59,10386,25088.375,2026-04-12T20:57:00-05:00,1,0,BOS_UP,UP,SWEEP,-0.142857142857143,Resolved,BSL,0,1,BEARISH_FVG,BULLISH_OB,1,0.884311241838691,5.25,25088.25,25093.75,59,10386,25083,25083,25093.75,10.75,HIGH,2026-04-12T20:57:00-05:00,282,24904.5,LOW,0.810618638352133,1.58439097496099,10564,ChartPrimeHigh,2026_04.csv,998.5,735.5,1218.5,735.5,1218.5,5689.5,0,external,LH,-395.5,10564,27.892650419662,NQ,5,10,3,4,110.357142857143,66.3244168513879,7,5,1,403.066000000006,322,240.933999999994,336.3125,687,21.5,519,665.5,-4.24285714286088,164.5625,651.1875,1137,1383.51041198967,0.821822510439114,347.442627748562,26.6428571428571,20.6612701135906,7,6,1,96.5380000000005,74,51.4619999999995,54.1041666666715,191,21.5,52,169.5,26.8857142857014,46.1458333333285,109.8125,282,130.764606977425,2.15654684029818,75.7409111356683,403.928571428571,376.444508886338,5,3,1,-10.9279999999999,-241.5,-472.072,-770.708333333328,1954,1218.5,-726,735.5,-142.357142857145,-1014.95833333333,-607.875,8151,19459.277355641,0.418874753210562,-688.467639680326,1,5.5,97.45,2.89379168804515,44.1378239155489,4.18122108496125
3,0,0,5,3.73221364450951,14.9288545780381,127,2219,362,2196,875,0.26793750177488,0,0,1,0,0.756756756756757,25056.5,25058.75,25049.5,25055.5,285,0,10513,2026-04-12T23:04:00-05:00,2026-04,-5.5,0.13396875088744,2,0,0,68.1231098262633,1017,11.8562344535385,177,0,0,0.3349218772186,5,44.25,EQH,1,1,85.1371411889682,EXTERNAL_SWING_CONFIRMATION,60,10513,25054.125,2026-04-12T23:04:00-05:00,1,0,BOS_UP,UP,NONE,-0.25,Detected,SSL,6,1,BEARISH_FVG,BULLISH_OB,1,1.74159376153672,1,25056.5,25058.75,60,10513,25049.5,25055.5,25049.5,9.25,LOW,2026-04-12T23:04:00-05:00,285,25093.75,HIGH,-1.87556251242416,2.47842189141764,-1,ChartPrimeLow,2026_04.csv,158.5,385.5,1355.5,598.5,1355.5,5552.5,1,external,HL,19.5,-1,11.8562344535385,NQ,3,6,0,1,60.2142857142857,28.8780056535472,12,8,1,46.6760000000068,7.5,-31.6760000000068,-40.9166666666715,332,158.5,177,173.5,-36.1000000000058,-82.4166666666715,-13.25,718,647.36084863245,1.10911866467794,-40.2596932329761,12.5714285714286,6.25633813962258,6,7,1,-24.2839999999997,-37.5,-50.7160000000003,-25.8333333333285,112,93.5,-52,18.5,-12.4857142857218,-44.5,-2.5,285,106.451959918173,2.67726399982746,-31.54834749765,388.428571428571,361.937025168702,3,2,1,-147.928,-378.5,-609.072,-907.708333333328,1954,1355.5,-710,598.5,79.7857142857101,-1151.95833333333,-744.875,3530,13450.9738584938,0.262434529806994,-811.660554397604,1,2.25,42,6.78571428571429,30.2671439022581,8.02850777016561
3,0,0,5,8.98608133391638,35.9443253356655,416,2322,778,4261,283,1.66924818979605,0,1,1,0,0.392156862745098,25171.5,25194.75,25156.5,25156.5,1483,0,10929,2026-04-13T06:00:00-05:00,2026-04,76.5,0.306028834795943,11,0,0,11.2396044779601,404,0,0,16.1638866378584,581,0.667699275918421,24,145.25,EQH,1,1,35.360240820513,EXTERNAL_SWING_CONFIRMATION,61,10929,25175.625,2026-04-13T06:00:00-05:00,1,0,BOS_UP,UP,RUN,-0.25,Resolved,BSL,0,1,BEARISH_FVG,BULLISH_OB,1,0.639878472755153,15,25171.5,25194.75,61,10929,25156.5,25156.5,25194.75,38.25,HIGH,2026-04-13T06:00:00-05:00,1483,25049.5,LOW,2.58733469418388,4.25658288397993,11074,ChartPrimeHigh,2026_04.csv,76.5,350.5,869.5,1084.5,869.5,6038.5,0,external,HH,-293.5,11072,16.1638866378584,NQ,0,2,0,0,80.0714285714286,45.807258429336,11,10,1,183.059999999998,133.5,83.9400000000023,247.25,420,76.5,240,343.5,170.71428571429,194.75,282.25,3054,1160.7990246686,2.63094638701295,221.401435600841,37.5714285714286,27.6008649205228,4,6,1,134.237999999998,94,53.7620000000024,1.64583333332848,341,76.5,218,264.5,95.942857142858,-69.3958333333285,228.979166666672,1483,461.834904306582,3.21110419799612,149.702215768513,320.857142857143,396.548543473338,1,3,1,338.072,107.5,-123.072,-421.708333333328,1954,869.5,-520,1084.5,502.671428571426,-747.375,-258.875,6198,7665.84836699721,0.808521079895534,-222.895112233688,1,23.25,122.2,12.1358428805237,122.220129275009,11.13400884185
3,3,0,6,10.9947813024224,43.9791252096897,62,601,375,2550,345,1.31880749613503,0,1,1,0,0.503311258278146,25092.5,25111.25,25073.5,25078,1330,0,10991,2026-04-13T07:02:00-05:00,2026-04,-256.5,0,0,0,0,1.84178288253341,81,11.0279592349223,485,0,0,1.04595077279675,46,121.25,EQL,1,1,0.181904482225522,EXTERNAL_SWING_CONFIRMATION,62,10991,25092.375,2026-04-13T07:02:00-05:00,1,0,BOS_UP,UP,NONE,-0.333333333333333,Detected,SSL,4.5,1,BULLISH_FVG,BULLISH_OB,1,0.545713446676566,14.5,25092.5,25111.25,62,10991,25073.5,25078,25073.5,37.75,LOW,2026-04-13T07:02:00-05:00,1330,25194.75,HIGH,-1.72809258114246,3.43344710200673,-1,ChartPrimeLow,2026_04.csv,409.5,75.5,1202.5,751.5,1202.5,5705.5,1,external,HL,-31.5,-1,11.0279592349223,NQ,3,5,0,0,93.8571428571429,70.5549929492955,8,3,1,-109.770000000004,-167,-224.229999999996,-96.2708333333285,485,409.5,-16,75.5,-143.885714285716,-177.104166666672,24.9791666666715,3628,2110.37183729188,1.71912832416093,-129.772238037665,44.7857142857143,19.5330210099323,8,11,1,-83.4119999999966,-132.5,-181.588000000003,-2.5,416,340.5,-113,75.5,40.9285714285797,-193.166666666672,49.5,1330,487.507663603326,2.72816224091646,-116.554200542028,226.285714285714,383.71562656174,0,1,0,5.07200000000012,-225.5,-456.072,-754.708333333328,1954,1202.5,-1027,751.5,106.771428571432,-1161.79166666667,-103.375,12915,8687.02445616308,1.48670008530221,-459.346421231152,1,18.75,245.05,5.42746378290145,130.149327697073,8.33619365691432
1,2,0,6,6.35846421586531,25.4338568634612,608,15,1,1961,527,0.629082725671304,0,1,1,0,0.645161290322581,25616.5,25619.25,25611.5,25612.5,189,0,11599,2026-04-13T18:10:00-05:00,2026-04,580.5,3.42063732083772,87,1.88724817701391,48,66.7614042618672,1698,0,0,85.8304743837786,2183,52.0565955493004,1324,545.75,EQH,1,0,0.550447384962391,EXTERNAL_SWING_CONFIRMATION,63,11599,25615.375,2026-04-13T18:10:00-05:00,0,0,BOS_UP,UP,GRAB,-0.714285714285714,Resolved,BSL,1,0,BULLISH_FVG,BULLISH_OB,1,1.61202448453272,4,25616.5,25619.25,63,11599,25611.5,25612.5,25619.25,7.75,HIGH,2026-04-13T18:10:00-05:00,189,25073.5,LOW,0.432494373899022,1.21884778098815,12075,ChartPrimeHigh,2026_04.csv,15.5,877.5,15.5,2773.5,15.5,7797.5,0,external,HH,-260.5,12074,85.8304743837786,NQ,2,4,0,1,92.7857142857143,78.5509754992252,2,4,1,452.326000000001,363,273.673999999999,284.145833333328,757,15.5,735,741.5,-45.6714285714261,0.270833333328483,568.020833333328,1758,1847.95999733292,0.951319293998382,410.089999306627,28.1428571428571,19.2918542161656,8,6,1,88.3239999999932,68.5,48.6760000000068,72,168,15.5,120,152.5,24.7571428571391,72,135,189,179.857474445738,1.05083205789716,89.8996208857425,322.5,231.038447716627,5,6,1,1392.92200000001,1124,855.077999999994,1171.47916666667,2279,15.5,2197,2263.5,287.842857142852,601.729166666672,1741.22916666667,5803,28537.7372428535,0.203344783456972,1163.31434713132,1,2.75,148.15,1.27573405332433,148.165878325612,0.275704504043956
1,3,0,7,6.77387515001573,27.0955006000629,56,31,150,2017,583,0.110719489714578,0,1,-1,0,0.461538461538462,25564.5,25569.75,25560,25565.25,202,0,11655,2026-04-13T19:06:00-05:00,2026-04,378.5,5.20381601658515,141,0.258345476000681,7,53.9203914909993,1461,8.74683968745163,237,0,0,40.1173617732486,1087,59.25,EQL,2,1,0.295251972572207,EXTERNAL_SWING_CONFIRMATION,64,11655,25564.875,2026-04-13T19:06:00-05:00,0,0,BOS_UP,UP,NONE,-0.75,Detected,SSL,4.5,0,BULLISH_FVG,BULLISH_OB,1,1.51316635943256,0.75,25564.5,25569.75,64,11655,25560,25565.25,25560,9.75,LOW,2026-04-13T19:06:00-05:00,202,25619.25,HIGH,-0.664316938287466,1.43935336628951,-1,ChartPrimeLow,2026_04.csv,217.5,535.5,217.5,2571.5,217.5,7595.5,1,external,HL,-58.5,-1,8.74683968745163,NQ,4,5,0,1,70.7857142857143,53.2025732177706,4,8,1,185.436000000002,108.5,31.5639999999985,94.9166666666715,652,217.5,409,434.5,-156.742857142861,-122.416666666672,122.083333333328,1802,1509.72854512106,1.1935920572102,66.8182298334723,28.8571428571429,16.3054213964952,8,9,1,-71.0339999999997,-99,-126.966,-182.9375,237,217.5,-178,19.5,-19.0142857142782,-202.6875,-94.0625,202,202.685822445389,0.99661632749092,-125.272273369381,333.5,220.031844841517,5,8,1,1190.92200000001,922,653.077999999994,969.479166666672,2279,217.5,1997,2061.5,-65.2428571428609,399.729166666672,1539.22916666667,6843,24292.8469403113,0.281687857203957,938.699143914797,1,4.5,149.35,1.3525276196853,110.155923581077,0.477958863113237
2,4,0,7,2.05510028230072,8.22040112920286,315,386,330,2332,898,0.851539954070197,0,1,1,0,0.833333333333333,25597.75,25598.25,25595.25,25596,79,0,11970,2026-04-14T00:21:00-05:00,2026-04,26,0.364945694601513,3,0,0,196.340783695614,1614,0,0,18.6122304246772,153,150.844220435292,1240,38.25,EQH,3,1,0.973188518937368,EXTERNAL_SWING_CONFIRMATION,65,11970,25596.75,2026-04-14T00:21:00-05:00,1,0,BOS_UP,UP,SWEEP,-0.555555555555556,Resolved,BSL,0.75,1,BEARISH_FVG,BULLISH_OB,1,4.98759115955401,1.75,25597.75,25598.25,65,11970,25595.25,25596,25598.25,3,HIGH,2026-04-14T00:21:00-05:00,79,25560,LOW,0.243297129734342,1.45978277840605,12071,ChartPrimeHigh,2026_04.csv,6,96,90,2150,90,7675,0,external,LH,-51,12071,18.6122304246772,NQ,5,8,3,4,29,20.3244759663885,7,6,1,52.7100000000064,41.5,30.2899999999936,43.4791666666715,95,6,85,89,29.2571428571391,19.7291666666715,83.0625,217,258.956169350326,0.837979649391683,36.092107843142,9,4.13746408112033,10,9,1,29.2259999999951,22.5,15.7740000000049,11.8125,57,6,26,51,5.28571428572468,-4.8125,30.8125,79,28.7519196425851,2.74764262637238,22.9006793159933,216.428571428571,236.560832199304,5,4,1,1259.094,1001.5,743.906000000003,1137.9375,2183,90,1921,2093,-407.671428571426,501.229166666672,1592.72916666667,1423,9380.36888698766,0.15169979103636,984.675158837883,1,0.5,18.2,4.34065934065934,7.82048591840686,7.77445297317098
2,2,0,8,3.90345815521421,15.6138326208568,63,5,528,2395,961,1.08877816310721,0,1,1,0,0.95,25569.25,25569.5,25564.5,25565,74,0,12033,2026-04-14T01:24:00-05:00,2026-04,-83,0.44832042010297,7,0.192137322901273,3,94.7237001903276,1479,8.64617953055729,135,0,0,70.7705806019689,1105,33.75,EQL,3,1,0.512366194403395,EXTERNAL_SWING_CONFIRMATION,66,12033,25567,2026-04-14T01:24:00-05:00,0,0,BOS_UP,UP,NONE,-0.6,Detected,SSL,0.5,1,BULLISH_FVG,BULLISH_OB,1,2.6258767463174,4.25,25569.25,25569.5,66,12033,25564.5,25565,25564.5,5,LOW,2026-04-14T01:24:00-05:00,74,25598.25,HIGH,-1.21686971170806,1.28091548600849,-1,ChartPrimeLow,2026_04.csv,125,10,209,2012,209,6502,1,external,HL,115,-1,8.64617953055729,NQ,6,9,3,5,35.0714285714286,25.539651465758,6,2,1,-41.570000000007,-57.5,-73.429999999993,-37.8125,135,125,-72,10,-49.557142857142,-94.0625,-26.5625,668,517.959665136563,1.28967571215005,-57.5104400193813,16.5,9.45315120312734,11,6,1,-38.8959999999934,-54,-69.1040000000066,-30,128,118,-32,10,-4.77142857141735,-51.3333333333285,-8.66666666667152,74,70.9300857048953,1.04328084852283,-37.2285161646723,192.571428571429,265.793330307761,3,3,1,1140.094,882.5,624.906000000003,1018.9375,2183,209,1800,1974,-513.628571428562,382.229166666672,1473.72916666667,3619,8146.38378666799,0.444246194970914,842.278451507795,1,0.25,67.45,1.09710896960712,29.2548713892234,0.223894335847698
1,4,0,8,5.25911446897809,21.0364578759124,158,97,0,119,119,0.332755639817828,0,1,-1,0,0.235294117647059,25670.75,25674,25669.75,25672.5,218,0,12191,2026-04-14T04:02:00-05:00,2026-04,354.5,12.1693491133377,256,1.71131471906311,36,14.4035655521146,303,0,0,20.8209957486012,438,16.3525628710475,344,109.5,EQL,1,0,0.332755639817828,EXTERNAL_SWING_CONFIRMATION,67,12191,25671.875,2026-04-14T04:02:00-05:00,0,0,BOS_UP,UP,GRAB,-0.777777777777778,Resolved,BSL,1,0,BULLISH_FVG,BULLISH_OB,0,1.23594951932336,1.75,25670.75,25674,67,12191,25669.75,25672.5,25674,4.25,HIGH,2026-04-14T04:02:00-05:00,218,25564.5,LOW,0.61797475966168,0.808120839557582,12368,ChartPrimeHigh,2026_04.csv,8.5,429.5,8.5,2393.5,8.5,6921.5,0,external,HH,-139.5,12366,20.8209957486012,NQ,3,3,1,2,94.0714285714286,41.5644797566816,9,8,1,262.183999999994,210.5,158.816000000006,219.625,438,8.5,379,429.5,50.2142857142899,37.125,292.625,986,991.86180534376,0.9940900987293,221.968459878568,20.3571428571429,11.2810940385583,10,7,1,146.618000000002,117,87.3819999999978,174.520833333328,251,8.5,94,242.5,19.1142857142986,69.9375,216.354166666672,218,119.443210294159,1.82513513713437,113.216336295285,174.785714285714,245.84885753625,1,1,0,1472.228,1189.5,906.771999999997,1439.08333333333,2396,8.5,2317,2387.5,-96.7285714285827,840.083333333328,1838.41666666667,5852,7494.49384993242,0.780839922905904,1174.98496203768,1,1.5,92.25,2.36314363143631,41.8794400631145,3.0026666977994
1,1,0,9,5.21466474888556,20.8586589955423,118,16,174,237,237,0.623242366768557,0,0,1,0,0.942857142857143,25628.25,25628.75,25620,25625,231,0,12309,2026-04-14T06:00:00-05:00,2026-04,164.5,0.52735892572724,11,0,0,4.17092968529726,87,10.3554116324622,216,0,0,6.13654022664425,128,54,EQL,2,1,0.575300646247899,EXTERNAL_SWING_CONFIRMATION,68,12309,25624.375,2026-04-14T06:00:00-05:00,1,0,BOS_UP,UP,NONE,-0.8,Detected,SSL,5,1,BULLISH_FVG,BULLISH_OB,0,1.24648473353711,3.25,25628.25,25628.75,68,12309,25620,25625,25620,8.75,LOW,2026-04-14T06:00:00-05:00,231,25674,HIGH,-1.58207677718172,1.67796021822304,-1,ChartPrimeLow,2026_04.csv,198.5,167.5,198.5,2203.5,198.5,6731.5,1,external,HL,50.5,-1,10.3554116324622,NQ,6,8,2,3,62,58.8560675863529,4,4,1,-31.6399999999994,-63.5,-95.3600000000006,-12.875,270,198.5,-54,71.5,-87.3571428571449,-125.375,-1.625,787,908.15167846356,0.86659532615903,-71.0197977189673,18.1428571428571,15.886221390727,5,7,1,-36.7440000000061,-53.5,-70.2559999999939,-15.0416666666715,142,124.5,-19,17.5,-39.7857142857101,-86.0416666666715,-3.20833333332848,231,95.782103418322,2.41172402521923,-55.9201596806379,146.928571428571,207.888167503516,6,1,1,860.751999999993,658.5,456.248000000007,1194.125,1714,198.5,1223,1515.5,-235.78571428571,622.791666666672,1479.79166666667,5678,7319.91723781135,0.775691830321529,795.881567386503,1,0.5,67.15,3.44005956813105,25.0085485384498,6.55175968121805
1,2,0,9,3.90651816429929,15.6260726571972,828,129,0,771,771,0.895938493768093,0,1,1,0,0.789473684210526,26041.5,26042.5,26037.75,26038,133,0,13137,2026-04-14T20:48:00-05:00,2026-04,120.5,3.19978033488604,50,1.59989016744302,25,94.3295242724406,1474,0,0,108.152575319148,1690,98.4892387077925,1539,422.5,EQH,2,0,0.191986820093163,EXTERNAL_SWING_CONFIRMATION,69,13137,26040.125,2026-04-14T20:48:00-05:00,0,0,BOS_UP,UP,SWEEP,-0.8,Resolved,BSL,0.25,0,BULLISH_FVG,BULLISH_OB,1,0.383973640186325,3.5,26041.5,26042.5,69,13137,26037.75,26038,26042.5,4.75,HIGH,2026-04-14T20:48:00-05:00,133,25620,LOW,0.255982426790884,1.2159165272567,13329,ChartPrimeHigh,2026_04.csv,9.5,254.5,9.5,1902.5,9.5,8394.5,0,external,HH,-123.5,13329,108.152575319148,NQ,1,4,1,1,64.5714285714286,37.0427186842261,13,9,1,115.953999999998,92,68.0460000000021,113.145833333328,203,9.5,151,193.5,29.6428571428551,28.5625,138.520833333328,527,917.586844535615,0.574332558425804,91.0292582998372,13.5,11.4684447752922,4,4,1,98.6499999999942,78,57.3500000000058,30.6041666666715,175,9.5,26,165.5,12.2285714285827,-5.85416666667152,81.6458333333285,133,58.598037668421,2.26970057858567,53.5634328358137,276.714285714286,170.615510119195,7,7,1,1172.11599999999,946.5,720.884000000005,508.333333333328,1912,9.5,1798,1902.5,-167.585714285713,110,1145.66666666667,5628,19055.3096148492,0.295350750722742,782.142895112571,1,1,68.3,1.94729136163982,52.1700105424563,1.2401760959459
1,4,0,10,4.31880294429781,17.2752117771913,54,114,308,825,825,0.347318462857972,0,1,-1,0,0.625,25992.5,25994,25990,25994,112,0,13191,2026-04-14T21:42:00-05:00,2026-04,-72,1.85236513524252,32,0,0,73.1684228420794,1264,12.156146200029,210,0,0,76.9310395230408,1329,52.5,EQL,3,1,0.810409746668601,EXTERNAL_SWING_CONFIRMATION,70,13191,25992,2026-04-14T21:42:00-05:00,1,0,BOS_UP,UP,RUN,-0.818181818181818,Resolved,SSL,2.5,0,BEARISH_FVG,BULLISH_OB,1,0.347318462857972,1.5,25992.5,25994,70,13191,25990,25994,25990,4,LOW,2026-04-14T21:42:00-05:00,112,26042.5,HIGH,-0.578864104763287,0.926182567621259,13354,ChartPrimeLow,2026_04.csv,202,8,202,1710,202,8202,1,external,HL,69,13352,12.156146200029,NQ,4,4,3,4,54.2142857142857,49.8043552010518,4,5,1,-72.2200000000012,-97,-121.779999999999,-127.625,210,202,-74,8,-120.342857142867,-180.125,-83.875,1443,891.943134465985,1.61781614123185,-108.615024194049,19.2142857142857,9.34728258529054,3,12,1,-72.2200000000012,-97,-121.779999999999,-57.625,210,202,-117,8,6.75714285713912,-197.625,-57.625,112,110.707248320817,1.01167720902463,-99.6061288868805,273.142857142857,185.148284709384,6,4,1,979.615999999995,754,528.384000000005,315.833333333328,1912,202,1666,1710,-379.528571428586,-82.5,953.166666666672,4438,16390.4845461311,0.270766857899119,578.747504917948,1,0,115.4,0.97053726169844,86.3807849003469,-0.0393606055319179
1,0,0,10,5.82639701295155,23.3055880518062,138,184,183,963,963,0.72943879219913,0,1,1,0,0.106741573033708,26018.25,26058,26013.5,26014,1806,0,13329,2026-04-15T00:00:00-05:00,2026-04,13,2.91775516879652,68,3.30392864701959,77,65.9069402834038,1536,0,0,11.6710206751861,272,68.6959709594593,1601,68,EQH,2,1,0.0858163284940153,EXTERNAL_SWING_CONFIRMATION,71,13329,26035.75,2026-04-15T00:00:00-05:00,0,0,BOS_UP,UP,SWEEP,-0.818181818181818,Resolved,BSL,0.5,0,BULLISH_FVG,BULLISH_OB,1,0.257448985482046,4.25,26018.25,26058,71,13329,26013.5,26014,26058,44.5,HIGH,2026-04-15T00:00:00-05:00,1806,25990,LOW,6.82239811527422,7.63765323596737,13849,ChartPrimeHigh,2026_04.csv,89,183,89,1885,89,8377,0,external,HH,-118,13849,11.6710206751861,NQ,4,4,1,3,47.5,46.8980160537144,1,7,1,79.096000000005,47,14.903999999995,18.6666666666715,272,89,-59,183,85.3714285714232,-15.3333333333285,132,2182,753.376173979431,2.89629547012934,81.3305560006411,25.4285714285714,7.75054206205174,16,15,1,30.2740000000049,7.5,-15.2740000000049,19.5625,193,89,-4,104,92.6428571428551,-84.9791666666715,59.7708333333285,1806,395.070580757847,4.57133506761153,44.9946030003484,231.571428571429,221.122863391115,4,3,1,1019.07399999999,807.5,595.926000000007,471.3125,1793,89,1599,1704,-281.21428571429,23.0625,994.270833333328,3644,11137.8601241621,0.327172361600664,712.271407085034,1,39.75,40.1,45.0374064837905,31.1366343717493,56.7145433548279
1,6,1,10,5.06235649418498,20.2494259767399,51,0,573,28,28,0.345688811526843,0,1,-1,0,0.533333333333333,25968,25969.75,25966,25969.75,213,0,13380,2026-04-15T00:51:00-05:00,2026-04,-182.5,0,0,0.0493841159324061,1,4.74087512951099,96,18.1733546631254,368,0,0,7.95084266511738,161,92,EQL,2,1,0.641993507121279,EXTERNAL_SWING_CONFIRMATION,72,13380,25967.875,2026-04-15T00:51:00-05:00,0,0,CHOCH_DOWN,DOWN,SWEEP,-0.818181818181818,Resolved,SSL,2,1,BULLISH_FVG,BEARISH_OB,0,0.592609391188873,1.75,25968,25969.75,72,13380,25966,25969.75,25966,3.75,LOW,2026-04-15T00:51:00-05:00,213,26058,HIGH,-0.395072927459249,0.740761738986092,13644,ChartPrimeLow,2026_04.csv,360.5,7.5,360.5,1613.5,360.5,8105.5,1,external,LL,111.5,13644,18.1733546631254,NQ,8,8,2,4,62.8571428571429,61.8302426792456,4,7,1,-133.076000000001,-176.5,-219.923999999999,-245.5,368,360.5,-155,7.5,-129.028571428571,-245.5,-122.833333333328,1175,1050.63279335333,1.11837361962568,-146.999439900232,18.8571428571429,8.88077250585595,8,7,1,-133.076000000001,-176.5,-219.923999999999,-245.5,368,360.5,-59,7.5,1.47142857142899,-352.833333333328,-61.5,213,113.587293356936,1.87520975018455,-137.403020858328,232.285714285714,258.920369722319,4,4,1,722.236000000004,515.5,308.763999999996,187,1752,360.5,1225,1391.5,-534.671428571426,-251,698,8342,10608.4228534361,0.786356286438749,423.624520607133,1,0,97.2,2.19135802469136,44.2861152055585,2.61481503768173
2,3,0,10,4.23134880756055,16.9253952302422,190,427,424,218,218,0,0,1,0,0,0.409090909090909,26035,26038.25,26032.75,26035,98,0,13570,2026-04-15T04:01:00-05:00,2026-04,92,0.590828152841717,10,0,0,11.4029833498451,193,0,0,17.0749336171256,289,6.85360657296391,116,72.25,EQL,1,1,0.118165630568343,EXTERNAL_SWING_CONFIRMATION,73,13570,26035.5,2026-04-15T04:01:00-05:00,1,0,CHOCH_DOWN,DOWN,SWEEP,-0.666666666666667,Resolved,BSL,2.25,1,BULLISH_FVG,BEARISH_OB,1,0.70899378341006,0,26035,26038.25,73,13570,26032.75,26035,26038.25,5.5,HIGH,2026-04-15T04:01:00-05:00,98,25966,LOW,0.768076598694232,1.29982193625178,13735,ChartPrimeHigh,2026_04.csv,11,278,90,1703,90,8376,0,external,LH,-159,13735,17.0749336171256,NQ,5,7,1,2,67.1428571428571,24.299777993354,11,13,1,167.601999999999,133.5,99.398000000001,175.645833333328,289,11,227,278,42.0999999999913,127.479166666672,259.9375,742,846.294996176475,0.876762834888928,155.305566664727,16.7142857142857,13.3781875549593,7,6,1,83.5540000000037,65.5,47.4459999999963,94.1875,153,11,36,142,3.5428571428638,49.5625,126.0625,98,74.8814679496338,1.30873502728226,68.3235408560286,173.428571428571,248.760923967638,1,6,1,914.25,722.5,530.75,485.520833333328,1625,90,1433,1535,-180.485714285707,11.5625,959.479166666672,5140,7892.72685378571,0.651232469489885,636.774277343939,1,3.25,62.9,1.55802861685215,23.4262673083016,1.49831808619214
2,3,1,10,9.54638015006159,38.1855206002464,92,826,974,11,11,1.54508827096152,1,1,-1,0,0.220779220779221,25938,25953,25933.75,25952.75,345,0,13662,2026-04-15T05:33:00-05:00,2026-04,-276.5,3.35205590988261,128,0.0261879367959579,1,3.37824384667857,129,10.9465575807104,418,0,0,3.32586797308665,127,104.5,EQL,1,1,0.183315557571705,EXTERNAL_SWING_CONFIRMATION,74,13662,25943.375,2026-04-15T05:33:00-05:00,0,0,BOS_DOWN,DOWN,NONE,-0.666666666666667,Detected,SSL,4.25,0,BULLISH_FVG,BEARISH_OB,0,1.12608128222619,14.75,25938,25953,74,13662,25933.75,25952.75,25933.75,19.25,LOW,2026-04-15T05:33:00-05:00,345,26038.25,HIGH,-0.445194925531284,2.01647113328876,-1,ChartPrimeLow,2026_04.csv,379.5,38.5,458.5,1293.5,458.5,8007.5,1,external,LL,166.5,-1,10.9465575807104,NQ,5,7,0,0,78.0714285714286,73.2760110608691,2,2,0,-121.176000000007,-170.5,-219.823999999993,-196.625,418,379.5,-215,38.5,-132.942857142858,-318.541666666672,-144.375,2463,1588.03260365179,1.55097571317878,-194.049673091577,40.8571428571429,25.2326013905103,6,5,1,-60.4379999999946,-91,-121.562000000005,-107.1875,259,220.5,-206,38.5,7.17142857142608,-215.104166666672,-53.2291666666715,345,256.89560764261,1.34295795543519,-103.523476888717,164.357142857143,187.586943351048,6,4,1,417.823999999993,250.5,83.1760000000068,-192.625,1418,458.5,874,959.5,-349.699999999997,-369.875,457.291666666672,8661,8899.30190146418,0.973222405071461,192.528960389944,1,0.25,264.05,1.30657072524143,173.148628351483,0.467517419980224
1,4,0,10,8.2986904324392,33.1947617297568,350,23,1,165,165,0.271127115575351,0,1,1,0,0.617647058823529,26248.25,26251.5,26243,26246,1047,0,14012,2026-04-15T11:23:00-05:00,2026-04,1029,7.77231064649339,258,1.17488416749319,39,25.6968255095305,853,0,0,38.2891737662523,1271,25.5461993342108,848,317.75,EQL,1,1,0.301252350639279,EXTERNAL_SWING_CONFIRMATION,75,14012,26247.25,2026-04-15T11:23:00-05:00,0,0,CHOCH_UP,UP,GRAB,-0.818181818181818,Resolved,BSL,3,0,BULLISH_FVG,BULLISH_OB,1,2.74139639081744,2.25,26248.25,26251.5,75,14012,26243,26246,26251.5,8.5,HIGH,2026-04-15T11:23:00-05:00,1047,25933.75,LOW,0.391628055831062,1.02425799217355,14126,ChartPrimeHigh,2026_04.csv,17,1118,17,1708,17,9223,0,external,HH,-858,14125,38.2891737662523,NQ,8,8,3,4,134.214285714286,65.8711395838516,6,7,1,649.203999999998,522,394.796000000002,903.791666666672,1078,17,1053,1061,-21.414285714287,319.875,993.625,7945,7936.86952169703,1.00102439359507,530.402793297952,31.7142857142857,22.1509576499981,5,5,1,191.884000000005,152,112.115999999995,159.041666666672,338,17,179,321,8.11428571428405,144.958333333328,285.791666666672,1047,837.755804037483,1.24976752766628,171.659599910519,237.714285714286,248.965884065612,4,2,1,768.478000000003,618.5,468.521999999997,1015.6875,1271,17,1066,1254,660.542857142864,486.104166666672,1121.60416666667,43207,35234.6318017254,1.22626512015613,749.125628387919,1,3.25,617.6,1.69527202072539,336.706608191761,1.27529424594913
1,5,0,11,15.3158272013244,61.2633088052975,33,900,151,198,198,0.326459676926079,0,1,-1,0,0.765957446808511,26120.25,26125.75,26102.25,26125.25,2033,0,14045,2026-04-15T11:56:00-05:00,2026-04,496,3.99913104234446,245,0.114260886924128,7,4.17868386465381,256,9.74482135624345,597,0,0,4.09706894542229,251,149.25,EQH,1,1,0.0489689515389118,EXTERNAL_SWING_CONFIRMATION,76,14045,26114,2026-04-15T11:56:00-05:00,0,0,CHOCH_UP,UP,NONE,-0.833333333333333,Detected,SSL,18,0,BULLISH_FVG,BULLISH_OB,1,1.48539153001366,5,26120.25,26125.75,76,14045,26102.25,26125.25,26102.25,23.5,LOW,2026-04-15T11:56:00-05:00,2033,26251.5,HIGH,-1.17525483693388,1.53436048155257,-1,ChartPrimeLow,2026_04.csv,550,540,550,968,550,8690,1,external,HL,247,-1,9.74482135624345,NQ,9,10,3,5,156.857142857143,162.691001803018,1,10,1,115.585999999996,-11.5,-138.585999999996,-123.6875,1077,550,375,527,-423.728571428583,-482.6875,55.8125,14822,10568.3615107292,1.40248798122134,-88.0858095385483,65,52.396362440463,7,4,1,-181.054000000004,-251.5,-321.945999999996,-363.4375,597,550,-333,47,-15.6571428571478,-537.5625,-164.4375,2033,1523.62412347553,1.33431859516804,-277.679769960581,267.5,198.83914863546,5,6,1,235.478000000003,85.5,-64.4780000000028,482.6875,1271,550,528,721,115.685714285704,-152.8125,588.604166666672,58077,38701.2002256893,1.50065113384905,139.259784565715,1,0.5,1346.7,1.50961609861142,601.980323598704,1.14007048585446
1,5,0,11,5.54736391351777,22.1894556540711,468,122,0,388,388,0.85626255534187,0,1,-1,0,0.0416666666666667,26453.75,26465.25,26453.25,26458.5,355,0,14513,2026-04-15T20:44:00-05:00,2026-04,46,11.942609324505,265,2.2082560637764,49,38.5318149903841,855,0,0,65.4364858082313,1452,38.7120807915087,859,363,EQH,0,0,0.721063204498417,EXTERNAL_SWING_CONFIRMATION,77,14513,26459.25,2026-04-15T20:44:00-05:00,0,0,BOS_UP,UP,GRAB,-0.833333333333333,Resolved,BSL,0.5,0,BULLISH_FVG,BULLISH_OB,1,1.75759156096489,4.75,26453.75,26465.25,77,14513,26453.25,26458.5,26465.25,12,HIGH,2026-04-15T20:44:00-05:00,355,26102.25,LOW,2.07305671293295,2.16318961349525,14773,ChartPrimeHigh,2026_04.csv,24,465,24,2102,24,10071,0,external,HH,-224,14771,65.4364858082313,NQ,5,9,1,2,69.9285714285714,23.7801759227573,14,12,1,216.402000000002,170.5,124.597999999998,81.3541666666715,389,24,323,365,52.6142857142695,32.7291666666715,243.4375,1845,1150.75836094566,1.60329054527471,173.892298277846,21.7142857142857,22.4926153295016,4,3,1,89.7119999999995,68,46.2880000000005,79.5,184,24,49,160,45.6571428571478,56.5,117.833333333328,355,239.53076248349,1.48206433411436,75.0929822117032,303.928571428571,224.48680579812,2,9,1,1289.868,1039,788.131999999998,1083.29166666667,2126,24,1738,2102,114.78571428571,374.625,1614.79166666667,7177,20730.1631347818,0.346210493054837,1152.46013569539,1,6.75,115.45,3.07492420961455,107.851043110394,2.22111899052105
1,2,0,12,3.66224239899404,14.6489695959762,198,320,281,586,586,2.79883166740014,0,0,-1,0,0.25,26420,26430.5,26416.5,26430.25,373,0,14711,2026-04-16T00:02:00-05:00,2026-04,-97,4.77849309068317,70,0.136528374019519,2,45.0543634264413,660,13.3115164669031,195,0,0,45.3274201744804,664,48.75,EQH,1,1,0.477849309068317,EXTERNAL_SWING_CONFIRMATION,78,14711,26423.5,2026-04-16T00:02:00-05:00,0,0,BOS_UP,UP,GRAB,-0.846153846153846,Resolved,SSL,3.5,0,BEARISH_FVG,BULLISH_OB,1,2.66230329338063,10.25,26420,26430.5,78,14711,26416.5,26430.25,26416.5,14,LOW,2026-04-16T00:02:00-05:00,373,26465.25,HIGH,-0.955698618136635,3.82279447254654,14926,ChartPrimeLow,2026_04.csv,167,28,167,1959,167,9928,1,external,HL,28,14924,13.3115164669031,NQ,0,0,0,0,44.1428571428571,19.8257199852184,11,9,1,-46.4900000000052,-69.5,-92.5099999999948,-97.9375,195,167,-136,28,-33.6714285714261,-138.5625,-73.5625,809,512.780861786978,1.57767198483332,-87.1495897566638,15.3571428571429,13.6885990649479,6,10,1,-14.7839999999997,-28,-41.2160000000003,-44.3333333333285,112,84,-56,28,-30.6571428571478,-58.3333333333285,-30.3333333333285,373,122.364449060069,3.04827098773512,-40.2443618339457,259.857142857143,198.489241294773,2,10,1,1146.868,896,645.131999999998,940.291666666672,2126,167,1635,1959,-377.071428571435,231.625,1383.20833333333,2690,11403.0289196242,0.235902234306415,955.635945153364,1,0.25,36.2,10.3038674033149,30.2367326277162,11.1387696596316
2,1,0,12,4.82620447014765,19.3048178805906,158,60,38,98,98,1.34681405236881,0,2,1,0,0.761904761904762,26485.5,26488,26477.5,26479,252,0,14869,2026-04-16T02:40:00-05:00,2026-04,78,4.86925080471799,94,1.60581675474742,31,4.71384918329082,91,0,0,14.8149545760569,286,6.83767134279548,132,71.5,EQL,1,1,0.518005404757233,EXTERNAL_SWING_CONFIRMATION,79,14869,26482.75,2026-04-16T02:40:00-05:00,0,0,BOS_UP,UP,SWEEP,-0.714285714285714,Resolved,BSL,1.5,0,BEARISH_FVG,BULLISH_OB,0,0.46620486428151,6.5,26485.5,26488,79,14869,26477.5,26479,26488,10.5,HIGH,2026-04-16T02:40:00-05:00,252,26416.5,LOW,0.518005404757233,2.17562269998038,15324,ChartPrimeHigh,2026_04.csv,21,265,21,2196,21,10165,0,external,HH,-209,15324,14.8149545760569,NQ,5,8,0,1,68.0714285714286,39.4024979170764,6,5,1,155.748000000007,122,88.2519999999931,20.7083333333285,286,21,177,265,-19.4000000000087,-3.125,116.041666666672,1039,948.497008596421,1.09541726603598,85.5351459645462,19.3571428571429,9.90311525376293,10,6,1,56.8680000000022,42,27.1319999999978,13.125,126,21,53,105,9.45714285715076,-18.375,49.875,252,135.180428062013,1.86417518876621,36.9085714285757,198.214285714286,200.482982890247,2,6,1,1296.576,1045,793.423999999999,1178.25,2132,21,2109,2111,-294.242857142861,467.583333333328,1622.41666666667,5425,9114.7976097205,0.595186007664558,1125.08679731234,1,2.5,81.9,3.07692307692308,45.8529170282546,3.7096876496469
2,1,0,12,4.82620447014765,19.3048178805906,0,60,38,98,98,1.34681405236881,0,2,1,0,0.761904761904762,26485.5,26488,26477.5,26479,252,0,14869,2026-04-16T02:40:00-05:00,2026-04,78,4.86925080471799,94,1.60581675474742,31,4.71384918329082,91,0,0,14.8149545760569,286,6.83767134279548,132,0,EQL,1,1,0.518005404757233,EXTERNAL_SWING_CONFIRMATION,80,14869,26482.75,2026-04-16T02:40:00-05:00,0,0,BOS_UP,UP,SWEEP,-0.714285714285714,Resolved,BSL,1.5,0,BEARISH_FVG,BULLISH_OB,0,0.46620486428151,6.5,26485.5,26488,80,14869,26477.5,26479,26488,10.5,HIGH,2026-04-16T02:40:00-05:00,252,26488,HIGH,0.518005404757233,2.17562269998038,15324,ChartPrimeActiveHigh,2026_04.csv,21,265,21,2196,21,10165,0,external,LH,-209,15324,0,NQ,5,8,0,1,68.0714285714286,39.4024979170764,6,5,1,155.748000000007,122,88.2519999999931,20.7083333333285,286,21,177,265,-19.4000000000087,-3.125,116.041666666672,1039,948.497008596421,1.09541726603598,85.5351459645462,19.3571428571429,9.90311525376293,10,6,1,56.8680000000022,42,27.1319999999978,13.125,126,21,53,105,9.45714285715076,-18.375,49.875,252,135.180428062013,1.86417518876621,36.9085714285757,198.214285714286,200.482982890247,2,6,1,1296.576,1045,793.423999999999,1178.25,2132,21,2109,2111,-294.242857142861,467.583333333328,1622.41666666667,5425,9114.7976097205,0.595186007664558,1125.08679731234,1,2.5,81.9,3.07692307692308,45.8529170282546,3.7096876496469
2,8,0,12,7.87398422152874,31.4959368861149,187,705,828,132,132,0.920753686574243,0,0,-1,0,0.232558139534884,26367,26375.25,26364.5,26374.25,449,0,15056,2026-04-16T05:47:00-05:00,2026-04,-290.5,2.79401118684598,88,0.0317501271232497,1,6.60402644163595,208,15.6845627988854,494,0,0,7.04852822136144,222,123.5,EQL,0,1,0.0952503813697492,EXTERNAL_SWING_CONFIRMATION,81,15056,26369.875,2026-04-16T05:47:00-05:00,0,0,CHOCH_DOWN,DOWN,GRAB,-0.714285714285714,Resolved,SSL,2.5,0,BULLISH_FVG,BEARISH_OB,1,0.920753686574243,7.25,26367,26375.25,81,15056,26364.5,26374.25,26364.5,10.75,LOW,2026-04-16T05:47:00-05:00,449,26488,HIGH,-0.317501271232497,1.36525546629974,15226,ChartPrimeLow,2026_04.csv,472.5,21.5,472.5,1744.5,472.5,9713.5,1,external,LL,253.5,15225,15.6845627988854,NQ,8,12,2,3,77,85.3299011488664,4,9,1,-167.207999999999,-225.5,-283.792000000001,-297.541666666672,494,472.5,-420,21.5,-202.014285714278,-359.291666666672,-194.625,2448,1434.86255396346,1.70608675600182,-262.144056111327,34.6428571428571,20.9564550322527,7,7,1,-133.210000000006,-181,-228.789999999994,-138.8125,405,383.5,-284,21.5,-15.2571428571537,-341.3125,-88.1875,449,301.33210552285,1.49005031913519,-191.175451499555,164.214285714286,255.991339653206,2,7,1,670.800000000003,452.5,234.199999999997,722.291666666672,1850,472.5,1284,1377.5,-573.214285714275,105.625,1261.875,8158,8786.36340163724,0.928484246221804,493.992647594161,1,1,240.25,1.86888657648283,136.816619969944,1.52576492567832
2,4,0,12,25.4089319227333,101.635727690933,188,1255,1098,1119,19,0.915032559050555,1,0,1,0,0.991803278688525,26305.75,26306,26275.5,26282.5,3380,0,15244,2026-04-16T08:55:00-05:00,2026-04,61,3.48302716025695,354,0,0,3.50270527980643,356,8.36320080852658,850,0,0,0.983905977473715,100,89,EQL,1,1,0.108229657522109,EXTERNAL_SWING_CONFIRMATION,82,15244,26290.75,2026-04-16T08:55:00-05:00,1,0,BOS_DOWN,DOWN,NONE,-0.714285714285714,Detected,SSL,7,0,BULLISH_FVG,BULLISH_OB,1,0.383723331214749,23.25,26305.75,26306,82,15244,26275.5,26282.5,26275.5,30.5,LOW,2026-04-16T08:55:00-05:00,3380,26364.5,LOW,-1.1905262327432,1.20036529251793,-1,ChartPrimeLow,2026_04.csv,700,61,789,1247,789,9397,1,external,LL,650,-1,3.50270527980643,NQ,4,7,1,2,146.5,98.1546522172008,3,11,1,-210.601999999999,-294.5,-378.398000000001,-368.5625,711,650,-379,61,-391.92857142858,-487.0625,-309.3125,21606,12115.7690167677,1.78329579988676,-364.303992545319,99.1428571428571,95.9312870866701,4,5,1,-210.601999999999,-294.5,-378.398000000001,-368.5625,711,650,-295,61,-126,-487.0625,-309.3125,3380,2541.4042992075,1.32997335412315,-335.617249614821,203.357142857143,235.341633212885,3,7,1,164.573999999993,-17.5,-199.573999999993,-306.8125,1543,789,722,754,-624.242857142846,-692.5625,-49.6458333333285,75507,21899.2355089921,3.44792858038336,-194.285526489461,1,0.25,2260.45,1.49527748899555,798.103218575141,1.40276341949697
1,1,0,12,9.72821074033076,38.912842961323,143,15,9,56,56,0.102793825780752,0,1,1,0,0.285714285714286,26559,26564,26557,26558,731,0,15387,2026-04-16T11:18:00-05:00,2026-04,1140,1.87598732049872,73,2.5698456445188,100,7.81233075933715,304,0,0,29.6560187377469,1154,8.19780760601497,319,288.5,EQH,1,1,0.102793825780752,EXTERNAL_SWING_CONFIRMATION,83,15387,26560.5,2026-04-16T11:18:00-05:00,0,0,CHOCH_UP,UP,GRAB,-0.846153846153846,Resolved,BSL,1,0,BULLISH_FVG,BULLISH_OB,1,1.77319349471797,1,26559,26564,83,15387,26557,26558,26564,7,HIGH,2026-04-16T11:18:00-05:00,731,26275.5,LOW,0.51396912890376,0.719556780465264,16501,ChartPrimeHigh,2026_04.csv,14,1140,14,1833,14,10476,0,external,HH,-429,16500,29.6560187377469,NQ,4,9,2,4,204.571428571429,183.08253808564,5,5,1,699.172000000006,563,426.827999999994,779.375,1154,14,615,1140,153.971428571429,394.708333333328,1067.875,6161,10374.0041752896,0.593888328546775,604.04569526104,32.9285714285714,16.2873434417935,12,8,1,262.245999999999,209.5,156.754000000001,256.0625,447,14,99,433,16.1142857142841,144.3125,367.8125,731,647.990643073042,1.12810270922014,212.652069263771,268.357142857143,173.681824186157,5,8,1,699.172000000006,563,426.827999999994,779.375,1154,14,987,1140,386.600000000006,442.791666666672,971.708333333328,62043,43326.2503268689,1.43199560386429,624.695414199028,1,5,719.55,1.0159127232298,253.672717295337,0.0451368997110929
1,3,0,13,13.456756649418,53.8270265976719,130,1166,250,292,186,0.0185780278645979,0,0,-1,0,0.808510638297872,26364.5,26366.75,26355,26364.75,1370,0,15517,2026-04-16T13:28:00-05:00,2026-04,-323.5,2.34083151093933,126,0,0,9.88351082396608,532,15.5312312948038,836,0,0,1.31903997838645,71,209,EQL,0,1,0.631652947396328,EXTERNAL_SWING_CONFIRMATION,84,15517,26360.875,2026-04-16T13:28:00-05:00,1,0,CHOCH_UP,UP,NONE,-0.857142857142857,Detected,SSL,9.5,0,BEARISH_FVG,BEARISH_OB,1,1.87638081432439,0.25,26364.5,26366.75,84,15517,26355,26364.75,26355,11.75,LOW,2026-04-16T13:28:00-05:00,1370,26564,HIGH,-0.70596505885472,0.873167309636101,-1,ChartPrimeLow,2026_04.csv,812.5,49.5,812.5,750.5,812.5,9677.5,1,external,HL,552.5,-1,15.5312312948038,NQ,9,12,3,5,198.071428571429,129.99082197214,7,8,1,-295.851999999999,-394.5,-493.148000000001,-446.75,836,812.5,-357,23.5,-253.257142857139,-620.916666666672,-342.25,12980,10893.1031450573,1.19157964697045,-460.103278949246,49.5,42.1115699458979,2,6,1,-212.957999999999,-286,-359.042000000001,-195.729166666672,619,595.5,-219,23.5,-50.6571428571478,-505.229166666672,-144.145833333328,1370,1384.07994803528,0.989827214782452,-303.749973898666,314.142857142857,160.667630471115,7,9,1,-99.3279999999941,-235.5,-371.672000000006,-211.458333333328,1154,812.5,-35,341.5,-330.257142857139,-499.958333333328,-19.125,60661,49990.9983288154,1.2134384594803,-268.651159412868,1,2,1326.4,1.03287092882992,495.739387178384,0.0879494369978537
2,3,0,13,4.57392875509046,18.2957150203618,339,248,383,525,525,1.25712495928159,0,1,1,0,0.714285714285714,26494.75,26497.75,26487.25,26489,180,0,15856,2026-04-16T20:07:00-05:00,2026-04,207,0.16397282077586,3,0,0,2.13164667008618,39,0,0,31.2094935543387,571,2.95151077396548,54,142.75,EQH,2,1,0.8198641038793,EXTERNAL_SWING_CONFIRMATION,85,15856,26492.5,2026-04-16T20:07:00-05:00,1,0,CHOCH_UP,UP,RUN,-0.733333333333333,Resolved,BSL,1.75,1,BULLISH_FVG,BULLISH_OB,1,3.77137487784478,5.75,26494.75,26497.75,85,15856,26487.25,26489,26497.75,10.5,HIGH,2026-04-16T20:07:00-05:00,180,26355,LOW,0.65589128310344,2.29561949086204,16301,ChartPrimeHigh,2026_04.csv,21,204,286,868,286,9663,0,external,LH,-61,16298,31.2094935543387,NQ,1,2,0,1,58.1428571428571,30.9154182036527,9,14,1,108.779999999999,84,59.2200000000012,53.375,210,21,109,189,24.5857142857276,0.875,79.625,774,795.50887923089,0.972962112941234,60.470344536021,16.9285714285714,9.43531798955029,11,9,1,82.2060000000056,62.5,42.7939999999944,3.35416666667152,167,21,19,146,20.2285714285827,-17.5208333333285,59.0208333333285,180,81.4578918170609,2.20973064714523,40.5592825111962,323.785714285714,140.244208463374,8,13,1,427.172000000006,291,154.827999999994,74.625,1154,286,224,868,103.857142857145,-21.5416666666715,411.208333333328,5575,24422.9496915519,0.228268905697678,235.261482420028,1,3,54.4,3.30882352941176,31.7811264746862,3.9520310930464
2,5,0,14,4.0014039225941,16.0056156903764,236,1450,541,1168,761,0.499824571247835,0,0,-1,0,0.542857142857143,26444.75,26448.75,26440,26446.75,171,0,16092,2026-04-17T00:03:00-05:00,2026-04,-194.5,0.812214928277732,13,0,0,11.995789709948,192,14.4324344947812,231,0,0,3.18638164170495,51,57.75,EQL,0,1,2.56160092764515,EXTERNAL_SWING_CONFIRMATION,86,16092,26444.375,2026-04-17T00:03:00-05:00,1,0,CHOCH_UP,UP,NONE,-0.75,Detected,SSL,4.75,1,BULLISH_FVG,BEARISH_OB,1,1.8118640707734,2,26444.75,26448.75,86,16092,26440,26446.75,26440,8.75,LOW,2026-04-17T00:03:00-05:00,171,26497.75,HIGH,-1.18708335671361,2.18673249920928,-1,ChartPrimeLow,2026_04.csv,213.5,17.5,478.5,675.5,478.5,8357.5,1,external,HL,208.5,-1,14.4324344947812,NQ,7,7,3,5,42.6428571428571,38.1121672597225,5,2,1,-69.596000000005,-96.5,-123.403999999995,-129.75,228,210.5,-182,17.5,-51.3857142857305,-129.75,-53.75,759,469.741694954603,1.61578162669454,-96.3315286624274,15.8571428571429,16.4316561340693,2,9,1,-46.2939999999944,-66,-85.7060000000056,-125.145833333328,167,149.5,-98,17.5,-36.5428571428492,-146.020833333328,-76.4375,171,101.967489433299,1.67700510182569,-92.7455767869833,245.285714285714,154.224508989111,8,9,1,234.672000000006,98.5,-37.6720000000059,-165.958333333328,1154,478.5,-27,675.5,-141.028571428586,-214.041666666672,266.791666666672,2826,11949.1384776148,0.236502406034892,43.4202042690013,1,2,49.4,3.46153846153846,45.3843585390385,2.67933719709628
1,1,0,14,11.1057479436096,44.4229917744384,693,144,4,486,486,0.630304238448694,0,1,1,0,0.53125,26877.25,26884.75,26868.75,26870.25,1426,0,16785,2026-04-17T11:36:00-05:00,2026-04,434,12.6511065002916,562,1.66580405875726,74,34.8468200399492,1548,0,0,40.0468300071509,1779,35.3195482187857,1569,444.75,EQL,0,1,0.810391163719749,EXTERNAL_SWING_CONFIRMATION,87,16785,26876.75,2026-04-17T11:36:00-05:00,0,0,BOS_UP,UP,RUN,-0.866666666666667,Resolved,BSL,1.5,0,BULLISH_FVG,BULLISH_OB,0,0.270130387906583,7,26877.25,26884.75,87,16785,26868.75,26870.25,26884.75,16,HIGH,2026-04-17T11:36:00-05:00,1426,26440,LOW,0.675325969766457,1.44069540216844,19242,ChartPrimeHigh,2026_04.csv,32,1098,32,2087,32,7889,0,external,HH,-783,19240,40.0468300071509,NQ,3,3,0,2,185.857142857143,120.703648461343,4,7,1,598.978000000003,478.5,358.021999999997,159.4375,1021,32,372,989,-50.528571428571,31.8125,584.854166666672,8462,9720.48632753155,0.870532575724415,400.527803960809,39.2857142857143,17.6737752284873,12,10,1,198.513999999996,154.5,110.486000000004,177.8125,373,32,160,341,0.128571428576834,69.0208333333285,208.895833333328,1426,955.075800397763,1.49307520869664,140.68465518413,285.285714285714,332.338747545786,3,3,1,1067.42200000001,857.5,647.577999999994,153.3125,1779,32,1645,1747,585.028571428571,5.0625,894.5625,54053,46727.767865692,1.15676400711805,732.003436823361,1,7.5,761.5,1.87261982928431,333.974774496518,1.9896712289177
1,2,0,15,19.7826911311034,79.1307645244136,48,192,202,534,534,3.15932749421206,0,1,-1,0,0.253731343283582,26756.75,26819.25,26735.5,26819.25,6755,0,16833,2026-04-17T12:24:00-05:00,2026-04,36.5,0.442305849189688,35,0,0,12.0180817879827,951,7.54447405617839,597,0,0,12.2834652974965,972,149.25,EQL,0,1,0.593953568911867,EXTERNAL_SWING_CONFIRMATION,88,16833,26777.375,2026-04-17T12:24:00-05:00,1,0,BOS_UP,UP,RUN,-0.875,Resolved,SSL,21.25,1,BULLISH_FVG,BULLISH_OB,0,0.151647719722179,62.5,26756.75,26819.25,88,16833,26735.5,26819.25,26735.5,83.75,LOW,2026-04-17T12:24:00-05:00,6755,26884.75,HIGH,-1.0741713480321,4.23349884224416,17051,ChartPrimeLow,2026_04.csv,429.5,591.5,429.5,1689.5,429.5,7491.5,1,external,HL,167.5,17049,7.54447405617839,NQ,0,0,0,0,173.785714285714,133.385114600515,3,11,1,-8.6420000000071,-89,-169.357999999993,-245.0625,681,429.5,26,251.5,-322.542857142849,-386.9375,-159.9375,19332,10888.8763105534,1.77538980594936,-172.242997639318,83.0714285714286,54.9294366211664,3,11,1,-60.5540000000037,-131,-201.445999999996,-367.3125,597,429.5,-467,167.5,-58.2428571428463,-392.1875,-193.1875,6755,2656.63325187555,2.54269195615581,-243.128126586351,315.5,299.189835315961,4,4,1,669.922000000006,460,250.077999999994,-244.1875,1779,429.5,1200,1349.5,116.514285714264,-392.4375,348.8125,57784,48693.0216836027,1.18669981862018,189.598841297382,1,0,1279.05,5.28126343770767,807.248628057057,6.78347390094661
2,1,0,15,7.25737702748342,29.0295081099337,172,143,308,706,706,0.0688954147078922,0,1,1,0,0.35,26841.75,26845,26840,26841.25,148,0,17005,2026-04-17T15:16:00-05:00,2026-04,300,4.30596341924326,125,0,0,47.8478655146311,1389,0,0,15.0880958210284,438,48.571267369064,1410,109.5,EQL,2,1,0.413372488247353,EXTERNAL_SWING_CONFIRMATION,89,17005,26842.5,2026-04-17T15:16:00-05:00,1,0,BOS_UP,UP,RUN,-0.764705882352941,Resolved,BSL,1.25,0,BULLISH_FVG,BULLISH_OB,0,0.413372488247353,0.5,26841.75,26845,89,17005,26840,26841.25,26845,5,HIGH,2026-04-17T15:16:00-05:00,148,26735.5,LOW,0.447820195601299,0.688954147078922,18918,ChartPrimeHigh,2026_04.csv,169,428,169,1611,169,7752,0,external,LH,-93,18916,15.0880958210284,NQ,5,5,3,5,137.214285714286,105.700046948013,5,7,1,211.406000000003,144.5,77.5939999999973,156.3125,567,139,-58,428,145.585714285728,85.4375,298.0625,2817,8690.73980191094,0.32413811300398,163.36431440973,19.8571428571429,9.78764565760385,5,7,1,166.130000000005,132.5,98.8699999999953,67.1875,285,10,95,275,13.2428571428609,43.4375,150.3125,148,346.464664679522,0.427171989203861,117.089081879574,338.928571428571,267.910169267597,7,2,1,930.422000000006,720.5,510.577999999994,16.3125,1779,169,1529,1610,-57.7428571428463,-131.9375,461.0625,52622,50293.1187118182,1.04630616171422,353.310520736763,1,3.25,1081.1,0.136897604291925,1794.2969904673,-0.520036540749583
2,0,0,16,25.9200096691628,103.680038676651,44,1677,641,750,750,1.97723691673512,0,1,-1,0,0.207692307692308,26548.5,26600,26535,26599.75,3058,0,17049,2026-04-19T17:00:00-05:00,2026-04,-800,0.414737499607855,43,0,0,1.43711366143187,149,11.9598720817149,1240,0,0,1.63965988217059,170,310,EQH,1,1,0.0578703487824914,EXTERNAL_SWING_CONFIRMATION,90,17049,26567.5,2026-04-19T17:00:00-05:00,1,0,BOS_UP,UP,NONE,-0.777777777777778,Detected,SSL,13.5,1,BEARISH_FVG,BULLISH_OB,0,0.115740697564983,51.25,26548.5,26600,90,17049,26535,26599.75,26535,65,LOW,2026-04-19T17:00:00-05:00,3058,26845,HIGH,-0.520833139042422,2.50771511390796,-1,ChartPrimeLow,2026_04.csv,1239,130,1269,510,1269,6652,1,external,LL,1007,-1,11.9598720817149,NQ,2,2,2,2,183.357142857143,237.954960276731,1,7,1,-343.679999999993,-490,-636.320000000007,-1032.5,1240,1110,-966,130,-837.971428571429,-1032.5,-877.5,4242,4539.10785297272,0.934544879170883,-916.814176259431,103.214285714286,235.938722929163,0,1,0,-343.679999999993,-490,-636.320000000007,-1032.5,1240,1110,-1158,130,-875.385714285731,-1084.16666666667,-1032.5,3058,721.612345866097,4.23773237461689,-832.001972654951,421.928571428571,357.093015304063,8,3,1,-169.577999999994,-379.5,-589.422000000006,-1083.6875,1779,1269,243,510,-1010.10000000001,-1231.9375,-638.9375,14701,44126.3580292371,0.333156885285195,-752.744379491181,1,0.25,117.75,25.9702760084926,41.4908122359638,70.8650865468337
3,0,0,15,5.23346313772041,20.9338525508816,236,5,234,986,986,1.00315983161521,0,1,-1,0,0.162162162162162,26707,26714.75,26705.5,26712.25,171,0,17285,2026-04-19T20:56:00-05:00,2026-04,577.5,2.34070627376882,49,0,0,41.4639397067619,868,0,0,34.346281853873,719,42.4670995383771,889,179.75,EQL,2,1,50.7789952860459,EXTERNAL_SWING_CONFIRMATION,91,17285,26710.125,2026-04-19T20:56:00-05:00,1,0,BOS_UP,UP,GRAB,-0.666666666666667,Resolved,BSL,1.5,0,BEARISH_FVG,BULLISH_OB,0,0.573234189494404,5.25,26707,26714.75,91,17285,26705.5,26712.25,26714.75,9.25,HIGH,2026-04-19T20:56:00-05:00,171,26535,LOW,1.48085498952721,1.76747208427441,17612,ChartPrimeHigh,2026_04.csv,530.5,700.5,698.5,1080.5,698.5,7222.5,0,external,LH,-440.5,17610,34.346281853873,NQ,9,11,3,5,87.7142857142857,59.3688413505624,3,7,1,225.610000000001,179,132.389999999999,203.6875,395,18.5,251,376.5,84.9428571428434,137.854166666672,302.4375,778,1150.29991810923,0.67634534937533,196.840118868902,18.7857142857143,11.4210036033733,11,7,1,134.145999999993,105,75.8540000000066,68.9791666666715,247,18.5,56,228.5,1.65714285714785,27.8125,151.3125,171,98.7014004933805,1.73249821324945,83.9961364955961,433.357142857143,407.986067044277,8,4,1,400.922000000006,191,-18.9220000000059,-513.1875,1779,698.5,964,1080.5,-447.942857142858,-661.4375,-68.4375,7463,23993.2095738306,0.311046339050024,-176.709520021672,1,2.5,93.7,1.82497331910352,68.7110617004278,1.12500080899665
3,4,0,16,6.95271386468113,27.8108554587245,228,896,456,1214,1214,1.40233011019319,0,0,-1,0,0.218181818181818,26615,26625.75,26612,26624.75,399,0,17513,2026-04-20T00:44:00-05:00,2026-04,-33.5,2.91253176732431,81,0,0,16.4324323168792,457,14.7784019304974,411,0,0,17.1875331454447,478,102.75,EQL,2,1,1.3304157455679,EXTERNAL_SWING_CONFIRMATION,92,17513,26618.875,2026-04-20T00:44:00-05:00,1,0,BOS_UP,UP,SWEEP,-0.684210526315789,Resolved,SSL,3,0,BULLISH_FVG,BULLISH_OB,0,0.43148618775175,9.75,26615,26625.75,92,17513,26612,26624.75,26612,13.75,LOW,2026-04-20T00:44:00-05:00,399,26714.75,HIGH,-0.43148618775175,1.97764502719552,18060,ChartPrimeLow,2026_04.csv,383.5,27.5,1063.5,715.5,1063.5,6857.5,1,external,HL,123.5,18060,14.7784019304974,NQ,4,5,2,3,63.2142857142857,41.0131475343774,9,7,1,-111.929999999993,-155,-198.070000000007,-284.270833333328,365,337.5,-341,27.5,-124.057142857142,-314.6875,-162.604166666672,1317,838.280005307783,1.5710740941703,-202.894818922214,31.6428571428571,19.6087779561177,5,11,1,-78.3139999999985,-111,-143.686000000002,-82.1458333333285,277,249.5,-190,27.5,-18.7285714285827,-232.1875,-82.1458333333285,399,164.120967033756,2.43113361571855,-127.287922506192,323.428571428571,420.22547376021,3,1,1,-125.994000000006,-305,-484.005999999994,-842.270833333328,1517,1063.5,410,453.5,-437.942857142843,-968.6875,-336.604166666672,4852,12383.2245356918,0.391820400737727,-563.38368455731,1,1,132.15,3.01929625425653,122.452552035472,2.17921142160189
3,5,0,16,12.0199073552137,48.0796294208546,466,1117,928,369,369,0.228787121125953,0,1,1,0,0.102362204724409,26799.25,26827.75,26796,26796.5,5341,0,17979,2026-04-20T08:30:00-05:00,2026-04,291.5,1.16473443482303,56,0,0,9.40107079535734,452,0,0,17.9493895937907,863,10.5450064009871,507,215.75,EQL,0,1,22.1091554324444,EXTERNAL_SWING_CONFIRMATION,93,17979,26811.875,2026-04-20T08:30:00-05:00,1,0,BOS_UP,UP,SWEEP,-0.684210526315789,Resolved,BSL,0.5,0,BEARISH_FVG,BULLISH_OB,1,0.499171900638443,2.75,26799.25,26827.75,93,17979,26796,26796.5,26827.75,31.75,HIGH,2026-04-20T08:30:00-05:00,5341,26612,LOW,2.3710665280326,2.64145130754509,18596,ChartPrimeHigh,2026_04.csv,63.5,524.5,291.5,1107.5,291.5,7629.5,0,external,HH,-143.5,18596,17.9493895937907,NQ,4,4,2,2,119,74.3231571700855,6,4,1,299.884000000005,230.5,161.115999999995,144.75,588,63.5,301,524.5,186.042857142849,71.25,438.75,10009,4023.37920985593,2.48770982747073,261.206664429497,45.6428571428571,28.1964903431126,4,7,1,225.724000000002,170.5,115.275999999998,24.25,468,63.5,110,404.5,98.471428571429,-53.75,180.25,5341,1530.31617662949,3.49012843330423,153.982479748258,206.571428571429,226.154653651924,2,1,0,573.081999999995,408,242.918000000005,145.6875,1399,291.5,-287,1107.5,507.899999999994,-87.4791666666715,437.145833333328,24895,11793.197786765,2.11096264559717,198.812929025822,1,28.5,361,14.7950138504155,235.522185791488,21.1445048510585
3,3,1,16,21.8736703340758,87.494681336303,97,2704,1564,3,3,0.480029178443027,0,1,-1,1,0.347222222222222,26575,26586.75,26568.75,26585.5,1558,0,18076,2026-04-20T10:07:00-05:00,2026-04,-834,1.0514924861133,92,0.0114292661534054,1,1.97726304453914,173,11.840719734928,1036,0,0,2.58301415066962,226,259,EQH,1,1,0.0342877984602162,EXTERNAL_SWING_CONFIRMATION,94,18076,26577.75,2026-04-20T10:07:00-05:00,0,0,CHOCH_DOWN,DOWN,SWEEP,-0.684210526315789,Resolved,SSL,6.25,0,BULLISH_FVG,BEARISH_OB,0,0.69718523535773,10.5,26575,26586.75,94,18076,26568.75,26585.5,26568.75,18,LOW,2026-04-20T10:07:00-05:00,1558,26827.75,HIGH,-0.285731653835135,0.822907163045189,19732,ChartPrimeLow,2026_04.csv,1000,36,1228,171,1228,6693,1,external,LL,466,19732,11.840719734928,NQ,4,8,3,4,243.071428571429,188.38531622295,6,7,1,-359.751999999993,-482,-604.248000000007,-676.25,1036,1000,-570,36,-509.199999999997,-848.916666666672,-503.583333333328,15479,14122.7111162892,1.09603601408701,-605.900894108927,85,44.3696193391452,10,10,1,-287.554000000004,-387.5,-487.445999999996,-475.729166666672,847,811,-483,36,-33.9285714285652,-793.354166666672,-299.270833333328,1558,1663.29762811449,0.936693453814485,-468.76500074708,278.071428571429,228.820542596782,4,2,1,-302.679999999993,-449,-595.320000000007,-784.833333333328,1240,1069,-856,171,-404.414285714272,-991.5,-474.833333333328,89240,34996.6921394005,2.5499552827603,-623.818113065296,1,1.25,1876.65,0.830202754909013,1603.81935625556,-0.198681976718346
4,1,0,16,5.95054906305892,23.8021962522357,483,1697,1508,949,486,1.51246547245062,0,1,1,0,0.818181818181818,26817,26819,26808,26808,197,0,18559,2026-04-20T19:10:00-05:00,2026-04,287,0.882271525596195,21,0,0,34.7867058663643,828,0,0,42.0549427200853,1001,19.8301028610192,472,250.25,EQL,1,1,44.6597443670836,EXTERNAL_SWING_CONFIRMATION,95,18559,26813.5,2026-04-20T19:10:00-05:00,1,0,CHOCH_DOWN,DOWN,RUN,-0.6,Resolved,BSL,0,1,BEARISH_FVG,BULLISH_OB,1,1.00831031496708,9,26817,26819,95,18559,26808,26808,26819,11,HIGH,2026-04-20T19:10:00-05:00,197,26568.75,LOW,0.33610343832236,1.84856891077298,18598,ChartPrimeHigh,2026_04.csv,22,417,57,979,285,7636,0,external,LH,-261,18596,42.0549427200853,NQ,2,3,0,0,59.7142857142857,68.128500323954,5,3,1,249.301999999996,197.5,145.698000000004,261.520833333328,439,22,407,417,-31.0142857142782,151.770833333328,407.854166666672,1010,1033.97199102652,0.976815628242773,219.395675056701,28.6428571428571,11.9425488771961,12,9,1,45.9799999999959,33,20.0200000000041,44.4583333333285,110,22,80,88,10.3000000000029,39.875,71.9583333333285,197,122.451089100607,1.60880561738526,46.4367376661539,287.857142857143,164.386046528387,10,11,1,583.248000000007,461,338.751999999993,353.083333333328,1036,57,501,979,146.985714285722,223.583333333328,612.083333333328,3662,22227.9701043994,0.164747387314292,412.53741307302,1,2,102.45,1.92288921425085,119.446002444619,0.791571070315541
4,0,0,17,5.37542112456517,21.5016844982607,28,1605,155,977,514,0.279047904385601,0,1,-1,0,0.583333333333333,26788.5,26791,26785,26790,100,0,18587,2026-04-20T19:38:00-05:00,2026-04,185,1.16269960160667,25,0,0,32.1835249724726,692,6.32508583274028,136,0,0,15.6266826455936,336,34,EQL,1,1,1.58127145818507,EXTERNAL_SWING_CONFIRMATION,96,18587,26788,2026-04-20T19:38:00-05:00,1,0,CHOCH_DOWN,DOWN,RUN,-0.619047619047619,Resolved,SSL,3.5,0,BULLISH_FVG,BULLISH_OB,1,1.1161916175424,1.5,26788.5,26791,96,18587,26785,26790,26785,6,LOW,2026-04-20T19:38:00-05:00,100,26819,HIGH,-0.651111776899735,1.1161916175424,19360,ChartPrimeLow,2026_04.csv,124,315,159,877,387,7534,1,external,HL,-159,19358,6.32508583274028,NQ,5,5,2,3,49.3571428571429,56.898728133043,2,8,1,97.8619999999937,55.5,13.1380000000063,-41.7291666666715,359,124,191,235,-79,-101.5625,48.0208333333285,1077,840.866917657502,1.28082099245897,6.58887743978994,23.8571428571429,11.734338466575,8,9,1,-39.9520000000048,-56,-72.0479999999952,-58.8333333333285,136,124,-81,12,0.971428571428987,-121.166666666672,-36.1666666666715,100,96.0958254330143,1.04062793101983,-56.2192092600017,260.285714285714,118.621803616506,7,11,1,481.248000000007,359,236.751999999993,251.083333333328,1036,159,390,877,22.8142857142811,121.583333333328,510.083333333328,5126,20733.5834500031,0.247231744206727,308.198191431249,1,1,94.2,1.06157112526539,70.4383418317041,0.082341518116053
4,2,0,17,8.01969687550524,32.078787502021,9,1734,1545,986,523,2.55620634024381,0,2,1,0,0.593333333333333,26823.25,26838.5,26801,26802.75,1295,0,18596,2026-04-20T19:47:00-05:00,2026-04,312,3.08615155712363,99,0,0,28.242962734889,906,0,0,6.67107508307532,214,17.1452864284646,550,53.5,EQL,1,1,33.1371626790143,EXTERNAL_SWING_CONFIRMATION,97,18596,26819.75,2026-04-20T19:47:00-05:00,1,0,CHOCH_DOWN,DOWN,SWEEP,-0.619047619047619,Resolved,BSL,1.75,0,BEARISH_FVG,BULLISH_OB,1,0.748157953242092,20.5,26823.25,26838.5,97,18596,26801,26802.75,26838.5,37.5,HIGH,2026-04-20T19:47:00-05:00,1295,26785,LOW,1.90156813115698,4.67598720776308,18855,ChartPrimeHigh,2026_04.csv,75,442,75,1004,260,7661,1,external,HH,-286,18855,6.67107508307532,NQ,0,0,0,0,61.7142857142857,39.3097813498683,7,11,1,195.066000000006,143.5,91.9339999999938,79.7708333333285,437,75,315,362,46.3285714285739,25.1458333333285,170.8125,2201,1175.41360157962,1.87253235545523,119.501873289788,30.4285714285714,27.6118824536043,4,2,1,57.2519999999931,32,6.74800000000687,-8.125,214,75,86,139,68.4000000000087,-70.5416666666715,81.0416666666715,1295,348.21953187962,3.71891833008289,57.7839365440886,269.928571428571,119.902281328044,8,10,1,591.822,464.5,337.178,352.104166666672,1079,75,564,1004,128.528571428586,262.1875,666.8125,7018,20580.6764375509,0.340999481785505,433.233384905077,1,15.25,100.65,12.8663686040735,56.7470483813916,21.0469096466989
3,4,0,18,3.50594418368191,14.0237767347277,155,1769,160,1141,678,1.35484187743445,0,0,-1,0,0.4,26793.5,26798.75,26790,26798.25,177,0,18751,2026-04-20T22:22:00-05:00,2026-04,-26.5,0.356537336166961,5,0,0,50.7709166701752,712,13.8336486432781,194,0,0,25.3854583350876,356,48.5,EQL,2,1,0.926997074034099,EXTERNAL_SWING_CONFIRMATION,98,18751,26794.375,2026-04-20T22:22:00-05:00,1,0,CHOCH_DOWN,DOWN,RUN,-0.714285714285714,Resolved,SSL,3.5,1,BULLISH_FVG,BULLISH_OB,1,1.71137921360141,4.75,26793.5,26798.75,98,18751,26790,26798.25,26790,8.75,LOW,2026-04-20T22:22:00-05:00,177,26838.5,HIGH,-0.998304541267491,2.49576135316873,19360,ChartPrimeLow,2026_04.csv,176.5,37.5,176.5,902.5,361.5,7559.5,1,external,HL,65.5,19358,13.8336486432781,NQ,6,7,2,3,46.8571428571429,38.364188736942,3,8,1,-44.2480000000069,-69.5,-94.7519999999931,-109.625,214,176.5,-48,37.5,-80.4142857142724,-136.375,-56.125,698,519.257605566402,1.34422682020926,-79.8658585994563,14.2857142857143,9.87431162538443,5,9,1,-32.5420000000013,-48,-63.4579999999987,-99.8541666666715,131,113.5,-67,17.5,-14.6857142857334,-110.770833333328,-61.6458333333285,177,80.6764699349068,2.1939482496298,-68.8911216181004,264.285714285714,140.045065115334,7,13,1,490.322,363,235.678,250.604166666672,1079,176.5,569,902.5,-51.1000000000058,160.6875,565.3125,2538,13121.447834224,0.193423777014931,317.209979374078,1,0.5,49.4,3.582995951417,35.6263947095408,3.58161416669614
2,3,0,18,5.18782618064668,20.7513047225867,167,53,2099,61,61,1.15655378400748,0,1,1,0,0.75,26855.25,26857.25,26849.25,26849.25,223,0,18918,2026-04-21T01:10:00-05:00,2026-04,55,2.84319471901839,59,0,0,3.61423057502338,75,0,0,12.9630403290839,269,3.51785109302276,73,67.25,EQH,4,1,3.51785109302276,EXTERNAL_SWING_CONFIRMATION,99,18918,26853.25,2026-04-21T01:10:00-05:00,1,0,CHOCH_UP,UP,SWEEP,-0.8,Resolved,BSL,0,0,BEARISH_FVG,BULLISH_OB,1,1.01198456100655,6,26855.25,26857.25,99,18918,26849.25,26849.25,26857.25,8,HIGH,2026-04-21T01:10:00-05:00,223,26790,LOW,0.385517928002494,1.54207171200997,19157,ChartPrimeHigh,2026_04.csv,16,253,16,1138,126,7795,0,external,HH,-218,19157,12.9630403290839,NQ,2,2,1,1,46.7857142857143,28.2652926204073,6,5,1,150.241999999998,118.5,86.7580000000016,112.895833333328,269,16,156,253,47.3142857142811,56.8541666666715,168.9375,1356,635.47014478035,2.13385319694083,117.250541012181,22.5,22.0211919463224,2,3,1,78.5540000000037,60.5,42.4459999999963,108.3125,153,16,119,137,39.5,50.9375,127.4375,223,170.429571894579,1.30845837093306,68.3068840579799,182.5,165.585337242687,2,7,1,697.172000000006,561,424.827999999994,488.875,1154,16,598,1138,46.5714285714348,344.625,777.375,3680,8310.20700881643,0.4428289206389,536.171930008335,1,2,83.35,2.6754649070186,85.4700386100299,1.63390589580958
2,2,0,19,6.48621934147625,25.944877365905,116,527,281,177,177,1.81153294105619,0,0,-1,0,0.189873417721519,26801,26817,26797.25,26812.75,288,0,19034,2026-04-21T03:06:00-05:00,2026-04,-129.5,0.847951589430556,22,0,0,6.35963692072917,165,9.25038097560607,240,0,0,5.62731509349369,146,60,EQL,0,1,0.192716270325126,EXTERNAL_SWING_CONFIRMATION,100,19034,26807.125,2026-04-21T03:06:00-05:00,1,0,CHOCH_UP,UP,RUN,-0.80952380952381,Resolved,SSL,3.75,1,BEARISH_FVG,BULLISH_OB,1,0.809408335365531,11.75,26801,26817,100,19034,26797.25,26812.75,26797.25,19.75,LOW,2026-04-21T03:06:00-05:00,288,26857.25,HIGH,-0.578148810975379,3.044917071137,19360,ChartPrimeLow,2026_04.csv,200.5,39.5,200.5,953.5,310.5,7610.5,1,external,HL,140.5,19358,9.25038097560607,NQ,0,0,0,0,68.7857142857143,45.8895351478998,7,2,1,-52.179999999993,-80.5,-108.820000000007,-65.5,240,200.5,-99,39.5,-60.0714285714203,-135.5,-15.5,910,761.226144044094,1.19543976139013,-97.7591051523486,25.5714285714286,15.369156692662,6,6,1,-25.4400000000023,-45.5,-65.5599999999977,-63.2083333333285,170,130.5,-83,39.5,-8.6142857142695,-77.375,-27.7916666666715,288,111.225045581213,2.58934485928991,-47.4751455759251,153.357142857143,177.208822273975,4,5,1,512.672000000006,376.5,240.327999999994,304.375,1154,200.5,452,953.5,-163.542857142849,160.125,592.875,4694,6938.36924915601,0.676527845584318,342.292243165415,1,4.25,77.5,3.71612903225806,59.216973917957,3.55472402712844
1,2,0,19,6.86401007440684,27.4560402976274,214,316,6,62,62,0.473484153544289,0,1,1,0,0.606060606060606,26898.5,26901.75,26893.5,26895.25,205,0,19248,2026-04-21T06:40:00-05:00,2026-04,252.5,6.73804372351489,185,1.96678033010705,54,6.48309071776027,178,0,0,15.2243366293472,418,7.10226230316434,195,104.5,EQH,0,1,0.874124591158688,EXTERNAL_SWING_CONFIRMATION,101,19248,26897.625,2026-04-21T06:40:00-05:00,0,0,BOS_UP,UP,GRAB,-0.9,Resolved,BSL,1.75,0,BULLISH_FVG,BULLISH_OB,1,0.473484153544289,3.25,26898.5,26901.75,101,19248,26893.5,26895.25,26901.75,8.25,HIGH,2026-04-21T06:40:00-05:00,205,26797.25,LOW,0.473484153544289,1.2019213128432,20776,ChartPrimeHigh,2026_04.csv,16.5,401.5,16.5,1315.5,16.5,7972.5,0,external,HH,-98.5,20775,15.2243366293472,NQ,4,6,2,4,70.1428571428571,42.7240084993854,7,5,1,221.429999999993,176,130.570000000007,151.9375,385,16.5,348,368.5,79.4428571428434,71.7291666666715,280.270833333328,2248,1402.79275358791,1.6025175452684,179.922976190443,25.6428571428571,13.3324001866452,9,7,1,136.145999999993,107,77.8540000000066,153.3125,247,16.5,136,230.5,-4.70000000001164,81.2708333333285,173.895833333328,205,232.660208798935,0.881113281288083,102.536800906746,158.5,106.635440017234,4,5,1,806.676000000007,649.5,492.323999999993,677.25,1332,16.5,680,1315.5,50.8285714285739,621.75,1010.25,9411,7278.26042697553,1.29302875246396,726.034403855534,1,3.25,172.3,1.18978525827046,107.846696750526,0.303208174058798
1,4,0,17,18.2871346909539,73.1485387638155,340,2971,2535,1515,230,0.218733009167297,0,0,1,0,0.814285714285714,26614.25,26617.5,26600,26610.25,1435,0,19588,2026-04-21T12:20:00-05:00,2026-04,-288,1.76353488641133,129,0,0,10.7862715145623,789,16.5006713790579,1207,0,0,1.38075212036856,101,301.75,EQL,0,1,1.91391383021384,EXTERNAL_SWING_CONFIRMATION,102,19588,26608.75,2026-04-21T12:20:00-05:00,1,0,CHOCH_DOWN,DOWN,RUN,-0.888888888888889,Resolved,SSL,10.25,0,BULLISH_FVG,BEARISH_OB,1,0.833919597450318,4,26614.25,26617.5,102,19588,26600,26610.25,26600,17.5,LOW,2026-04-21T12:20:00-05:00,1435,26901.75,HIGH,-0.779236345158494,0.956956915106922,19733,ChartPrimeLow,2026_04.csv,1106,35,1172,35,1172,6817,1,external,LL,871,19731,16.5006713790579,NQ,5,9,2,4,222,104.970365134121,7,12,1,-400.861999999994,-535.5,-670.138000000006,-464.1875,1141,1106,-924,35,-179.385714285716,-701.895833333328,-131.395833333328,13661,11871.1803071371,1.15077015482503,-550.590754970428,83.2857142857143,42.3082951926112,6,9,1,-189.233999999997,-258.5,-327.766000000003,-221.8125,587,552,-284,35,-20.1000000000058,-393.020833333328,-75.0625,1435,1432.16974925972,1.00197619782274,-278.688216001843,304.714285714286,192.53356332733,6,6,1,-426.073999999993,-568.5,-710.926000000007,-593.645833333328,1207,1172,-500,35,-661.042857142849,-895.395833333328,-342.1875,65555,47007.332267589,1.39456967323371,-643.326579207176,1,3.25,1594.85,0.899771138351569,1057.55956215241,-0.151149879137458
2,2,0,17,13.7956085354134,55.1824341416535,132,2738,338,362,362,0.235582213836906,0,1,-1,0,0.5,26781.75,26786.5,26777,26785,506,0,19720,2026-04-21T14:32:00-05:00,2026-04,440,0.344312466377016,19,0,0,0.779233476537458,43,0,0,13.5187947324871,746,1.61283207934497,89,186.5,EQL,4,1,1.17791106918453,EXTERNAL_SWING_CONFIRMATION,103,19720,26781.75,2026-04-21T14:32:00-05:00,1,0,CHOCH_DOWN,DOWN,SWEEP,-0.789473684210526,Resolved,BSL,4.75,1,BULLISH_FVG,BEARISH_OB,1,0.724868350267403,3.25,26781.75,26786.5,103,19720,26777,26785,26786.5,9.5,HIGH,2026-04-21T14:32:00-05:00,506,26600,LOW,0.344312466377016,0.688624932754033,19760,ChartPrimeHigh,2026_04.csv,19,727,480,727,480,7509,0,external,LH,-362,19760,13.5187947324871,NQ,8,10,3,5,201.785714285714,147.77416866561,5,6,1,442.028000000006,354,265.971999999994,276.291666666672,746,19,194,727,202.485714285736,151.958333333328,431.708333333328,7819,9229.78994301319,0.847148206868875,324.110722746715,49.8571428571429,38.5693955186852,8,6,1,281.966,224.5,167.034,153.479166666672,487,19,96,468,-6.75714285715367,-8.85416666667152,275.229166666672,506,760.761158927728,0.665123336098275,201.354087334272,373.357142857143,190.21592627596,7,6,1,265.926000000007,123.5,-18.9260000000068,249.229166666672,1207,480,-58,727,115.014285714278,-153.104166666672,450.395833333328,50946,50742.8226366945,1.00400406112132,108.674270566771,1,1.5,1114.45,0.454035622953026,849.243220461606,-0.716461415693465
2,6,1,17,24.999010795472,99.996043181888,12,4360,4340,3433,1,0.350013849411388,1,1,-1,0,0.699186991869919,26573.25,26582.5,26551.75,26582,3461,0,19732,2026-04-21T14:44:00-05:00,2026-04,-418.5,0.240009496739238,24,0.0200007913949365,2,1.93007636961137,193,9.39037155992267,939,0,0,2.37009378029997,237,234.75,EQH,4,1,0.160006331159492,EXTERNAL_SWING_CONFIRMATION,104,19732,26567.125,2026-04-21T14:44:00-05:00,0,0,BOS_DOWN,DOWN,NONE,-0.789473684210526,Detected,SSL,21.5,1,BEARISH_FVG,BULLISH_OB,0,0.120004748369619,8.75,26573.25,26582.5,104,19732,26551.75,26582,26551.75,30.75,LOW,2026-04-21T14:44:00-05:00,3461,26786.5,HIGH,-0.860034029982268,1.23004867078859,-1,ChartPrimeLow,2026_04.csv,877.5,61.5,1338.5,61.5,1338.5,6650.5,1,external,LL,423.5,-1,9.39037155992267,NQ,3,3,2,2,255,180.536458213739,4,12,1,-297.198000000004,-408,-518.801999999996,-584.0625,939,877.5,-594,61.5,-587.757142857154,-740.5625,-388.4375,24012,12090.8975199122,1.98595678777818,-509.651382701108,106.928571428571,136.957724392152,1,6,1,-297.198000000004,-408,-518.801999999996,-584.0625,939,877.5,-775,61.5,-276.342857142838,-818.8125,-544.9375,3461,2858.07487793755,1.21095497767278,-566.586194262039,393.285714285714,223.847230229018,9,10,1,-473.300000000003,-638.5,-803.699999999997,-609.333333333328,1400,1338.5,-895,61.5,-582.542857142849,-1076,-492.666666666672,72325,53862.0120973524,1.34278310786602,-731.623396252689,1,0.5,1472.9,2.3497861361939,1278.02871251001,1.55559885356208
2,1,0,16,4.34033735461195,17.3613494184478,345,1205,682,1220,140,1.15198418728607,0,1,1,0,0.350877192982456,26828.5,26837.75,26823.5,26823.5,325,0,20077,2026-04-21T21:29:00-05:00,2026-04,138.5,0.806388931100246,14,0,0,11.8078379196822,205,0,0,65.893495512763,1144,0,0,286,EQL,0,1,1.6703770715648,EXTERNAL_SWING_CONFIRMATION,105,20077,26830.625,2026-04-21T21:29:00-05:00,1,1,CHOCH_UP,UP,SWEEP,-0.777777777777778,Resolved,BSL,0,1,BULLISH_FVG,BULLISH_OB,1,1.20958339665037,5,26828.5,26837.75,105,20077,26823.5,26823.5,26837.75,14.25,HIGH,2026-04-21T21:29:00-05:00,325,26551.75,LOW,2.13117074647922,3.28315493376529,20244,ChartPrimeHigh,2026_04.csv,28.5,387.5,284.5,1115.5,284.5,7704.5,0,external,HH,-20.5,20244,65.893495512763,NQ,1,2,0,1,68.8571428571429,44.4709092207175,10,4,1,215.610000000001,169,122.389999999999,94.9375,395,28.5,322,366.5,-20.5142857142782,12.6458333333285,144.3125,802,793.622702817164,1.01055576806598,125.831272185969,16.2142857142857,8.65523441085165,8,9,1,59.2559999999939,42.5,25.7440000000061,21.7916666666715,142,28.5,21,113.5,26.5857142857276,4.04166666667152,45.4583333333285,325,103.242951933466,3.14791464127685,36.4123401053366,414.785714285714,231.499888273572,2,10,1,580.699999999997,415.5,250.300000000003,444.666666666672,1400,284.5,-54,1115.5,347.857142857145,-22,561.333333333328,5316,22539.3935102798,0.235853728609666,362.521595171653,1,9.25,45.4,7.15859030837004,17.9677488851553,15.5612148069924
2,4,0,17,4.6717826565366,18.6871306261464,151,2236,313,291,291,0,0,0,0,0,0.87037037037037,26777.25,26779,26765.5,26777.25,314,0,20228,2026-04-22T00:00:00-05:00,2026-04,-172,0.481614870685792,9,0,0,4.49507212640073,84,15.4651886253549,289,0,0,2.03348500956223,38,72.25,EQH,2,1,0.856204214552519,EXTERNAL_SWING_CONFIRMATION,106,20228,26772.25,2026-04-22T00:00:00-05:00,1,0,CHOCH_UP,UP,SWEEP,-0.789473684210526,Resolved,SSL,11.75,1,BULLISH_FVG,BULLISH_OB,1,1.28430632182878,0,26777.25,26779,106,20228,26765.5,26777.25,26765.5,13.5,LOW,2026-04-22T00:00:00-05:00,314,26837.75,HIGH,-2.51509988024803,2.88968922411475,22370,ChartPrimeLow,2026_04.csv,262,27,518,882,518,7471,1,external,HL,170,22370,15.4651886253549,NQ,4,6,2,2,53.7142857142857,25.4655827000987,11,9,1,-83.398000000001,-117.5,-151.601999999999,-195.770833333328,289,262,-198,27,-82.5571428571566,-219.854166666672,-135.5625,1081,646.90066253537,1.67104481816927,-160.282799999986,20.1428571428571,18.2860808233939,6,4,1,-52.4560000000056,-77,-101.543999999994,-142,208,181,-73,27,-14.2285714285681,-176.666666666672,-90,314,114.593699387948,2.74011574525557,-99.1956181533606,387.571428571429,248.610570399339,3,10,1,347.199999999997,182,16.8000000000029,211.166666666672,1400,518,-138,882,84.0142857142782,-255.5,327.833333333328,3834,14229.9236056295,0.269432226500727,131.394630143768,1,1.75,62.25,5.04417670682731,45.8441653866662,5.49142945185391
2,1,0,17,6.60343665018007,26.4137466007203,164,1460,984,1206,144,0.454308893827003,0,1,1,0,0.769230769230769,26863,26864.5,26858,26860,161,0,20392,2026-04-22T02:44:00-05:00,2026-04,275,1.36292668148101,36,0,0,4.05092096995745,107,0,0,14.9921934962911,396,1.74151742633685,46,99,EQH,2,1,1.93081279876476,EXTERNAL_SWING_CONFIRMATION,107,20392,26861.25,2026-04-22T02:44:00-05:00,1,0,BOS_UP,UP,SWEEP,-0.789473684210526,Resolved,BSL,2,0,BEARISH_FVG,BULLISH_OB,1,0.492167968312587,3,26863,26864.5,107,20392,26858,26860,26864.5,6.5,HIGH,2026-04-22T02:44:00-05:00,161,26765.5,LOW,0.227154446913502,0.984335936625174,20652,ChartPrimeHigh,2026_04.csv,13,383,162,1238,162,7411,0,external,HH,-95,20652,14.9921934962911,NQ,4,4,2,3,74.5714285714286,56.8222058944086,6,5,1,231.728000000003,185,138.271999999997,94.25,396,13,256,383,23.9857142857218,44.75,160.25,1469,950.860839468541,1.54491586888893,140.512934142229,25.3571428571429,18.8758329000127,4,6,1,82.7899999999936,64.5,46.2100000000064,100.020833333328,155,13,87,142,31.528571428571,48.3541666666715,112.9375,161,178.539576984364,0.901760846078961,74.9885790656845,322.785714285714,279.877750098146,3,5,1,703.199999999997,538,372.800000000003,567.166666666672,1400,162,7,1238,217.800000000003,100.5,683.833333333328,5487,10526.9767197511,0.521232272671894,484.510889453784,1,1.5,103.7,1.55255544840887,92.986074226198,0.616221304930155
2,1,0,18,6.88945542322596,27.5578216929038,239,1870,170,1273,383,1.4152061957075,0,0,-1,0,0.18,26808.25,26818.5,26806,26818,264,0,20631,2026-04-22T06:43:00-05:00,2026-04,-115,0.0725746767029486,2,0,0,4.60849197063724,127,8.49123717424499,234,0,0,0.399160721866217,11,58.5,EQH,2,1,0.290298706811794,EXTERNAL_SWING_CONFIRMATION,108,20631,26812.25,2026-04-22T06:43:00-05:00,1,0,BOS_UP,UP,RUN,-0.8,Resolved,SSL,2.25,1,BULLISH_FVG,BEARISH_OB,1,1.45149353405897,9.75,26808.25,26818.5,108,20631,26806,26818,26806,12.5,LOW,2026-04-22T06:43:00-05:00,264,26864.5,HIGH,-0.326586045163269,1.81436691757371,22371,ChartPrimeLow,2026_04.csv,209,130,358,1042,358,7012,1,external,HL,-1,22369,8.49123717424499,NQ,4,5,1,1,79.2857142857143,66.3903027047858,8,4,1,2.41199999999662,-37,-76.4119999999966,-57.875,334,204,-17,130,-51.9857142857218,-113.541666666672,11.7083333333285,1460,1225.25795102072,1.19158581977266,-48.928013787634,27.6428571428571,12.0417678491297,8,10,1,-18.1659999999974,-31.5,-44.8340000000026,-62.1041666666715,113,88,-53,25,-18.7714285714173,-85.6458333333285,-24.4375,264,179.360484174691,1.47189611588511,-38.8864428831585,191.571428571429,175.339405990876,6,5,1,564.118000000002,416.5,268.881999999998,390.4375,1251,209,-105,1042,-208.185714285719,-26.5625,546.8125,6405,9528.10348999782,0.672221917690513,357.684376415549,1,0.5,128.25,2.05847953216374,74.6651692558183,1.81811681876582
1,4,0,18,13.8418502928184,55.3674011712738,505,0,2,482,482,0.162550522683182,0,1,1,0,0.261904761904762,27128.25,27136,27125.5,27126,730,0,21136,2026-04-22T15:08:00-05:00,2026-04,507,0,0,1.67968873439289,93,19.614429737104,1086,0,0,23.8407433268668,1320,19.8131025981612,1097,330,EQH,2,0,0.126428184309142,EXTERNAL_SWING_CONFIRMATION,109,21136,27130.75,2026-04-22T15:08:00-05:00,0,0,BOS_UP,UP,SWEEP,-0.894736842105263,Resolved,BSL,0.5,1,BULLISH_FVG,BULLISH_OB,1,0.307039876179345,2.25,27128.25,27136,109,21136,27125.5,27126,27136,10.5,HIGH,2026-04-22T15:08:00-05:00,730,26806,LOW,0.559896244797628,0.758569105854851,22225,ChartPrimeHigh,2026_04.csv,21,694,21,2316,21,7897,0,external,HH,-457,22225,23.8407433268668,NQ,7,7,3,5,112.714285714286,85.3225835911963,6,2,1,420.869999999995,336.5,252.130000000005,381.1875,715,21,614,694,230.642857142855,321.604166666672,619.520833333328,22102,10915.6866939527,2.02479244958949,375.782855794372,61.2857142857143,35.8010710975149,9,7,1,270.077999999994,214.5,158.922000000006,185.0625,471,21,272,450,29.8571428571449,185.0625,322.4375,730,1325.30184435764,0.550817916015066,243.954360281074,270.428571428571,187.340020071262,6,9,1,894.876000000004,720,545.123999999996,565.625,1482,21,1374,1461,422.228571428583,9.875,1059.625,61613,42673.1557303227,1.44383509833136,739.667804254044,1,7.75,1881.05,0.388081124903644,2131.32279289178,-0.540063665550283
1,5,0,19,8.1659634509269,32.6638538037076,392,2596,795,874,874,0.0306148810856633,0,0,-1,0,0.771428571428571,26871.75,26873.75,26865,26872,244,0,21528,2026-04-22T22:40:00-05:00,2026-04,-74.5,1.16336548125521,38,0,0,0.0612297621713267,2,33.1865310968591,1084,0,0,0.397993454113624,13,271,EQH,1,1,0.887831551484237,EXTERNAL_SWING_CONFIRMATION,110,21528,26869.375,2026-04-22T22:40:00-05:00,1,0,BOS_UP,UP,SWEEP,-0.9,Resolved,SSL,6.75,0,BULLISH_FVG,BULLISH_OB,1,0.520452978456277,0.25,26871.75,26873.75,110,21528,26865,26872,26865,8.75,LOW,2026-04-22T22:40:00-05:00,244,27136,HIGH,-0.82660178931291,1.07152083799822,22350,ChartPrimeLow,2026_04.csv,917.5,85.5,1066.5,415.5,1066.5,5652.5,1,external,HL,149.5,22350,33.1865310968591,NQ,6,9,1,3,110.571428571429,48.5498019633113,7,10,1,-303.380000000005,-402.5,-501.619999999995,-560,840,822.5,-553,17.5,-101.857142857159,-770,-350,1761,1601.83325317688,1.09936536559436,-457.225303768806,34.5714285714286,14.6735888768324,10,8,1,-147.142000000007,-198,-248.857999999993,-314.729166666672,431,413.5,-97,17.5,-18.8000000000029,-404.520833333328,-117.1875,244,181.855887458345,1.34172175237323,-199.683908045976,362.214285714286,300.544108081087,6,9,1,-185.850000000006,-354,-522.149999999994,-502.4375,1425,1066.5,130,358.5,-789.357142857159,-1036.8125,-146.1875,9367,17242.3030795583,0.543256893048417,-370.955750656693,1,1.75,158.85,1.53604028958137,91.8424057829497,0.927131636786978
2,0,0,19,9.00229105629595,36.0091642251838,249,920,366,1123,1123,0.749809127230922,0,1,1,0,0.9,27012.25,27013.5,27001,27005.5,246,0,21777,2026-04-23T02:49:00-05:00,2026-04,74,0.638726293567082,23,0,0,16.5513422159122,596,0,0,16.4958007990803,594,16.8568200084878,607,148.5,EQH,6,1,0.16662425049576,EXTERNAL_SWING_CONFIRMATION,111,21777,27007.25,2026-04-23T02:49:00-05:00,1,0,BOS_UP,UP,GRAB,-0.80952380952381,Resolved,BSL,4.5,1,BULLISH_FVG,BULLISH_OB,1,0.472102043071321,6.75,27012.25,27013.5,111,21777,27001,27005.5,27013.5,12.5,HIGH,2026-04-23T02:49:00-05:00,246,26865,LOW,0.1388535420798,1.388535420798,22017,ChartPrimeHigh,2026_04.csv,25,475,515,910,515,5771,0,external,LH,-189,22015,16.4958007990803,NQ,4,8,2,2,86.2857142857143,47.8606164714036,8,7,1,180.176000000007,141,101.823999999993,37.25,332,25,326,307,8.48571428572177,-4.25,175.583333333328,1718,1035.48270138034,1.659129599857,120.809395279401,38.6428571428571,29.2426168305405,3,6,1,81.9140000000043,61.5,41.0859999999957,65.1041666666715,173,25,101,148,34.1428571428405,43.4791666666715,93.9375,246,202.349851453392,1.21571623716592,66.9355318357848,300.785714285714,309.474313800444,4,4,1,300.759999999995,145,-10.7599999999948,62.5,1320,515,738,805,-82.7571428571537,-377.5,282.5,6277,10258.9343543408,0.611856922287847,149.019046224959,1,1.25,124,1.98387096774194,82.7490181210629,1.47433773560325
2,6,0,20,8.34450940274352,33.3780376109741,79,283,1079,1202,1202,0,0,1,0,0,0.761904761904762,26898,26900.5,26890,26898,182,0,21856,2026-04-23T04:08:00-05:00,2026-04,-374,3.95469624483258,132,0,0,3.05590164373427,102,14.8001510980856,494,0,0,3.38545966413698,113,123.5,EQL,1,1,0.958714241171536,EXTERNAL_SWING_CONFIRMATION,112,21856,26895.25,2026-04-23T04:08:00-05:00,1,0,BOS_UP,UP,SWEEP,-0.818181818181818,Resolved,SSL,8,0,BULLISH_FVG,BULLISH_OB,1,0.509316940622378,0,26898,26900.5,112,21856,26890,26898,26890,10.5,LOW,2026-04-23T04:08:00-05:00,182,27013.5,HIGH,-0.958714241171536,1.25831244153764,22344,ChartPrimeLow,2026_04.csv,473,21,963,462,963,5323,1,external,HL,78,22344,14.8001510980856,NQ,8,9,3,5,108.142857142857,79.2307401705276,2,6,1,-167.707999999999,-226,-284.292000000001,-380.375,494,473,-236,21,-198.014285714278,-421.541666666672,-256.875,1941,1302.17225585668,1.49058620414474,-305.41795713341,33.2142857142857,29.859028432743,3,5,1,-134.092000000004,-182,-229.907999999996,-139.708333333328,406,385,-106,21,-29.3000000000029,-308.875,-72.0416666666715,182,184.372011065872,0.987134646673541,-182.758339900189,292.714285714286,297.21853356029,2,3,1,-160.835999999996,-314,-467.164000000004,-395.125,1298,963,107,335,-375.257142857154,-773.708333333328,-178.791666666672,7614,9597.80598974236,0.793306304392634,-309.428823925176,1,2.5,155,1.1741935483871,91.0686554199632,0.296479616125762
1,5,0,20,11.6976965074004,46.7907860296016,385,1105,8,226,226,0.170973832218567,0,1,1,0,0.482758620689655,27152,27155.75,27148.5,27150,838,0,22241,2026-04-23T10:33:00-05:00,2026-04,389.5,1.68836659315835,79,1.06858645136605,50,12.1605138165456,569,0,0,22.7181479560422,1063,15.9005663963268,744,265.75,EQH,1,1,0.213717290273209,EXTERNAL_SWING_CONFIRMATION,113,22241,27152.125,2026-04-23T10:33:00-05:00,0,0,BOS_UP,UP,SWEEP,-0.904761904761905,Resolved,BSL,1.5,0,BULLISH_FVG,BULLISH_OB,1,0.406062851519098,2,27152,27155.75,113,22241,27148.5,27150,27155.75,7.25,HIGH,2026-04-23T10:33:00-05:00,838,26890,LOW,0.320575935409814,0.619780141792307,23306,ChartPrimeHigh,2026_04.csv,14.5,841.5,14.5,1216.5,14.5,6128.5,0,external,HH,-538.5,23306,22.7181479560422,NQ,7,10,3,5,216.785714285714,138.674298186231,3,8,1,477.428,383.5,289.572,632.25,796,14.5,326,781.5,195.314285714281,366.916666666672,632.25,8496,9860.20878646147,0.861645040586302,429.259403007454,44.8571428571429,26.6941617339202,8,11,1,358.771999999997,287.5,216.228000000003,199.416666666672,604,14.5,101,589.5,14.7428571428463,-1.91666666667152,400.75,838,925.508857108351,0.905447844786961,251.510684916066,321.071428571429,257.263690970429,9,5,1,746.258000000002,601,455.741999999998,626.645833333328,1231,14.5,536,1216.5,631.657142857148,216.3125,626.645833333328,59180,34372.4105496969,1.72172969697413,490.793473844373,1,3.75,831.75,1.00751427712654,277.35065801256,0.0225346499798712
1,4,0,17,35.3242700366856,141.297080146742,133,4901,2643,4764,27,1.16067508139361,0,0,-1,0,0.195555555555556,26692.75,26738,26681.75,26733.75,3047,0,22374,2026-04-23T12:46:00-05:00,2026-04,-673.5,0.0920047320616888,13,0,0,5.89538013902975,833,13.4185363068432,1896,0,0,0.375096215328423,53,474,EQH,0,1,0.743115143575178,EXTERNAL_SWING_CONFIRMATION,114,22374,26709.875,2026-04-23T12:46:00-05:00,1,0,CHOCH_DOWN,DOWN,NONE,-0.888888888888889,Detected,SSL,11,1,BEARISH_FVG,BULLISH_OB,1,0.169854889960041,41,26692.75,26738,114,22374,26681.75,26733.75,26681.75,56.25,LOW,2026-04-23T12:46:00-05:00,3047,27155.75,HIGH,-0.311400631593408,1.59238959337538,-1,ChartPrimeLow,2026_04.csv,1783.5,112.5,1783.5,112.5,1783.5,4359.5,1,external,LL,1556.5,-1,13.4185363068432,NQ,4,6,2,2,282.214285714286,331.660289273834,4,3,1,-611.771999999997,-835.5,-1059.228,-1507,1896,1783.5,-1317,112.5,-842.257142857154,-1744,-875,24603,17525.7919536828,1.40381673279135,-1180.65082558074,151.5,140.463485073871,6,3,1,-539.956000000006,-741.5,-943.043999999994,-705.916666666672,1708,1595.5,-904,112.5,-171.642857142855,-1275.25,-634.75,3047,2618.27246145415,1.16374443258199,-819.031283369055,417.357142857143,360.259495604117,6,5,1,-611.771999999997,-835.5,-1059.228,-1191,1896,1783.5,-1611,112.5,-1013.37142857142,-1586,-954,115189,53039.6288522594,2.17175350756802,-1173.32067537121,1,4.25,2367.75,1.28687572590012,853.741639783371,0.795615404412456
2,3,0,17,6.32352269596606,25.2940907838642,344,1582,477,703,371,1.22558269695844,0,1,1,0,0.791666666666667,27133.25,27135.75,27123.75,27125.5,376,0,22718,2026-04-23T19:30:00-05:00,2026-04,865,0.0395349257083368,1,0,0,38.8628319712951,983,0,0,71.7954250863397,1816,26.2511906703356,664,454,EQH,1,1,1.14651284554177,EXTERNAL_SWING_CONFIRMATION,115,22718,27129.75,2026-04-23T19:30:00-05:00,1,0,CHOCH_DOWN,DOWN,GRAB,-0.789473684210526,Resolved,BSL,1.75,1,BULLISH_FVG,BULLISH_OB,1,0.751163588458399,7.75,27133.25,27135.75,115,22718,27123.75,27125.5,27135.75,12,HIGH,2026-04-23T19:30:00-05:00,376,26681.75,LOW,0.395349257083368,1.89767643400017,23189,ChartPrimeHigh,2026_04.csv,24,1158,104,1792,104,4982,0,external,LH,-741,23188,71.7954250863397,NQ,3,5,2,2,80.1428571428571,70.6310529377692,7,5,1,511.187999999995,409,306.812000000005,354.875,866,24,653,842,49.2428571428463,-5.95833333332848,643.541666666672,1511,1291.80951308194,1.16967709611855,424.838788255671,21.4285714285714,16.1214936153873,7,6,1,171.288,134,96.7119999999995,87.9166666666715,316,24,114,292,26.6857142857334,-17.4166666666715,206.416666666672,376,186.889119926096,2.01188811926926,141.700654614804,506.5,250.272428107206,10,7,1,1067.728,844,620.271999999997,804.5,1896,104,980,1792,375.657142857148,330.5,1041.5,7689,31681.0878971297,0.242699998969942,620.689613296505,1,2.5,144.35,2.60478004849325,72.1479556189917,3.2107631881259
2,3,0,18,5.90002239221983,23.6000895688793,235,50,383,938,606,0.0847454410782126,0,0,-1,0,0.75,27021.5,27023.25,27016.25,27022,119,0,22953,2026-04-23T23:25:00-05:00,2026-04,-416,1.22880889563408,29,0,0,21.3982238722487,505,20.2541604176928,478,0,0,7.88132602027377,186,119.5,EQL,1,1,11.567752707176,EXTERNAL_SWING_CONFIRMATION,116,22953,27019.75,2026-04-23T23:25:00-05:00,1,0,CHOCH_DOWN,DOWN,SWEEP,-0.8,Resolved,SSL,5.25,0,BULLISH_FVG,BULLISH_OB,1,0.805081690243019,0.5,27021.5,27023.25,116,22953,27016.25,27022,27016.25,7,LOW,2026-04-23T23:25:00-05:00,119,27135.75,HIGH,-0.889827131321232,1.18643617509498,26339,ChartPrimeLow,2026_04.csv,464,14,544,1352,544,4344,1,external,HL,45,26339,20.2541604176928,NQ,3,4,2,3,84.3571428571429,32.3504854642774,13,11,1,-157.517999999996,-210.5,-263.482000000004,-51.4791666666715,449,435,-414,14,-1.92857142856519,-332.104166666672,-14.0625,640,782.262565799122,0.81813962214363,-221.29958787284,23.1428571428571,20.9550521480225,4,6,1,-41.7719999999972,-59,-76.2280000000028,-43.7916666666715,146,132,-46,14,-25.6999999999971,-86.375,-31.625,119,67.9354314593994,1.75166326971985,-54.2094492514734,460.428571428571,265.772705337203,8,7,1,627.728000000003,404,180.271999999997,364.5,1896,544,152,1352,-160.557142857142,-188.5,601.5,4854,16224.4624777856,0.299177862234021,161.816543856025,1,1.25,62.9,1.89189189189189,33.2263449690152,1.68841923637148
2,1,1,18,10.4150375831168,41.6601503324671,236,2053,945,1,1,0.720112619867817,0,1,-1,1,0.0235294117647059,27133,27153.75,27132.5,27140.5,514,0,23189,2026-04-24T03:21:00-05:00,2026-04,201.5,1.70426653368717,71,0.504078833907472,21,1.72827028768276,72,0,0,13.2020646975766,550,5.85691597492491,244,137.5,EQH,0,1,0.192030031964751,EXTERNAL_SWING_CONFIRMATION,117,23189,27143.125,2026-04-24T03:21:00-05:00,0,0,CHOCH_UP,UP,SWEEP,-0.8,Resolved,BSL,0.5,0,BEARISH_FVG,BULLISH_OB,0,0.600093849889847,7.5,27133,27153.75,117,23189,27132.5,27140.5,27153.75,21.25,HIGH,2026-04-24T03:21:00-05:00,514,27016.25,LOW,1.99231158163429,2.04031908962548,23306,ChartPrimeHigh,2026_04.csv,42.5,507.5,50.5,1845.5,50.5,4837.5,0,external,HH,-184.5,23306,13.2020646975766,NQ,5,8,1,3,93.2142857142857,51.6744228554483,6,8,1,259.084000000003,201.5,143.915999999997,211.666666666672,488,42.5,352,445.5,131.485714285722,130.333333333328,293,3039,1413.36898730344,2.1501816067141,213.34573357203,44.5714285714286,40.1034020644476,2,3,1,156.495999999999,118.5,80.5040000000008,219.125,322,42.5,147,279.5,58.528571428571,138.625,245.958333333328,514,332.242243803354,1.54706395585332,156.09447668436,326.785714285714,259.596532525471,3,5,1,1121.228,897.5,673.771999999997,384,1896,50.5,623,1845.5,204.871428571423,68,858,8099,9999.58866472583,0.809933315414236,636.84082080338,1,13.25,223.4,2.30080572963295,143.780527193358,2.02113600271612
2,0,0,19,8.5185304691623,34.0741218766492,61,558,586,62,62,1.23260696642581,0,1,-1,0,0.669117647058823,27087.25,27098.5,27064.5,27097.75,596,0,23250,2026-04-24T04:22:00-05:00,2026-04,-45,0.733694622872508,25,0,0,8.36411870074659,285,10.4771592146194,357,0,0,2.58260507251123,88,89.25,EQL,0,1,0.381521203893704,EXTERNAL_SWING_CONFIRMATION,118,23250,27081.5,2026-04-24T04:22:00-05:00,1,0,CHOCH_UP,UP,SWEEP,-0.80952380952381,Resolved,SSL,22.75,1,BULLISH_FVG,BULLISH_OB,1,0.733694622872508,10.5,27087.25,27098.5,118,23250,27064.5,27097.75,27064.5,34,LOW,2026-04-24T04:22:00-05:00,596,27153.75,HIGH,-2.67064842725593,3.99129874842644,26179,ChartPrimeLow,2026_04.csv,289,126,297,1599,297,4591,1,external,HL,62,26179,10.4771592146194,NQ,2,4,1,1,109.285714285714,43.1332112156569,12,15,1,-68.3739999999962,-110.5,-152.626000000004,-28.6875,357,289,-44,68,-67.0714285714203,-103.0625,1.0625,1289,1196.85399604304,1.07699017947186,-65.3637072766869,31.2857142857143,16.2260338016533,5,10,1,-46.2179999999935,-81.5,-116.782000000007,-62.8125,299,231,17,68,-69.1714285714261,-87.7291666666715,-25.4375,596,176.346044429104,3.37971856374474,-65.1292742749938,272.285714285714,259.020923473361,2,4,1,874.728000000003,651,427.271999999997,-20.5,1896,297,252,1599,-64.4571428571508,-178.5,690.5,6931,9424.43783093767,0.735428481181928,389.391818732402,1,0.75,76.1,7.83180026281209,33.167604676853,15.6749335704314
1,2,0,19,21.1767468391051,84.7069873564203,128,9,7,70,70,0.42499445587084,0,1,-1,0,0.0543478260869565,27342,27363.75,27340.75,27351,891,0,23378,2026-04-24T06:30:00-05:00,2026-04,511,4.65132821147531,394,3.69509068576592,313,9.91653730365294,840,0,0,14.1310656577054,1197,9.99917511451672,847,299.25,EQL,5,0,0.31874584190313,EXTERNAL_SWING_CONFIRMATION,119,23378,27352.25,2026-04-24T06:30:00-05:00,0,0,BOS_UP,UP,GRAB,-0.9,Resolved,BSL,1.25,0,BULLISH_FVG,BULLISH_OB,1,0.224302629487388,9,27342,27363.75,119,23378,27340.75,27351,27363.75,23,HIGH,2026-04-24T06:30:00-05:00,891,27064.5,LOW,1.0270699350212,1.08609694278104,23633,ChartPrimeHigh,2026_04.csv,46,1151,46,2682,46,5674,0,external,HH,-243,23632,14.1310656577054,NQ,9,12,3,5,144.571428571429,163.019367593321,7,0,1,693.745999999999,552.5,411.254000000001,1026.3125,1197,46,989,1151,434.300000000003,278.1875,1076.1875,8838,4621.22436759066,1.9124801777603,586.012798652795,88.6428571428571,56.2161891701313,4,10,1,434.186000000002,342.5,250.813999999998,326.3125,777,46,229,731,39.6142857142841,2.5625,326.3125,891,755.116917893792,1.17994972551432,343.273356565434,271.571428571429,311.940767403719,6,2,1,1639.90399999999,1318,996.096000000005,1033.83333333333,2728,46,1252,2682,740.400000000009,806.5,1829.5,28122,13237.1968195872,2.12446792045788,1432.46066882215,1,12.75,748.5,1.19038076152305,330.829487803007,0.43073548535931
1,2,0,20,25.4464478415771,101.785791366308,146,726,223,216,216,0.0294736618906223,0,0,1,0,0.790322580645161,27154.75,27161.25,27130.25,27154,2167,0,23524,2026-04-24T08:56:00-05:00,2026-04,-146,0.167017417380193,17,0,0,0.923508072572833,94,9.17613340194708,934,0,0,0.668069669520773,68,233.5,EQH,1,1,0.0982455396354077,EXTERNAL_SWING_CONFIRMATION,120,23524,27145.75,2026-04-24T08:56:00-05:00,1,0,BOS_UP,UP,SWEEP,-0.904761904761905,Resolved,SSL,23.75,1,BULLISH_FVG,BULLISH_OB,1,0.186666525307275,0.75,27154.75,27161.25,120,23524,27130.25,27154,27130.25,31,LOW,2026-04-24T08:56:00-05:00,2167,27363.75,HIGH,-0.962806288426996,1.21824469147906,26139,ChartPrimeLow,2026_04.csv,872,185,872,1856,872,4848,1,external,HL,310,26139,9.17613340194708,NQ,4,6,3,4,193.857142857143,182.853173359171,4,5,1,-294.788,-405,-515.212,-229.875,934,872,-142,62,-341.257142857154,-541.208333333328,-152.041666666672,17156,11068.6510475246,1.54996303762208,-390.098713706451,108.357142857143,71.9375614290671,5,10,1,-146.572,-211,-275.428,-336.125,546,484,-215,62,-144.042857142849,-358.875,-199.625,2167,1904.05970442688,1.13809456445184,-279.096196339582,302,208.905344612145,9,3,1,813.903999999995,492,170.096000000005,889.833333333328,2728,872,209,1856,-273.257142857154,-246.833333333328,1117.16666666667,67733,27247.8465352403,2.48581112317993,507.57614109946,1,6.5,1729.4,1.25303573493697,372.831114581388,1.17372178148633
1,1,0,20,11.6895118545356,46.7580474181425,238,108,73,130,130,0.919627794023658,0,1,1,0,0.288590604026846,27436,27462.5,27425.25,27425.25,3833,0,23762,2026-04-24T12:54:00-05:00,2026-04,513.5,5.00448613491944,234,3.87099141205307,181,8.44774368928709,395,0,0,28.4229148431963,1329,11.5274274646221,539,332.25,EQH,0,1,0.128320157305627,EXTERNAL_SWING_CONFIRMATION,121,23762,27443.875,2026-04-24T12:54:00-05:00,0,0,BOS_UP,UP,SWEEP,-0.904761904761905,Resolved,BSL,0,0,BEARISH_FVG,BULLISH_OB,0,0.855467715370845,10.75,27436,27462.5,121,23762,27425.25,27425.25,27462.5,37.25,HIGH,2026-04-24T12:54:00-05:00,3833,27130.25,LOW,2.26698944573274,3.1866172397564,24126,ChartPrimeHigh,2026_04.csv,74.5,1254.5,74.5,3048.5,74.5,5933.5,0,external,HH,-105.5,24126,28.4229148431963,NQ,3,4,0,0,165.142857142857,106.923071038483,5,4,1,615.187999999995,483.5,351.812000000005,181.25,1116,74.5,968,1041.5,-2.7285714285681,-51.25,506.75,7625,7155.24817781318,1.06565136673294,360.05154853515,43.6428571428571,21.4645222235596,11,10,1,161.576000000001,116.5,71.4239999999991,124.458333333328,382,74.5,171,307.5,73.3857142857159,92.625,235.875,3833,1115.05541906215,3.43749730683687,153.859503821572,366,264.098045347539,8,5,1,1235.042,985,734.957999999999,234.520833333328,2119,74.5,1978,2044.5,438.185714285733,146.229166666672,940.854166666672,39905,41667.8978372537,0.95769170203548,747.758286415949,1,26.5,521.8,7.34572633192794,227.935210092693,14.5269350823572
1,3,0,21,11.2614103562029,45.0456414248118,192,157,320,322,322,0.310795885177219,0,0,-1,0,0.333333333333333,27348.5,27357,27344.25,27352,399,0,23954,2026-04-26T17:06:00-05:00,2026-04,-303.5,3.59635238562211,162,0,0,1.73157707455879,78,10.5004609777732,473,0,0,1.46518060154975,66,118.25,EQL,0,1,2.66396473009045,EXTERNAL_SWING_CONFIRMATION,122,23954,27350.625,2026-04-26T17:06:00-05:00,1,0,BOS_UP,UP,SWEEP,-0.909090909090909,Resolved,SSL,4.25,0,BULLISH_FVG,BULLISH_OB,0,0.887988243363484,3.5,27348.5,27357,122,23954,27344.25,27352,27344.25,12.75,LOW,2026-04-26T17:06:00-05:00,399,27462.5,HIGH,-0.377395003429481,1.13218501028844,24895,ChartPrimeLow,2026_04.csv,447.5,25.5,447.5,1725.5,447.5,5182.5,1,external,HL,374.5,24895,10.5004609777732,NQ,2,5,2,2,116,83.358802323522,5,7,1,-155.186000000002,-211,-266.813999999998,-339.104166666672,473,447.5,-272,25.5,-269.414285714272,-358.8125,-240.5625,3709,4077.88229743018,0.909540719784226,-282.676265958624,54,79.5484500305039,7,2,1,-127.682000000001,-175,-222.317999999999,-266.895833333328,401,375.5,-336,25.5,-66.1571428571478,-367.145833333328,-250.1875,399,371.270231361418,1.07468890930711,-241.830504094221,374.357142857143,211.426046189959,7,4,1,655.630000000005,445,234.369999999995,-261.5625,1785,447.5,917,1337.5,-332.657142857148,-335.9375,482.1875,12253,36774.6514689756,0.333191465059487,205.959787325803,1,5,216.9,1.83955739972337,229.420770637708,0.793738071290697
1,2,0,21,3.81290665278833,15.2516266111533,393,51,159,219,219,0.0655667769409403,0,1,1,0,0.25,27536.25,27540,27535,27536,184,0,24347,2026-04-26T23:39:00-05:00,2026-04,369,4.45854083198394,68,1.83586975434633,28,20.3257008516915,310,0,0,51.3387863447563,783,20.9813686211009,320,195.75,EQL,1,1,1.24576876187787,EXTERNAL_SWING_CONFIRMATION,123,24347,27537.5,2026-04-26T23:39:00-05:00,0,0,BOS_UP,UP,GRAB,-0.909090909090909,Resolved,BSL,1,0,BULLISH_FVG,BULLISH_OB,0,2.16370363905103,0.25,27536.25,27540,123,24347,27535,27536,27540,5,HIGH,2026-04-26T23:39:00-05:00,184,27344.25,LOW,0.983501654114105,1.31133553881881,28203,ChartPrimeHigh,2026_04.csv,20,451,20,2085,20,5048,0,external,HH,-170,28201,51.3387863447563,NQ,4,5,1,3,50.4285714285714,33.9935287959341,6,7,1,168.490000000005,132.5,96.5099999999948,49.8958333333285,305,20,258,285,39.1999999999971,24.4791666666715,88.0208333333285,795,630.26546049939,1.26137326226013,75.0158556145325,14.6428571428571,10.9818134005235,4,7,1,69.1040000000066,54,38.8959999999934,40.6666666666715,128,10,81,118,6.87142857142317,-7.33333333332848,72.6666666666715,184,93.2303567539791,1.97360609147457,53.0883485309314,281.785714285714,189.322001529559,3,4,1,1161.61599999999,936,710.384000000005,497.833333333328,1912,20,1806,1892,-65.5,418.166666666672,1214.83333333333,3290,13146.4317652786,0.25025802124416,854.832204722261,1,3.75,58.25,3.1587982832618,37.5298214757278,3.35066874968558
1,0,0,22,8.53402928657334,34.1361171462934,216,0,493,931,435,0.937423546528773,0,0,1,0,0.978260869565217,27399.25,27399.5,27388,27391.25,150,0,24563,2026-04-27T03:15:00-05:00,2026-04,-97,0,0,0,0,8.7297567770492,298,17.8110473840467,608,0,0,7.05997108479482,241,152,EQL,4,1,0.35153382994829,EXTERNAL_SWING_CONFIRMATION,124,24563,27393.75,2026-04-27T03:15:00-05:00,1,0,BOS_UP,UP,SWEEP,-0.91304347826087,Resolved,SSL,3.25,1,BULLISH_FVG,BULLISH_OB,0,1.17177943316097,8,27399.25,27399.5,124,24563,27388,27391.25,27388,11.5,LOW,2026-04-27T03:15:00-05:00,150,27540,HIGH,-1.31825186230609,1.34754634813511,24852,ChartPrimeLow,2026_04.csv,585,23,595,1317,595,4473,1,external,HL,167,24852,17.8110473840467,NQ,5,7,3,3,87.5714285714286,33.1653223868347,6,14,1,-179.077999999994,-241.5,-303.922000000006,-186.395833333328,529,506,-478,23,-44.1857142857189,-274.5625,-76.1875,1778,1119.85913572336,1.58769968765001,-192.866827301797,34.8571428571429,16.8984616909004,9,8,1,-49.9619999999995,-72.5,-95.0380000000005,-100.354166666672,191,168,-113,23,18.0571428571566,-132.1875,-44.6458333333285,150,155.742906026011,0.963125729623589,-81.1284482758638,244.571428571429,217.45728886658,6,7,1,424.081999999995,229.5,34.9180000000051,-79.6875,1649,595,447,1054,-421.457142857151,-217.104166666672,607.395833333328,5800,9421.06973234165,0.615641340610095,208.711736744342,1,0.25,144.55,1.03770321687997,80.4794849635608,0.067719121245217
2,0,0,22,5.40707334337683,21.6282933735073,197,464,385,632,632,0.138707199324137,0,1,1,0,0.692307692307692,27499.25,27500.25,27497,27498.5,177,0,24760,2026-04-27T06:32:00-05:00,2026-04,76.5,4.20745171283217,91,0,0,6.98159569931491,151,0,0,20.7598441655126,449,7.44395303039537,161,112.25,EQL,0,1,1.1096575945931,EXTERNAL_SWING_CONFIRMATION,125,24760,27498.625,2026-04-27T06:32:00-05:00,1,0,BOS_UP,UP,SWEEP,-0.833333333333333,Resolved,BSL,1.5,0,BEARISH_FVG,BULLISH_OB,1,1.52577919256551,0.75,27499.25,27500.25,125,24760,27497,27498.5,27500.25,3.25,HIGH,2026-04-27T06:32:00-05:00,177,27388,LOW,0.184942932432183,0.601064530404595,25346,ChartPrimeHigh,2026_04.csv,6.5,442.5,175.5,1473.5,175.5,4892.5,0,external,LH,-383.5,25346,20.7598441655126,NQ,5,5,2,3,61.7142857142857,30.1238620974997,7,7,1,270.982000000004,218,165.017999999996,189.9375,449,6.5,408,442.5,8.87142857143772,58.9791666666715,246.0625,1152,915.997039316262,1.257645986345,174.709576314446,22.3571428571429,14.2387615622653,8,6,1,91.7620000000024,73,54.2379999999976,56.4375,159,6.5,42,152.5,0.771428571417346,-3.1875,82.9375,177,121.128470346791,1.46125844314924,64.5725222066249,200.714285714286,183.019256043474,6,3,1,740.994000000006,566,391.005999999994,349.729166666672,1483,175.5,1257,1307.5,35.7142857142753,164.354166666672,535.104166666672,5704,7336.39890610675,0.777493164289642,417.937446055264,1,1,104.5,1.69377990430622,34.643181147233,2.09276393215381
2,2,1,21,24.7632789324514,99.0531157298056,140,1412,1471,1268,22,0.53506646014621,0,0,1,0,0.941176470588235,27318.5,27319.75,27298.5,27305.25,2098,0,24900,2026-04-27T08:52:00-05:00,2026-04,-136.5,1.28214038563337,127,0,0,3.61422250438384,358,8.14714402524513,807,0,0,0.777360706250155,77,201.75,EQH,1,1,0.191816278165623,EXTERNAL_SWING_CONFIRMATION,126,24900,27309.125,2026-04-27T08:52:00-05:00,1,0,CHOCH_DOWN,DOWN,GRAB,-0.826086956521739,Resolved,SSL,6.75,0,BEARISH_FVG,BULLISH_OB,1,0.403823743506574,13.25,27318.5,27319.75,126,24900,27298.5,27305.25,27298.5,21.25,LOW,2026-04-27T08:52:00-05:00,2098,27500.25,HIGH,-0.807647487013147,0.858125454951469,26023,ChartPrimeLow,2026_04.csv,764.5,42.5,933.5,715.5,933.5,4134.5,1,external,LL,503.5,26021,8.14714402524513,NQ,7,7,3,5,151.214285714286,83.6537014537758,5,11,1,-265.774000000005,-361,-456.225999999995,-344.1875,807,764.5,-571,42.5,-252.914285714287,-445.0625,-176.0625,23792,10981.0941942854,2.16663290370293,-352.301254330712,108.857142857143,67.2359628416836,1,9,1,-166.072,-230.5,-294.928,-332.875,546,503.5,-284,42.5,-100.728571428568,-401.125,-196.375,2098,2320.34544169213,0.904175715521919,-278.376956080931,230.5,212.433167464728,6,1,1,-330.331999999995,-445.5,-560.668000000005,-425.166666666672,976,933.5,-328,42.5,-559.557142857142,-506.5,-262.5,68057,20649.1760406809,3.29587000788415,-438.395296171249,1,1.25,2032.45,1.03225171590937,588.436528013005,0.111396891388346
2,3,0,21,6.92045664553868,27.6818265821547,559,1163,1087,32,32,0.144499135132167,0,1,1,0,0.5,27509.75,27512,27507.5,27508.75,146,0,25459,2026-04-27T19:11:00-05:00,2026-04,329,1.58949048645384,44,0,0,1.69786483780297,47,0,0,30.8505653507178,854,1.66174005401993,46,213.5,EQL,0,1,0.758620459443879,EXTERNAL_SWING_CONFIRMATION,127,25459,27509.75,2026-04-27T19:11:00-05:00,1,0,CHOCH_UP,UP,RUN,-0.826086956521739,Resolved,BSL,1.25,0,BEARISH_FVG,BULLISH_OB,1,0.758620459443879,1,27509.75,27512,127,25459,27507.5,27508.75,27512,4.5,HIGH,2026-04-27T19:11:00-05:00,146,27298.5,LOW,0.325123054047377,0.650246108094754,28191,ChartPrimeHigh,2026_04.csv,9,454,131,845,131,4619,0,external,HH,-255,28189,30.8505653507178,NQ,5,6,2,3,82.7857142857143,57.0950289502239,6,0,1,240.054000000004,192.5,144.945999999996,268.0625,403,9,240,394,-13.7285714285827,150.520833333328,385.604166666672,1517,1078.87377596607,1.40609590648509,230.346186852752,35,22.3763435770831,2,9,1,76.9020000000019,60.5,44.0979999999981,80.7708333333285,139,9,87,130,33.5714285714203,40.2291666666715,92.3541666666715,146,159.817873581476,0.913539873408266,63.8896949007903,244.142857142857,183.634281039604,7,5,1,475.987999999998,362,248.012000000002,583.375,966,121,-28,845,315.971428571414,301.625,623.625,4687,19225.3204415197,0.243793075608654,444.584340319445,1,2.25,107.75,1.35498839907193,87.9214848600727,0.435047247676435
2,1,0,22,6.08617793040902,24.3447117216361,167,1829,538,748,199,0.575073558482833,0,0,1,0,0.764705882352941,27395.75,27398.75,27386,27392.25,201,0,25626,2026-04-27T21:58:00-05:00,2026-04,-287.5,0.205383413743869,5,0,0,18.7720440161896,457,20.702648105382,504,0,0,1.15014711696567,28,126,EQL,1,1,0.410766827487738,EXTERNAL_SWING_CONFIRMATION,128,25626,27392.375,2026-04-27T21:58:00-05:00,1,0,CHOCH_UP,UP,RUN,-0.833333333333333,Resolved,SSL,6.25,1,BULLISH_FVG,BEARISH_OB,1,3.36828798539945,3.5,27395.75,27398.75,128,25626,27386,27392.25,27386,12.75,LOW,2026-04-27T21:58:00-05:00,201,27512,HIGH,-1.60199062720218,2.09491082018746,25761,ChartPrimeLow,2026_04.csv,478.5,25.5,600.5,375.5,600.5,3881.5,1,external,HL,347.5,25759,20.702648105382,NQ,2,4,0,1,79.7857142857143,56.1501380899358,8,8,1,-167.028000000006,-226.5,-285.971999999994,-279,504,478.5,-401,25.5,-80.3428571428522,-468,-174,1430,1061.99056855886,1.3465279658185,-252.46290549387,23.0714285714286,16.7034956496349,6,4,1,-52.8099999999977,-77,-101.190000000002,-106.895833333328,205,179.5,-90,25.5,-28.7857142857247,-175.229166666672,-64.1875,201,174.328164130075,1.15299785896916,-94.2142857142608,271.785714285714,151.34886578013,8,6,1,49.2719999999972,-51.5,-152.271999999997,-33.7083333333285,854,478.5,-224,375.5,-155.42857142858,-140.458333333328,179.791666666672,5845,13332.2345964788,0.438411127384733,-21.2561945647903,1,3,103.45,1.94296761720638,90.9463990491102,1.07260981215236
3,2,0,22,2.98965321965933,11.9586128786373,108,1267,167,1606,307,0.836217385869548,0,1,1,0,0.666666666666667,27438.25,27439.5,27435.75,27435.75,78,0,25734,2026-04-27T23:46:00-05:00,2026-04,-106.5,0.16724347717391,2,0,0,20.32008247663,243,0,0,17.8950520576083,214,4.09746519076079,49,53.5,EQH,2,1,5.10092605380424,EXTERNAL_SWING_CONFIRMATION,129,25734,27437.625,2026-04-27T23:46:00-05:00,1,0,CHOCH_UP,UP,RUN,-0.76,Resolved,BSL,0,1,BEARISH_FVG,BULLISH_OB,1,2.75951737336951,2.5,27438.25,27439.5,129,25734,27435.75,27435.75,27439.5,3.75,HIGH,2026-04-27T23:46:00-05:00,78,27386,LOW,0.418108692934774,1.25432607880432,28105,ChartPrimeHigh,2026_04.csv,187.5,206.5,409.5,556.5,419.5,3990.5,0,external,LH,166.5,28103,17.8950520576083,NQ,6,11,2,3,60.5,77.2853084989286,2,1,0,55.9919999999984,9.5,-36.9919999999984,66.9583333333285,394,187.5,-135,206.5,106.871428571423,17.7083333333285,165.458333333328,267,465.45904040952,0.573627272906952,41.2868835235131,12.0714285714286,5.96179566228015,11,8,1,78.4020000000019,62,45.5979999999981,12.7708333333285,139,7.5,46,131.5,0.757142857153667,-4.60416666667152,99.6458333333285,78,37.3518644645811,2.08824917090721,62.9592660270864,235.285714285714,158.064567443822,9,4,1,230.271999999997,129.5,28.7280000000028,147.291666666672,854,297.5,46,556.5,-25.1428571428551,40.5416666666715,360.791666666672,2189,9932.83155457342,0.22038025994633,162.512054095467,1,1.25,31.4,2.48407643312102,25.9699826723084,1.79437932585489
3,2,0,19,16.5214772683502,66.085909073401,465,6,3227,3011,440,0.181581825358137,0,0,1,0,0.96551724137931,27050.5,27051,27036.5,27047.5,604,0,26199,2026-04-28T07:31:00-05:00,2026-04,-111,0.438822744615497,29,0,0,21.1542826542229,1398,24.3924918731097,1612,0,0,3.02636375596895,200,403,EQL,2,1,0.0151318187798447,EXTERNAL_SWING_CONFIRMATION,130,26199,27043.75,2026-04-28T07:31:00-05:00,1,0,CHOCH_DOWN,DOWN,GRAB,-0.727272727272727,Resolved,SSL,11,1,BULLISH_FVG,BULLISH_OB,1,0.378295469496118,3,27050.5,27051,130,26199,27036.5,27047.5,27036.5,14.5,LOW,2026-04-28T07:31:00-05:00,604,27439.5,HIGH,-0.847381851671305,0.877645489230994,26340,ChartPrimeLow,2026_04.csv,1260,29,1873,29,1995,2402,1,external,LL,234,26338,24.3924918731097,NQ,8,9,3,5,170.071428571429,110.087500912423,10,8,1,-448.118000000002,-595.5,-742.881999999998,-205.1875,1249,1220,-1155,29,-66.8285714285739,-777.645833333328,2.97916666667152,6526,5390.17629994861,1.21072106677888,-478.527865921802,77.2142857142857,29.3256662200231,12,13,1,-150.157999999996,-205.5,-260.842000000004,-215.270833333328,469,440,-90,29,4.32857142857392,-410.6875,-176.1875,604,634.819333148788,0.951451804411941,-207.547931123074,246.214285714286,295.828999707042,2,9,1,-697.563999999998,-922,-1146.436,-1516.375,1902,1873,-1190,29,-793.671428571426,-1674.875,-1120.125,36316,15494.3418970439,2.34382332862609,-1216.79790195607,1,0.5,789.8,0.764750569764497,751.311826074899,-0.247300779186028
4,2,0,19,24.3156471757173,97.2625887028692,78,2908,163,2645,518,0.771108408692679,0,1,-1,0,0.248062015503876,27227.75,27252,27219.75,27246.5,3018,0,26277,2026-04-28T08:49:00-05:00,2026-04,617.5,0.544916608809493,53,0,0,5.51085476079035,536,0,0,8.86260597724119,862,2.704020153149,263,215.5,EQL,2,1,0.452383599766372,EXTERNAL_SWING_CONFIRMATION,131,26277,27235.875,2026-04-28T08:49:00-05:00,1,0,CHOCH_DOWN,DOWN,RUN,-0.652173913043478,Resolved,BSL,8,1,BEARISH_FVG,BULLISH_OB,1,0.411257817969429,18.75,27227.75,27252,131,26277,27219.75,27246.5,27252,32.25,HIGH,2026-04-28T08:49:00-05:00,3018,27036.5,LOW,0.997300208575865,1.32630646295141,26830,ChartPrimeHigh,2026_04.csv,259.5,797.5,1104.5,797.5,1226.5,3125.5,1,external,LH,-293.5,26828,8.86260597724119,NQ,6,6,2,4,216.142857142857,230.290624411261,4,2,1,426.577999999994,312,197.422000000006,574.979166666672,971,173.5,-171,797.5,490.742857142846,251.3125,655.895833333328,23555,13265.1328172827,1.77570781419625,364.737650556766,94.5714285714286,62.3348048423732,5,8,1,389.729999999996,303,216.270000000004,287.6875,735,64.5,267,670.5,-60.5999999999913,165.1875,502.0625,3018,2370.78863089491,1.27299412552893,296.930369797876,304.642857142857,240.271599609582,1,9,1,70.9360000000015,-153.5,-377.936000000002,-747.875,1902,1104.5,-706,797.5,128.800000000003,-1064.875,282.375,76339,28518.0642833629,2.67686471429042,-228.041758507083,1,5.5,2753.05,1.09623871705926,1321.45330886112,0.200498949318417
4,0,0,18,17.4405618202164,69.7622472808655,120,5540,3827,4382,59,0.415697617699225,0,0,1,0,0.935483870967742,27024,27025,27009.5,27016.75,1142,0,26397,2026-04-28T10:49:00-05:00,2026-04,-257,0.100340804272227,7,0,0,1.54811526591435,108,13.9043685920086,970,0,0,2.27916969704058,159,242.5,EQH,0,1,3.91329136661684,EXTERNAL_SWING_CONFIRMATION,132,26397,27017.25,2026-04-28T10:49:00-05:00,1,0,BOS_DOWN,DOWN,NONE,-0.636363636363636,Detected,SSL,7.25,1,BULLISH_FVG,BULLISH_OB,1,0.272353611596044,7.25,27024,27025,132,26397,27009.5,27016.75,27009.5,15.5,LOW,2026-04-28T10:49:00-05:00,1142,27252,HIGH,-0.83139523539845,0.888732837839722,-1,ChartPrimeLow,2026_04.csv,939,31,1979,31,2101,2047,1,external,LL,581,-1,13.9043685920086,NQ,5,8,3,4,305.285714285714,203.029834746012,10,3,1,-339.539999999994,-454,-568.460000000006,-272.125,970,939,-125,31,-197.957142857151,-595.458333333328,-29.625,7735,13095.9916496118,0.590638739467222,-419.417577095635,66.2142857142857,34.2595039225992,5,7,1,-137.462,-189.5,-241.538,-88.4375,441,410,-88,31,-68.6142857142695,-217.0625,-14.9375,1142,925.639720350642,1.23374135194566,-154.800878037044,364.571428571429,227.395355012372,2,10,1,-736.820000000007,-974,-1211.17999999999,-262.125,2010,1979,-1527,31,-343.457142857136,-932.125,-10.875,83140,49784.7222889318,1.66999023349948,-751.954653679379,1,1,1014.15,1.12606616378248,403.854710880039,0.316574244538097
4,2,1,18,5.3316033833215,21.326413533286,461,918,830,3226,30,0.750243353155813,0,1,1,0,0.727272727272727,27292.5,27294,27288.5,27288.5,133,0,26858,2026-04-28T19:30:00-05:00,2026-04,489,1.64115733502834,35,0,0,7.87755520813604,168,0,0,53.3610584932072,1138,4.45456990936264,95,284.5,EQL,1,1,0.937804191444766,EXTERNAL_SWING_CONFIRMATION,133,26858,27291.25,2026-04-28T19:30:00-05:00,1,0,CHOCH_UP,UP,SWEEP,-0.636363636363636,Resolved,BSL,0,0,BEARISH_FVG,BULLISH_OB,1,1.87560838288953,4,27292.5,27294,133,26858,27288.5,27288.5,27294,5.5,HIGH,2026-04-28T19:30:00-05:00,133,27009.5,LOW,0.28134125743343,1.03158461058924,27069,ChartPrimeHigh,2026_04.csv,11,576,883,1127,1005,3025,0,external,HH,-441,27069,53.3610584932072,NQ,5,5,2,3,52.7142857142857,43.6853634235027,5,3,1,258.448000000004,207,155.551999999996,379.583333333328,436,11,396,425,100.114285714269,234.25,415.916666666672,1196,1046.08529464591,1.14331021200793,268.740396777881,23.7857142857143,18.3619990066119,2,9,1,152.770000000004,121.5,90.2299999999959,93.8958333333285,265,11,104,254,8.94285714284342,-5.47916666667152,160.145833333328,133,110.107564017678,1.20790974885836,114.215951843493,377.5,398.085839677675,2,7,1,469.960000000006,267,64.0399999999936,446.166666666672,1720,593,-540,1127,676.771428571417,302.833333333328,947.833333333328,6202,25223.8021728149,0.245878870977042,581.717350966515,1,1.5,136,0.977941176470588,52.1325234378694,-0.057545651009496
4,1,0,19,9.41603592425281,37.6641436970112,38,276,187,3588,68,1.16821984203219,0,1,-1,0,0.366197183098592,27198.25,27209.5,27191.75,27209.25,814,0,26896,2026-04-28T20:08:00-05:00,2026-04,99.5,0,0,0,0,6.39865868022174,241,10.8591344407083,409,0,0,4.22152170188903,159,102.25,EQH,0,1,0.584109921016093,EXTERNAL_SWING_CONFIRMATION,134,26896,27200.625,2026-04-28T20:08:00-05:00,1,0,CHOCH_UP,UP,RUN,-0.652173913043478,Resolved,SSL,6.5,1,BULLISH_FVG,BULLISH_OB,1,0.504458568150262,11,27198.25,27209.5,134,26896,27191.75,27209.25,27191.75,17.75,LOW,2026-04-28T20:08:00-05:00,814,27294,HIGH,-0.6903117248372,1.88508201782466,27640,ChartPrimeLow,2026_04.csv,373.5,63.5,1245.5,764.5,1367.5,2662.5,1,external,HL,35.5,27638,10.8591344407083,NQ,3,4,2,2,74.7857142857143,80.9386865314952,5,4,1,-104.669999999998,-156,-207.330000000002,-92.5625,435,373.5,21,61.5,-262.014285714278,-273.8125,-38.1875,3847,1473.43441342545,2.61090684793799,-165.156468561603,42,41.4068603338485,3,7,1,-120.737999999998,-169,-217.262000000002,-313.854166666672,409,373.5,-296,35.5,-92.8142857142811,-364.979166666672,-211.604166666672,814,395.874282967221,2.05620833437013,-234.889149538285,401,350.2268805999,0,7,1,107.460000000006,-95.5,-298.460000000006,83.6666666666715,1720,955.5,-852,764.5,275,-59.6666666666715,585.333333333328,8952,22898.6444671707,0.390940171713409,218.211584646706,1,0.25,184.85,4.40357046253719,178.341042668254,3.5277914191089
4,2,0,19,5.18321564411398,20.7328625764559,297,0,1178,3561,112,0.627023883077424,0,1,1,0,0.884615384615385,27316.5,27317.25,27310.75,27313.25,53,0,27193,2026-04-29T01:05:00-05:00,2026-04,42,0,0,0,0,4.48563239432311,93,0,0,24.2127684080667,502,0.0964652127811422,2,125.5,EQH,1,1,0.627023883077424,EXTERNAL_SWING_CONFIRMATION,135,27193,27314,2026-04-29T01:05:00-05:00,1,0,BOS_UP,UP,RUN,-0.652173913043478,Resolved,BSL,2.5,1,BEARISH_FVG,BULLISH_OB,1,1.92930425562284,3.25,27316.5,27317.25,135,27193,27310.75,27313.25,27317.25,6.5,HIGH,2026-04-29T01:05:00-05:00,53,27191.75,LOW,0.144697819171713,1.25404776615485,27984,ChartPrimeHigh,2026_04.csv,13,266,397,1218,914,3049,0,external,HH,-228,27982,24.2127684080667,NQ,8,10,3,4,55.1428571428571,34.4816863237492,6,8,1,147.062000000005,116.5,85.9379999999946,121.895833333328,259,13,254,246,29.5571428571566,35.5625,132.6875,980,561.994188693679,1.74379027348655,95.5926681562996,22,16.2267276962838,5,10,1,88.351999999999,69,49.648000000001,10.9166666666715,164,13,51,151,16.8428571428522,-9.58333333332848,99.75,53,88.8325523957513,0.596628134288922,67.5324088031193,240.785714285714,261.22790686163,5,2,1,699.626000000004,539.5,379.373999999996,567.770833333328,1357,139,-95,1218,141.957142857151,341.604166666672,963.5625,3317,10308.1403142216,0.32178452163905,697.68267891978,1,0.75,68.9,0.769230769230769,60.3323296417435,-0.263540295798538
4,1,0,20,10.7210876989533,42.8843507958131,131,704,614,496,243,0.699555885615248,0,0,-1,0,0.428571428571429,27204,27212,27198,27211.5,356,0,27324,2026-04-29T03:16:00-05:00,2026-04,-135,0.582963238012707,25,0,0,8.95431533587518,384,11.1229385812824,477,0,0,3.84755737088387,165,119.25,EQH,0,1,2.02871206828422,EXTERNAL_SWING_CONFIRMATION,136,27324,27205,2026-04-29T03:16:00-05:00,1,0,BOS_UP,UP,SWEEP,-0.666666666666667,Resolved,SSL,6,1,BULLISH_FVG,BULLISH_OB,1,0.396415001848641,7.5,27204,27212,136,27324,27198,27211.5,27198,14,LOW,2026-04-29T03:16:00-05:00,356,27317.25,HIGH,-0.559644708492199,1.30583765314846,27582,ChartPrimeLow,2026_04.csv,449,28,620,782,1350,2613,1,external,HL,96,27582,11.1229385812824,NQ,7,8,2,4,109.642857142857,61.5979893603108,2,5,1,-154.214000000007,-210.5,-266.785999999993,-319.8125,477,449,-370,28,-90.6142857142695,-439.0625,-140.9375,1649,1472.92127028867,1.11954388415941,-228.550100131193,45.5,31.2695767251717,8,5,1,-85.0720000000001,-120,-154.928,-52.1666666666715,296,268,-120,28,-5.64285714285506,-187.833333333328,-39.8333333333285,356,192.005602994323,1.85411255946799,-125.947468756625,225.571428571429,186.988002007445,6,8,1,311.758000000002,166.5,21.2419999999984,140.854166666672,1231,449,55,782,-382.399999999994,-64.3125,551.1875,9442,9406.77423896141,1.00374472270129,271.951013684156,1,0.5,185.9,1.91500806885422,100.701986077733,1.68914245513189
5,3,0,20,6.79427950100153,27.1771180040061,136,367,231,379,379,0.0735913204521974,0,1,1,0,0.1875,27285.25,27288.5,27284.5,27284.75,58,0,27460,2026-04-29T05:32:00-05:00,2026-04,191,0.0735913204521974,2,0,0,0.809504524974172,22,0,0,13.3200290018477,362,0.110386980678296,3,90.5,EQL,2,1,1.03027848633076,EXTERNAL_SWING_CONFIRMATION,137,27460,27286.5,2026-04-29T05:32:00-05:00,1,0,BOS_UP,UP,SWEEP,-0.6,Resolved,BSL,0.25,1,BULLISH_FVG,BULLISH_OB,1,0.662321884069777,0.5,27285.25,27288.5,137,27460,27284.5,27284.75,27288.5,4,HIGH,2026-04-29T05:32:00-05:00,58,27198,LOW,0.478343582939283,0.588730563617579,27702,ChartPrimeHigh,2026_04.csv,52,354,123,1108,1024,2939,0,external,LH,-230,27702,13.3200290018477,NQ,7,8,3,3,103.285714285714,65.9199842483921,8,5,1,215.716,173,130.284,195.625,362,8,90,354,136.357142857145,90.0416666666715,240.875,1330,1054.85074525397,1.26084188306639,183.23146960231,26.2857142857143,19.384254520313,3,6,1,181.107999999993,145,108.892000000007,23.875,306,8,191,298,-20.5428571428492,-1.625,202.375,58,119.431635370433,0.485633474080006,140.548315375388,214.928571428571,192.238362671728,2,9,1,637.758000000002,492.5,347.241999999998,466.854166666672,1231,123,594,1108,-132.485714285722,5.22916666667152,825.895833333328,5847,8934.33072174582,0.65444185827693,567.718247818266,1,3.25,119.6,0.48494983277592,84.7138713552863,-0.727153641009419
5,1,1,19,18.8487872388873,75.395148955549,183,4845,1318,1305,5,0.0397903584190638,0,0,-1,1,0.927083333333333,27146.5,27148.25,27124.25,27147.25,2075,0,27643,2026-04-29T08:35:00-05:00,2026-04,-1,0.0928441696444822,7,0,0,3.91271857787461,295,8.71408849377498,657,0,0,1.12739348854014,85,164.25,EQH,0,1,0.809070621187631,EXTERNAL_SWING_CONFIRMATION,138,27643,27136.25,2026-04-29T08:35:00-05:00,1,0,CHOCH_DOWN,DOWN,SWEEP,-0.583333333333333,Resolved,SSL,22.25,1,BEARISH_FVG,BEARISH_OB,1,1.85688339288964,0.75,27146.5,27148.25,138,27643,27124.25,27147.25,27124.25,24,LOW,2026-04-29T08:35:00-05:00,2075,27288.5,HIGH,-1.18044729976556,1.27329146941004,28042,ChartPrimeLow,2026_04.csv,609,48,724,507,1625,2338,1,external,LL,327,28042,8.71408849377498,NQ,5,6,2,3,144,69.9979505607611,11,13,1,-202.974000000002,-280.5,-358.025999999998,-157.3125,657,609,-397,48,-271.914285714272,-540.5625,-157.3125,18667,5445.16391174144,3.42817962922075,-301.933950098086,88.6428571428571,57.3264973047625,7,5,1,-146.055999999997,-206,-265.944000000003,-153.083333333328,508,460,-362,48,-48.2142857142753,-449.416666666672,-89.5833333333285,2075,1863.06856313954,1.11375396539531,-205.564407679878,245.214285714286,197.267033151565,6,4,1,-8.97400000000198,-145.5,-282.025999999998,-121.395833333328,1157,724,432,433,-532.5,-507.0625,23.2291666666715,29497,12220.4408973449,2.41374269944783,-185.205858273563,1,1,1050.4,1.97543792840823,1359.72811252838,0.753532997192196
5,5,1,19,15.646896811858,62.5875872474321,62,512,4093,4073,2,0.30357457182182,0,1,-1,1,0.142857142857143,27302,27315.5,27299.75,27306.75,1537,0,27705,2026-04-29T09:37:00-05:00,2026-04,522.5,0.111843263302776,7,0,0,1.7255817766714,108,0,0,12.2228709180891,765,0.143798481389283,9,191.25,EQH,0,1,0.335529789908327,EXTERNAL_SWING_CONFIRMATION,139,27705,27307.625,2026-04-29T09:37:00-05:00,1,0,CHOCH_UP,UP,RUN,-0.583333333333333,Resolved,BSL,2.25,1,BULLISH_FVG,BULLISH_OB,1,0.639104361730147,4.75,27302,27315.5,139,27705,27299.75,27306.75,27315.5,15.75,HIGH,2026-04-29T09:37:00-05:00,1537,27124.25,LOW,0.862790888335699,1.00658936972498,27984,ChartPrimeHigh,2026_04.csv,31.5,733.5,38.5,1192.5,939.5,3023.5,1,external,HH,-358.5,27982,12.2228709180891,NQ,4,4,2,4,184.142857142857,115.445102502138,5,7,1,441.270000000004,351,260.729999999996,398.8125,765,31.5,114,733.5,355.957142857151,239.4375,558.1875,14542,10123.0829288357,1.43651890458953,382.302658513625,63.6428571428571,22.7428804029417,13,11,1,364.020000000004,288.5,212.979999999996,408.5,640,31.5,335,608.5,23.1142857142695,301.833333333328,568.5,1537,1419.03481750669,1.08313057652848,348.747625156102,273.357142857143,164.654823501335,5,8,1,480.619999999995,381.5,282.380000000005,539,840,38.5,760,801.5,125.857142857159,224,609,68601,24122.1119193808,2.84390521979474,406.439438061498,1,8.75,1156.75,1.32872271450184,369.19397002118,1.02994639911964
5,4,0,20,15.0820910147804,60.3283640591216,117,4474,176,4514,119,0.182335459804944,0,0,-1,0,0.803571428571429,27164.75,27167.5,27153.5,27167.5,1308,0,27822,2026-04-29T11:34:00-05:00,2026-04,-212,1.12716466061238,68,0,0,8.95101348133363,540,10.7412161776004,648,0,0,0.0994557053481514,6,162,EQL,0,1,1.21004441506918,EXTERNAL_SWING_CONFIRMATION,140,27822,27160.5,2026-04-29T11:34:00-05:00,1,0,CHOCH_UP,UP,SWEEP,-0.6,Resolved,SSL,11.25,0,BULLISH_FVG,BULLISH_OB,1,0.314943066935813,2.75,27164.75,27167.5,140,27822,27153.5,27167.5,27153.5,14,LOW,2026-04-29T11:34:00-05:00,1308,27315.5,HIGH,-0.745917790111135,0.92825324991608,28041,ChartPrimeLow,2026_04.csv,620,145,627,604,1528,2435,1,external,HL,230,28041,10.7412161776004,NQ,5,5,2,4,192.642857142857,170.198525280094,6,6,1,-147.229999999996,-237.5,-327.770000000004,-412.8125,765,620,-315,145,-381.557142857157,-572.1875,-189.6875,11629,9659.87049438502,1.20384636696316,-288.277390283634,57.0714285714286,38.2249588777156,5,4,1,-192.796000000002,-261,-329.203999999998,-224.875,578,550,-330,28,-49.2571428571537,-465.708333333328,-176.708333333328,1308,1316.9591459744,0.993197096506913,-301.045652731467,303.214285714286,171.932282962834,7,14,1,-149.903999999995,-241,-332.096000000005,-31.9166666666715,772,627,-36,145,-306.885714285731,-417.916666666672,0.25,58485,35827.7926001058,1.63239194367301,-278.603258239469,1,0,903.65,1.44746306645272,465.79601490352,0.868083854439487
4,0,0,20,33.4450718927408,133.780287570963,209,3124,2281,3153,49,0.276572884330014,0,1,-1,0,0.148717948717949,27372.5,27414,27365.25,27381.75,2674,0,28031,2026-04-29T15:03:00-05:00,2026-04,404.5,0.0224248284591903,3,0,0,2.94512747097366,394,0,0,7.78889041815876,1042,0.0149498856394602,2,260.5,EQH,0,1,0.0523245997381107,EXTERNAL_SWING_CONFIRMATION,141,28031,27389.625,2026-04-29T15:03:00-05:00,1,0,BOS_UP,UP,RUN,-0.666666666666667,Resolved,BSL,7.25,1,BEARISH_FVG,BEARISH_OB,1,0.612945311217868,9.25,27372.5,27414,141,28031,27365.25,27381.75,27414,48.75,HIGH,2026-04-29T15:03:00-05:00,2674,27153.5,LOW,1.2408405080752,1.45761384984737,28103,ChartPrimeHigh,2026_04.csv,97.5,944.5,97.5,1061.5,611.5,3351.5,0,external,HH,-147.5,28101,7.78889041815876,NQ,7,10,2,2,254.785714285714,105.187194930958,11,12,1,535.331999999995,414.5,293.668000000005,691.833333333328,1024,97.5,684,926.5,308.185714285733,393.166666666672,862.5,24707,11256.6226609306,2.19488569033703,541.527827676182,149.857142857143,101.10947167876,7,5,1,347.460000000006,262.5,177.539999999994,427.5,720,97.5,378,622.5,208.099999999991,277.5,457.5,2674,2619.68298895406,1.02073419237174,343.036269549557,376.642857142857,172.652380337168,10,13,1,618.762000000002,482,345.237999999998,699.3125,1159,97.5,447,1061.5,546.971428571429,409.5625,747.604166666672,65027,43575.400629714,1.49228691097009,586.299176999644,1,32.25,1555.65,1.71889563847909,1359.26867377278,0.822758606579166
4,6,1,19,37.7836324039573,151.134529615829,15,6836,1885,1708,4,0.28451473074553,0,1,1,1,0.664864864864865,27124.75,27140.25,27094,27114,1487,0,28046,2026-04-29T15:18:00-05:00,2026-04,-685.5,0.0926327030334284,14,0,0,1.57475595156828,238,8.46927570591345,1280,0,0,0,0,320,EQH,0,1,0.152182297840632,EXTERNAL_SWING_CONFIRMATION,142,28046,27117.125,2026-04-29T15:18:00-05:00,1,1,CHOCH_DOWN,DOWN,NONE,-0.652173913043478,Detected,SSL,20,1,BEARISH_FVG,BEARISH_OB,1,0.926327030334284,10.75,27124.75,27140.25,142,28046,27094,27114,27094,46.25,LOW,2026-04-29T15:18:00-05:00,1487,27414,HIGH,-0.813844462365121,1.2240750043703,-1,ChartPrimeLow,2026_04.csv,1187.5,92.5,1187.5,92.5,1701.5,2261.5,1,external,LL,942.5,-1,8.46927570591345,NQ,7,10,3,4,307.357142857143,180.686955539839,5,11,1,-396.460000000006,-547.5,-698.539999999994,-414.166666666672,1280,1187.5,-288,92.5,-656.642857142855,-734.166666666672,-254.166666666672,15941,12617.2433505192,1.26342970149213,-541.38978952622,158.214285714286,166.066465541492,2,4,1,-396.460000000006,-547.5,-698.539999999994,-627.5,1280,1187.5,-676,92.5,-4.41428571427241,-894.166666666672,-627.5,1487,1679.12723293247,0.885579109692041,-649.038180866948,395.142857142857,150.717704429743,12,14,1,-396.460000000006,-547.5,-698.539999999994,-414.166666666672,1280,1187.5,-585,92.5,-404.442857142843,-734.166666666672,-360.833333333328,73907,46259.564405858,1.59765879660209,-499.197753703265,1,15.5,2066.35,0.719626394366879,1152.97668124728,-0.502481975067581
1,3,0,19,9.94100574406405,39.7640229762562,201,3951,0,2820,146,0.980786074469567,0,1,1,0,0.781818181818182,27619.75,27622.75,27609,27610,243,0,28247,2026-04-29T19:39:00-05:00,2026-04,1309.5,10.0341959926502,399,1.30771476595942,52,20.9988813380023,835,0,0,53.1887832693111,2115,12.2975484721953,489,528.75,EQL,0,1,0.402373774141361,EXTERNAL_SWING_CONFIRMATION,143,28247,27615.875,2026-04-29T19:39:00-05:00,0,0,CHOCH_UP,UP,GRAB,-0.9,Resolved,BSL,1,0,BULLISH_FVG,BULLISH_OB,1,0.528115578560536,9.75,27619.75,27622.75,143,28247,27609,27610,27622.75,13.75,HIGH,2026-04-29T19:39:00-05:00,243,27094,LOW,0.301780330606021,1.38315984861093,29470,ChartPrimeHigh,2026_04.csv,27.5,2087.5,27.5,2087.5,27.5,4256.5,0,external,HH,-1052.5,29468,53.1887832693111,NQ,2,6,2,2,130.857142857143,242.757135357373,0,1,0,1144.84600000001,921,697.153999999995,565.3125,1897,27.5,1841,1869.5,-47.4142857142724,12.0208333333285,1355.72916666667,2976,2563.57371690985,1.16087943185316,869.688535136724,40.2142857142857,24.6856279151235,9,6,1,271.611999999994,214.5,157.388000000006,184.25,484,27.5,177,456.5,13.028571428571,-17.4166666666715,285.083333333328,243,247.350947114504,0.982409822297992,209.850277916034,539.857142857143,368.631668512181,3,7,1,1279.57000000001,1030,780.429999999993,1602.8125,2115,27.5,1343,2087.5,917.485714285722,1250.3125,1690.9375,16072,31696.5014634858,0.507059115609806,1421.44446687214,1,3,229.35,1.0595160235448,226.956884671957,0.0601435819835546
1,2,0,20,12.148403848354,48.5936153934162,332,5234,489,941,478,0.905468746125884,0,0,-1,0,0.213114754098361,27188.5,27200.5,27185.25,27199.5,256,0,28579,2026-04-30T01:11:00-05:00,2026-04,-849.5,0.288103691949145,14,0,0,18.8296341523905,915,36.0129614936431,1750,0,0,1.83151632739099,89,437.5,EQH,0,1,6.15307170662817,EXTERNAL_SWING_CONFIRMATION,144,28579,27192.875,2026-04-30T01:11:00-05:00,1,0,CHOCH_UP,UP,GRAB,-0.904761904761905,Resolved,SSL,3.25,1,BULLISH_FVG,BEARISH_OB,1,1.09067826237891,11,27188.5,27200.5,144,28579,27185.25,27199.5,27185.25,15.25,LOW,2026-04-30T01:11:00-05:00,256,27622.75,HIGH,-0.26752485680992,1.2553089434927,29066,ChartPrimeLow,2026_04.csv,1502.5,30.5,1719.5,395.5,1719.5,2564.5,1,external,HL,1294.5,29064,36.0129614936431,NQ,9,11,3,5,180.928571428571,145.242210459798,3,5,1,-379.385999999999,-506,-632.614000000001,-260.104166666672,1073,1042.5,-918,30.5,-41.1285714285623,-662.479166666672,-36.5625,2073,1714.52584904343,1.20908063366707,-489.416081382384,54.8571428571429,25.7867541914294,9,8,1,-158.207999999999,-216.5,-274.792000000001,-82.7083333333285,494,463.5,-333,30.5,5.04285714284924,-350.291666666672,-62.125,256,217.418721750773,1.17745149975379,-240.69344863134,524.571428571429,450.70560569791,7,2,1,-412.429999999993,-662,-911.570000000007,-89.1875,2115,1719.5,-252,395.5,-935.642857142855,-441.6875,87.0625,8731,17103.5561606743,0.510478634851092,-331.172275538382,1,1,181.05,1.41397404032035,90.4297932099814,0.82881976547224
2,4,0,20,12.3405638125594,49.3622552502377,379,4662,610,3531,857,0.0607751810526435,0,1,-1,0,0.438202247191011,27537.5,27550,27527.75,27538.25,528,0,28958,2026-04-30T07:30:00-05:00,2026-04,94.5,2.18790651789517,108,0.162067149473716,8,11.0205661642127,544,0,0,29.556996385269,1459,4.01116194947447,198,364.75,EQL,1,0,0.324134298947432,EXTERNAL_SWING_CONFIRMATION,145,28958,27538.875,2026-04-30T07:30:00-05:00,0,0,CHOCH_UP,UP,RUN,-0.818181818181818,Resolved,BSL,9.75,0,BEARISH_FVG,BULLISH_OB,1,0.425426267368504,0.75,27537.5,27550,145,28958,27527.75,27538.25,27550,22.25,HIGH,2026-04-30T07:30:00-05:00,528,27185.25,LOW,1.01291968421072,1.80299703789509,29290,ChartPrimeHigh,2026_04.csv,44.5,832.5,335.5,1779.5,335.5,3948.5,0,external,LH,-178.5,29288,29.556996385269,NQ,6,7,2,4,161.642857142857,108.767661429914,9,3,1,497.486000000004,394,290.513999999996,594.979166666672,877,44.5,726,832.5,188.871428571423,302.645833333328,741.145833333328,3404,2613.93343532776,1.30225198315854,431.696727390692,50.4285714285714,21.5922970809753,5,9,1,241.016000000003,186.5,131.983999999997,61.375,462,44.5,269,417.5,-9.51428571426368,-34.875,311.625,528,337.532104791071,1.56429564034161,221.493235650079,421.571428571429,453.87360297907,6,3,1,971.570000000007,722,472.429999999993,1294.8125,2115,335.5,1007,1779.5,317.157142857148,677.9375,1471.0625,15424,13875.4756484921,1.11160153285817,915.990148798344,1,11.75,338.8,1.55844155844156,221.069355633023,0.855840012100427
2,3,1,21,33.3436049789578,133.374419915831,107,5717,1015,5757,1,0.269916825300673,0,0,1,1,0.514018691588785,27177,27190,27163.25,27168,2242,0,29065,2026-04-30T09:17:00-05:00,2026-04,-485.5,0.217432998158876,29,0,0,0.659796684068312,88,11.5989257983373,1547,0,0,0.337396031625842,45,386.75,EQL,3,1,0.704782821618425,EXTERNAL_SWING_CONFIRMATION,146,29065,27176.625,2026-04-30T09:17:00-05:00,1,0,CHOCH_DOWN,DOWN,NONE,-0.826086956521739,Detected,SSL,4.75,1,BULLISH_FVG,BULLISH_OB,1,0.142456102242022,9,27177,27190,146,29065,27163.25,27168,27163.25,26.75,LOW,2026-04-30T09:17:00-05:00,2242,27550,HIGH,-0.412372927542695,0.802252786310334,-1,ChartPrimeLow,2026_04.csv,1493.5,53.5,1784.5,330.5,1784.5,2499.5,1,external,LL,1259.5,-1,11.5989257983373,NQ,4,6,3,4,273.214285714286,355.374166207279,2,2,0,-537.453999999998,-720,-902.546000000002,-558.854166666672,1547,1493.5,-792,53.5,-619.157142857148,-945.604166666672,21.2708333333285,21739,16848.5166978925,1.29026194945216,-682.572609630442,137.071428571429,110.980645200064,5,4,1,-482.827999999994,-648.5,-814.172000000006,-443.75,1404,1350.5,-144,53.5,-119.414285714287,-677.75,-151.25,2242,2245.62687974814,0.998384914350267,-514.67940143036,462.357142857143,519.305902395841,1,5,1,-477.429999999993,-727,-976.570000000007,-418.5625,2115,1784.5,-147,330.5,-841.600000000006,-859.1875,-66.0625,125889,36882.2255541848,3.41327016221005,-613.245838564879,1,13,2122.6,1.05625176670122,544.945079801626,0.2191046482032
1,3,0,20,11.6725789565524,46.6903158262096,411,22,0,188,188,0.471189787661499,0,1,1,0,0.584905660377358,27641,27646.5,27633.25,27635.5,319,0,29476,2026-04-30T17:08:00-05:00,2026-04,250.5,5.44010027572821,254,1.4135693629845,66,8.2672390016972,386,0,0,41.4004481613489,1933,8.43858074266502,394,483.25,EQL,1,0,0.599696093387362,EXTERNAL_SWING_CONFIRMATION,147,29476,27639.875,2026-04-30T17:08:00-05:00,0,0,CHOCH_UP,UP,RUN,-0.904761904761905,Resolved,BSL,2.25,0,BULLISH_FVG,BULLISH_OB,0,0.599696093387362,5.5,27641,27646.5,147,29476,27633.25,27635.5,27646.5,13.25,HIGH,2026-04-30T17:08:00-05:00,319,27163.25,LOW,0.471189787661499,1.13513903391179,29673,ChartPrimeHigh,2026_04.csv,26.5,867.5,26.5,2183.5,26.5,4352.5,0,external,HH,-78.5,29671,41.4004481613489,NQ,1,4,1,1,135.785714285714,55.7580929086715,10,12,1,317.107999999993,251.5,185.892000000007,193.583333333328,556,26.5,505,529.5,112.385714285731,170.416666666672,286.25,3061,5122.10971581453,0.597605316916416,232.474657304308,53.7857142857143,30.0015500852671,7,4,1,155.191999999995,120.5,85.8080000000045,187.875,294,26.5,191,267.5,36.4571428571508,126.625,212.375,319,269.125142423339,1.18532217810481,157.384745903866,471.285714285714,419.239054627325,6,7,1,1168.094,940,711.906000000003,174.854166666672,1933,26.5,270,1906.5,470.185714285733,174.854166666672,1221.89583333333,16011,44556.0023297748,0.359345523898147,929.910155707214,1,5.5,237.65,1.34231011992426,146.408427011562,0.555637415553788
1,3,0,21,9.11650337841297,36.4660135136519,49,71,235,237,237,0.822683839262244,0,1,-1,0,0.442857142857143,27564,27573.75,27556.25,27571.5,368,0,29525,2026-04-30T17:57:00-05:00,2026-04,-49,2.934239026702,107,0,0,0.68556986605187,25,9.89962886578901,361,0,0,0.904952223188469,33,90.25,EQL,1,1,1.94701841958731,EXTERNAL_SWING_CONFIRMATION,148,29525,27565,2026-04-30T17:57:00-05:00,1,0,CHOCH_UP,UP,NONE,-0.909090909090909,Detected,SSL,7.75,0,BULLISH_FVG,BULLISH_OB,0,0.767838249978095,7.5,27564,27573.75,148,29525,27556.25,27571.5,27556.25,17.5,LOW,2026-04-30T17:57:00-05:00,368,27646.5,HIGH,-0.850106633904319,1.91959562494524,-1,ChartPrimeLow,2026_04.csv,326,127,326,1666,326,4053,1,external,HL,221,-1,9.89962886578901,NQ,5,5,2,3,126.928571428571,74.2997887548979,8,9,1,-67.6760000000068,-117,-166.323999999993,-108.291666666672,418,326,-101,92,-178.685714285719,-143.125,-56.0416666666715,1973,2498.68073717266,0.789616684776029,-102.475021778868,38.7857142857143,24.1250953482836,4,8,1,-102.902000000002,-145.5,-188.097999999998,-243.270833333328,361,326,-175,35,-29.4714285714144,-318.479166666672,-168.0625,368,201.421422023735,1.82701520177251,-195.614271017053,489.5,349.164593111483,4,9,1,868.593999999997,640.5,412.406000000003,-124.645833333328,1933,326,-45,1607,106.485714285722,-205.1875,922.395833333328,9072,39224.4312373026,0.231284424371015,629.542511339663,1,2.25,122.5,3.00408163265306,106.92076505525,2.29609281109372
1,2,0,21,4.2477371422308,16.9909485689232,274,14,7,128,128,0.470838927417635,0,1,1,0,0.268292682926829,27667,27674.5,27664.25,27665,273,0,29799,2026-04-30T22:31:00-05:00,2026-04,47.5,4.82609900603076,82,4.11984061490431,70,6.59174498384689,112,0,0,27.8383515835677,473,8.71052015722625,148,118.25,EQH,3,1,0.765113257053657,EXTERNAL_SWING_CONFIRMATION,149,29799,27669.375,2026-04-30T22:31:00-05:00,0,0,BOS_UP,UP,NONE,-0.909090909090909,Detected,BSL,0.75,0,BULLISH_FVG,BULLISH_OB,1,0.941677854835271,2,27667,27674.5,149,29799,27664.25,27665,27674.5,10.25,HIGH,2026-04-30T22:31:00-05:00,273,27556.25,LOW,1.76564597781613,2.41304950301538,-1,ChartPrimeHigh,2026_04.csv,20.5,325.5,20.5,2024.5,20.5,4470.5,0,external,HH,-213.5,-1,27.8383515835677,NQ,5,7,2,3,54.5714285714286,38.0826100467125,5,6,1,185.911999999997,146.5,107.088000000003,83.875,334,20.5,266,313.5,66.4857142857363,69.9583333333285,167.375,1347,754.977618515167,1.7841588504957,122.446598119568,16.2142857142857,10.4140430781274,8,7,1,103.100000000006,79.5,55.8999999999942,92,200,20.5,69,179.5,32.2142857142753,-16.3333333333285,125.333333333328,273,167.968076642987,1.62530884115709,91.8613714285893,419.714285714286,249.610611866544,9,7,1,1243.31,1002,760.690000000002,277.729166666672,2045,20.5,1640,2024.5,10.585714285713,107.3125,1300.22916666667,4375,16978.1016606152,0.257684874755395,995.126724077636,1,7.5,69.85,3.90837508947745,111.13652639884,1.82793188326715
1,2,0,22,3.09775769680587,12.3910307872235,72,230,216,200,200,0,0,1,0,0,1,27623.75,27623.75,27620.75,27623.75,69,0,29871,2026-04-30T23:43:00-05:00,2026-04,-141,0.484221216380696,6,0,0,8.31246421453528,103,17.3512602536416,215,0,0,4.11588033923592,51,53.75,EQL,2,1,1.77547779339589,EXTERNAL_SWING_CONFIRMATION,150,29871,27622.25,2026-04-30T23:43:00-05:00,1,0,BOS_UP,UP,NONE,-0.91304347826087,Detected,SSL,3,1,BULLISH_FVG,BULLISH_OB,1,1.29125657701519,0,27623.75,27623.75,150,29871,27620.75,27623.75,27620.75,3,LOW,2026-04-30T23:43:00-05:00,69,27674.5,HIGH,-0.968442432761392,0.968442432761392,-1,ChartPrimeActiveLow,2026_04.csv,209,37,209,1836,209,3762,1,external,HL,66,-1,17.3512602536416,NQ,3,4,2,3,56.5714285714286,35.5772134982587,10,10,1,-76.1300000000047,-101.5,-126.869999999995,-105.979166666672,215,209,-93,6,-40.3285714285739,-141.8125,-43.2708333333285,331,479.066412793582,0.690927168260113,-88.1595787076221,11.2142857142857,5.0901201663892,8,11,1,-31.8179999999993,-43.5,-55.1820000000007,-29.0625,99,93,-42,6,-10.3428571428522,-62.0625,-8.4375,69,37.0342011424591,1.86314265925646,-41.3205128205009,351.785714285714,275.939054987998,1,7,1,1054.81,813.5,572.190000000002,89.2291666666715,2045,209,1032,1836,-205.628571428577,-81.1875,1111.72916666667,2522,13691.240461129,0.184205368911623,790.60684171028,1,0,30.05,2.29617304492512,20.163023086829,1.93175397519845
1,1,0,1,5.43522147591172,21.7408859036469,334,60,93,284,284,0.413966571550349,0,0,-1,0,0.407407407407407,27539,27543,27536.25,27541.25,269,0,340,2026-05-01T05:40:00-05:00,2026-05,-215.5,6.02551343034397,131,2.62178828648554,57,15.2707668616351,332,19.2264474342273,418,0,0,15.9147148618245,346,104.5,EQH,1,1,0.0919925714556331,EXTERNAL_SWING_CONFIRMATION,1,340,27539.625,2026-05-01T05:40:00-05:00,0,0,BOS_DOWN,DOWN,NONE,0,Detected,SSL,2.75,0,BULLISH_FVG,BEARISH_OB,1,0.597951714461615,2.25,27539,27543,3,340,27536.25,27541.25,27536.25,6.75,LOW,2026-05-01T05:40:00-05:00,269,27640.75,HIGH,-0.505959143005982,1.24189971465105,-1,ChartPrimeLow,2026_05.csv,344.5,13.5,404.5,13.5,404.5,13.5,1,external,LL,215.5,-1,19.2264474342273,NQ,8,10,2,4,61.0714285714286,39.9193387848856,6,5,1,-123.255999999994,-165.5,-207.744000000006,-98.375,358,344.5,-341,13.5,-55.5142857142782,-187.875,-53.625,1120,628.655591687303,1.78157963566972,-139.368785717859,22.6428571428571,14.3433553293939,7,8,1,-54.4959999999992,-75.5,-96.5040000000008,-108.875,178,164.5,-161,13.5,-30.2999999999884,-153.375,-86.625,269,145.427225432279,1.84972242439752,-93.1154906013253,136.833333333333,20.525,6,1,0,-146.176000000007,-195.5,-244.823999999993,-99.7083333333285,418,404.5,-357,13.5,-1.26190476189367,-308.708333333328,-82.2916666666715,3387,3212.87648,1.05419552263646,-201.300477897224,1,1.75,68.1,3.95007342143906,63.7321739782976,3.15225399448027
1,2,0,1,16.4289330543613,65.7157322174451,310,9,1,594,140,2.2673413956186,0,1,-1,0,0.44794952681388,27873.25,27917,27837.75,27910.5,5233,0,650,2026-05-01T10:50:00-05:00,2026-05,1038.5,0.897806324439579,59,0.715201648282377,47,16.8148472628091,1105,0,0,23.1755768156183,1523,17.7126535872486,1164,380.75,EQH,1,1,0.0608682253857342,EXTERNAL_SWING_CONFIRMATION,2,650,27877.375,2026-05-01T10:50:00-05:00,0,0,CHOCH_UP,UP,SWEEP,0,Resolved,BSL,35.5,1,BULLISH_FVG,BEARISH_OB,1,0.197821732503636,37.25,27873.25,27917,4,650,27837.75,27910.5,27917,79.25,HIGH,2026-05-01T10:50:00-05:00,5233,27536.25,LOW,2.66298486062587,4.82380686181943,960,ChartPrimeHigh,2026_05.csv,158.5,1321.5,158.5,1364.5,158.5,1364.5,0,external,HH,-287.5,960,23.1755768156183,NQ,0,0,0,0,270.142857142857,249.727177300963,7,3,1,709.789999999994,544,378.210000000006,339.104166666672,1405,158.5,1069,1246.5,-186.514285714278,-12.1458333333285,456.1875,11744,11421.0525419865,1.02827650576217,296.611198698374,65.4285714285714,41.4456515219048,7,11,1,207.356,137.5,67.6440000000002,347.166666666672,592,158.5,13,433.5,-117.914285714272,26.5,371.833333333328,5233,1678.56312513256,3.11754733655712,130.175094364167,319.909090909091,326.566110907713,1,2,0,782.714000000007,603,423.285999999993,0.145833333328483,1523,158.5,980,1364.5,426.772727272735,-126.770833333328,444.354166666672,61464,39655.8949945344,1.54993349686021,418.650068609626,1,6.5,812.9,6.43744618034199,404.902815500213,10.9164466899037
1,0,0,2,11.3428549978984,45.3714199915934,176,151,248,770,316,0.374685209392825,0,0,-1,0,0.736111111111111,27808,27812.75,27794.75,27812.25,1415,0,826,2026-05-01T13:46:00-05:00,2026-05,40,4.01133577114672,182,0,0,13.5768287638812,616,10.7777098466524,489,0,0,14.8772068435386,675,122.25,EQL,1,1,1.38853930539694,EXTERNAL_SWING_CONFIRMATION,3,826,27803.75,2026-05-01T13:46:00-05:00,1,0,CHOCH_UP,UP,GRAB,-0.333333333333333,Resolved,SSL,13.25,0,BEARISH_FVG,BEARISH_OB,1,0.286523983653337,4.25,27808,27812.75,5,826,27794.75,27812.25,27794.75,18,LOW,2026-05-01T13:46:00-05:00,1415,27917,HIGH,-1.16813624104822,1.58690206331079,922,ChartPrimeLow,2026_05.csv,453,139,453,1070,453,1070,1,external,HL,453,920,10.7777098466524,NQ,5,6,1,3,140.785714285714,95.2660356915896,7,6,1,-150.797999999995,-208.5,-266.202000000005,-177.9375,489,453,-230,36,-164.414285714272,-340.9375,-137.1875,6716,6388.90257774704,1.05119774769962,-225.776858093654,45.4285714285714,15.3973572090346,14,8,1,-120.237999999998,-168.5,-216.762000000002,-330.395833333328,409,373,-194,36,-34.0857142857276,-330.395833333328,-177.020833333328,1415,787.775151356688,1.79619780791907,-215.081761998677,326.642857142857,315.570184905443,2,4,1,488.214000000007,308.5,128.785999999993,-294.354166666672,1523,453,719,1070,-222.857142857145,-357.8125,86.3958333333285,38025,39548.4967861625,0.961477757437913,23.3219885211874,1,0.5,700.75,2.01926507313593,359.275364449053,1.9880294355704
2,5,0,2,8.69673497179899,34.7869398871959,44,229,218,814,360,0.632421249794885,0,1,-1,0,0.130434782608696,27890.75,27900.75,27889.25,27896.25,1323,0,870,2026-05-01T14:30:00-05:00,2026-05,106,0.172478522671332,6,0,0,29.8962772630309,1040,0,0,12.1884822687741,424,31.592316069299,1099,106,EQH,0,1,2.41469931739865,EXTERNAL_SWING_CONFIRMATION,4,870,27895,2026-05-01T14:30:00-05:00,1,0,CHOCH_UP,UP,SWEEP,0,Resolved,BSL,1.5,1,BEARISH_FVG,BEARISH_OB,1,0.373703465787887,5.5,27890.75,27900.75,6,870,27889.25,27896.25,27900.75,11.5,HIGH,2026-05-01T14:30:00-05:00,1323,27794.75,LOW,1.14985681780888,1.32233534048021,960,ChartPrimeHigh,2026_05.csv,88,401,88,1435,88,1435,1,external,LH,88,960,12.1884822687741,NQ,5,7,2,3,115.714285714286,93.4051833180395,3,7,1,239.032000000007,189,138.967999999993,197.833333333328,424,23,192,401,141.057142857142,91.8333333333285,286.166666666672,7540,6540.09567162544,1.15288833353198,172.400333230791,32.2142857142857,20.7425373843899,7,8,1,239.032000000007,189,138.967999999993,233.166666666672,424,23,155,401,5.07142857142026,109.5,374.5,1323,843.048907377467,1.56930397326005,198.067833203619,317.428571428571,289.881663869271,3,4,1,853.214000000007,673.5,493.785999999993,70.6458333333285,1523,88,1050,1435,35.6999999999971,7.1875,387.9375,39833,39676.4401357863,1.00394591509918,373.794132789379,1,4.5,658.75,2.00834914611006,230.3898598029,2.88315640527005
2,0,1,2,8.01832605529576,32.073304221183,87,282,436,37,37,2.15132184461458,0,1,-1,0,0.463235294117647,27771.5,27789.75,27755.75,27788.75,496,0,957,2026-05-01T15:57:00-05:00,2026-05,-203,10.5383591808656,338,0,0,4.86385808347644,156,18.0835749257457,580,0,0,5.48742963264008,176,145,EQL,1,1,2.33839330936367,EXTERNAL_SWING_CONFIRMATION,5,957,27772.75,2026-05-01T15:57:00-05:00,1,0,CHOCH_DOWN,DOWN,RUN,0,Resolved,SSL,15.75,0,BULLISH_FVG,BEARISH_OB,0,1.37185740816002,17.25,27771.5,27789.75,7,957,27755.75,27788.75,27755.75,34,LOW,2026-05-01T15:57:00-05:00,496,27900.75,HIGH,-1.96425037986548,4.24028653431279,1687,ChartPrimeLow,2026_05.csv,512,68,577,946,577,946,1,external,LL,259,1685,18.0835749257457,NQ,1,1,1,1,127,100.712540191773,5,6,1,-153.559999999998,-222,-290.440000000002,-258.25,580,512,-401,68,-101.171428571426,-451.583333333328,-234.083333333328,1853,4530.70368170595,0.408987241315744,-302.501609127343,29.6428571428571,20.888399305928,4,8,1,-64.9360000000015,-106,-147.063999999998,-243.75,348,280,-106,68,-56.3714285714232,-272.75,-142.25,496,232.071219117905,2.13727493605316,-183.340448842559,377.857142857143,324.844908271847,1,4,1,364.214000000007,184.5,4.78599999999278,-418.354166666672,1523,577,573,946,-428.345588235286,-481.8125,-101.0625,28295,37943.1295589685,0.745721302614902,-131.198999133296,1,1,174.05,2.84975581729388,74.4845453768767,4.32237316306354
1,1,0,2,5.00561588837822,20.0224635535129,442,54,38,227,227,0.349607328852991,0,1,1,0,0.342105263157895,27959.5,27965.75,27956.25,27957.75,454,0,1399,2026-05-04T00:19:00-05:00,2026-05,311,2.89674643906764,58,3.19640986379877,64,12.9854150716825,260,0,0,41.9528794623589,840,16.8310956890654,337,210,EQH,3,1,0.0499439041218558,EXTERNAL_SWING_CONFIRMATION,6,1399,27961,2026-05-04T00:19:00-05:00,0,0,CHOCH_UP,UP,SWEEP,-0.333333333333333,Resolved,BSL,1.5,0,BEARISH_FVG,BULLISH_OB,0,1.6980927401431,1.75,27959.5,27965.75,8,1399,27956.25,27957.75,27965.75,9.5,HIGH,2026-05-04T00:19:00-05:00,454,27755.75,LOW,1.24859760304639,1.89786835663052,3188,ChartPrimeHigh,2026_05.csv,19,354,19,1699,19,1699,0,external,HH,-227,3188,41.9528794623589,NQ,6,6,1,2,58.6428571428571,36.9981400670523,10,7,1,197.300000000003,156,114.699999999997,90.375,350,19,160,331,24.1000000000058,32.0416666666715,192.458333333328,966,679.8998187838,1.4207975547456,139.206311637026,20.5,10.3574879382494,7,10,1,68.1380000000063,51.5,34.8619999999937,54.4375,141,19,86,122,21.0142857142782,42.6875,83.8125,454,145.329279963471,3.1239403382038,56.3184477714676,322.214285714286,295.875893701538,8,3,1,1042.724,840,637.275999999998,374.708333333328,1718,19,1483,1699,-102.100000000006,303.125,661.041666666672,3874,12393.7347298125,0.312577288803937,568.690038290108,1,6.25,61.2,7.41830065359477,35.902089075707,10.9408675125199
1,6,1,2,27.9007196259577,111.602878503831,302,7,1188,1645,16,0.680986019526291,0,0,-1,1,0.437037037037037,27677,27696,27662.25,27696,649,0,1701,2026-05-04T05:21:00-05:00,2026-05,-78.5,0.134405135432821,15,0.116484450708444,13,3.35116804345832,374,10.8778556276963,1214,0,0,1.29924964251726,145,303.5,EQL,3,1,0.734748073699419,EXTERNAL_SWING_CONFIRMATION,7,1701,27679.125,2026-05-04T05:21:00-05:00,0,0,CHOCH_DOWN,DOWN,GRAB,-0.333333333333333,Resolved,SSL,14.75,1,BULLISH_FVG,BEARISH_OB,1,0.116484450708444,19,27677,27696,9,1701,27662.25,27696,27662.25,33.75,LOW,2026-05-04T05:21:00-05:00,649,27965.75,HIGH,-0.528660199369094,1.20964621889538,2049,ChartPrimeLow,2026_05.csv,1088.5,67.5,1146.5,571.5,1146.5,571.5,1,external,LL,422.5,2047,10.8778556276963,NQ,6,7,2,4,158.071428571429,218.192113993662,2,4,1,-374.092000000004,-510.5,-646.907999999996,-52.9166666666715,1156,1088.5,-853,67.5,-546.114285714284,-871.75,-4.75,7343,3923.49435786553,1.87154595629258,-551.253342481185,128.857142857143,122.803499435823,6,6,1,-333.600000000006,-457.5,-581.399999999994,-41.875,1050,982.5,-803,67.5,49,-391.875,1.875,649,749.482524259059,0.865930797574772,-298.513452311541,342.857142857143,250.427316305308,6,11,1,-260.906000000003,-430,-599.093999999997,-758.395833333328,1433,1146.5,236,286.5,-804.528571428571,-877.8125,-519.5625,22301,12657.4511430299,1.76188710886555,-629.10041434945,1,0,926.4,0.700561312607945,364.875513017796,-0.760259294206104
2,1,0,2,14.0124658636554,56.0498634546217,265,613,443,281,281,0.42819015998907,0,1,-1,0,0.470588235294118,27932,27941,27924,27938,1494,0,1966,2026-05-04T09:46:00-05:00,2026-05,382,0.14273005332969,8,0,0,13.2203711896625,741,0,0,19.8930011828256,1115,3.14006117325318,176,278.75,EQL,1,1,0.0713650266648451,EXTERNAL_SWING_CONFIRMATION,8,1966,27932.5,2026-05-04T09:46:00-05:00,1,0,CHOCH_DOWN,DOWN,SWEEP,0,Resolved,BSL,8,1,BULLISH_FVG,BEARISH_OB,1,1.05263414330646,6,27932,27941,10,1966,27924,27938,27941,17,HIGH,2026-05-04T09:46:00-05:00,1494,27662.25,LOW,0.642285239983606,1.21320545330237,2985,ChartPrimeHigh,2026_05.csv,34,615,133,1081,133,1585,0,external,LH,-232,2985,19.8930011828256,NQ,3,6,0,0,186.285714285714,64.7566778859681,10,16,1,367.081999999995,290.5,213.918000000005,249.9375,649,34,440,615,125.171428571426,114.729166666672,358.104166666672,10408,9775.70920776898,1.06467978729651,268.223914108137,49.2857142857143,33.4344516388551,6,8,1,214.436000000002,167,119.563999999998,158.625,402,34,126,368,6.71428571427532,108.375,242.375,1494,1082.52770184319,1.38010325043526,173.389680356806,313.071428571429,187.291595558681,5,12,1,617.251999999993,474,330.748000000007,246.375,1214,133,181,1081,129.414285714287,145.208333333328,448.708333333328,64718,29524.5281838404,2.19200793309957,312.236617411996,1,3,903.55,1.65347794809363,285.611882630958,2.06731594834563
2,2,1,3,29.3437402536246,117.374961014498,82,1768,1546,1538,1,0.170394092804253,1,1,-1,0,0.755980861244019,27652.5,27665.25,27613,27657.5,5183,0,2048,2026-05-04T11:08:00-05:00,2026-05,-289.5,1.49946801667743,176,0,0,1.67838181412189,197,11.177852487959,1312,0,0,0,0,328,EQH,2,1,0.12779556960319,EXTERNAL_SWING_CONFIRMATION,9,2048,27639.125,2026-05-04T11:08:00-05:00,1,1,BOS_DOWN,DOWN,NONE,-0.2,Detected,SSL,39.5,0,BULLISH_FVG,BULLISH_OB,0,0.477103459851908,5,27652.5,27665.25,11,2048,27613,27657.5,27613,52.25,LOW,2026-05-04T11:08:00-05:00,5183,27941,HIGH,-1.3461133331536,1.78061826980444,-1,ChartPrimeLow,2026_05.csv,1207.5,104.5,1306.5,104.5,1306.5,411.5,1,external,LL,527.5,-1,11.177852487959,NQ,5,7,2,3,275.214285714286,220.958758612368,6,4,1,-396.683999999994,-551.5,-706.316000000006,-1016.16666666667,1312,1207.5,-842,104.5,-524.542857142849,-1180.16666666667,-524.166666666672,17504,14548.421687343,1.20315456729085,-743.747651894373,112.214285714286,81.8281823614048,3,12,1,-320.284,-451.5,-582.716,-382,1112,1007.5,-325,104.5,-218.242857142846,-567.333333333328,-289.333333333328,5183,2291.91194306549,2.26143068702177,-451.974701680389,414.785714285714,278.274856755431,6,11,1,-434.501999999993,-601,-767.498000000007,-924.354166666672,1411,1306.5,-760,104.5,-706.642857142841,-1159.52083333333,-689.1875,97714,45915.0759120193,2.12814632360046,-786.005568843102,1,7.75,1287.5,4.02563106796117,681.146056290426,5.71903773651013
3,1,0,2,9.23115870136101,36.924634805444,118,1101,165,1246,119,0.731219147928288,0,1,-1,0,0.205128205128205,27811,27818.75,27809,27817.75,523,0,2166,2026-05-04T13:06:00-05:00,2026-05,295.5,0.297904097304117,11,0,0,16.9534513556707,626,0,0,22.2886429164808,823,0.866630101248341,32,205.75,EQL,0,1,3.65609573964144,EXTERNAL_SWING_CONFIRMATION,10,2166,27813.875,2026-05-04T13:06:00-05:00,1,0,BOS_DOWN,DOWN,GRAB,0.2,Resolved,BSL,2,1,BEARISH_FVG,BEARISH_OB,1,1.19161638921647,6.75,27811,27818.75,12,2166,27809,27817.75,27818.75,9.75,HIGH,2026-05-04T13:06:00-05:00,523,27613,LOW,0.839547910584331,1.05620543589642,2558,ChartPrimeHigh,2026_05.csv,508.5,803.5,607.5,803.5,607.5,1110.5,0,external,LH,-171.5,2557,22.2886429164808,NQ,5,9,1,1,209.785714285714,233.441112263322,5,4,1,302.698000000004,148,-6.69800000000396,284.5625,1311,507.5,-485,803.5,310.799999999988,66.0625,448.4375,5537,7194.50583076122,0.769615054911166,208.051580369691,33.7857142857143,14.5883605370145,10,9,1,203.597999999998,161,118.402000000002,93.3125,361,19.5,142,341.5,3.10000000000582,63.2291666666715,198.604166666672,523,541.682234026818,0.965510713009847,145.600618280965,426,233.070559357243,5,9,1,264.498000000007,98,-68.4980000000069,-342.9375,1411,607.5,-272,803.5,74.6571428571478,-342.9375,303.770833333328,38386,46527.8841653125,0.82501065089518,4.55215137790947,1,1,475.15,1.10070504051352,221.129209965576,0.216389322819219
3,1,0,3,4.63993012757927,18.5597205103171,285,753,242,404,404,0.754321703940402,0,0,-1,0,0.65,27738.25,27741.75,27731.75,27741.75,238,0,2451,2026-05-04T18:51:00-05:00,2026-05,-121,0.377160851970201,7,0,0,14.978673835388,278,18.75028235509,348,0,0,2.31684523353124,43,87,EQH,0,1,0.215520486840115,EXTERNAL_SWING_CONFIRMATION,11,2451,27736.75,2026-05-04T18:51:00-05:00,1,0,BOS_DOWN,DOWN,NONE,0,Detected,SSL,6.5,1,BULLISH_FVG,BEARISH_OB,1,3.17892718089169,3.5,27738.25,27741.75,13,2451,27731.75,27741.75,27731.75,10,LOW,2026-05-04T18:51:00-05:00,238,27818.75,HIGH,-1.40088316446075,2.15520486840115,-1,ChartPrimeLow,2026_05.csv,229,42,916,495,916,802,1,external,HL,177,-1,18.75028235509,NQ,5,7,0,2,69.0714285714286,49.6147837536095,9,2,1,-75.1180000000022,-104.5,-133.881999999998,-161.5625,249,229,-205,20,-67.5142857142782,-161.5625,-68.1875,615,667.314845945768,0.921603953121073,-114.424265605921,17.7857142857143,11.5165490601846,3,9,1,-30.4239999999991,-46,-61.5760000000009,-37.75,132,112,-55,20,-28.2428571428609,-76.25,-32.25,238,73.2109195978156,3.25088117056108,-52.5776595744683,416.5,180.967577788194,10,15,1,-44.0019999999931,-210.5,-376.998000000007,-122.3125,1411,916,-719,495,59.1999999999971,-533.854166666672,112.854166666672,2820,25958.6321259284,0.108634383596171,-254.171878169669,1,0,35.7,6.66666666666667,31.3657456471228,6.44971116822652
3,0,0,3,6.40355004037932,25.6142001615173,370,1944,888,1649,264,1.13218448427562,0,1,-1,0,0.232323232323232,27854.5,27873.5,27848.75,27861.75,595,0,2821,2026-05-05T01:01:00-05:00,2026-05,34.5,1.13218448427562,29,0,0,8.54994489849521,219,0,0,22.1361587098027,567,0,0,141.75,EQL,2,1,2.73285909997564,EXTERNAL_SWING_CONFIRMATION,12,2821,27861.125,2026-05-05T01:01:00-05:00,1,1,CHOCH_UP,UP,RUN,0,Resolved,BSL,5.75,0,BULLISH_FVG,BULLISH_OB,1,1.32738870570245,7.25,27854.5,27873.5,14,2821,27848.75,27861.75,27873.5,24.75,HIGH,2026-05-05T01:01:00-05:00,595,27731.75,LOW,2.96710416568784,3.86504358425126,2873,ChartPrimeHigh,2026_05.csv,49.5,240.5,418.5,992.5,418.5,1299.5,0,external,HH,-122.5,2871,22.1361587098027,NQ,5,7,1,2,63.1428571428571,29.1613601330942,6,6,1,129.720000000001,95.5,61.2799999999988,77.375,290,49.5,61,240.5,49.2142857142753,41.125,125.708333333328,1006,632.900353625972,1.5895077230349,94.6093136814306,23.3571428571429,11.5993615328575,12,9,1,70.3920000000071,47.5,24.6079999999929,51.5416666666715,194,49.5,22,144.5,27.9142857142724,35.375,116.208333333328,595,169.469889864408,3.51094817183192,63.0093444909289,286.857142857143,204.009667506446,7,7,1,491.316000000006,336.5,181.683999999994,363.833333333328,1312,319.5,-155,992.5,265.171428571426,-18.8333333333285,582.5,3585,9368.15003705011,0.382679609722483,273.064190715537,1,11.75,45.45,13.0913091309131,42.256922509809,13.0049697744183
3,1,0,4,7.17966399049492,28.7186559619797,23,1779,213,1924,287,1.98477254908662,0,1,-1,0,0.149253731343284,27820.75,27835,27818.25,27835,136,0,2844,2026-05-05T01:24:00-05:00,2026-05,-103.5,0.313385139329466,9,0,0,0.0696411420732147,2,7.69534619909022,221,0,0,1.04461713109822,30,55.25,EQL,2,1,1.39282284146429,EXTERNAL_SWING_CONFIRMATION,13,2844,27826.625,2026-05-05T01:24:00-05:00,1,0,CHOCH_UP,UP,NONE,-0.142857142857143,Detected,SSL,2.5,1,BEARISH_FVG,BEARISH_OB,1,1.53210512561072,14.25,27820.75,27835,15,2844,27818.25,27835,27818.25,16.75,LOW,2026-05-05T01:24:00-05:00,136,27873.5,HIGH,-0.348205710366073,2.33297825945269,-1,ChartPrimeLow,2026_05.csv,187.5,102.5,508.5,854.5,556.5,1161.5,1,external,HL,15.5,-1,7.69534619909022,NQ,6,9,0,1,60.4285714285714,31.430342482566,8,11,1,-50.9220000000059,-77,-103.077999999994,-81.6041666666715,221,187.5,6,33.5,-64.557142857142,-100.020833333328,-17.1458333333285,681,682.603715411581,0.997650590854733,-61.0584590847429,27.3571428571429,17.8829191406907,8,7,1,-50.9220000000059,-77,-103.077999999994,-81.6041666666715,221,187.5,-128,33.5,-2.55714285714203,-127.645833333328,-72.3958333333285,136,69.3632716390777,1.96069182993065,-78.2010294008651,260.285714285714,198.145361599278,5,5,1,353.316000000006,198.5,43.6839999999938,225.833333333328,1312,457.5,-358,854.5,70.5571428571566,-102.166666666672,444.5,4501,9211.48018718211,0.488629395986022,135.607303545141,1,0,64.55,2.10689388071263,39.9880919774875,1.78678192598499
2,0,0,4,5.90757248334422,23.6302899333769,250,1749,1688,1409,223,1.90433550019373,0,1,1,0,0.592105263157895,27951.25,27959,27940,27940,1251,0,3094,2026-05-05T05:34:00-05:00,2026-05,38,1.31187556680012,31,0.169274266683887,4,14.4729498014723,342,0,0,23.8253530357571,563,10.495004534401,248,140.75,EQH,2,1,0.719415633406518,EXTERNAL_SWING_CONFIRMATION,14,3094,27949.5,2026-05-05T05:34:00-05:00,0,0,BOS_UP,UP,SWEEP,-0.333333333333333,Resolved,BSL,0,0,BEARISH_FVG,BEARISH_OB,1,2.49679543358733,11.25,27951.25,27959,16,3094,27940,27940,27959,19,HIGH,2026-05-05T05:34:00-05:00,1251,27818.25,LOW,1.31187556680012,3.21621106699385,3186,ChartPrimeHigh,2026_05.csv,38,392,38,1346,65,1653,0,external,HH,-160,3186,23.8253530357571,NQ,1,2,0,0,78.6428571428571,36.870602324744,9,5,1,170.266000000003,130.5,90.7339999999967,81.3541666666715,337,38,222,299,5.10000000000582,-2.89583333332848,151.5625,1595,1008.06714044371,1.58223588093344,109.745889881946,22.2857142857143,13.3940172931089,9,7,1,54.0819999999949,36.5,18.9180000000051,-3.85416666667152,149,38,65,111,29.6285714285623,-34.8958333333285,58.2291666666715,1251,282.14943397119,4.43382069704148,35.104703832767,187.571428571429,176.145635554254,7,5,1,817.312000000005,654,490.687999999995,740.5,1384,38,494,1346,182.314285714267,336.833333333328,971.166666666672,5740,8018.86315168145,0.715812190758785,613.408742955799,1,7.75,54.2,23.0811808118081,37.8201004758052,31.6445484000137
2,1,0,5,7.25681781449784,29.0272712579914,45,1952,193,1454,268,0.378953980973036,0,1,1,0,1,27904.25,27904.25,27900,27901.5,115,0,3139,2026-05-05T06:19:00-05:00,2026-05,-151.5,0.0344503619066396,1,0,0,3.6517383621038,106,8.13028540996694,236,0,0,0.413404342879675,12,59,EQL,2,1,0.378953980973036,EXTERNAL_SWING_CONFIRMATION,15,3139,27902.125,2026-05-05T06:19:00-05:00,1,0,BOS_UP,UP,NONE,-0.428571428571429,Detected,SSL,1.5,1,BULLISH_FVG,BEARISH_OB,1,2.03257135249174,2.75,27904.25,27904.25,17,3139,27900,27901.5,27900,4.25,LOW,2026-05-05T06:19:00-05:00,115,27959,HIGH,-0.585656152412873,0.585656152412873,-1,ChartPrimeLow,2026_05.csv,227.5,109.5,227.5,1156.5,254.5,1463.5,1,external,HL,148.5,-1,8.13028540996694,NQ,7,8,2,3,83.6428571428571,41.8056845794671,7,14,1,-30.9759999999951,-68.5,-106.024000000005,-114.875,318,227.5,87,90.5,-118.199999999997,-154.625,-48.625,1181,1321.54386302584,0.893651760673273,-105.034308726783,27.7142857142857,17.4198346461107,6,6,1,-81.6520000000019,-109.5,-137.347999999998,-193.083333333328,236,227.5,-119,8.5,-24.5428571428492,-222.583333333328,-65.25,115,150.611282654105,0.763555013764209,-110.101146698289,200.428571428571,111.319952578616,7,4,1,627.812000000005,464.5,301.187999999995,551,1384,227.5,-6,1156.5,-54.9000000000087,205,781.666666666672,8430,8045.68522270684,1.04776656886955,459.40031338048,1,0,188.65,0.609594487145508,215.740416936651,-0.341382486628021
1,1,0,5,6.51102044430405,26.0440817772162,472,127,46,423,423,0.0383964391048264,0,1,1,0,0.448275862068966,28184.25,28188.25,28181,28184,888,0,3611,2026-05-05T14:11:00-05:00,2026-05,212.5,8.10164865111836,211,1.15189317314479,30,35.2095346591258,917,0,0,44.2710942878648,1153,35.2863275373354,919,288.25,EQH,0,1,0.153585756419305,EXTERNAL_SWING_CONFIRMATION,16,3611,28184.625,2026-05-05T14:11:00-05:00,0,0,BOS_UP,UP,SWEEP,-0.666666666666667,Resolved,BSL,3,0,BEARISH_FVG,BULLISH_OB,0,1.22868605135444,0.25,28184.25,28188.25,18,3611,28181,28184,28188.25,7.25,HIGH,2026-05-05T14:11:00-05:00,888,27900,LOW,0.614343025677222,1.11349673403996,3683,ChartPrimeHigh,2026_05.csv,14.5,377.5,14.5,1866.5,14.5,2593.5,0,external,HH,-204.5,3683,44.2710942878648,NQ,5,5,3,4,77.2857142857143,58.3672966291026,2,5,1,227.755999999994,181.5,135.244000000006,42.6666666666715,392,14.5,168,377.5,14.6000000000058,10,222.333333333328,5010,4437.64883948167,1.12897621718648,163.504832281469,26.5,16.1970467464984,5,6,1,69.5479999999952,53.5,37.4520000000048,22.3333333333285,136,14.5,66,121.5,25.8571428571449,16.6666666666715,62,888,599.708873446273,1.48071846077087,43.5737424533436,254.214285714286,126.186023319554,9,9,1,1113.96799999999,898.5,683.032000000007,251.791666666672,1826,14.5,1758,1811.5,68.442857142858,23.5416666666715,556.125,24459,31412.4813057928,0.778639540184604,515.384310239853,1,4,503.85,1.76242929443287,216.947061515016,1.77070847292122
1,2,0,6,8.91848884742197,35.6739553896879,44,188,194,467,467,0.504569784969883,0,1,-1,0,0.457627118644068,28115.5,28123.5,28108.75,28120,2157,0,3655,2026-05-05T14:55:00-05:00,2026-05,103.5,2.27056403236447,81,0,0,16.7909611776089,599,8.9140662011346,318,0,0,16.84702448705,601,79.5,EQH,0,1,1.00913956993977,EXTERNAL_SWING_CONFIRMATION,17,3655,28116.125,2026-05-05T14:55:00-05:00,1,0,BOS_UP,UP,NONE,-0.714285714285714,Detected,SSL,6.75,0,BEARISH_FVG,BULLISH_OB,0,0.897012951057569,4.5,28115.5,28123.5,19,3655,28108.75,28120,28108.75,14.75,LOW,2026-05-05T14:55:00-05:00,2157,28188.25,HIGH,-0.756854677454824,1.65386762851239,-1,ChartPrimeLow,2026_05.csv,288.5,103.5,288.5,1537.5,288.5,2319.5,1,external,HL,131.5,-1,8.9140662011346,NQ,8,9,2,4,83,72.6283163155181,5,5,1,-52.4239999999991,-97.5,-142.576000000001,-232.791666666672,382,288.5,-17,93.5,-210.528571428571,-264.625,-57.7083333333285,14659,6555.68195344984,2.23607553021786,-133.373759576702,35.8571428571429,27.8409061029183,4,3,1,-91.9759999999951,-129.5,-167.024000000005,-202.375,318,288.5,-162,29.5,-36.0999999999913,-281.875,-96.375,2157,1646.86259147061,1.30976318921292,-151.091527814511,269.714285714286,133.045679164568,10,9,1,820.191999999995,608.5,396.808000000005,-26.875,1794,288.5,1475,1505.5,-209.057142857157,-251.125,272.125,37810,32732.5605738619,1.15511891942217,206.203052031924,1,3.5,895.25,2.40938285395141,718.205880997921,1.75680822641948
1,2,0,6,5.66850869110751,22.6740347644301,546,378,418,517,517,0.926169524664565,0,1,-1,0,0.111111111111111,28363,28369,28362.25,28368.25,122,0,4201,2026-05-06T01:01:00-05:00,2026-05,48.5,0.17641324279325,4,0,0,31.88669363488,723,0,0,45.9115464369434,1041,33.9595492377007,770,260.25,EQH,0,1,1.7641324279325,EXTERNAL_SWING_CONFIRMATION,18,4201,28365.625,2026-05-06T01:01:00-05:00,1,0,BOS_UP,UP,GRAB,-0.714285714285714,Resolved,BSL,0.75,1,BEARISH_FVG,BULLISH_OB,0,1.54361587444094,5.25,28363,28369,20,4201,28362.25,28368.25,28369,6.75,HIGH,2026-05-06T01:01:00-05:00,122,28108.75,LOW,1.0584794567595,1.19078938885444,4367,ChartPrimeHigh,2026_05.csv,13.5,416.5,225.5,2189.5,225.5,3317.5,0,external,HH,-293.5,4366,45.9115464369434,NQ,8,9,3,4,70.5,34.5572283332335,10,10,1,252.240000000005,201.5,150.759999999995,174.625,430,13.5,383,416.5,45.3142857142811,67.125,210.458333333328,1254,801.023748624602,1.56549665618926,169.771312165103,23.2857142857143,13.903272184764,5,9,1,92.7960000000021,72.5,52.2039999999979,83.25,172,13.5,89,158.5,22.4857142857218,47.4166666666715,119.083333333328,122,134.166186444522,0.909320024911396,84.8198286502593,280.357142857143,207.742157909588,9,5,1,1064.88400000001,818.5,572.115999999995,949,2088,225.5,1737,1862.5,-150.271428571417,688,1297,4591,11129.8557036895,0.412494116925353,936.04019857182,1,0.75,87.95,1.38715179079022,73.9232541220961,0.460612839685885
1,4,0,7,8.10430303498807,32.4172121399523,41,141,315,558,558,2.03595545832453,0,1,-1,0,0.488372093023256,28315.75,28332.25,28300,28332.25,1180,0,4242,2026-05-06T01:42:00-05:00,2026-05,-149.5,3.36241128723293,109,0,0,13.7889710586525,447,8.51399555299348,276,0,0,15.2388181274594,494,69,EQH,0,1,0.401021529669983,EXTERNAL_SWING_CONFIRMATION,19,4242,28316.125,2026-05-06T01:42:00-05:00,1,0,BOS_UP,UP,NONE,-0.75,Detected,SSL,15.75,0,BEARISH_FVG,BULLISH_OB,0,1.07967334911149,16.5,28315.75,28332.25,21,4242,28300,28332.25,28300,32.25,LOW,2026-05-06T01:42:00-05:00,1180,28369,HIGH,-1.94341202840069,3.97936748672522,-1,ChartPrimeLow,2026_05.csv,211.5,214.5,423.5,1991.5,423.5,3119.5,1,external,HL,64.5,-1,8.51399555299348,NQ,0,0,0,0,86.2142857142857,46.2072431909573,10,8,1,-38.4600000000064,-71.5,-104.539999999994,4.33333333332848,280,211.5,63,68.5,-80.7571428571537,-100.666666666672,4.33333333332848,1963,1092.05762553826,1.79752419111808,-62.1317818024836,32.4285714285714,23.1352398584569,4,7,1,-40.9320000000007,-73.5,-106.067999999999,1.25,276,211.5,-28,64.5,-53.8571428571449,-125.25,1.25,1180,318.694282681017,3.70260799808909,-82.731205044809,286.071428571429,187.091542267336,10,6,1,866.884000000005,620.5,374.115999999995,751,2088,423.5,1505,1664.5,-290.085714285728,490,1099,6766,10665.2244515615,0.634398275510218,722.172813324272,1,0,79.45,14.8521082441787,40.4604436456152,27.2006409430281
1,1,0,7,13.8903791975682,55.5615167902726,268,61,3,144,144,0.629932406851204,0,1,1,0,0.666666666666667,28629.75,28634.25,28620.75,28621,439,0,4510,2026-05-06T06:10:00-05:00,2026-05,1051,9.53897644660394,530,1.36785322630547,76,19.0959509619751,1061,0,0,24.063417941716,1337,19.3839200622499,1077,334.25,EQL,1,1,0.071992275068709,EXTERNAL_SWING_CONFIRMATION,20,4510,28627.5,2026-05-06T06:10:00-05:00,0,0,BOS_UP,UP,GRAB,-0.75,Resolved,BSL,0.25,0,BULLISH_FVG,BULLISH_OB,1,0.287969100274836,8.75,28629.75,28634.25,22,4510,28620.75,28621,28634.25,13.5,HIGH,2026-05-06T06:10:00-05:00,439,28300,LOW,0.323965237809191,0.971895713427572,4938,ChartPrimeHigh,2026_05.csv,27,1278,27,2910,27,4365,0,external,HH,-113,4937,24.063417941716,NQ,2,4,2,2,172.857142857143,81.185481266179,13,10,1,740.555999999997,594,447.444000000003,516.375,1242,27,1146,1215,27.6999999999971,154.125,878.625,4543,3688.24151487754,1.23175230843061,553.90464582968,53,27.8969478482533,11,9,1,288.797999999995,228.5,168.202000000005,196.5625,511,27,173,484,11.3714285714232,90.1041666666715,324.3125,439,409.488768547282,1.07206847591306,196.46847051692,351.928571428571,226.887092502771,11,4,1,1462.38,1178,893.619999999995,2031.54166666667,2410,27,2159,2383,548.342857142852,1429.04166666667,2332.79166666667,21990,15225.449862957,1.44429229992743,1625.18816984136,1,4.5,467.15,0.939740982553784,221.388860379198,-0.12715183569663
1,1,0,8,19.0639795536801,76.2559182147203,140,549,309,284,284,2.2949038461151,0,0,-1,0,0.174107142857143,28345.75,28392,28336,28389.5,7483,0,4650,2026-05-06T08:30:00-05:00,2026-05,-445,0.45898076922302,35,0,0,1.73101318678396,132,15.6446873623732,1193,0,0,1.31137362635148,100,298.25,EQH,2,1,0.275388461533812,EXTERNAL_SWING_CONFIRMATION,21,4650,28364,2026-05-06T08:30:00-05:00,1,0,BOS_UP,UP,NONE,-0.777777777777778,Detected,SSL,9.75,1,BEARISH_FVG,BULLISH_OB,1,0.209819780216238,43.75,28345.75,28392,23,4650,28336,28389.5,28336,56,LOW,2026-05-06T08:30:00-05:00,7483,28634.25,HIGH,-0.511435714277079,2.93747692302733,-1,ChartPrimeLow,2026_05.csv,1081,112,1081,1575,1081,3311,1,external,HL,112,-1,15.6446873623732,NQ,4,8,2,4,203.142857142857,147.764142358413,5,8,1,-343.725999999995,-484.5,-625.274000000005,37.4375,1193,1081,-682,112,-174.414285714287,-757.895833333328,37.4375,14876,6996.9405076524,2.12607210018871,-521.644296473125,78.8571428571429,43.0063441726656,8,8,1,-144.322,-223.5,-302.678,14.1458333333285,671,559,-299,112,-44.0428571428492,-293.395833333328,14.1458333333285,7483,2211.82373104252,3.38318098995754,-200.087146352918,348,250.140126443448,10,1,1,257.588000000003,2,-253.588000000003,769.125,2166,1081,912,1085,-508.171428571426,-133.375,1039.875,39776,21981.212587979,1.80954530332656,211.032877015139,1,2.5,710,10.5394366197183,288.478942039103,23.4783168300788
1,4,0,8,14.1966814744858,56.786725897943,404,24,5,117,117,0.968536205078029,0,1,1,0,0.662650602409639,28793,28800,28779.25,28779.25,1424,0,5054,2026-05-06T15:14:00-05:00,2026-05,490.5,9.36838656548203,532,4.01502281377801,228,11.6752637084861,663,0,0,32.6836944840877,1856,12.6966291611138,721,464,EQL,1,0,0.669170468963002,EXTERNAL_SWING_CONFIRMATION,22,5054,28789.625,2026-05-06T15:14:00-05:00,0,0,BOS_UP,UP,SWEEP,-0.777777777777778,Resolved,BSL,0,0,BULLISH_FVG,BULLISH_OB,0,0.528292475497107,13.75,28793,28800,24,5054,28779.25,28779.25,28800,20.75,HIGH,2026-05-06T15:14:00-05:00,1424,28336,LOW,0.493072977130633,1.46160918220866,5655,ChartPrimeHigh,2026_05.csv,41.5,1109.5,41.5,2723.5,41.5,5013.5,0,external,HH,-255.5,5655,32.6836944840877,NQ,1,2,0,0,120.857142857143,74.5882247454428,11,9,1,669.817999999999,534,398.182000000001,318.1875,1151,41.5,1062,1109.5,250.757142857154,318.1875,749.8125,8377,11335.626998819,0.7389974988479,532.913622416308,60.2142857142857,38.7650232822718,7,10,1,287.894,225,162.106,302.729166666672,533,41.5,389,491.5,71.1857142857189,302.729166666672,435.979166666672,1424,1079.10365689703,1.31961372839262,344.825194650912,446.642857142857,232.455208394595,8,4,1,1323.04399999999,1062.5,801.956000000006,832.5,2208,41.5,1920,2166.5,432.92857142858,648.5,1568.5,71838,46119.8304502473,1.55763798996392,1093.80571595674,1,7,1909.15,0.745881675091009,2295.59082318692,-0.211339928309383
1,2,0,9,7.34266406618831,29.3706562647533,209,313,308,326,326,0.0340475878708937,0,0,-1,0,0.783783783783784,28644.25,28646.25,28637,28644.5,176,0,5263,2026-05-06T19:43:00-05:00,2026-05,-101.5,0.408571054450724,12,0,0,0.37452346657983,11,22.1990272918227,652,0,0,2.34928356309166,69,163,EQH,0,1,0.37452346657983,EXTERNAL_SWING_CONFIRMATION,23,5263,28641.625,2026-05-06T19:43:00-05:00,1,0,BOS_UP,UP,RUN,-0.8,Resolved,SSL,7.25,1,BULLISH_FVG,BULLISH_OB,0,1.02142763612681,0.25,28644.25,28646.25,25,5263,28637,28644.5,28637,9.25,LOW,2026-05-06T19:43:00-05:00,176,28800,HIGH,-0.987380048255916,1.25976075122307,6260,ChartPrimeLow,2026_05.csv,633.5,18.5,633.5,1574.5,633.5,4421.5,1,external,HL,336.5,6258,22.1990272918227,NQ,4,6,3,4,85.3571428571429,65.5833487944752,6,6,1,-213.373999999996,-285,-356.626000000004,-120.604166666672,607,588.5,-570,18.5,-39.9571428571508,-272.354166666672,5.85416666667152,981,1155.94808504341,0.848654029270836,-213.476867638383,25.6428571428571,13.1236972142547,4,7,1,-70.1239999999962,-97.5,-124.876000000004,-92.6666666666715,232,213.5,-40,18.5,-28.1571428571478,-121.666666666672,-5.66666666667152,176,112.661719304027,1.5621987760106,-89.014189578098,374.071428571429,211.722158248099,9,5,1,602.5,366.5,130.5,241.5,2000,633.5,1278,1366.5,-323.514285714278,-8.5,991.5,7529,25782.950935346,0.292014673529027,419.493261379816,1,1.75,112.25,1.56792873051225,53.2511736959853,1.19715671177415
1,2,1,9,8.71001845570126,34.840073822805,442,61,0,2,2,0.545349016670662,1,1,-1,0,0.311111111111111,28806.75,28814.5,28803.25,28811.5,223,0,5705,2026-05-07T03:05:00-05:00,2026-05,156.5,9.87368745972146,344,0.861077394743151,30,1.66474962983676,58,0,0,20.3788316755879,710,3.32949925967352,116,177.5,EQL,1,1,1.77955994913584,EXTERNAL_SWING_CONFIRMATION,24,5705,28808.875,2026-05-07T03:05:00-05:00,0,0,BOS_UP,UP,RUN,-0.8,Resolved,BSL,3.5,0,BULLISH_FVG,BULLISH_OB,0,0.918482554392694,4.75,28806.75,28814.5,26,5705,28803.25,28811.5,28814.5,11.25,HIGH,2026-05-07T03:05:00-05:00,223,28637,LOW,0.889779974567922,1.29161609211473,6067,ChartPrimeHigh,2026_05.csv,22.5,475.5,22.5,2003.5,22.5,5090.5,0,external,HH,-262.5,6065,20.3788316755879,NQ,7,10,3,4,112.714285714286,61.9580497176291,6,8,1,274.758000000002,218,161.241999999998,167.895833333328,481,22.5,417,458.5,95.1142857142841,-12.4791666666715,328.229166666672,1413,1471.77190625574,0.960067245470624,231.118746993758,33.9285714285714,30.6944142747368,4,3,1,173.406000000003,136,98.5939999999973,102.979166666672,317,22.5,116,294.5,42.471428571429,50.1458333333285,169.020833333328,223,178.056257011698,1.25241316279803,112.005568322435,239.142857142857,176.292851347099,10,7,1,1160.352,934.5,708.648000000001,1373.125,1914,22.5,753,1891.5,114.471428571429,575.625,1612.375,11314,9968.12665003997,1.13501768157757,976.98789038969,1,3,123.5,1.80566801619433,79.1388021137545,1.25728463588542
1,4,0,10,8.14305207471115,32.5722082988446,126,690,502,894,128,0.153505097171362,0,0,1,0,0.803030303030303,28703.5,28706.75,28690.25,28702.25,451,0,5831,2026-05-07T05:11:00-05:00,2026-05,-285,2.14907136039907,70,0,0,13.4777475316456,439,15.2584066588334,497,0,0,8.65768748046484,282,124.25,EQH,1,1,0.460515291514087,EXTERNAL_SWING_CONFIRMATION,25,5831,28698.5,2026-05-07T05:11:00-05:00,1,0,BOS_UP,UP,GRAB,-0.818181818181818,Resolved,SSL,12,0,BULLISH_FVG,BULLISH_OB,0,0.921030583028175,1.25,28703.5,28706.75,27,5831,28690.25,28702.25,28690.25,16.5,LOW,2026-05-07T05:11:00-05:00,451,28814.5,HIGH,-1.62715403001644,2.02626728266198,6197,ChartPrimeLow,2026_05.csv,464,33,464,1450,464,4649,1,external,HL,238,6195,15.2584066588334,NQ,3,5,3,3,114.428571428571,60.9308467256681,9,7,1,-156.854000000007,-215.5,-274.145999999993,-205.145833333328,497,464,-83,33,-119.585714285728,-350.104166666672,-122.3125,1671,1203.75803254081,1.38815273072194,-238.700805231027,33.2142857142857,19.8185746777021,10,4,1,-77.398000000001,-111.5,-145.601999999999,-189.770833333328,289,256,-137,33,-34.2571428571537,-237.9375,-105.479166666672,451,200.474407659384,2.24966371152108,-142.142707843435,247.285714285714,170.575752470352,8,5,1,718.851999999999,493,267.148000000001,54.375,1914,464,1109,1450,-269.971428571414,-184.875,931.625,6379,9948.30534076826,0.641214737736164,486.5022317947,1,3.25,126.85,3.55538037051636,74.896778969459,4.32795648170905
1,5,0,10,15.5634333418529,62.2537333674117,284,319,6,50,50,1.36537996040082,0,1,1,0,0.904255319148936,28942.5,28944.75,28921.25,28921.25,2307,0,6115,2026-05-07T09:55:00-05:00,2026-05,694,12.2241664690003,761,2.15248134933777,134,8.36897599257446,521,0,0,16.3524329375063,1018,9.44521666724334,588,254.5,EQH,0,1,0.530088690508555,EXTERNAL_SWING_CONFIRMATION,26,6115,28933,2026-05-07T09:55:00-05:00,0,0,BOS_UP,UP,RUN,-0.818181818181818,Resolved,BSL,0,0,BEARISH_FVG,BULLISH_OB,0,0.771038095285171,21.25,28942.5,28944.75,28,6115,28921.25,28921.25,28944.75,23.5,HIGH,2026-05-07T09:55:00-05:00,2307,28690.25,LOW,0.144569642865969,1.50994960326679,7357,ChartPrimeHigh,2026_05.csv,47,911,47,2192,47,5587,0,external,HH,-667,7355,16.3524329375063,NQ,4,5,1,2,182.5,144.726422236,3,4,1,538.245999999999,426.5,314.754000000001,761.895833333328,947,47,881,900,227.685714285719,367.3125,840.8125,12558,12730.5026581728,0.986449658524514,518.465975554602,59.7142857142857,51.9939437624226,2,5,1,383.745999999999,301.5,219.254000000001,374.104166666672,697,47,299,650,70.6142857142695,112.729166666672,432.1875,2307,1361.32652220726,1.69467057488855,307.980824124679,257.642857142857,160.837485577577,13,2,1,825.615999999995,659,492.384000000005,864.916666666672,1412,47,1395,1365,528.785714285725,570.75,1100.25,85246,33230.266832142,2.56531193175812,756.988788534829,1,2.25,1104.05,2.08957927630089,392.061662879706,3.06826735152908
1,1,0,9,27.5971058595289,110.388423438116,152,1526,1402,1330,72,0.154001655884961,0,0,-1,0,0.70625,28580.25,28592,28552,28584.5,3556,0,6267,2026-05-07T12:27:00-05:00,2026-05,-750,0,0,0,0,5.00958327672842,553,14.2315647879572,1571,0,0,2.18319994519268,241,392.75,EQH,0,1,0.235531944294646,EXTERNAL_SWING_CONFIRMATION,27,6267,28572,2026-05-07T12:27:00-05:00,1,0,CHOCH_DOWN,DOWN,SWEEP,-0.8,Resolved,SSL,28.25,1,BULLISH_FVG,BULLISH_OB,1,0.271767628032283,4.25,28580.25,28592,29,6267,28552,28584.5,28552,40,LOW,2026-05-07T12:27:00-05:00,3556,28944.75,HIGH,-1.02365806558827,1.44942734950551,6480,ChartPrimeLow,2026_05.csv,1491,80,1491,239,1491,4143,1,external,LL,249,6480,14.2315647879572,NQ,5,7,2,3,274.928571428571,172.557084267284,3,10,1,-520.122000000003,-705.5,-890.877999999997,-1196.4375,1571,1491,-1029,80,-285.971428571429,-1458.27083333333,-541.854166666672,24104,14665.6944793062,1.64356348988529,-846.604737840578,112.857142857143,85.8395318344846,6,4,1,-262.653999999995,-368.5,-474.346000000005,-499.3125,897,817,-475,80,-164.128571428577,-760.9375,-349.8125,3556,2771.66840374808,1.28298175755487,-449.999549916771,372.214285714286,229.24106988125,6,2,1,-520.122000000003,-705.5,-890.877999999997,-672.770833333328,1571,1491,-804,80,-784.828571428574,-1065.52083333333,-345.479166666672,78504,54170.6946489767,1.44919684912113,-772.62166311669,1,7.5,1617.7,2.19818260493293,1083.14607048172,1.78950933103413
2,2,0,9,26.7546735577706,107.018694231083,157,628,238,721,229,0.897039537715811,0,1,1,0,0.545918367346939,28744,28766.25,28717.25,28720,1705,0,6424,2026-05-07T15:04:00-05:00,2026-05,247,0.439175607006699,47,0,0,2.84062520276673,304,0,0,8.00794670648385,857,0.420487283304286,45,214.25,EQH,3,1,0.299013179238604,EXTERNAL_SWING_CONFIRMATION,28,6424,28741.75,2026-05-07T15:04:00-05:00,1,0,CHOCH_DOWN,DOWN,GRAB,-0.636363636363636,Resolved,BSL,2.75,1,BEARISH_FVG,BULLISH_OB,1,0.299013179238604,24,28744,28766.25,30,6424,28717.25,28720,28766.25,49,HIGH,2026-05-07T15:04:00-05:00,1705,28552,LOW,0.831630404757366,1.83145572283645,6669,ChartPrimeHigh,2026_05.csv,138,759,812,759,812,4822,0,external,LH,-430,6668,8.00794670648385,NQ,5,5,2,4,254.071428571429,140.201605511383,5,9,1,431.626000000004,330.5,229.373999999996,276.9375,857,98,73,759,357.785714285725,134.104166666672,455.479166666672,24198,12975.9106388718,1.86484021610863,342.526689970284,122.714285714286,79.8869932575331,7,4,1,345.724000000002,261,176.275999999998,246.041666666672,718,98,258,620,147.157142857148,216.125,485.375,1705,2291.61963989043,0.744015267769969,319.783617336754,412.428571428571,229.856239069332,6,5,1,158.877999999997,-26.5,-211.877999999997,268.0625,1571,812,275,759,-37.6428571428405,-190.145833333328,529.895833333328,70363,60833.7261045296,1.15664458690392,26.1104627041786,1,22.25,1839.15,0.927058695593073,1521.26491036243,-0.0881831948441118
2,0,0,9,21.3035423700508,85.2141694802032,56,1739,1616,1543,285,0.222967613436801,0,1,-1,0,0.743589743589744,28577.25,28589.75,28541,28582,1084,0,6480,2026-05-07T17:00:00-05:00,2026-05,-458.5,0.516346052169434,44,0,0,7.00587711693528,597,10.5733589319241,901,0,0,3.34451420155202,285,225.25,EQH,2,1,0.211232475887496,EXTERNAL_SWING_CONFIRMATION,29,6480,28565.375,2026-05-07T17:00:00-05:00,1,0,CHOCH_DOWN,DOWN,NONE,-0.636363636363636,Detected,SSL,36.25,1,BULLISH_FVG,BULLISH_OB,1,0.35205412647916,4.75,28577.25,28589.75,31,6480,28541,28582,28541,48.75,LOW,2026-05-07T17:00:00-05:00,1084,28766.25,HIGH,-1.70159494464927,2.28835182211454,-1,ChartPrimeLow,2026_05.csv,803.5,97.5,1517.5,97.5,1517.5,4116.5,1,external,LL,275.5,-1,10.5733589319241,NQ,3,6,2,2,243.714285714286,148.397412477694,5,9,1,-246.682000000001,-353,-459.317999999999,-446.854166666672,901,803.5,-385,97.5,-382.385714285716,-484.395833333328,-221.604166666672,2937,5618.65422612856,0.522723036833624,-372.724393636265,78.6428571428571,53.2550121189483,5,5,1,-246.682000000001,-353,-459.317999999999,-634.5625,901,803.5,-367,97.5,-247.799999999988,-784.729166666672,-409.3125,1084,392.482290577906,2.76190805553004,-512.157261210668,450.857142857143,258.678588780041,7,7,1,-519.429999999993,-710,-900.570000000007,-407.1875,1615,1517.5,-282,97.5,-561.085714285728,-878.229166666672,-205.3125,23497,52529.9490349931,0.447306735141649,-677.074910474956,1,7.75,231.9,4.67442863303148,118.50860728234,7.19019503764749
1,3,0,9,13.2808941169553,53.1235764678214,883,38,4,1298,695,0.150592270549515,0,1,-1,0,0.21875,28969.75,28976,28968,28971.75,458,0,7363,2026-05-08T07:43:00-05:00,2026-05,148,6.40017149835438,340,1.43062657022039,76,15.7933643738804,839,0,0,32.7538188445195,1740,13.4215361127255,713,435,EQL,3,1,0.0376480676373787,EXTERNAL_SWING_CONFIRMATION,30,7363,28972,2026-05-08T07:43:00-05:00,0,0,CHOCH_UP,UP,GRAB,-0.8,Resolved,BSL,1.75,0,BEARISH_FVG,BULLISH_OB,1,0.903553623297089,2,28969.75,28976,32,7363,28968,28971.75,28976,8,HIGH,2026-05-08T07:43:00-05:00,458,28541,LOW,0.470600845467234,0.602369082198059,7417,ChartPrimeHigh,2026_05.csv,16,562,16,1724,16,5743,0,external,HH,-424,7416,32.7538188445195,NQ,7,8,3,5,96.5714285714286,69.5383701621769,8,4,1,341.203999999998,273,204.796000000002,309.125,578,16,307,562,199.314285714267,236.875,477.708333333328,6513,2757.07456842355,2.3622864882193,295.597552312029,72.4285714285714,34.6479425768989,9,6,1,228.728000000003,182,135.271999999997,74.75,396,16,346,380,-31.9857142857363,-7.75,272.75,458,532.215706785739,0.860553332343464,193.24726554376,237.571428571429,137.185065990532,13,6,1,1059.32000000001,854,648.679999999993,1180.25,1740,16,361,1724,241.271428571417,962.75,1470.25,16030,10274.690147805,1.56014437120758,1063.92377260093,1,4.25,516.9,0.886051460630683,429.242344136736,-0.137218521901551
1,4,0,10,15.2112615731031,60.8450462924125,47,208,153,1345,742,0.788889201748963,0,1,1,0,0.71264367816092,28890.5,28903,28859.5,28878.5,4730,0,7410,2026-05-08T08:30:00-05:00,2026-05,87,0.312268642358964,19,0,0,6.13032650525756,373,7.65879933364618,466,0,0,4.05949235066654,247,116.5,EQH,2,1,0.328703834062068,EXTERNAL_SWING_CONFIRMATION,31,7410,28881.25,2026-05-08T08:30:00-05:00,1,0,CHOCH_UP,UP,SWEEP,-0.818181818181818,Resolved,SSL,19,1,BEARISH_FVG,BULLISH_OB,1,0.788889201748963,12,28890.5,28903,33,7410,28859.5,28878.5,28859.5,43.5,LOW,2026-05-08T08:30:00-05:00,4730,28976,HIGH,-2.03796377118482,2.85972335633999,10288,ChartPrimeLow,2026_05.csv,379,199,379,1361,379,5380,1,external,HL,-61,10288,7.65879933364618,NQ,6,10,3,4,136.714285714286,75.5616817200419,12,6,1,-45.898000000001,-109.5,-173.101999999999,-8.4375,539,379,125,160,-127.242857142846,-120.729166666672,81.3958333333285,8857,4759.19044625525,1.86103079925475,-83.7665201664786,60.3571428571429,22.6000166345018,10,14,1,-91.0120000000024,-146,-200.987999999998,-19.7916666666715,466,379,32,87,-11.4285714285797,-175.125,38.4583333333285,4730,1380.93856065391,3.42520669258465,-118.849050024393,250.071428571429,100.438806230422,10,12,1,696.320000000007,491,285.679999999993,817.25,1740,379,630,1361,-174.157142857162,599.75,1107.25,33457,13754.720069166,2.43240137434717,676.236917852264,1,12.5,462.85,10.2192935076159,229.01796326926,18.6323812293407
1,1,0,10,15.0647642204235,60.2590568816941,391,171,147,385,385,1.65950157826613,0,1,1,0,0.481132075471698,29359.25,29386.75,29333.75,29334.25,3676,0,7801,2026-05-08T15:01:00-05:00,2026-05,138,6.04058574488872,364,5.34359508201694,322,27.2656109309125,1643,0,0,34.9988882856327,2109,33.3061966758013,2007,527.25,EQH,0,1,0.315305299870565,EXTERNAL_SWING_CONFIRMATION,32,7801,29360.25,2026-05-08T15:01:00-05:00,0,0,BOS_UP,UP,GRAB,-0.818181818181818,Resolved,BSL,0.5,0,BEARISH_FVG,BULLISH_OB,0,1.09527104165565,25,29359.25,29386.75,34,7801,29333.75,29334.25,29386.75,53,HIGH,2026-05-08T15:01:00-05:00,3676,28859.5,LOW,1.82545173609274,3.5181433459242,8006,ChartPrimeHigh,2026_05.csv,106,678,106,3277,106,7296,0,external,HH,-114,8005,34.9988882856327,NQ,0,0,0,0,149.642857142857,84.1191282905446,8,9,1,366.770000000004,276.5,186.229999999996,292.4375,765,106,595,659,227.557142857142,164.9375,388.0625,34843,12634.7579879667,2.75771012259865,283.445023918102,67.2142857142857,27.4972527677683,11,12,1,216.596000000005,155,93.403999999995,100.625,522,106,266,416,79.4285714285797,-95.125,252.875,3676,4044.15256087132,0.908966698132673,195.139248995241,336.785714285714,280.104333340973,4,5,1,1616.36599999999,1287.5,958.634000000005,300.4375,2787,106,2663,2681,278.214285714275,68.1875,1229.4375,70581,45909.2397785711,1.5374029354532,959.775041558576,1,27.5,2078.5,1.76858311282175,2356.16677041333,0.678008034091643
1,3,0,11,14.2625873192884,57.0503492771535,76,330,274,461,461,2.85712536496732,0,1,-1,0,0.0833333333333333,29229.5,29270.75,29225.75,29270.25,686,0,7877,2026-05-10T17:17:00-05:00,2026-05,-310,0.560908047110148,32,0,0,17.5108480957199,999,11.2882744480917,644,0,0,23.8911771315979,1363,161,EQH,1,1,0.736191811832069,EXTERNAL_SWING_CONFIRMATION,33,7877,29248.25,2026-05-10T17:17:00-05:00,1,0,BOS_UP,UP,SWEEP,-0.833333333333333,Resolved,SSL,3.75,1,BEARISH_FVG,BULLISH_OB,0,1.15687284716468,40.75,29229.5,29270.75,35,7877,29225.75,29270.25,29225.75,45,LOW,2026-05-10T17:17:00-05:00,686,29386.75,HIGH,-0.262925647082882,3.15510776499458,9775,ChartPrimeLow,2026_05.csv,554,90,554,2829,554,6848,1,external,HL,334,9775,11.2882744480917,NQ,0,5,0,0,133.714285714286,124.739177359886,1,6,1,-156.008000000002,-232,-307.991999999998,-138.083333333328,644,554,-193,90,-284.5,-325.916666666672,22.9166666666715,2387,4530.04792182757,0.526925993100091,-219.594655737092,60.3571428571429,78.1748844347792,1,5,1,-97.9440000000031,-156,-214.055999999997,-371.25,492,402,-408,90,-31.6142857142841,-391.75,-104.75,686,281.749515005792,2.43478679984914,-244.706597624798,384.714285714286,281.585044512724,3,6,1,1120.162,800.5,480.838000000003,-158.9375,2709,554,1853,2155,-268.685714285719,-384.6875,744.0625,12939,39047.1898928664,0.331368276065466,451.752659024001,1,0.5,284.2,2.41379310344828,226.511942290026,1.77385790761326
1,7,0,11,8.65746306851735,34.6298522740694,139,186,4,11,11,0.0288768196897217,1,1,-1,0,0.230769230769231,29397.25,29399.75,29396.5,29397.5,187,0,8016,2026-05-10T19:36:00-05:00,2026-05,289.5,7.39246584056875,256,1.27058006634775,44,1.50159462386553,52,0,0,20.0982665040463,696,2.22351511610857,77,174,EQL,0,0,0.0288768196897217,EXTERNAL_SWING_CONFIRMATION,34,8016,29398.125,2026-05-10T19:36:00-05:00,0,0,BOS_UP,UP,RUN,-0.833333333333333,Resolved,BSL,0.75,0,BULLISH_FVG,BULLISH_OB,1,0.721920492243042,0.25,29397.25,29399.75,36,8016,29396.5,29397.5,29399.75,3.25,HIGH,2026-05-10T19:36:00-05:00,187,29225.75,LOW,0.288768196897217,0.375398655966382,8794,ChartPrimeHigh,2026_05.csv,6.5,689.5,6.5,3037.5,6.5,7447.5,0,external,HH,-265.5,8792,20.0982665040463,NQ,5,9,3,3,126.714285714286,138.858253035569,6,2,1,423.627999999997,341.5,259.372000000003,240,696,6.5,198,689.5,226.671428571426,37,414,1953,2114.96145197115,0.923421085608817,315.219614858943,36.8571428571429,26.409903587835,6,7,1,254.296000000002,204.5,154.703999999998,125.375,422,6.5,186,415.5,-10.7571428571537,2.29166666667152,336.375,187,188.456719736679,0.992270269063822,197.21919237636,410.357142857143,235.365986245256,4,8,1,1604.008,1296.5,988.991999999998,482.125,2606,6.5,2523,2599.5,-41.057142857142,264.958333333328,1242.20833333333,13257,28056.8905754107,0.472504248621854,983.994949090571,1,2.25,236.95,0.789196032918337,145.840143650505,-0.342498291277752
1,1,0,12,11.3796401438623,45.5185605754492,479,800,616,490,490,1.14239113325667,0,0,-1,0,0.216216216216216,29267.25,29281.75,29263.25,29280.25,236,0,8495,2026-05-11T03:35:00-05:00,2026-05,33,2.76810159212194,126,0,0,10.8527157659384,494,11.9951068991951,546,0,0,9.7542627531916,444,136.5,EQH,1,1,1.40601985631591,EXTERNAL_SWING_CONFIRMATION,35,8495,29272.5,2026-05-11T03:35:00-05:00,1,0,BOS_UP,UP,SWEEP,-0.846153846153846,Resolved,SSL,4,0,BEARISH_FVG,BULLISH_OB,1,0.549226506373401,13,29267.25,29281.75,37,8495,29263.25,29280.25,29263.25,18.5,LOW,2026-05-11T03:35:00-05:00,236,29399.75,HIGH,-0.351504964078977,1.62571045886527,8747,ChartPrimeLow,2026_05.csv,335,37,509,1830,509,6945,1,external,HL,35,8747,11.9951068991951,NQ,5,9,0,0,109.428571428571,49.5539695913032,15,11,1,-105.104000000007,-149,-192.895999999993,-187.75,372,335,-265,37,-95.8571428571595,-280.75,-110.25,1514,1285.01442357731,1.17819689197357,-171.993345432551,45.9285714285714,33.5255771510092,7,7,1,-66.1399999999994,-98,-129.860000000001,-36.125,270,233,-119,37,-5.94285714284342,-159.875,8.875,236,150.762543060149,1.5653755582104,-106.45047895248,299.5,330.795949530165,2,5,1,826.498000000007,571.5,316.501999999993,-13.7708333333285,2161,509,1489,1652,-502.128571428562,-283.895833333328,616.520833333328,7586,10501.5286556951,0.722371023182993,308.118721108884,1,1.5,138.55,1.70335618910141,56.8757197756653,1.71338490984152
2,6,0,12,8.79793361676278,35.1917344670511,176,841,659,666,666,0.880888665178589,0,1,-1,0,0.102040816326531,29378,29389,29376.75,29385.75,330,0,8671,2026-05-11T06:31:00-05:00,2026-05,161.5,6.05255760267869,213,0.0284157633928577,1,0.255741870535719,9,0,0,14.2931289866074,503,0.966135955357162,34,125.75,EQL,0,1,0.0284157633928577,EXTERNAL_SWING_CONFIRMATION,36,8671,29382.875,2026-05-11T06:31:00-05:00,0,0,BOS_UP,UP,RUN,-0.714285714285714,Resolved,BSL,1.25,0,BULLISH_FVG,BULLISH_OB,1,0.710394084821443,7.75,29378,29389,38,8671,29376.75,29385.75,29389,12.25,HIGH,2026-05-11T06:31:00-05:00,330,29263.25,LOW,1.25029358928574,1.39237240625003,8794,ChartPrimeHigh,2026_05.csv,24.5,478.5,67.5,2166.5,67.5,7386.5,0,external,LH,-223.5,8792,14.2931289866074,NQ,6,10,2,2,101.285714285714,76.9954278009771,6,7,1,286.354000000007,227,167.645999999993,216.520833333328,503,24.5,412,478.5,154.857142857145,132.6875,342.270833333328,2401,1575.16468498228,1.52428506231208,242.934320828455,36.0714285714286,17.1962740762416,11,8,1,222.081999999995,175,127.918000000005,83.5625,399,24.5,191,374.5,1.5,-16.1875,299.6875,330,249.281383082523,1.32380523535027,197.738297420656,302,153.871700535101,7,11,1,738.990000000005,585,431.009999999995,394.6875,1305,67.5,1078,1237.5,111.771428571417,68.4375,612.1875,9421,9602.78925057008,0.98106912004142,457.619580396553,1,3.25,196.85,1.67640335280671,132.402143109543,1.00564837451187
2,5,0,12,12.471849703639,49.8873988145561,76,1052,860,742,742,1.70383708150361,0,1,-1,0,0.296052631578947,29270.5,29297.25,29259.25,29291.75,2162,0,8747,2026-05-11T07:47:00-05:00,2026-05,-257,2.8464101832178,142,0,0,10.2230224890217,510,10.4034287682397,519,0,0,9.22076538225484,460,129.75,EQH,0,1,0.240541705624039,EXTERNAL_SWING_CONFIRMATION,37,8747,29278.25,2026-05-11T07:47:00-05:00,1,0,BOS_UP,UP,SWEEP,-0.714285714285714,Resolved,SSL,11.25,0,BULLISH_FVG,BULLISH_OB,1,0.501128553383415,21.25,29270.5,29297.25,39,8747,29259.25,29291.75,29259.25,38,LOW,2026-05-11T07:47:00-05:00,2162,29389,HIGH,-0.902031396090147,3.04686160457116,8851,ChartPrimeLow,2026_05.csv,443,76,486,1675,486,6968,1,external,LL,76,8851,10.4034287682397,NQ,0,2,0,0,116.857142857143,98.6405396002653,8,4,1,-122.258000000002,-183.5,-244.741999999998,-107.8125,519,443,-209,76,-130.5,-237.5625,0.3125,4488,2592.22954518596,1.73132815661896,-171.442531273016,47.5714285714286,28.3147846552851,7,8,1,-67.6319999999978,-112,-156.368000000002,-104.166666666672,376,300,-87,76,-8.21428571427532,-119.833333333328,5.5,2162,642.678441436379,3.36404624864645,-97.259779527536,277.285714285714,148.448321556467,7,11,1,45.4799999999959,-56,-157.479999999996,-109.75,860,486,214,374,-212.628571428577,-253.083333333328,33.5833333333285,15875,10654.9395437815,1.48991929374814,-67.001723606867,1,5.5,243.05,8.89528903517795,106.321434809732,18.0485713293286
1,4,1,12,19.2480461744034,76.9921846976137,47,964,0,789,2,0.207813300308855,1,1,-1,0,0.555555555555556,29426.75,29434.75,29416.75,29430.75,2337,0,8794,2026-05-11T08:34:00-05:00,2026-05,179,5.14337918264415,396,1.55859975231641,120,2.37686462228252,183,0,0,9.11780855105099,702,2.81846788543884,217,175.5,EQL,0,0,0.961136513928452,EXTERNAL_SWING_CONFIRMATION,38,8794,29425.75,2026-05-11T08:34:00-05:00,0,0,BOS_UP,UP,SWEEP,-0.846153846153846,Resolved,BSL,10,0,BULLISH_FVG,BULLISH_OB,1,0.324708281732585,4,29426.75,29434.75,40,8794,29416.75,29430.75,29434.75,18,HIGH,2026-05-11T08:34:00-05:00,2337,29259.25,LOW,0.415626600617709,0.935159851389845,8910,ChartPrimeHigh,2026_05.csv,36,666,36,2265,36,7558,1,external,HH,-514,8910,9.11780855105099,NQ,3,3,2,3,160.5,135.230136061636,9,3,1,397.835999999996,315,232.164000000004,505.125,702,36,461,666,407.728571428583,300.375,622.125,23214,6690.87319641731,3.46950230837287,372.288658408084,87.5,127.997848901098,2,2,0,397.835999999996,315,232.164000000004,417.375,702,36,478,666,174.542857142849,212.625,622.125,2337,2621.58203462879,0.891446450704302,351.226214114853,316.571428571429,143.048496298399,11,12,1,555.426000000007,442.5,329.573999999993,582.0625,957,36,766,921,304.385714285716,342.8125,621.9375,37771,15682.6695720629,2.40845474850054,474.443771518563,1,4,1175.9,1.98741389573943,1791.2388701678,0.648210587285454
1,5,0,12,26.5503248692495,106.201299476998,58,1305,1229,60,60,0.790950773800969,0,1,1,0,0.845679012345679,29281,29287.25,29246.75,29260,2680,0,8852,2026-05-11T09:32:00-05:00,2026-05,-456,1.09226535429658,116,0.112992967685853,12,5.35774988443752,569,7.08089264164677,752,0,0,1.31825128966828,140,188,EQH,0,1,0.546132677148288,EXTERNAL_SWING_CONFIRMATION,39,8852,29267,2026-05-11T09:32:00-05:00,0,0,BOS_UP,UP,RUN,-0.846153846153846,Resolved,SSL,13.25,0,BULLISH_FVG,BULLISH_OB,1,0.885111580205847,21,29281,29287.25,41,8852,29246.75,29260,29246.75,40.5,LOW,2026-05-11T09:32:00-05:00,2680,29434.75,HIGH,-1.29000304774682,1.52540506375901,9462,ChartPrimeLow,2026_05.csv,671,81,671,1345,671,6923,1,external,LL,640,9460,7.08089264164677,NQ,9,10,3,5,240.928571428571,164.017800244341,9,6,1,-206.263999999996,-295,-383.736000000004,-373.333333333328,752,671,-197,81,-309.542857142849,-561.333333333328,-216.666666666672,20302,13613.4077950506,1.49132387023484,-327.308517126745,104.857142857143,100.035181593232,3,3,1,-206.263999999996,-295,-383.736000000004,-373.333333333328,752,671,-419,81,-101.314285714267,-561.333333333328,-279.333333333328,2680,2323.49534927909,1.15343463064453,-372.246619096812,340.857142857143,148.095198756531,11,10,1,-154.351999999999,-253,-351.648000000001,-270.416666666672,836,671,-69,165,-302.100000000006,-340.083333333328,-26.5833333333285,102586,32151.0415731645,3.1907519937278,-228.584891412596,1,6.25,1451.5,1.84636582845332,785.622651150029,1.56372782556825
1,0,0,12,9.880964438251,39.523857753004,98,1120,7,27,27,0.278312913398843,0,1,-1,0,0.222222222222222,29474.75,29480,29473.25,29477.5,1202,0,8950,2026-05-11T11:10:00-05:00,2026-05,382.5,14.5987773664666,577,0.784336392305831,31,4.57951248410824,181,0,0,23.605995291011,933,5.43975239825012,215,233.25,EQL,0,1,0.0506023478906988,EXTERNAL_SWING_CONFIRMATION,40,8950,29476.625,2026-05-11T11:10:00-05:00,0,0,BOS_UP,UP,RUN,-0.846153846153846,Resolved,BSL,1.5,0,BULLISH_FVG,BULLISH_OB,1,0.632529348633735,2.75,29474.75,29480,42,8950,29473.25,29477.5,29480,6.75,HIGH,2026-05-11T11:10:00-05:00,1202,29246.75,LOW,0.531324652852337,0.683131696524433,11767,ChartPrimeHigh,2026_05.csv,13.5,919.5,13.5,1407.5,13.5,7761.5,1,external,HH,-198.5,11765,23.605995291011,NQ,5,5,1,1,229.785714285714,107.956093483882,13,9,1,563.093999999997,453,342.906000000003,316.9375,933,13.5,766,919.5,104.771428571432,161.4375,589.0625,6739,9149.33681583674,0.73655611719697,410.094056344577,35.2142857142857,23.5746574457451,8,6,1,283.758000000002,227,170.241999999998,216.979166666672,481,13.5,164,467.5,-15.5,136.8125,417.395833333328,1202,718.068662228776,1.67393462941159,193.242384852463,308.214285714286,162.00446201968,10,12,1,615.005999999994,495,374.994000000006,558.5625,1017,13.5,712,1003.5,442.585714285728,346.6875,728.0625,51159,39431.6752963266,1.29740873588411,519.010995399687,1,2.5,781.85,1.5373792927032,295.455288495569,1.42204257753978
1,0,0,13,17.1512535777223,68.6050143108892,241,848,341,399,268,3.93557238799592,0,0,-1,0,0.238482384823848,29336.75,29407,29314.75,29404.25,2010,0,9191,2026-05-11T15:11:00-05:00,2026-05,-232.5,0.349828656710748,24,0,0,6.99657313421496,480,9.63486425357519,661,0,0,0.553895373125351,38,165.25,EQL,1,1,0.320676268651519,EXTERNAL_SWING_CONFIRMATION,41,9191,29360.875,2026-05-11T15:11:00-05:00,1,0,BOS_UP,UP,GRAB,-0.857142857142857,Resolved,SSL,22,1,BEARISH_FVG,BULLISH_OB,1,1.37016223878376,67.5,29336.75,29407,43,9191,29314.75,29404.25,29314.75,92.25,LOW,2026-05-11T15:11:00-05:00,2010,29480,HIGH,-1.28270507460608,5.37861559692775,9451,ChartPrimeLow,2026_05.csv,475.5,184.5,476.5,540.5,476.5,7298.5,1,external,HL,237.5,9450,9.63486425357519,NQ,0,0,0,0,167.928571428571,115.590794147843,6,11,1,-62.653999999995,-139,-215.346000000005,-260.3125,647,462.5,-335,184.5,-141.542857142849,-341.1875,-71.6041666666715,7385,9713.42931922826,0.760287613910052,-244.261676761686,62.3571428571429,57.2578556189049,1,9,1,1.52199999999721,-55,-111.521999999997,-264.5625,479,294.5,-311,184.5,-104.285714285725,-264.5625,-124.854166666672,2010,977.352113431107,2.05657712545754,-172.329611573718,376.642857142857,167.718228617301,12,11,1,104.419999999998,-6.5,-117.419999999998,-143.583333333328,940,476.5,-128,463.5,-190.099999999991,-300.25,169.75,61127,42953.8800968867,1.42308447716765,-78.0787173826102,1,2.75,1377.95,1.45868863166298,1653.11679790026,0.382338380931591
2,5,0,13,3.92842645459704,15.7137058183882,95,236,185,363,363,0.50910969649428,0,1,1,0,0.615384615384615,29454.5,29455.75,29452.5,29452.5,43,0,9286,2026-05-11T17:46:00-05:00,2026-05,140.5,0.12727742412357,2,0,0,5.34565181318994,84,0,0,35.8922336028468,564,7.50936802329063,118,141,EQL,0,1,3.18193560308925,EXTERNAL_SWING_CONFIRMATION,42,9286,29454.125,2026-05-11T17:46:00-05:00,1,0,BOS_UP,UP,GRAB,-0.733333333333333,Resolved,BSL,0,1,BEARISH_FVG,BULLISH_OB,1,1.59096780154463,2,29454.5,29455.75,44,9286,29452.5,29452.5,29455.75,3.25,HIGH,2026-05-11T17:46:00-05:00,43,29314.75,LOW,0.318193560308925,0.827303256803205,11758,ChartPrimeHigh,2026_05.csv,83.5,557.5,103.5,913.5,103.5,7671.5,1,external,LH,-175.5,11757,35.8922336028468,NQ,4,5,2,2,116.857142857143,102.509794690649,6,5,1,312.638000000006,237,161.361999999994,116.8125,641,83.5,-72,557.5,148.957142857151,116.8125,277.0625,559,2021.4742324518,0.276530856058453,171.585533733029,14.3571428571429,6.64889046088828,10,11,1,157.270000000004,126,94.7299999999959,76.3125,265,6.5,91,258.5,5.94285714284342,-0.979166666671517,164.645833333328,43,59.01285414337,0.728654809603561,126.229626016269,379.928571428571,147.801698460029,10,13,1,473.093999999997,363,252.906000000003,226.9375,933,103.5,462,829.5,82.1714285714261,71.4375,537.9375,5125,32630.4173237504,0.157062042729981,281.226326265416,1,1.25,70.2,0.612535612535613,42.310282438197,-0.642869733609822
2,0,0,11,16.2439695788033,64.9758783152132,826,2547,2628,1320,662,1.24661646906949,0,0,1,0,0.813008130081301,29138,29143.75,29113,29117.75,885,0,10112,2026-05-12T07:32:00-05:00,2026-05,-320.5,6.00222744366792,390,0,0,12.419993710359,807,21.1001380135095,1371,0,0,10.3884705755791,675,342.75,EQH,0,1,0.184683921343628,EXTERNAL_SWING_CONFIRMATION,43,10112,29128.375,2026-05-12T07:32:00-05:00,1,0,CHOCH_DOWN,DOWN,SWEEP,-0.692307692307692,Resolved,SSL,4.75,0,BULLISH_FVG,BULLISH_OB,1,1.44669071719176,20.25,29138,29143.75,45,10112,29113,29117.75,29113,30.75,LOW,2026-05-12T07:32:00-05:00,885,29455.75,HIGH,-1.53903267786357,1.89301019377219,10199,ChartPrimeLow,2026_05.csv,487.5,61.5,1406.5,61.5,1406.5,6368.5,1,external,LL,196.5,10199,21.1001380135095,NQ,8,8,3,5,121.642857142857,62.5640087268225,5,12,1,-148.217999999993,-213,-277.782000000007,-132.9375,549,487.5,-242,61.5,-46.8142857142666,-315.9375,4.3125,4543,2383.3235737284,1.90616165176979,-200.004899081745,68,28.7614847933629,10,12,1,-48.1340000000055,-82,-115.865999999995,-16.2291666666715,287,225.5,-56,61.5,-1.75714285713912,-135.8125,7.6875,885,571.622142678972,1.54822553908137,-86.9283915877022,282.571428571429,99.9845362103715,9,10,1,-499.275999999998,-672.5,-845.724000000002,-1070.08333333333,1468,1406.5,-1118,61.5,-131.957142857151,-1375.91666666667,-886.583333333328,13504,10885.8755828367,1.24050655339945,-959.136742266797,1,5.75,278.2,3.18116462976276,238.096115046004,2.54855061319567
3,3,0,11,27.7020756529196,110.808302611678,73,2555,519,1393,735,0.370008375127649,0,1,-1,0,0.3,29275,29296,29266,29285.25,3168,0,10185,2026-05-12T08:45:00-05:00,2026-05,199,0.00902459451530852,1,0,0,0.676844588648139,75,0,0,6.60600318520584,732,0,0,183,EQH,0,1,0.171467295790862,EXTERNAL_SWING_CONFIRMATION,44,10185,29281,2026-05-12T08:45:00-05:00,1,1,CHOCH_DOWN,DOWN,SWEEP,-0.571428571428571,Resolved,BSL,9,1,BULLISH_FVG,BULLISH_OB,1,0.848311884439001,10.25,29275,29296,46,10185,29266,29285.25,29296,30,HIGH,2026-05-12T08:45:00-05:00,3168,29113,LOW,0.758065939285916,1.08295134183702,11011,ChartPrimeHigh,2026_05.csv,60,672,796,672,796,6979,1,external,LH,-215,11011,6.60600318520584,NQ,7,12,3,4,186.142857142857,125.142767642533,5,7,1,392.376000000004,306,219.623999999996,412.75,732,60,224,672,310.685714285719,199.25,473.75,27340,11612.1953050603,2.35442130292848,340.709555342255,133.928571428571,112.425655802876,4,4,1,318.216,246,173.784,207.75,612,60,306,552,100.414285714272,-47.25,411.75,3168,2800.36685013114,1.13128035344785,285.344100888862,335,158.46372322695,6,12,1,116.572,-55,-226.572,-569.958333333328,1454,782,-596,672,424.200000000012,-751.708333333328,217.625,65815,22970.6296305732,2.86518049607148,-162.781954745573,1,10.75,2399.4,1.32033008252063,1389.33499919926,0.553214307883255
3,0,0,10,20.6840930218908,82.7363720875633,189,4502,3617,3706,171,0.0966926612582586,0,0,1,0,0.754098360655738,28753.5,28757.25,28742,28751.5,1537,0,10374,2026-05-12T11:54:00-05:00,2026-05,-1926.5,0.0483463306291293,4,0,0,17.936488663407,1484,26.7838671685376,2216,0,0,0.833974203352481,69,554,EQH,0,1,0.809801038037916,EXTERNAL_SWING_CONFIRMATION,45,10374,28749.625,2026-05-12T11:54:00-05:00,1,0,BOS_DOWN,DOWN,RUN,-0.538461538461538,Resolved,SSL,9.5,1,BEARISH_FVG,BULLISH_OB,1,0.277991401117494,2,28753.5,28757.25,47,10374,28742,28751.5,28742,15.25,LOW,2026-05-12T11:54:00-05:00,1537,29296,HIGH,-0.555982802234987,0.737281542094222,17116,ChartPrimeLow,2026_05.csv,2185.5,30.5,2921.5,30.5,2921.5,4853.5,1,external,LL,1910.5,17114,26.7838671685376,NQ,5,8,2,2,302.571428571429,164.089048696907,8,12,1,-816.012000000002,-1077.5,-1338.988,-569.666666666672,2216,2185.5,-1780,30.5,1.04285714284924,-1493,-15.6666666666715,12508,12242.8929404442,1.02165395555163,-1112.23209993576,87.5714285714286,38.5037094199732,13,10,1,-231.551999999996,-312.5,-393.448000000004,-469.708333333328,686,655.5,-235,30.5,5.95714285715076,-612.625,-241.041666666672,1537,1266.51063717417,1.21357054168084,-332.86384258364,414.142857142857,338.778145239223,1,6,1,-1060.11,-1397,-1733.89,-1813.35416666667,2855,2824.5,-2662,30.5,-961.442857142843,-2646.0625,-980.645833333328,67007,56548.1024778567,1.18495576445273,-1480.90080491293,1,3.75,1117.1,1.37588398531913,326.844443122413,1.28470900710016
4,5,0,10,14.6367936098253,58.5471744393012,179,2988,337,350,350,0.819851691557959,0,1,1,0,0.914285714285714,29186.75,29188.25,29170.75,29174.75,1914,0,10553,2026-05-12T14:53:00-05:00,2026-05,169,1.52014167809705,89,0,0,5.14115331581137,301,0,0,30.4882347798116,1785,3.19400554836122,187,446.25,EQH,0,1,0.427006089353104,EXTERNAL_SWING_CONFIRMATION,46,10553,29179.5,2026-05-12T14:53:00-05:00,1,0,BOS_DOWN,DOWN,SWEEP,-0.428571428571429,Resolved,BSL,4,0,BULLISH_FVG,BEARISH_OB,1,1.89590703672778,12,29186.75,29188.25,48,10553,29170.75,29174.75,29188.25,17.5,HIGH,2026-05-12T14:53:00-05:00,1914,28742,LOW,0.102481461444745,1.19561705018869,10821,ChartPrimeHigh,2026_05.csv,35,1750,1105,1750,1202,6424,0,external,LH,-1451,10821,30.4882347798116,NQ,5,7,1,2,199.357142857143,123.440452144198,8,4,1,1068.13,857.5,646.869999999995,745.9375,1785,35,1541,1750,215.228571428568,522.8125,1489.6875,13601,10155.6610917164,1.33925304095602,955.731914351883,57.5,41.2487789748647,7,2,1,554.572,442,329.428,541.375,954,35,372,919,47.1142857142841,223.375,740.125,1914,1507.5635165816,1.26959824839752,456.322945941429,535.642857142857,409.399079662585,4,4,1,693.770000000004,367.5,41.2299999999959,-35.7291666666715,2765,1015,-979,1750,876.442857142843,-381.354166666672,1001.14583333333,60490,56678.7648677812,1.06724273440167,474.577633140347,1,1.5,1137.9,1.68204587397838,401.405144461304,1.93345803039357
4,2,0,11,13.6929249193853,54.7716996775412,189,328,210,539,539,0.876364989266202,0,0,1,0,0.811320754716981,29087.75,29095.25,29055.5,29075.75,588,0,10742,2026-05-12T19:02:00-05:00,2026-05,-326.5,9.23834759518121,506,0,0,4.19924890690055,230,9.69478769375736,531,0,0,4.25402171872969,233,132.75,EQH,0,1,1.35106269178539,EXTERNAL_SWING_CONFIRMATION,47,10742,29075.375,2026-05-12T19:02:00-05:00,1,0,BOS_DOWN,DOWN,GRAB,-0.466666666666667,Resolved,SSL,20.25,0,BULLISH_FVG,BEARISH_OB,1,2.02659403767809,12,29087.75,29095.25,49,10742,29055.5,29075.75,29055.5,39.75,LOW,2026-05-12T19:02:00-05:00,588,29188.25,HIGH,-2.35523090865292,2.90295902694429,14862,ChartPrimeLow,2026_05.csv,451.5,413.5,1514.5,1333.5,1618.5,5849.5,1,external,HL,402.5,14861,9.69478769375736,NQ,3,3,2,2,109.142857142857,103.89965137762,1,5,1,-123.342000000004,-186,-248.657999999996,-396.1875,531,451.5,-129,79.5,-187.785714285725,-418.3125,-219.1875,2369,1669.45651253714,1.4190246839073,-283.156963928617,57.2142857142857,34.6442559984231,6,5,1,-78.2660000000033,-127,-175.733999999997,-49.5625,413,333.5,11,79.5,-66.1999999999971,-238.854166666672,-15.1458333333285,588,323.633133341977,1.8168720672326,-145.047285886612,535,456.098698591809,2,4,1,409.059999999998,123.5,-162.059999999998,-431.083333333328,2420,1086.5,-994,1333.5,380.871428571423,-632.75,577.25,8290,35011.4472009018,0.236779701005518,88.2044506285602,1,7.5,182.9,3.21487151448879,109.89126443899,3.68637126952803
3,6,0,11,7.72437314973322,30.8974925989329,518,2210,1915,2337,438,0.550206459167082,0,1,1,0,0.558823529411765,29443.25,29447,29438.5,29439,251,0,11260,2026-05-13T03:40:00-05:00,2026-05,164,1.06804783250081,33,0,0,33.4978638375253,1035,0,0,50.6837244150383,1566,2.6863021241687,83,391.5,EQL,0,1,0.194190515000147,EXTERNAL_SWING_CONFIRMATION,48,11260,29442.75,2026-05-13T03:40:00-05:00,1,0,CHOCH_UP,UP,SWEEP,-0.571428571428571,Resolved,BSL,0.5,0,BEARISH_FVG,BULLISH_OB,1,0.809127145833945,4.25,29443.25,29447,50,11260,29438.5,29439,29447,8.5,HIGH,2026-05-13T03:40:00-05:00,251,29055.5,LOW,0.485476287500367,1.10041291833416,11735,ChartPrimeHigh,2026_05.csv,17,669,17,2803,149,7319,0,external,HH,-67,11735,50.6837244150383,NQ,6,6,0,2,111.142857142857,112.136795822975,2,2,0,383.464000000007,307,230.535999999993,509.5,648,17,604,631,123.585714285728,239.5,617.5,1106,1554.9995787407,0.711254211975855,357.491783802558,25.8571428571429,23.7936136942576,5,3,1,266.043999999994,212,157.956000000006,30.7083333333285,458,17,24,441,48.5,-7.45833333332848,259.708333333328,251,123.016627951017,2.0403745752155,166.931713472397,330.714285714286,446.576637328376,2,1,0,1725.75999999999,1393,1060.24000000001,1099.25,2820,17,1071,2803,440.757142857154,864.25,2156.75,11359,11715.7604627756,0.96954867215755,1544.96379528403,1,3.75,113.45,2.21242838254738,52.3932008947726,2.6253406482314
3,5,0,12,29.8094076684327,119.237630673731,308,733,1336,1365,746,1.03994015395442,0,0,-1,0,0.072289156626506,29078,29116.5,29075,29109,4033,0,11568,2026-05-13T08:48:00-05:00,2026-05,-524,3.27077951646955,390,0,0,3.79913620759155,453,12.4792818474531,1488,0,0,1.29992519244303,155,372,EQL,2,1,0.930914170072103,EXTERNAL_SWING_CONFIRMATION,49,11568,29095.75,2026-05-13T08:48:00-05:00,1,0,CHOCH_UP,UP,GRAB,-0.6,Resolved,SSL,3,0,BEARISH_FVG,BEARISH_OB,1,0.930914170072103,31,29078,29116.5,51,11568,29075,29109,29075,41.5,LOW,2026-05-13T08:48:00-05:00,4033,29447,HIGH,-0.100639369737525,1.39217794803576,14862,ChartPrimeLow,2026_05.csv,1323,83,1405,1415,1537,5931,1,external,HL,771,14860,12.4792818474531,NQ,7,7,3,5,235.357142857143,184.094196222224,6,6,1,-420.857999999993,-576.5,-732.142000000007,-549.020833333328,1319,1236,-1247,83,-449.114285714269,-823.8125,-329.1875,28408,12827.1695052855,2.2146740937893,-622.247321947172,140.285714285714,136.254777249488,6,3,1,-268.058000000005,-376.5,-484.941999999995,-548.8125,919,836,-864,83,-205.342857142852,-778.5625,-433.9375,4033,3121.2246534535,1.29212102548839,-503.248087072425,366.285714285714,402.589399028992,1,5,1,337.759999999995,5,-327.759999999995,-288.75,2820,1405,1241,1415,-1143,-1346.25,416.25,73012,24583.7789923511,2.96992582070953,-85.1324979187048,1,7.5,2700.3,1.49353775506425,1158.74410893864,1.15012450956122
1,2,0,12,8.92002920483626,35.680116819345,611,105,2,424,424,0.924884864225222,0,1,-1,0,0,29681,29693,29681,29689.25,342,0,12179,2026-05-13T19:59:00-05:00,2026-05,300,4.98877290400271,178,1.1771261908321,42,27.5783850423521,984,0,0,69.2822843746894,2472,28.7835380472516,1027,618,EQH,0,1,0.028026814067431,EXTERNAL_SWING_CONFIRMATION,50,12179,29687,2026-05-13T19:59:00-05:00,0,0,BOS_UP,UP,SWEEP,-0.846153846153846,Resolved,BSL,0,0,BULLISH_FVG,BULLISH_OB,0,1.40134070337155,8.25,29681,29693,52,12179,29681,29689.25,29693,12,HIGH,2026-05-13T19:59:00-05:00,342,29075,LOW,1.34528707523669,1.34528707523669,13005,ChartPrimeHigh,2026_05.csv,24,953,24,2526,24,7932,0,external,HH,-805,13005,69.2822843746894,NQ,3,3,2,3,130.214285714286,60.5235053450162,11,10,1,383.880000000005,306,228.119999999995,209.75,660,24,545,636,37.8285714285739,154.75,539.75,2179,2007.64449602976,1.08535151731749,283.19870607178,36.3571428571429,20.4236216991075,8,8,1,229.380000000005,181,132.619999999995,69.9583333333285,410,24,30,386,11.3428571428522,-15.4583333333285,206.625,342,203.440287960021,1.68108295278863,142.767631391616,464.214285714286,346.89724502945,1,7,1,1503.696,1212,920.304000000004,851.5,2472,24,1729,2448,490.514285714278,542.5,1778.5,13579,25137.2377538921,0.540194596277689,1303.91231744627,1,3.75,191.3,1.787767903816,147.315681446342,1.02297324032602
1,1,0,13,8.50640695801187,34.0256278320475,186,554,433,610,610,0.323285731986979,0,0,-1,0,0.369565217391304,29518.25,29525.5,29514,29521,177,0,12365,2026-05-13T23:05:00-05:00,2026-05,-520,3.02713003587808,103,0,0,7.87641601568276,268,21.0429621911525,716,0,0,9.14016933163186,311,179,EQH,0,1,3.85003917184493,EXTERNAL_SWING_CONFIRMATION,51,12365,29519.75,2026-05-13T23:05:00-05:00,1,0,BOS_UP,UP,RUN,-0.857142857142857,Resolved,SSL,4.25,0,BEARISH_FVG,BULLISH_OB,0,1.46948059994081,2.75,29518.25,29525.5,53,12365,29514,29521,29514,11.5,LOW,2026-05-13T23:05:00-05:00,177,29693,HIGH,-0.499623403979877,1.35192215194555,12698,ChartPrimeLow,2026_05.csv,693,23,693,1779,693,7152,1,external,HL,367,12696,21.0429621911525,NQ,8,10,3,5,111.857142857143,55.1783444772315,10,8,1,-250.512000000002,-335,-419.487999999998,-618.416666666672,716,693,-654,23,-75.2714285714319,-678.083333333328,-290.25,1156,1242.61946549704,0.930292846762711,-388.012428323054,30.9285714285714,15.1421807906832,9,7,1,-124.834000000003,-170.5,-216.165999999997,-114.0625,387,364,-147,23,-0.0428571428492432,-355.9375,-81.8125,177,113.730865988502,1.55630574392967,-151.976496015122,450.071428571429,335.60411464539,3,7,1,834.695999999996,543,251.304000000004,182.5,2472,693,848,1779,-406.214285714275,-126.5,1109.5,7403,16131.9186345031,0.45890387670109,585.804666653319,1,4.5,127.3,1.39041633935585,90.1194207704421,0.551490450949513
2,3,0,13,8.91978165517131,35.6791266206852,138,12,357,748,748,0.392386286492882,0,1,-1,0,0.120689655172414,29628,29640.75,29626.25,29631.5,466,0,12503,2026-05-14T01:23:00-05:00,2026-05,294,0.756744981093415,27,0,0,21.7213837165702,775,0,0,14.2099890894208,507,22.9265701679412,818,126.75,EQH,2,1,0.532524245954625,EXTERNAL_SWING_CONFIRMATION,52,12503,29633.5,2026-05-14T01:23:00-05:00,1,0,BOS_UP,UP,RUN,-0.733333333333333,Resolved,BSL,1.75,1,BULLISH_FVG,BULLISH_OB,0,1.40137959461743,3.5,29628,29640.75,54,12503,29626.25,29631.5,29640.75,14.5,HIGH,2026-05-14T01:23:00-05:00,466,29514,LOW,1.42940718650978,1.62560032975622,12947,ChartPrimeHigh,2026_05.csv,29,478,238,2234,238,7607,0,external,LH,-88,12945,14.2099890894208,NQ,2,2,2,2,117.357142857143,90.7000565774775,4,4,1,284.326000000001,224.5,164.673999999999,256.1875,507,29,98,478,133.599999999991,129.4375,361.8125,1155,1267.3675386379,0.911337843828108,236.082911638703,33.5714285714286,23.2499688737776,8,3,1,204.604000000007,160,115.395999999993,167.875,378,29,41,349,42.6000000000058,10.375,167.875,466,162.550008468067,2.86681006289548,141.395692860926,345.428571428571,276.681166837765,2,6,1,1289.696,998,706.304000000004,637.5,2472,238,992,2234,-137.714285714275,328.5,1564.5,8157,12492.694021747,0.65294163018805,1019.07096814366,1,9.25,107.05,4.35310602522186,50.4365690744325,7.11685998050887
2,2,0,13,12.8567798430975,51.4271193723901,409,968,3567,1157,216,0.427789856178708,0,0,-1,0,0.457627118644068,29455,29463,29448.25,29460.5,585,0,12912,2026-05-14T08:12:00-05:00,2026-05,-440.5,0.0388899869253371,2,0,0,5.11403328068183,263,14.9726449662548,770,0,0,0.93335968620809,48,192.5,EQL,1,1,0.116669960776011,EXTERNAL_SWING_CONFIRMATION,53,12912,29455.625,2026-05-14T08:12:00-05:00,1,0,CHOCH_DOWN,DOWN,SWEEP,-0.733333333333333,Resolved,SSL,6.75,1,BEARISH_FVG,BULLISH_OB,0,0.972249673133427,5.5,29455,29463,55,12912,29448.25,29460.5,29448.25,14.75,LOW,2026-05-14T08:12:00-05:00,585,29640.75,HIGH,-0.525014823492051,1.14725461429744,13799,ChartPrimeLow,2026_05.csv,551.5,29.5,949.5,1522.5,949.5,6549.5,1,external,LL,228.5,13799,14.9726449662548,NQ,5,6,2,3,116.714285714286,89.7022053190315,3,6,1,-192.441999999995,-261,-329.558000000005,-418.354166666672,581,551.5,-343,29.5,-237.657142857148,-466.770833333328,-248.895833333328,4196,2656.42709520422,1.57956527682437,-306.483253833198,55,35.4426185619278,7,8,1,-164.173999999999,-224,-283.826000000001,-150.0625,507,477.5,-194,29.5,-30.2999999999884,-297.9375,-2.1875,585,454.706480797457,1.28654423172952,-217.107844332044,322.285714285714,209.917457103959,5,7,1,-160.932000000001,-311.5,-462.067999999999,-72.25,1276,949.5,316,326.5,-467.842857142852,-550.75,-19.0833333333285,16411,10816.4121144492,1.51723139118166,-273.959791519577,1,2.5,419.6,1.39418493803623,154.489934947232,1.07061990838752
1,0,0,13,12.127169385634,48.5086775425361,189,78,9,156,156,1.46365565084189,0,1,1,0,0.897727272727273,29779.75,29782,29760,29762,1602,0,13101,2026-05-14T11:21:00-05:00,2026-05,583,6.18446049651503,300,0.680290654616653,33,11.64740060177,565,0,0,27.5208492094919,1335,15.0282390065315,729,333.75,EQH,1,1,0.371067629790902,EXTERNAL_SWING_CONFIRMATION,54,13101,29771,2026-05-14T11:21:00-05:00,0,0,CHOCH_UP,UP,SWEEP,-0.857142857142857,Resolved,BSL,2,0,BULLISH_FVG,BULLISH_OB,1,1.71103407070249,17.75,29779.75,29782,56,13101,29760,29762,29782,22,HIGH,2026-05-14T11:21:00-05:00,1602,29448.25,LOW,0.185533814895451,1.81410841231108,21675,ChartPrimeHigh,2026_05.csv,44,1291,44,1958,44,7484,0,external,HH,-739,21675,27.5208492094919,NQ,6,8,2,4,212.785714285714,137.701492284738,7,8,1,781.029999999999,623.5,465.970000000001,484.4375,1335,44,1177,1291,-179.985714285736,95.0625,873.8125,8707,9134.64915558074,0.953183844469881,512.163164392405,48.2142857142857,26.9973850028569,10,7,1,90.1059999999998,64.5,38.8940000000002,41.8958333333285,217,44,54,173,8.74285714284633,-39.4791666666715,87.1041666666715,1602,905.655542497831,1.76888444317541,52.4469940339623,379.5,267.996786817232,6,4,1,781.029999999999,623.5,465.970000000001,873.8125,1335,44,1040,1291,544.457142857151,317.5625,1096.3125,47938,43026.5246682888,1.11414994284516,652.51735313356,1,2.25,702.95,2.27896720961662,311.156467874283,2.88938232954631
1,5,0,14,10.3201473217384,41.2805892869536,259,869,194,415,415,0.726733811658091,0,0,-1,0,0.680851063829787,29649.75,29657.25,29633.75,29657.25,446,0,13360,2026-05-14T15:40:00-05:00,2026-05,-57,0.024224460388603,1,0,0,0.678284890880885,28,14.3651050104416,593,0,0,3.29452661285001,136,148.25,EQH,0,1,0.581387049326473,EXTERNAL_SWING_CONFIRMATION,55,13360,29645.5,2026-05-14T15:40:00-05:00,1,0,CHOCH_UP,UP,RUN,-0.866666666666667,Resolved,SSL,16,1,BEARISH_FVG,BULLISH_OB,1,2.01063021225405,7.5,29649.75,29657.25,57,13360,29633.75,29657.25,29633.75,23.5,LOW,2026-05-14T15:40:00-05:00,446,29782,HIGH,-1.5503654648706,2.27709927652869,13583,ChartPrimeLow,2026_05.csv,436,201,546,789,546,6455,1,external,HL,235,13581,14.3651050104416,NQ,5,6,2,2,155.785714285714,92.3979392244893,4,7,1,-39.2780000000057,-113.5,-187.721999999994,-152.8125,629,428,55,201,-220.871428571423,-336.270833333328,-126.604166666672,1998,5706.81650741236,0.350107629604855,-182.846277517208,36.6428571428571,33.2886171247059,3,2,1,-111.911999999997,-161,-210.088000000003,-169.666666666672,416,369,-209,47,-71.8857142857305,-273.666666666672,-117.666666666672,446,249.618446178361,1.7867269299534,-221.518365252734,407.857142857143,242.364180320144,7,7,1,279.029999999999,121.5,-36.0299999999988,-295.6875,1335,546,-76,789,-129.142857142855,-462.5625,149.3125,39631,45720.5863689207,0.86680865551934,-23.7426613644202,1,0,153.9,2.89798570500325,75.7482012987767,3.85619717685253
2,2,0,14,4.51857673874826,18.0743069549931,118,356,277,533,533,0.276635779864231,0,1,-1,0,0.0588235294117647,29730,29734,29729.75,29731.25,81,0,13478,2026-05-14T18:38:00-05:00,2026-05,161.5,1.77046899113108,32,0,0,20.6370291778716,373,0,0,22.1861895451113,401,29.7106827574184,537,100.25,EQH,2,1,1.38317889932116,EXTERNAL_SWING_CONFIRMATION,56,13478,29731.875,2026-05-14T18:38:00-05:00,1,0,CHOCH_UP,UP,GRAB,-0.75,Resolved,BSL,0.25,0,BEARISH_FVG,BULLISH_OB,1,4.59215394574624,1.25,29730,29734,58,13478,29729.75,29731.25,29734,4.25,HIGH,2026-05-14T18:38:00-05:00,81,29633.75,LOW,0.88523449556554,0.940561651538386,21450,ChartPrimeHigh,2026_05.csv,23.5,392.5,200.5,1134.5,200.5,6566.5,0,external,LH,-51.5,21449,22.1861895451113,NQ,6,7,2,3,93.3571428571429,79.9995850553145,5,6,1,233.588000000003,184.5,135.411999999997,175.833333333328,416,23.5,60,392.5,88.7142857142753,54.5,193.166666666672,773,1052.94415192538,0.734132003664695,112.845341325112,19.2857142857143,16.9544003647826,3,7,1,69.9860000000044,55,40.0139999999956,62.9375,127,8.5,55,118.5,2.14285714284051,57.6458333333285,99.9791666666715,81,72.9375698750578,1.110538781848,61.7874506229127,399.071428571429,208.366821478931,7,9,1,624.529999999999,467,309.470000000001,49.8125,1335,200.5,405,1134.5,64.1142857142841,-117.0625,494.8125,3291,31200.1233086404,0.105480352351319,318.667210619024,1,2.75,64.8,1.25,42.9099056163026,0.37753520468815
2,2,0,13,17.5558704048985,70.2234816195941,613,3256,2489,3269,510,0.640811292208045,0,0,-1,0,0.211267605633803,29180.75,29194.75,29177,29192,400,0,14091,2026-05-15T04:51:00-05:00,2026-05,-1026.5,0.256324516883218,18,0,0,26.0169384636466,1827,31.7272790897672,2228,0,0,0,0,557,EQL,1,1,1.01105781659492,EXTERNAL_SWING_CONFIRMATION,57,14091,29185.875,2026-05-15T04:51:00-05:00,1,1,CHOCH_DOWN,DOWN,SWEEP,-0.733333333333333,Resolved,SSL,3.75,1,BULLISH_FVG,BULLISH_OB,1,0.598090539394175,11.25,29180.75,29194.75,59,14091,29177,29192,29177,17.75,LOW,2026-05-15T04:51:00-05:00,400,29734,HIGH,-0.213603764069348,1.01105781659492,14234,ChartPrimeLow,2026_05.csv,1133.5,35.5,2384.5,35.5,2384.5,3633.5,1,external,LL,459.5,14234,31.7272790897672,NQ,5,5,3,5,236.142857142857,154.089939438273,4,9,1,-411.058000000005,-549,-686.941999999995,-232.395833333328,1169,1133.5,-605,35.5,-9.22857142858265,-768.1875,11.1458333333285,3269,2947.37953587862,1.10912081739263,-513.555045067158,64.4285714285714,27.100794872231,13,9,1,-136.017999999996,-189,-241.982000000004,-160.9375,449,413.5,-180,35.5,4.98571428572177,-273.1875,-29.9791666666715,400,343.051368518075,1.16600613408987,-180.650811770684,441.285714285714,306.669248981173,3,8,1,-888.940000000002,-1174.5,-1460.06,-2132.41666666667,2420,2384.5,-1334,35.5,-562.842857142852,-2334.08333333333,-1628.25,15768,18000.9668347262,0.87595294990386,-1705.45631342768,1,2.75,275.45,1.4521691777092,117.683675588418,1.05834559786861
3,3,0,13,22.2584773931966,89.0339095727865,60,4993,169,6146,570,1.70721470874799,0,1,1,0,0.792079207920792,29365,29375.5,29325,29327,1047,0,14151,2026-05-15T05:51:00-05:00,2026-05,101,0.179706811447157,16,0,0,11.6023210140571,1033,0,0,8.91795051806518,794,0,0,198.5,EQL,0,1,1.26917935584555,EXTERNAL_SWING_CONFIRMATION,58,14151,29350.25,2026-05-15T05:51:00-05:00,1,1,CHOCH_DOWN,DOWN,SWEEP,-0.625,Resolved,BSL,2,1,BEARISH_FVG,BULLISH_OB,1,0.280791892886183,38,29365,29375.5,60,14151,29325,29327,29375.5,50.5,HIGH,2026-05-15T05:51:00-05:00,1047,29177,LOW,0.471730380048788,2.26879849452036,14361,ChartPrimeHigh,2026_05.csv,476,693,1727,693,1727,4201,1,external,LH,-198,14361,8.91795051806518,NQ,1,5,1,1,240.928571428571,222.008373986885,2,4,1,261.721999999994,128.5,-4.7219999999943,293.145833333328,1129,436,-365,693,468.728571428568,152.020833333328,575.395833333328,5984,3495.35088137123,1.71198835341317,277.336491819937,93.5714285714286,103.446305493723,3,7,1,387.220000000001,294,200.779999999999,277.541666666672,790,101,306,689,118.328571428574,178.791666666672,475.041666666672,1047,646.540830662639,1.61938728436831,297.266930712431,484.142857142857,266.249534151876,2,9,1,-231.440000000002,-517,-802.559999999998,-1474.91666666667,2420,1727,-1135,693,217.428571428565,-1676.58333333333,-970.75,20451,18687.6272888218,1.09436043880397,-1026.54034592268,1,10.5,393.5,2.66073697585769,219.561722529224,2.97638400934397
3,0,0,13,42.6524476345799,170.60979053832,176,59,3600,4124,77,1.0491777724784,0,0,1,0,0.890566037735849,29148.75,29156,29089.75,29104,3997,0,14327,2026-05-15T08:47:00-05:00,2026-05,-152.5,1.23674027929018,211,0,0,2.04560358991598,349,6.69949829018328,1143,0,0,0.562687520435342,96,285.75,EQL,2,1,0.0937812534058903,EXTERNAL_SWING_CONFIRMATION,59,14327,29122.875,2026-05-15T08:47:00-05:00,1,0,BOS_DOWN,DOWN,RUN,-0.625,Resolved,SSL,14.25,0,BULLISH_FVG,BEARISH_OB,1,0.650607445503364,44.75,29148.75,29156,61,14327,29089.75,29104,29089.75,66.25,LOW,2026-05-15T08:47:00-05:00,3997,29375.5,HIGH,-1.38327348773688,1.55325200953506,14862,ChartPrimeLow,2026_05.csv,1010.5,132.5,2636.5,132.5,2636.5,3259.5,1,external,LL,534.5,14860,6.69949829018328,NQ,6,6,3,3,256.357142857143,130.730750678379,4,9,1,-304.126000000004,-439,-573.873999999996,-224.6875,1143,1010.5,-508,132.5,-92.8714285714232,-605.6875,-177.0625,30896,14497.1753329781,2.13117378319334,-389.872504190236,206.571428571429,101.506520032078,9,11,1,-175.009999999995,-270,-364.990000000005,-253.229166666672,805,672.5,-309,132.5,-51.4857142857218,-521.5625,-152.604166666672,3997,3366.09427432127,1.18742960661907,-315.279877938083,534.928571428571,235.602636510773,7,6,1,-883.237999999998,-1197,-1510.762,-2360.3125,2659,2526.5,-2354,132.5,-176.171428571426,-2471.10416666667,-587.645833333328,84438,31726.9355910986,2.6613979077037,-1417.2789118403,1,7.25,3113.6,1.28372302158273,1281.20460504948,0.689507356216443
3,4,1,13,12.860074598015,51.4402983920598,261,2777,1681,1892,46,0.544320326188504,0,1,-1,0,0.25,29472.5,29486.75,29467.75,29479.5,1116,0,14588,2026-05-15T13:08:00-05:00,2026-05,629,0.116640069897537,6,0,0,8.6508051840673,445,0,0,30.870738499548,1588,3.59640215517405,185,397,EQH,2,1,0.602640361137273,EXTERNAL_SWING_CONFIRMATION,60,14588,29477.25,2026-05-15T13:08:00-05:00,1,0,CHOCH_UP,UP,SWEEP,-0.625,Resolved,BSL,4.75,1,BEARISH_FVG,BEARISH_OB,1,0.758160454333988,7,29472.5,29486.75,62,14588,29467.75,29479.5,29486.75,19,HIGH,2026-05-15T13:08:00-05:00,1116,29089.75,LOW,1.1080806640266,1.4774408853688,20081,ChartPrimeHigh,2026_05.csv,38,1136,1101,1550,1219,4565,0,external,HH,-430,20081,30.870738499548,NQ,6,7,2,2,201.285714285714,143.851762019413,6,6,1,641.182000000001,511.5,381.817999999999,763.354166666672,1099,38,713,1061,206.628571428577,488.604166666672,854.9375,8322,7368.34994863179,1.12942518447367,593.260852727777,52.5714285714286,17.2846731184602,14,12,1,321.676000000007,253,184.323999999993,192.375,582,38,226,544,7.21428571427532,-1.625,265.125,1116,820.478048488016,1.36018264237121,234.14140204672,595.642857142857,423.130290817758,5,8,1,565.585999999996,261.5,-42.5859999999957,637.3125,2577,1027,-930,1550,1115.45714285715,529.9375,1174.1875,41758,51074.978071247,0.81758233829782,645.125302892047,1,7.25,621.45,1.79580014482259,258.841355853349,1.91062976922512
3,0,0,11,19.7903374400545,79.161349760218,390,4564,4675,7562,118,0.366340393232832,0,0,1,0,0.774193548387097,28938,28941.5,28926,28930.75,417,0,14978,2026-05-17T20:38:00-05:00,2026-05,-148,0.151589128234275,12,0,0,8.27423991612086,655,28.3345345524566,2243,0,0,2.07171808586843,164,560.75,EQH,1,1,0.214751264998557,EXTERNAL_SWING_CONFIRMATION,61,14978,28933.75,2026-05-17T20:38:00-05:00,1,0,CHOCH_DOWN,DOWN,RUN,-0.571428571428571,Resolved,SSL,4.75,1,BEARISH_FVG,BULLISH_OB,1,0.833740205288514,7.25,28938,28941.5,63,14978,28926,28930.75,28926,15.5,LOW,2026-05-17T20:38:00-05:00,417,29486.75,HIGH,-0.606356512937101,0.783210495877089,15868,ChartPrimeLow,2026_05.csv,1400,31,3031,31,3393,1571,1,external,LL,715,15866,28.3345345524566,NQ,8,10,2,4,301.142857142857,129.045253180508,6,8,1,-501.508000000002,-666,-830.491999999998,-230.375,1394,1363,-1255,31,47.6999999999971,-811.208333333328,1.95833333332848,2742,3207.5784446635,0.854850488399407,-557.292265792013,76.5714285714286,34.6008925739972,6,9,1,-160,-219,-278,-104.416666666672,500,469,-83,31,-63.2857142857247,-291.916666666672,-104.416666666672,417,314.590984163853,1.32553067631082,-191.5698315318,688.857142857143,437.485040861333,8,9,1,-902.607999999993,-1191,-1479.39200000001,-1445.58333333333,2444,2413,-2293,31,-821.014285714278,-1649.25,-936.416666666672,17115,33692.6478333743,0.507974323794366,-1339.1514360484,1,3.5,269.2,1.54903417533432,100.753461478998,1.46694711854449
4,4,0,11,11.646979451697,46.5879178067878,158,868,275,4933,276,0.643943782257404,0,1,-1,0,0.232558139534884,29100,29116.5,29095,29107.5,272,0,15136,2026-05-17T23:16:00-05:00,2026-05,440,2.232338445159,104,0,0,2.29673282338474,107,0,0,16.3561720693381,762,0,0,190.5,EQL,1,1,0.729802953225058,EXTERNAL_SWING_CONFIRMATION,62,15136,29105.75,2026-05-17T23:16:00-05:00,1,1,CHOCH_DOWN,DOWN,RUN,-0.466666666666667,Resolved,BSL,5,0,BEARISH_FVG,BEARISH_OB,1,2.38259199435239,7.5,29100,29116.5,64,15136,29095,29107.5,29116.5,21.5,HIGH,2026-05-17T23:16:00-05:00,272,28926,LOW,1.41667632096629,1.84597217580456,15302,ChartPrimeHigh,2026_05.csv,43,719,1925,719,2705,2259,0,external,LH,-381,15300,16.3561720693381,NQ,6,10,1,2,173.571428571429,105.823189713801,10,6,1,427.915999999997,338,248.084000000003,195.125,762,43,288,719,130.942857142843,131.625,480.875,1687,1434.38168538325,1.17611652267385,343.446539408425,44.5714285714286,19.4004476345547,11,12,1,235.717999999993,182.5,129.282000000007,3.97916666667152,451,43,210,408,9.10000000000582,-33.6041666666715,285.854166666672,272,188.006710624315,1.44675686892648,207.093390611713,627.785714285714,376.785001766778,8,7,1,-137.826000000001,-402.5,-667.173999999999,-823.0625,2243,1524,-1411,719,98.6142857142841,-1009.97916666667,-262.3125,7449,22942.8162709645,0.324676792597043,-591.800248095285,1,9,130.9,2.07792207792208,71.3756961437155,1.97686338100148
4,4,0,12,12.7426594906438,50.9706379625751,135,263,315,7855,411,1.33410141050086,0,0,1,0,0.976470588235294,29011.25,29011.75,28990.5,28994.25,507,0,15271,2026-05-18T01:31:00-05:00,2026-05,42.5,0.039238276779437,2,0,0,7.78879794071824,397,9.88804574841812,504,0,0,8.2792764004612,422,126,EQL,2,1,1.51067365600832,EXTERNAL_SWING_CONFIRMATION,63,15271,29001.125,2026-05-18T01:31:00-05:00,1,0,CHOCH_DOWN,DOWN,GRAB,-0.5,Resolved,SSL,3.75,1,BEARISH_FVG,BULLISH_OB,1,1.29486313372142,17,29011.25,29011.75,65,15271,28990.5,28994.25,28990.5,21.25,LOW,2026-05-18T01:31:00-05:00,507,29116.5,HIGH,-1.62838848634663,1.66762676312607,15756,ChartPrimeLow,2026_05.csv,461.5,42.5,1942.5,300.5,3123.5,1840.5,1,external,HL,70.5,15755,9.88804574841812,NQ,5,8,2,4,180.571428571429,87.8340418617661,8,8,1,-150.028000000006,-209.5,-268.971999999994,-115,504,461.5,-117,42.5,-156.528571428586,-262,-52,2479,1652.09075679578,1.50052289185856,-191.476804547507,46.7142857142857,33.4886800535547,7,5,1,-105.716,-151.5,-197.284,-175.75,388,345.5,-90,42.5,-9.25714285715367,-272.75,-46.4166666666715,507,298.828575251412,1.69662489463549,-158.416666666657,582.714285714286,344.39468593352,6,7,1,-556.326000000001,-821,-1085.674,-1241.5625,2243,1942.5,-858,300.5,-38.2714285714319,-1428.47916666667,-680.8125,10064,17501.4205836927,0.575039034795687,-976.142084454594,1,0.5,173.55,2.92134831460674,89.5653253218007,3.72298095051787
4,3,0,12,11.2942061858384,45.1768247433538,149,5590,603,6628,120,0.243487674543091,0,1,-1,0,0.210526315789474,29238,29249.25,29235,29240.75,403,0,15420,2026-05-18T04:00:00-05:00,2026-05,188.5,0.243487674543091,11,0,0,11.7538141074892,531,0,0,22.9099766501909,1035,2.87758160823654,130,258.75,EQH,0,1,1.66014323552108,EXTERNAL_SWING_CONFIRMATION,64,15420,29242.125,2026-05-18T04:00:00-05:00,1,0,CHOCH_UP,UP,SWEEP,-0.5,Resolved,BSL,3,1,BEARISH_FVG,BULLISH_OB,1,2.08071285518642,2.75,29238,29249.25,66,15420,29235,29240.75,29249.25,14.25,HIGH,2026-05-18T04:00:00-05:00,403,28990.5,LOW,0.996085941312647,1.26170885899602,15580,ChartPrimeHigh,2026_05.csv,28.5,1006.5,978.5,1264.5,2159.5,2804.5,0,external,HH,-299.5,15580,22.9099766501909,NQ,7,7,2,4,218.857142857143,127.314116157369,7,12,1,611.130000000005,489,366.869999999995,639.9375,1035,28.5,635,1006.5,94.4285714285652,251.8125,855.5625,2553,2383.48347872625,1.07112133261538,489.405376676295,43.1428571428571,26.6783359492773,11,6,1,265.668000000005,209.5,153.331999999995,159.916666666672,476,28.5,126,447.5,-9.1142857142695,1.25,239.25,403,211.872324082905,1.90208891956227,168.668138133988,521.928571428571,415.447237133796,7,6,1,407.673999999999,143,-121.673999999999,-277.5625,2243,978.5,-51,1264.5,704.400000000009,-464.479166666672,376.645833333328,14498,16485.0343352852,0.879464349611207,17.6218598938576,1,8.5,174.6,2.30813287514318,123.333855854749,1.85188404608859
4,1,0,13,13.1599805157824,52.6399220631296,130,489,264,250,250,1.21580727120467,0,0,1,0,0.869230769230769,29080.25,29084.5,29052,29064.25,1264,0,15550,2026-05-18T06:10:00-05:00,2026-05,65,0.151975908900583,8,0,0,4.90122306204382,258,14.98862401532,789,0,0,3.17249709829968,167,197.25,EQH,3,1,1.02583738507894,EXTERNAL_SWING_CONFIRMATION,65,15550,29068.25,2026-05-18T06:10:00-05:00,1,0,CHOCH_UP,UP,RUN,-0.529411764705882,Resolved,SSL,12.25,1,BULLISH_FVG,BULLISH_OB,1,0.9118554534035,16,29080.25,29084.5,67,15550,29052,29064.25,29052,32.5,LOW,2026-05-18T06:10:00-05:00,1264,29249.25,HIGH,-2.14665971322074,2.46960851963448,15755,ChartPrimeLow,2026_05.csv,724,65,1674,569,2855,2109,1,external,HL,95,15753,14.98862401532,NQ,7,7,3,4,150.714285714286,131.826580517083,4,6,1,-236.398000000001,-329.5,-422.601999999999,-543.1875,789,724,-27,65,-220.328571428574,-674.6875,-280.1875,3101,1850.61123508266,1.67566258175315,-396.211287169019,51.8571428571429,22.9727052819186,8,11,1,-86.653999999995,-133.5,-180.346000000005,-9.4375,397,332,-212,65,-52.3857142857305,-257.5625,-9.4375,1264,462.115185816891,2.73524878384077,-160.362278706365,494,423.999543108708,7,8,1,-287.826000000001,-552.5,-817.173999999999,-973.0625,2243,1674,-669,569,144.814285714267,-1253.4375,-225.395833333328,10111,14538.8794498578,0.695445617722548,-707.887447756162,1,4.25,144.1,8.77168632893824,149.72371221687,7.47977714029601
4,4,0,13,19.8405007720506,79.3620030882024,109,4313,1052,6736,78,0.100803907269186,0,1,1,0,0.298507462686567,29408,29419.75,29403,29406,1303,0,15659,2026-05-18T07:59:00-05:00,2026-05,1097.5,0.264610256581613,21,0,0,8.5935330946981,682,0,0,18.5353184491216,1471,0.0126004884086482,1,367.75,EQL,0,1,0.226808791355668,EXTERNAL_SWING_CONFIRMATION,66,15659,29411.375,2026-05-18T07:59:00-05:00,1,0,BOS_UP,UP,SWEEP,-0.529411764705882,Resolved,BSL,3,1,BEARISH_FVG,BULLISH_OB,1,0.315012210216206,2,29408,29419.75,68,15659,29403,29406,29419.75,16.75,HIGH,2026-05-18T07:59:00-05:00,1303,29052,LOW,0.592222955206467,0.844232723379432,19319,ChartPrimeHigh,2026_05.csv,33.5,1437.5,301.5,1941.5,1482.5,3481.5,0,external,HH,-22.5,19319,18.5353184491216,NQ,4,4,3,4,273.285714285714,263.116984402761,7,1,1,875.577999999994,702,528.422000000006,119.729166666672,1471,33.5,830,1437.5,528.942857142843,-2.85416666667152,916.520833333328,9200,5927.39541774826,1.55211511154674,719.889244101432,77.0714285714286,85.5548522549177,5,0,1,579.555999999997,462.5,345.444000000003,111.166666666672,992,33.5,560,958.5,-43.8571428571449,-12.8333333333285,607.166666666672,1303,910.854112624993,1.43052546169538,398.471485195376,553.571428571429,502.180418519441,6,4,1,1084.674,820,555.326000000001,399.4375,2243,301.5,504,1941.5,1165.14285714284,-67.8541666666715,1147.10416666667,33807,19254.5997412741,1.75578825082152,741.333878934674,1,11.75,1008.35,1.29221004611494,422.494529550384,0.697405479577605
4,4,0,11,19.7126722439087,78.8506889756349,351,8938,5622,9945,257,0.126821973655678,0,0,-1,0,0.755555555555556,28831.75,28837.25,28814.75,28834.25,1546,0,16010,2026-05-18T13:50:00-05:00,2026-05,-73,0.0126821973655678,1,0,0,12.0354052999238,949,30.690917624674,2420,0,0,0.862389420858607,68,605,EQL,2,1,0.50728789462271,EXTERNAL_SWING_CONFIRMATION,67,16010,28826,2026-05-18T13:50:00-05:00,1,0,CHOCH_DOWN,DOWN,GRAB,-0.466666666666667,Resolved,SSL,17,1,BULLISH_FVG,BULLISH_OB,1,0.608745473547252,2.5,28831.75,28837.25,69,16010,28814.75,28834.25,28814.75,22.5,LOW,2026-05-18T13:50:00-05:00,1546,29419.75,HIGH,-0.862389420858607,1.1413977629011,17061,ChartPrimeLow,2026_05.csv,1201,45,2643,45,3824,1140,1,external,LL,396,17060,30.690917624674,NQ,6,8,2,2,272.5,218.687556329191,5,7,1,-351.134000000005,-473.5,-595.865999999995,-711.145833333328,1037,992,-457,45,-284.585714285728,-883.979166666672,-365.479166666672,9061,9654.068632927,0.938568011532026,-533.63001706652,72.5714285714286,47.808608876507,6,6,1,-273.206000000006,-371.5,-469.793999999994,-145.895833333328,833,788,-259,45,-82.5857142857276,-423.5625,-76.4791666666715,1546,1015.55651560266,1.52231803572503,-304.868948848089,700.714285714286,469.083700708814,9,5,1,-879.440000000002,-1165,-1450.56,-711.25,2420,2375,-1637,45,-946.357142857159,-1517.91666666667,-408.75,58336,59069.8639594195,0.987576339096978,-1078.62447853661,1,3,874.45,1.76796843730345,266.760468398149,2.51742697871443
5,1,0,11,20.0244943861189,80.0979775444756,271,1549,553,2031,528,1.4731957487251,0,1,1,0,0.622549019607843,29169.25,29188.5,29137.5,29139.75,881,0,16281,2026-05-18T19:21:00-05:00,2026-05,314,0.424480130988588,34,0,0,6.81665151528733,546,0,0,18.6646410537629,1495,0.0124847097349585,1,373.75,EQH,0,1,1.16107800535114,EXTERNAL_SWING_CONFIRMATION,68,16281,29163,2026-05-18T19:21:00-05:00,1,0,CHOCH_DOWN,DOWN,GRAB,-0.375,Resolved,BSL,2.25,1,BULLISH_FVG,BEARISH_OB,1,0.561811938073131,29.5,29169.25,29188.5,70,16281,29137.5,29139.75,29188.5,51,HIGH,2026-05-18T19:21:00-05:00,881,28814.75,LOW,0.961322649591803,2.54688078593153,18467,ChartPrimeHigh,2026_05.csv,102,1126,1027,1393,2476,2488,0,external,LH,-221,18466,18.6646410537629,NQ,1,1,1,1,162.571428571429,99.9784508736644,8,5,1,194.639999999999,138,81.3600000000006,328,480,102,320,378,-43.8428571428376,48,348,2811,1800.79776723719,1.56097483634305,158.943081979654,85.7142857142857,72.9009419063114,3,8,1,150.144,102,53.8559999999998,229.5,408,102,158,306,132.328571428574,76.5,263.5,881,343.158029710273,2.567330278542,121.007509386734,688.857142857143,443.74387124858,6,7,1,468.559999999998,183,-102.559999999998,535.916666666672,2420,1027,615,1393,291.542857142849,-169.916666666672,939.25,9588,36850.6859718332,0.260185115884371,303.03366861181,1,19.25,244.8,3.59885620915033,116.289982371656,5.47080657357694
5,1,0,12,13.9209320727526,55.6837282910105,303,9308,561,9168,831,0.844052678268448,0,0,1,0,0.836734693877551,28905.5,28909.5,28885,28893.75,349,0,16584,2026-05-19T00:24:00-05:00,2026-05,-190,0.0538757028681988,3,0,0,11.9963231719856,668,21.8017010939978,1214,0,0,0,0,303.5,EQH,2,1,6.94996566999765,EXTERNAL_SWING_CONFIRMATION,69,16584,28897.25,2026-05-19T00:24:00-05:00,1,1,CHOCH_DOWN,DOWN,RUN,-0.411764705882353,Resolved,SSL,8.75,1,BULLISH_FVG,BULLISH_OB,1,1.18526546310037,11.75,28905.5,28909.5,71,16584,28885,28893.75,28885,24.5,LOW,2026-05-19T00:24:00-05:00,349,29188.5,HIGH,-1.4726025450641,1.75993962702783,16833,ChartPrimeLow,2026_05.csv,729,49,2090,330,3539,1180,1,external,HL,414,16831,21.8017010939978,NQ,5,5,3,5,168.142857142857,99.647174940809,10,10,1,-184.784,-257,-329.216,-218.75,612,563,-280,49,-183.099999999991,-371.75,-167.75,1950,1382.40065198115,1.41058961250156,-270.323509121648,52.5714285714286,58.2910118943666,1,7,1,-99.2160000000003,-145,-190.784,-250.083333333328,388,339,-160,49,-89.9285714285652,-282.416666666672,-153.083333333328,349,244.14543466165,1.42947583879118,-186.443683683698,608.642857142857,421.964692915972,4,7,1,-594.440000000002,-880,-1165.56,-426.25,2420,2090,-1191,330,-203.57142857142,-1232.91666666667,-123.75,8325,17636.7506805198,0.472025723490844,-741.682041611202,1,4,142.7,2.44569025928521,99.6559581761171,2.07012208578052
6,3,0,12,12.5141265720631,50.0565062882523,144,2460,415,975,975,0.119864537997294,0,1,1,0,0.09375,29110.75,29125.25,29109.25,29109.25,332,0,16728,2026-05-19T02:48:00-05:00,2026-05,690,1.37844218696888,69,0,0,5.85338493886785,293,0,0,19.1983035025666,961,0,0,240.25,EQL,1,1,0.539390420987823,EXTERNAL_SWING_CONFIRMATION,70,16728,29117.25,2026-05-19T02:48:00-05:00,1,1,CHOCH_DOWN,DOWN,SWEEP,-0.333333333333333,Resolved,BSL,0,0,BEARISH_FVG,BEARISH_OB,1,2.49717787494362,1.5,29110.75,29125.25,72,16728,29109.25,29109.25,29125.25,16,HIGH,2026-05-19T02:48:00-05:00,332,28885,LOW,1.15869053397384,1.27855507197114,17303,ChartPrimeHigh,2026_05.csv,32,929,1210,1210,2659,1631,0,external,LH,-798,17303,19.1983035025666,NQ,3,5,1,3,152.928571428571,98.9592000305019,4,4,1,561.898000000001,448.5,335.101999999999,628.6875,961,32,740,929,201.357142857145,428.479166666672,868.9375,2299,1563.70533991104,1.47022584199321,526.342693653845,52,38.9442902664933,6,7,1,273.292000000001,215,156.707999999999,266.458333333328,494,32,191,462,47.9428571428434,19.4583333333285,287.041666666672,332,252.745543490881,1.313574100712,236.537802771374,485.357142857143,421.110569437209,7,5,1,285.559999999998,0,-285.559999999998,453.75,2420,1210,-90,1210,509.442857142843,-352.916666666672,756.25,9069,14187.606773762,0.639219858896275,160.655879164493,1,14.5,160.1,2.0737039350406,79.1655859575359,2.17139806294375
6,6,0,11,18.8446480166523,75.3785920666092,339,0,6680,11002,236,0.530654644818167,0,0,-1,0,0.204819277108434,28807,28823.5,28802.75,28817,891,0,17067,2026-05-19T08:27:00-05:00,2026-05,33.5,0,0,0,0,4.36463445362942,329,17.1136122953859,1290,0,0,0.265327322409083,20,322.5,EQL,2,1,0.517388278697712,EXTERNAL_SWING_CONFIRMATION,71,17067,28813.125,2026-05-19T08:27:00-05:00,1,0,BOS_DOWN,DOWN,RUN,-0.294117647058824,Resolved,SSL,4.25,1,BULLISH_FVG,BULLISH_OB,1,0.6367855737818,10,28807,28823.5,73,17067,28802.75,28817,28802.75,20.75,LOW,2026-05-19T08:27:00-05:00,891,29125.25,HIGH,-0.225528224047721,1.1011083879977,17109,ChartPrimeLow,2026_05.csv,550.5,41.5,2426.5,41.5,3875.5,284.5,1,external,LL,397.5,17107,17.1136122953859,NQ,8,8,3,5,183.071428571429,109.490304785882,9,5,1,-184.644,-254.5,-324.356,-439.5,592,550.5,-428,41.5,-200.399999999994,-464.166666666672,-192.833333333328,7839,4193.14264962063,1.86948087747723,-272.428619095255,77.1428571428571,54.6576243744241,4,9,1,-164.779999999999,-228.5,-292.220000000001,-442.25,540,498.5,-175,41.5,-49.942857142858,-487.25,-127.25,891,735.985820308569,1.21062114977492,-234.760543358105,479.357142857143,356.774949125228,7,4,1,-547.926000000007,-730,-912.073999999993,-697.854166666672,1543,1501.5,-457,41.5,-350.442857142843,-826.4375,-183.520833333328,25324,15633.0995395948,1.6198962934932,-631.738527025853,1,6.5,678.25,1.3136748986362,382.502794107442,0.556205087328696
7,4,0,11,33.3084749259751,133.233899703901,10,1865,329,1777,246,0.0300223892634653,0,1,-1,0,0.13,29046.25,29068,29043,29047.25,3871,0,17077,2026-05-19T08:37:00-05:00,2026-05,821,0.14260634900146,19,0,0,5.49409723521415,732,0,0,7.96343875213418,1061,0.773076523534232,103,265.25,EQH,2,1,0.187639932896658,EXTERNAL_SWING_CONFIRMATION,72,17077,29055.5,2026-05-19T08:37:00-05:00,1,0,BOS_DOWN,DOWN,GRAB,-0.222222222222222,Resolved,BSL,3.25,1,BEARISH_FVG,BULLISH_OB,1,0.360268671161584,1,29046.25,29068,74,17077,29043,29047.25,29068,25,HIGH,2026-05-19T08:37:00-05:00,3871,28802.75,LOW,0.652986966480371,0.750559731586633,17290,ChartPrimeHigh,2026_05.csv,50,1011,1457,1011,2906,1254,1,external,LH,-277,17289,7.96343875213418,NQ,9,9,2,4,246.5,186.33322917084,7,10,1,605.698000000004,480.5,355.301999999996,635.229166666672,1061,50,569,1011,648.485714285722,502.604166666672,900.479166666672,38265,11003.2598393445,3.47760577853259,577.017158394578,154.285714285714,167.574170313897,3,4,1,605.698000000004,480.5,355.301999999996,635.229166666672,1061,50,752,1011,222.685714285733,369.979166666672,988.895833333328,3871,3553.65839630864,1.08929997436473,530.475101802396,523.785714285714,320.010163078744,6,5,1,421.573999999993,239.5,57.4260000000068,271.645833333328,1543,532,418,1011,409.100000000006,78.7708333333285,785.979166666672,60493,22653.4787966395,2.67036248794485,330.181351493593,1,20.75,2122.1,1.82413646859243,2067.07999119531,0.846072724543515
7,3,1,10,41.541274747208,166.165098988832,45,10714,10783,10927,15,0.379140989193129,1,1,1,0,0.822916666666667,28682.75,28687,28663,28667,2353,0,17122,2026-05-19T09:22:00-05:00,2026-05,-701,0.00601811093957348,1,0,0,3.36412401522157,559,9.74933972210903,1620,0,0,0.698100868990523,116,405,EQL,2,1,0.132398440670616,EXTERNAL_SWING_CONFIRMATION,73,17122,28675,2026-05-19T09:22:00-05:00,1,0,BOS_DOWN,DOWN,NONE,-0.176470588235294,Detected,SSL,4,1,BEARISH_FVG,BEARISH_OB,1,0.493485097045025,15.75,28682.75,28687,75,17122,28663,28667,28663,24,LOW,2026-05-19T09:22:00-05:00,2353,29068,HIGH,-0.475430764226305,0.577738650199054,-1,ChartPrimeLow,2026_05.csv,1572,48,2825,48,4428,48,2,external,LL,397,-1,9.74933972210903,NQ,6,6,3,4,382.357142857143,228.290318890768,8,5,1,-570.839999999997,-762,-953.160000000003,-1133.25,1620,1572,-1045,48,-706.071428571435,-1268.25,-525.75,30373,22211.3131457815,1.36745629583673,-841.040789450752,156.571428571429,92.5553902436675,10,9,1,-570.839999999997,-762,-953.160000000003,-1133.25,1620,1572,-765,48,27.5999999999913,-1538.25,-593.25,2353,2911.63643927561,0.808136609454374,-843.385119365514,543.071428571429,379.263682352896,5,8,1,-754.964000000007,-1003,-1251.03599999999,-1134.375,2102,2054,-1226,48,-724.971428571429,-1397.125,-696.458333333328,170387,46040.5180881477,3.70080544432151,-1085.96854328817,1,4.25,3073.05,0.765688810790583,617.51044323153,-1.16605315406791
6,5,1,10,15.8035600049326,63.2142400197304,181,3035,990,1550,14,0.458757393760465,0,1,-1,1,0.465753424657534,29116.75,29126.5,29108.25,29124,1243,0,17303,2026-05-19T12:23:00-05:00,2026-05,1068.5,1.01243011036792,64,0,0,3.70169759103272,234,0,0,29.3288347597208,1854,0,0,463.5,EQL,0,1,0.427118952811467,EXTERNAL_SWING_CONFIRMATION,74,17303,29117.375,2026-05-19T12:23:00-05:00,1,1,CHOCH_UP,UP,GRAB,-0.25,Resolved,BSL,8.5,0,BEARISH_FVG,BEARISH_OB,1,1.97740255931235,7.25,29116.75,29126.5,76,17303,29108.25,29124,29126.5,18.25,HIGH,2026-05-19T12:23:00-05:00,1243,28663,LOW,0.616949598505453,1.15480309463841,18168,ChartPrimeHigh,2026_05.csv,36.5,1817.5,284.5,1817.5,2658.5,1817.5,0,external,HH,-1372.5,18166,29.3288347597208,NQ,5,5,3,5,298.214285714286,187.629715631531,8,8,1,1109.272,890.5,671.728000000003,1238.125,1854,36.5,933,1817.5,292.714285714275,1006.375,1624.375,10928,10577.8490331797,1.03310228437955,1152.82104188042,59.5714285714286,29.1941639806028,7,7,1,631.558000000005,504,376.441999999995,391.395833333328,1081,36.5,269,1044.5,7.39999999999418,166.1875,706.6875,1243,1109.27452256158,1.12055219399578,437.014809902743,608.857142857143,377.095729654034,11,7,1,1014.53599999999,766.5,518.464000000007,635.125,2102,284.5,162,1817.5,1139.64285714286,284.791666666672,1335.79166666667,60320,56934.8599731049,1.05945636870793,874.036085509957,1,2.5,1048,1.18606870229008,227.596572909172,0.856779157557085
6,4,0,11,14.5845609974799,58.3382439899198,245,10346,476,441,259,0.599949494641073,0,0,1,0,0.972972972972973,28881.25,28881.75,28863.25,28872.5,233,0,17548,2026-05-19T17:28:00-05:00,2026-05,-106,0.0685656565304084,4,0,0,14.0388181746011,819,18.04990908163,1053,0,0,0.205696969591225,12,263.25,EQH,0,1,3.2397272710618,EXTERNAL_SWING_CONFIRMATION,75,17548,28872.5,2026-05-19T17:28:00-05:00,1,0,CHOCH_UP,UP,SWEEP,-0.294117647058824,Resolved,SSL,9.25,1,BULLISH_FVG,BEARISH_OB,1,4.14822222008971,8.75,28881.25,28881.75,77,17548,28863.25,28872.5,28863.25,18.5,LOW,2026-05-19T17:28:00-05:00,233,29126.5,HIGH,-1.23418181754735,1.26846464581255,17648,ChartPrimeLow,2026_05.csv,986,37,1264,838,3638,838,1,external,HL,229,17648,18.04990908163,NQ,6,6,3,5,186.571428571429,99.1869100249673,9,3,1,-327.428,-440,-552.572,-181.625,954,917,-850,37,-12.8285714285739,-539.375,-62.375,2205,3075.85010248825,0.716874986273302,-388.687422931296,65.5,32.6846282648597,6,11,1,-105.486000000004,-149.5,-193.513999999996,-126.1875,373,336,-282,37,-24.1142857142695,-219.4375,-64.0208333333285,233,252.560921217471,0.922549691681605,-139.370595809436,626.214285714286,343.461367025606,7,7,1,129.771999999997,-89,-307.771999999997,-204.875,1854,1016,-533,838,-71.2571428571537,-745.625,258.625,8543,43878.3573668793,0.19469735224064,-145.973391968975,1,0.5,204.7,1.13825109916952,129.647637849673,0.218283961585277
7,5,0,11,10.9224620238371,43.6898480953483,66,1655,202,325,325,0.617992535498761,0,1,1,0,0.675,29017.75,29024.25,29004.25,29011,449,0,17614,2026-05-19T18:34:00-05:00,2026-05,461,0.1144430621294,5,0,0,4.005507174529,175,0,0,14.7402664022667,644,1.64798009466336,72,161,EQH,0,1,0.892655884609321,EXTERNAL_SWING_CONFIRMATION,76,17614,29014.25,2026-05-19T18:34:00-05:00,1,0,CHOCH_UP,UP,SWEEP,-0.222222222222222,Resolved,BSL,6.75,1,BULLISH_FVG,BULLISH_OB,1,1.21309645857164,6.75,29017.75,29024.25,78,17614,29004.25,29011,29024.25,20,HIGH,2026-05-19T18:34:00-05:00,449,28863.25,LOW,0.595103923072881,1.8310889940704,18019,ChartPrimeHigh,2026_05.csv,189,604,697,1405,3071,1405,1,external,LH,-338,18019,14.7402664022667,NQ,4,6,3,4,139.214285714286,121.684150801948,7,3,1,303.748000000007,211,118.251999999993,391.125,786,182,-142,604,321.585714285728,292.875,522.125,1698,1692.83014755654,1.00305396997503,325.925213287352,42.6428571428571,41.4190550387225,2,4,1,343.778000000006,270.5,197.221999999994,464.5625,621,40,285,581,72.528571428571,205.8125,542.1875,449,231.160807189977,1.94237079139023,304.57307765694,645,347.629793902971,10,9,1,696.771999999997,478,259.228000000003,362.125,1854,449,188,1405,327.614285714284,-178.625,825.625,6988,35831.2542254825,0.195025269169346,426.087416324212,1,6.5,132.7,3.3835719668425,98.4652730661932,3.21230003381362
7,6,1,11,21.0110011175754,84.0440044703014,43,590,459,11592,5,0.916186710584566,0,1,1,1,0.925287356321839,28837.5,28840.75,28797.25,28818.25,717,0,17657,2026-05-19T19:17:00-05:00,2026-05,-320,0.26176763159559,22,0,0,3.14121157914708,264,10.8038640676725,908,0,0,0,0,227,EQL,0,1,0.475941148355619,EXTERNAL_SWING_CONFIRMATION,77,17657,28819,2026-05-19T19:17:00-05:00,1,1,CHOCH_DOWN,DOWN,NONE,-0.222222222222222,Detected,SSL,21,1,BULLISH_FVG,BULLISH_OB,1,0.571129378026742,19.25,28837.5,28840.75,79,17657,28797.25,28818.25,28797.25,43.5,LOW,2026-05-19T19:17:00-05:00,717,29024.25,HIGH,-1.91566312213137,2.07034399534694,-1,ChartPrimeLow,2026_05.csv,850,87,1478,624,3852,624,1,external,LL,443,-1,10.8038640676725,NQ,2,6,0,0,189.571428571429,150.295589332929,5,6,1,-259.856,-367,-474.144,-385.916666666672,908,821,-255,87,-432.871428571438,-423.75,-234.583333333328,4303,2217.26061767889,1.94068300572828,-377.944428574614,97.0714285714286,47.1245857164531,5,8,1,-259.856,-367,-474.144,-575.083333333328,908,821,-496,87,1.59999999999127,-802.083333333328,-196.75,717,445.276110710989,1.61023684575204,-392.458344306913,641.571428571429,366.455125215888,9,6,1,-84.2280000000028,-303,-521.771999999997,-418.875,1854,1230,-628,624,-371.857142857145,-805.125,121.875,11391,32376.1350632803,0.351833224618562,-352.357636384011,1,3.25,299.6,2.3931909212283,191.289937006629,2.18202800697005
8,3,0,11,14.7781031808079,59.1124127232317,127,2853,372,495,132,0.40600609743963,0,1,-1,0,0.135135135135135,29001.25,29017.25,28998.75,29007.25,254,0,17784,2026-05-19T21:24:00-05:00,2026-05,290,0.0845846036332562,5,0,0,10.4208231676172,616,0,0,14.8868902394531,880,1.69169207266512,100,220,EQH,4,1,0.659759908339398,EXTERNAL_SWING_CONFIRMATION,78,17784,29008,2026-05-19T21:24:00-05:00,1,0,CHOCH_DOWN,DOWN,GRAB,-0.157894736842105,Resolved,BSL,2.5,1,BULLISH_FVG,BULLISH_OB,1,0.896596798512516,6,29001.25,29017.25,80,17784,28998.75,29007.25,29017.25,18.5,HIGH,2026-05-19T21:24:00-05:00,254,28797.25,LOW,1.08268292650568,1.25185213377219,18021,ChartPrimeHigh,2026_05.csv,65,843,474,1380,3096,1380,0,external,LH,-567,18019,14.8868902394531,NQ,8,8,3,5,245,193.724012664168,5,8,1,496.144,389,281.856,332.25,908,65,336,843,224.285714285725,143.083333333328,597.083333333328,1268,1656.51614585842,0.765461902179596,333.676191729188,55,26.2490185996287,16,10,1,356.047999999995,281,205.952000000005,108.75,636,37,110,599,60.6857142857189,-23.75,426.75,254,141.90045564456,1.78998720508857,269.370781731224,665.214285714286,376.010589306574,10,9,1,671.771999999997,453,234.228000000003,337.125,1854,474,387,1380,364.257142857154,-49.125,877.875,10174,24615.4978149515,0.413316849266411,405.534561422945,1,10,103.85,2.44583533943187,46.9460062199118,3.19835513369644
8,6,0,12,11.9789954413053,47.9159817652211,50,663,594,182,182,0.187828771704986,0,1,-1,0,0.6,28845,28849,28839,28847.25,228,0,17834,2026-05-19T22:14:00-05:00,2026-05,-366,0.250438362273315,12,0,0,2.02437676170929,97,14.8802126917395,713,0,0,2.25394526045983,108,178.25,EQH,2,1,1.2313219478438,EXTERNAL_SWING_CONFIRMATION,79,17834,28844,2026-05-19T22:14:00-05:00,1,0,CHOCH_DOWN,DOWN,NONE,-0.2,Detected,SSL,6,1,BULLISH_FVG,BEARISH_OB,1,1.96176717114097,2.25,28845,28849,81,17834,28839,28847.25,28839,10,LOW,2026-05-19T22:14:00-05:00,228,29017.25,HIGH,-0.50087672454663,0.834794540911049,-1,ChartPrimeLow,2026_05.csv,721,187,1130,724,3752,724,1,external,HL,89,-1,14.8802126917395,NQ,6,7,3,5,220.357142857143,201.713527137064,5,5,1,-149.160000000003,-253,-356.839999999997,-308,880,693,-474,187,-299.014285714264,-491.333333333328,-51.3333333333285,1102,1565.03394083959,0.70413808368195,-271.777018659326,45.9285714285714,28.2886424777345,7,7,1,-252.365999999995,-336.5,-420.634000000005,-232.520833333328,713,693,-167,20,-1.61428571428405,-291.9375,-54.2708333333285,228,132.950690854938,1.71492151363673,-270.758140819802,672.142857142857,372.709083673353,11,8,1,15.7719999999972,-203,-421.771999999997,-318.875,1854,1130,-489,724,-289.600000000006,-705.125,221.875,9653,22097.1952638599,0.436842770529685,-248.866120845691,1,1.75,106.35,2.14386459802539,55.5853173059217,2.18852758059259
6,1,0,12,8.62908759380058,34.5163503752023,442,3984,2034,3416,257,0.753266197537479,0,1,-1,0,0.274193548387097,29146.5,29157.75,29142.25,29153,245,0,18276,2026-05-20T05:36:00-05:00,2026-05,127,0.405604875597104,14,0,0,16.2821385775409,562,0,0,36.9390154561648,1275,0,0,318.75,EQL,1,1,0.37663309876874,EXTERNAL_SWING_CONFIRMATION,80,18276,29150,2026-05-20T05:36:00-05:00,1,1,CHOCH_UP,UP,SWEEP,-0.333333333333333,Resolved,BSL,4.25,1,BULLISH_FVG,BEARISH_OB,1,1.44858884141823,6.5,29146.5,29157.75,82,18276,29142.25,29153,29157.75,15.5,HIGH,2026-05-20T05:36:00-05:00,245,28839,LOW,1.30372995727641,1.7962501633586,18386,ChartPrimeHigh,2026_05.csv,31,673,31,1948,2528,1948,0,external,HH,-67,18386,36.9390154561648,NQ,6,9,2,4,126.571428571429,79.7003511751584,8,6,1,323.732000000004,256,188.267999999996,244.041666666672,574,31,438,543,48.0142857142782,124.458333333328,507.125,1476,1150.21262788735,1.28324099754585,223.185528942151,32.7857142857143,26.4054413109692,2,4,1,143.894,110.5,77.1059999999998,33.8541666666715,283,31,63,252,28.471428571429,22.0625,116.395833333328,245,167.689547318485,1.46103322429921,72.9538976972544,428.071428571429,335.197543091739,8,5,1,1192.022,958.5,724.978000000003,917.270833333328,1979,31,397,1948,388.800000000003,257.604166666672,1329.5625,7064,11218.2404415037,0.629688767755911,960.553478377027,1,4.75,112.7,2.17391304347826,64.5384381589762,2.0499411478491
6,1,0,13,11.4552955045153,45.821182018061,73,248,214,1060,330,0.654719033397591,0,1,-1,0,0.542857142857143,29073,29081,29063.5,29080.5,348,0,18349,2026-05-20T06:49:00-05:00,2026-05,-184,0.436479355598394,20,0,0,4.03743403928514,185,8.22763585302973,377,0,0,0.69836696895743,32,94.25,EQH,0,1,0.763838872297189,EXTERNAL_SWING_CONFIRMATION,81,18349,29072.25,2026-05-20T06:49:00-05:00,1,0,CHOCH_UP,UP,SWEEP,-0.368421052631579,Resolved,SSL,9.5,1,BULLISH_FVG,BULLISH_OB,1,1.15667029233574,7.5,29073,29081,83,18349,29063.5,29080.5,29063.5,17.5,LOW,2026-05-20T06:49:00-05:00,348,29157.75,HIGH,-0.829310775636949,1.52767774459438,18449,ChartPrimeLow,2026_05.csv,342,232,342,1637,2839,1637,1,external,HL,147,18449,8.22763585302973,NQ,5,9,1,3,113.928571428571,72.4464484618586,7,7,1,-109.013999999996,-153.5,-197.986000000004,-239.895833333328,377,342,-87,35,-145.899999999994,-239.895833333328,-82.8125,1968,1209.2895294146,1.62740183564864,-167.504716016905,50.9285714285714,20.9478613404039,11,11,1,-65.0840000000026,-96,-126.915999999997,-79.625,262,227,-185,35,-30.1000000000058,-177.875,-46.875,348,193.987761206094,1.79392760572293,-132.004102712628,407.857142857143,289.573491587326,4,5,1,801.918000000005,583.5,365.081999999995,622.0625,1851,342,1458,1509,86.4857142857218,159.3125,1084.8125,6906,9187.71025747046,0.751656267608655,498.232172315416,1,0.5,138.35,2.51535959522949,113.766108749487,1.84281595199542
6,3,0,13,11.6552762438188,46.6211049752752,45,3652,2182,7572,375,1.56581445331925,0,1,1,0,0.89010989010989,29166.75,29169.25,29146.5,29148.5,948,0,18394,2026-05-20T07:34:00-05:00,2026-05,45.5,0.128697078355007,6,0,0,13.041303939974,608,0,0,9.07314402402799,423,0.128697078355007,6,105.75,EQL,0,1,0.364641722005853,EXTERNAL_SWING_CONFIRMATION,82,18394,29157.875,2026-05-20T07:34:00-05:00,1,0,CHOCH_UP,UP,GRAB,-0.368421052631579,Resolved,BSL,2,1,BEARISH_FVG,BULLISH_OB,1,0.900879548485049,18.25,29166.75,29169.25,84,18394,29146.5,29148.5,29169.25,22.75,HIGH,2026-05-20T07:34:00-05:00,948,29063.5,LOW,0.214495130591678,1.95190568838427,18468,ChartPrimeHigh,2026_05.csv,45.5,377.5,45.5,1979.5,2496.5,1979.5,1,external,HH,13.5,18466,9.07314402402799,NQ,4,4,1,2,120.285714285714,86.5714460036207,8,3,1,215.914000000004,166,116.085999999996,69.0625,423,45.5,387,377.5,130,33.8125,210.0625,4095,1828.70944223524,2.23928411229433,152.207321886701,50.3571428571429,28.7396480218702,4,7,1,215.914000000004,166,116.085999999996,69.0625,423,45.5,186,377.5,21.9000000000087,-36.6875,227.6875,948,409.796024818826,2.31334601261473,157.255763970301,425.928571428571,305.021948057827,5,6,1,920.433999999994,736,551.566000000006,963.9375,1563,45.5,1493,1517.5,302.742857142846,442.9375,1289.5625,11089,9344.46960086809,1.18669121669248,727.017840309534,1,2.5,240.75,3.93769470404984,190.027596680061,3.72182784162006
6,0,1,13,27.5525513195931,110.210205278372,65,2500,406,1170,3,1.02531339738077,0,1,1,1,0.960893854748603,29066.25,29068,29023.25,29038,2767,0,18459,2026-05-20T08:39:00-05:00,2026-05,-95.5,0.00907356988832539,1,0,0,1.46084475202039,161,5.29896481478203,584,0,0,0.68959131151273,76,146,EQH,1,1,0.426457784751293,EXTERNAL_SWING_CONFIRMATION,83,18459,29045.625,2026-05-20T08:39:00-05:00,1,0,CHOCH_DOWN,DOWN,SWEEP,-0.368421052631579,Resolved,SSL,14.75,1,BULLISH_FVG,BULLISH_OB,1,0.480899204081246,28.25,29066.25,29068,85,18459,29023.25,29038,29023.25,44.75,LOW,2026-05-20T08:39:00-05:00,2767,29169.25,HIGH,-1.56065402079197,1.62416901001025,18492,ChartPrimeLow,2026_05.csv,494.5,89.5,494.5,1530.5,2945.5,1530.5,1,external,LL,385.5,18492,5.29896481478203,NQ,6,6,2,3,169.928571428571,86.2920994562726,6,11,1,-133.588000000003,-202.5,-271.411999999997,-263.333333333328,584,494.5,-240,89.5,-207.042857142849,-409.333333333328,-190.333333333328,34332,9420.79328408339,3.64427909250536,-231.928589334711,139.928571428571,101.116976851165,5,1,1,-111.050000000003,-173,-234.949999999997,-30.8125,525,435.5,-102,89.5,-121.357142857145,-271.4375,-30.8125,2767,2953.10395598198,0.936980221910238,-203.074620925327,418.214285714286,291.858335640267,5,7,1,425.084000000003,249.5,73.9159999999974,-29.5,1488,494.5,402,993.5,-155.985714285722,-401.5,342.5,51507,17875.0392574383,2.88150416109248,129.623194672764,1,1.75,1920.5,1.44077063264775,1664.45485069436,0.508574924484652
6,2,1,13,36.5273568520223,146.109427408089,8,3028,2739,4217,1,0.568067382593854,0,2,-1,2,0.301587301587302,29172.75,29194.75,29163.25,29193.5,2228,0,18467,2026-05-20T08:47:00-05:00,2026-05,214,0.109506965319297,16,0,0,0.698106903910519,102,0,0,4.69511113806486,686,0,0,171.5,EQL,1,1,0.636509235918414,EXTERNAL_SWING_CONFIRMATION,84,18467,29179,2026-05-20T08:47:00-05:00,1,1,CHOCH_UP,UP,GRAB,-0.368421052631579,Resolved,BSL,9.5,1,BULLISH_FVG,BEARISH_OB,1,0.307988339960523,20.75,29172.75,29194.75,86,18467,29163.25,29193.5,29194.75,31.5,HIGH,2026-05-20T08:47:00-05:00,2228,29023.25,LOW,0.602288309256134,0.862367351889465,18497,ChartPrimeHigh,2026_05.csv,63,623,63,2064,2412,2064,1,external,HH,-148,18496,4.69511113806486,NQ,5,5,2,3,194.642857142857,99.2860739161559,10,8,1,360.948000000004,280,199.051999999996,494.375,686,63,202,623,261.699999999997,208.541666666672,494.375,28378,12441.3404742298,2.28094392712589,278.002732211229,188.142857142857,140.846937931969,6,6,1,360.948000000004,280,199.051999999996,494.375,686,63,366,623,168.614285714269,208.541666666672,494.375,2228,2862.75256786631,0.778271941839735,293.274142915019,425.214285714286,280.813225996812,5,7,1,919.619999999995,732,544.380000000005,301.375,1590,63,747,1527,277.300000000003,168.875,897.625,72416,22117.6082610396,3.27413340291235,633.277747300628,1,1.25,2935.15,0.759075345382689,1127.41963239071,-0.62722874401298
5,1,0,13,32.1314891496735,128.525956598694,26,1123,460,474,27,0.124488472394397,0,2,1,0,0.851063829787234,29028.5,29032,29008.5,29024.5,1805,0,18493,2026-05-20T09:13:00-05:00,2026-05,-421,0.0155610590492996,2,0,0,5.00288048434983,643,5.79649449586411,745,0,0,0.42792912385574,55,186.25,EQL,1,1,0.0311221180985993,EXTERNAL_SWING_CONFIRMATION,85,18493,29020.25,2026-05-20T09:13:00-05:00,1,0,CHOCH_UP,UP,NONE,-0.444444444444444,Detected,SSL,16,1,BEARISH_FVG,BULLISH_OB,1,0.272318533362744,4,29028.5,29032,87,18493,29008.5,29024.5,29008.5,23.5,LOW,2026-05-20T09:13:00-05:00,1805,29194.75,HIGH,-0.622442361971985,0.731369775317083,-1,ChartPrimeLow,2026_05.csv,698,47,698,1429,3047,1429,2,external,LL,487,-1,5.79649449586411,NQ,3,3,2,3,231.428571428571,107.095499333276,9,9,1,-237.589999999997,-325.5,-413.410000000003,-309.979166666672,745,698,-350,47,-325.585714285728,-434.145833333328,-123.729166666672,15040,15057.6011899972,0.998831076094055,-329.523894700178,111.357142857143,72.5076164005541,7,8,1,-237.589999999997,-325.5,-413.410000000003,-309.979166666672,745,698,-369,47,-139.971428571414,-434.145833333328,-123.729166666672,1805,1699.74933777865,1.06192128444004,-313.6494432162,423.142857142857,298.835740708524,5,6,1,284.619999999995,97,-90.6199999999953,-333.625,1590,698,-180,892,-246.185714285733,-466.125,262.625,114437,30975.409073465,3.69444676997122,-33.3534941613907,1,3.5,1730.15,1.04326214490073,427.369544422623,0.175141165244057
5,0,0,13,14.961048450871,59.8441938034839,347,7508,4294,10835,344,1.67100588452038,0,1,-1,0,0.036697247706422,29371.25,29397.5,29370.25,29396.25,3191,0,18840,2026-05-20T15:00:00-05:00,2026-05,32.5,0.367621294594485,22,0,0,13.5518577234603,811,0,0,26.0008515631372,1556,1.13628400147386,68,389,EQL,2,1,0.317491118058873,EXTERNAL_SWING_CONFIRMATION,86,18840,29383.875,2026-05-20T15:00:00-05:00,1,0,BOS_UP,UP,RUN,-0.444444444444444,Resolved,BSL,1,1,BULLISH_FVG,BULLISH_OB,1,0.417751471130096,25,29371.25,29397.5,88,18840,29370.25,29396.25,29397.5,27.25,HIGH,2026-05-20T15:00:00-05:00,3191,29008.5,LOW,1.7545561787464,1.82139641412722,19288,ChartPrimeHigh,2026_05.csv,54.5,695.5,54.5,2346.5,1592.5,2883.5,0,external,HH,54.5,19286,26.0008515631372,NQ,4,5,3,4,138.928571428571,46.7470424459515,11,10,1,373.156000000003,291.5,209.843999999997,161.75,692,54.5,484,637.5,109.585714285728,161.75,507.75,21754,9147.94227257276,2.37802112779205,275.063560549301,66.0714285714286,35.446209910122,9,10,1,180.957999999999,136,91.0420000000013,-30.6875,381,54.5,63,326.5,33.7428571428463,-46.5625,159.8125,3191,2724.75989908102,1.17111236152449,109.782919141217,437.428571428571,193.042266983439,13,10,1,1429.318,1146,862.682000000001,295.645833333328,2401,54.5,1820,2346.5,147.899999999994,95.5625,1095.97916666667,52029,44396.2523422572,1.17192324250481,799.462250516488,1,1.25,1290.45,2.47278081289473,1552.61825556059,1.22409355499545
5,6,0,14,26.3670224172766,105.468089669106,70,466,434,8707,414,0.0189630816892082,0,1,1,0,0.9,29144.5,29148,29113,29144,429,0,18910,2026-05-20T17:10:00-05:00,2026-05,-981,0.151704653513665,16,0,0,3.10046385618554,327,10.7899934811595,1138,0,0,0.0284446225338123,3,284.5,EQH,1,1,0.843857135169764,EXTERNAL_SWING_CONFIRMATION,87,18910,29130.5,2026-05-20T17:10:00-05:00,1,0,BOS_UP,UP,NONE,-0.473684210526316,Detected,SSL,31,1,BEARISH_FVG,BEARISH_OB,1,1.05245103375105,0.5,29144.5,29148,89,18910,29113,29144,29113,35,LOW,2026-05-20T17:10:00-05:00,429,29397.5,HIGH,-1.19467414642012,1.32741571824457,-1,ChartPrimeLow,2026_05.csv,1068,70,1068,1333,2606,1870,1,external,HL,1068,-1,10.7899934811595,NQ,3,3,2,3,237.5,173.762978960257,8,5,1,-364.716,-499,-633.284,-712.375,1138,1068,-595,70,-642.128571428577,-902.041666666672,-617.541666666672,4479,5431.90661533659,0.824572349486619,-785.428490962993,115.857142857143,86.3840147684676,5,4,1,-336.448000000004,-462,-587.551999999996,-750.166666666672,1064,994,-627,70,-151.242857142846,-883.166666666672,-617.166666666672,429,473.897212530431,0.905259597770797,-645.454478018481,469.214285714286,269.774661676568,6,12,1,312.611999999994,49,-214.611999999994,-742.208333333328,2234,1068,725,1166,-792.485714285736,-928.375,95.5416666666715,28759,41194.7973325396,0.698122138284763,-280.223486043105,1,3.5,380.75,1.12672357189757,202.331627532623,0.238469885249257
4,3,0,14,8.09476799288119,32.3790719715248,417,7587,4727,7572,41,0.895640246437685,0,1,-1,0,0.078125,29425,29439.75,29423.75,29432.25,185,0,19327,2026-05-21T00:07:00-05:00,2026-05,606,1.05006097858211,34,0,0,5.21942074648168,169,0,0,40.3655793825536,1307,0.4323780500044,14,326.75,EQL,1,1,3.82963415718183,EXTERNAL_SWING_CONFIRMATION,88,19327,29431.75,2026-05-21T00:07:00-05:00,1,0,BOS_UP,UP,GRAB,-0.555555555555556,Resolved,BSL,1.25,0,BEARISH_FVG,BULLISH_OB,1,1.54420732144429,7.25,29425,29439.75,90,19327,29423.75,29432.25,29439.75,16,HIGH,2026-05-21T00:07:00-05:00,185,29113,LOW,1.82216463930426,1.97658537144868,19517,ChartPrimeHigh,2026_05.csv,32,720,32,2245,1401,3075,0,external,HH,-104,19515,40.3655793825536,NQ,3,3,2,2,96.4285714285714,59.6764808649197,10,6,1,360.429999999993,285.5,210.570000000007,404.5625,635,32,450,603,78.5,166.4375,431.020833333328,1081,825.202043221406,1.30998221451321,282.299126849786,36.2857142857143,14.4472517354244,14,14,1,129.915999999997,99,68.0840000000026,93.5416666666715,262,32,96,230,9.21428571427532,93.5416666666715,202.708333333328,185,112.683681958321,1.6417638897212,114.862017703883,432.214285714286,276.327293408934,7,5,1,1034.05,830.5,626.949999999997,435.1875,1725,32,1387,1693,258.714285714275,291.4375,1153.9375,4933,13090.3664869892,0.376842008579592,814.486170407341,1,7.5,88.5,2.09039548022599,49.8251944301274,1.93677116775384
4,6,0,15,17.5902560376184,70.3610241504734,126,4014,397,5203,167,0.156336553266699,0,0,-1,0,0.87431693989071,29240,29245.75,29200,29242.75,547,0,19453,2026-05-21T02:13:00-05:00,2026-05,-498.5,0.0710620696666815,5,0,0,11.2278070073357,790,13.6297049620695,959,0,0,0,0,239.75,EQL,0,1,0.682195868800142,EXTERNAL_SWING_CONFIRMATION,89,19453,29222.875,2026-05-21T02:13:00-05:00,1,1,BOS_UP,UP,SWEEP,-0.578947368421053,Resolved,SSL,40,1,BULLISH_FVG,BEARISH_OB,1,0.639558627000133,2.75,29240,29245.75,91,19453,29200,29242.75,29200,45.75,LOW,2026-05-21T02:13:00-05:00,547,29439.75,HIGH,-2.27398622933381,2.60087174980054,19672,ChartPrimeLow,2026_05.csv,867.5,91.5,867.5,1037.5,2236.5,2239.5,1,external,HL,579.5,19672,13.6297049620695,NQ,2,5,0,0,173.714285714286,126.32948952961,3,6,1,-274.838000000003,-388,-501.161999999997,-647.729166666672,959,867.5,-483,91.5,-360.485714285722,-847.520833333328,-407.979166666672,2389,1569.01254121162,1.52261370591415,-519.841689357636,81.5,36.3400331248993,12,9,1,-197.292000000001,-286.5,-375.707999999999,-585.75,756,664.5,-256,91.5,-99.3428571428522,-617.25,-239.25,547,295.411662093899,1.85165337117305,-337.794860783062,399.071428571429,309.760914533987,4,8,1,198.550000000003,-5,-208.550000000003,-400.3125,1725,867.5,410,857.5,-586.728571428568,-615.9375,246.5625,9314,11339.5843198254,0.821370496246146,-48.0343989034445,1,3,202.1,2.70658090054429,100.633443745109,3.42729004557954
5,7,1,15,17.1265315538824,68.5061262155297,63,10466,4919,7761,1,0.598486621050625,1,1,-1,0,0,29443.75,29464.5,29443.75,29454,595,0,19516,2026-05-21T03:16:00-05:00,2026-05,254.5,0.54009768241154,37,0,0,1.44512623131736,99,0,0,15.4438742700381,1058,1.64948751655416,113,264.5,EQL,0,1,0.408722570473598,EXTERNAL_SWING_CONFIRMATION,90,19516,29454.125,2026-05-21T03:16:00-05:00,1,0,BOS_UP,UP,SWEEP,-0.5,Resolved,BSL,0,1,BEARISH_FVG,BULLISH_OB,1,0.729861732988567,10.25,29443.75,29464.5,92,19516,29443.75,29454,29464.5,20.75,HIGH,2026-05-21T03:16:00-05:00,595,29200,LOW,1.21157047676102,1.21157047676102,20062,ChartPrimeHigh,2026_05.csv,41.5,1016.5,41.5,1782.5,1311.5,3164.5,1,external,HH,-345.5,20062,15.4438742700381,NQ,7,7,3,5,195.357142857143,209.663661556892,3,3,1,612.343999999997,487.5,362.656000000003,333.208333333328,1058,41.5,121,1016.5,630.014285714278,245.041666666672,774.041666666672,3505,1949.81496187109,1.79760647473775,474.742208400261,78,54.3656815539628,6,5,1,590.714000000007,470,349.285999999993,533.9375,1023,41.5,498,981.5,85.971428571429,320.8125,917.5625,595,418.563371201984,1.42152907047586,493.546052018268,465.5,317.801583663373,4,9,1,1085.732,870.5,655.267999999996,528.5,1824,41.5,1349,1782.5,333.899999999994,376.5,1212.5,10727,11241.6204557918,0.9542218617133,864.236240321174,1,10.5,257.3,2.31247570928877,167.669943639282,2.01407594390628
4,0,0,15,21.341723545716,85.3668941828641,315,8996,879,9009,34,1.01913043496273,0,0,-1,0,0.109803921568627,29181,29237.75,29174,29202.75,3731,0,19831,2026-05-21T08:31:00-05:00,2026-05,74.5,0.0702848575836369,6,0,0,1.21827086478304,104,13.6118340853643,1162,0,0,0,0,290.5,EQL,0,1,0.257711144473335,EXTERNAL_SWING_CONFIRMATION,91,19831,29205.875,2026-05-21T08:31:00-05:00,1,1,CHOCH_DOWN,DOWN,RUN,-0.578947368421053,Resolved,SSL,7,1,BEARISH_FVG,BULLISH_OB,1,0.491994003085458,21.75,29181,29237.75,93,19831,29174,29202.75,29174,63.75,LOW,2026-05-21T08:31:00-05:00,3731,29464.5,HIGH,-0.327996002056972,2.98710644730457,19882,ChartPrimeLow,2026_05.csv,837.5,127.5,1034.5,789.5,2304.5,2171.5,1,external,LL,176.5,19880,13.6118340853643,NQ,2,2,1,2,168.857142857143,123.900415232302,4,11,1,-207.131999999998,-310.5,-413.868000000002,-36.75,876,748.5,-750,127.5,16.6999999999971,-182.75,36.25,15432,5746.81586885397,2.68531311115027,-118.038784648379,81.7857142857143,31.6205290459041,15,13,1,-53.9499999999971,-110,-166.050000000003,-40.7291666666715,475,347.5,-124,127.5,60.5714285714348,-100.104166666672,38.4375,3731,2316.94791122299,1.61030810486828,-47.3681343725766,421.5,302.610523275368,5,6,1,-165.592000000004,-331.5,-497.407999999996,-419.375,1406,1034.5,-288,371.5,-381.142857142841,-712.291666666672,-185.041666666672,36565,15620.129883526,2.34088962592839,-358.167771628883,1,35,761.95,4.89664676159853,1442.16287134983,2.05874805057284
5,3,0,15,31.1739529998082,124.695811999233,31,5325,215,10412,65,0.0400975776157644,0,1,1,0,0.166666666666667,29318.75,29340,29314.5,29317.5,2216,0,19862,2026-05-21T09:02:00-05:00,2026-05,391,0.0400975776157644,5,0,0,4.49092869296561,560,0,0,5.32495830737351,664,0,0,166,EQL,0,1,2.23744483095965,EXTERNAL_SWING_CONFIRMATION,92,19862,29327.25,2026-05-21T09:02:00-05:00,1,1,CHOCH_DOWN,DOWN,RUN,-0.5,Resolved,BSL,3,1,BEARISH_FVG,BEARISH_OB,1,0.240585465694586,1.25,29318.75,29340,94,19862,29314.5,29317.5,29340,25.5,HIGH,2026-05-21T09:02:00-05:00,2216,29174,LOW,0.681658819467994,0.817990583361593,20052,ChartPrimeHigh,2026_05.csv,263,613,549,1275,1819,2657,1,external,LH,-235,20050,5.32495830737351,NQ,5,9,3,5,206.285714285714,117.865654693769,7,9,1,359.351999999999,281,202.648000000001,460.833333333328,664,51,289,613,349.814285714267,294.833333333328,516.166666666672,22850,14439.3884884036,1.58247698774439,351.792520566494,129.857142857143,66.3902426814985,10,9,1,359.351999999999,281,202.648000000001,460.833333333328,664,51,370,613,57.5571428571566,294.833333333328,516.166666666672,2216,2207.46575783134,1.00386608133711,353.398618472187,428.5,268.451609590498,4,6,1,319.907999999996,154,-11.9079999999958,476.208333333328,1406,549,193,857,57.2428571428463,-51.0416666666715,476.208333333328,94340,28513.6775345456,3.30858760276372,152.750974918628,1,21.25,2260.3,0.980400831747998,820.782925017328,-0.0539728576822733
5,1,1,16,34.8803643093676,139.521457237471,19,1437,1424,1415,1,0,1,1,0,0,0.503649635036496,29144.25,29161.25,29127,29144.25,2881,0,19881,2026-05-21T09:21:00-05:00,2026-05,-341.5,0.28669425328549,40,0,0,1.3474629904418,188,6.10658759498093,852,0,0,0,0,213,EQH,0,1,1.61265517473088,EXTERNAL_SWING_CONFIRMATION,93,19881,29144.125,2026-05-21T09:21:00-05:00,1,1,BOS_DOWN,DOWN,NONE,-0.523809523809524,Detected,SSL,17.25,1,BEARISH_FVG,BULLISH_OB,1,1.01059724283135,0,29144.25,29161.25,95,19881,29127,29144.25,29127,34.25,LOW,2026-05-21T09:21:00-05:00,2881,29340,HIGH,-0.49454758691747,0.981927817502802,-1,ChartPrimeLow,2026_05.csv,919.5,68.5,1281.5,542.5,2551.5,1924.5,2,external,LL,186.5,-1,6.10658759498093,NQ,5,5,3,3,253.785714285714,150.863472486972,10,10,1,-256.964000000007,-357.5,-458.035999999993,-375.25,852,783.5,-275,68.5,-298.328571428574,-517.25,-197.75,24722,16601.8872351356,1.48910781345866,-390.017614097116,145.714285714286,98.1940582861651,9,2,1,-256.964000000007,-357.5,-458.035999999993,-268.75,852,783.5,-693,68.5,-159.185714285719,-552.75,-197.75,2881,2593.71109836717,1.11076364742924,-396.166549655347,474.857142857143,349.940152348318,6,8,1,-412.592000000004,-578.5,-744.407999999996,-666.375,1406,1281.5,-528,124.5,-592.671428571426,-959.291666666672,-373.458333333328,125344,35266.1905837455,3.55422567408718,-566.711892582447,1,17,1969.9,1.46251078734961,691.20191695336,1.31813870542474
3,2,0,15,12.943705801039,51.774823204156,551,24,6842,7487,382,1.23612203845947,0,1,1,0,0.744897959183674,29597.25,29603.5,29579,29581.25,438,0,20432,2026-05-21T19:32:00-05:00,2026-05,711,2.10527034675128,109,0,0,20.3573848208794,1054,0,0,36.8132594578711,1906,0.289716102763938,15,476.5,EQH,2,1,0.869148308291815,EXTERNAL_SWING_CONFIRMATION,94,20432,29591.25,2026-05-21T19:32:00-05:00,1,0,CHOCH_UP,UP,SWEEP,-0.666666666666667,Resolved,BSL,2.25,0,BEARISH_FVG,BULLISH_OB,1,1.60309576862712,16,29597.25,29603.5,96,20432,29579,29581.25,29603.5,24.5,HIGH,2026-05-21T19:32:00-05:00,438,29127,LOW,0.48286017127323,1.89281187139106,20710,ChartPrimeHigh,2026_05.csv,49,769,49,1857,763,3713,0,external,HH,-514,20710,36.8132594578711,NQ,3,4,1,1,116.785714285714,45.8328123916617,11,9,1,357.025999999998,279.5,201.974000000002,211.0625,657,49,569,608,16.8428571428522,-7.9375,375.3125,1648,1420.85225475584,1.15986725184399,277.062264316381,55.6428571428571,42.3267734640806,7,4,1,121.567999999999,89,56.4320000000007,83.25,276,49,135,227,50.7285714285681,60.25,175.25,438,209.771524786843,2.08798596685164,117.339113280002,513.857142857143,394.442540008583,4,7,1,1128.908,904,679.092000000004,1420.20833333333,1906,49,969,1857,546.900000000009,705.458333333328,1658.45833333333,9631,27492.2367980002,0.350317075717192,1099.35344840876,1,6.25,152.75,2.86743044189853,128.121768251925,2.22639762073151
3,3,0,16,10.8720491862087,43.4881967448347,69,8690,395,7805,451,1.40267945249409,0,1,1,0,0.883495145631068,29513.75,29516.75,29491,29498.5,281,0,20501,2026-05-21T20:41:00-05:00,2026-05,-269.5,0.252942196351393,11,0,0,13.8888260542038,604,10.3476353052843,450,0,0,3.86311718063946,168,112.5,EQH,3,1,1.70161113909119,EXTERNAL_SWING_CONFIRMATION,95,20501,29503.875,2026-05-21T20:41:00-05:00,1,0,CHOCH_UP,UP,GRAB,-0.684210526315789,Resolved,SSL,7.5,1,BEARISH_FVG,BEARISH_OB,1,0.896795059791302,15.25,29513.75,29516.75,97,20501,29491,29498.5,29491,25.75,LOW,2026-05-21T20:41:00-05:00,281,29603.5,HIGH,-2.09252180617971,2.36845874765395,20969,ChartPrimeLow,2026_05.csv,398.5,239.5,398.5,1507.5,1112.5,3363.5,1,external,HL,374.5,20968,10.3476353052843,NQ,7,7,1,3,130.214285714286,84.8435083094488,4,4,1,-109.894,-165,-220.106,-272.020833333328,467,398.5,43,68.5,-255.442857142843,-291.479166666672,-116.354166666672,1905,1290.90244441827,1.47571182333493,-188.333908343426,43.2857142857143,24.3922642735538,5,10,1,-100.918000000005,-148,-195.081999999995,-172.9375,399,347.5,-216,51.5,-14.9857142857363,-305.9375,-139.6875,281,176.952325517944,1.58799834462478,-181.005703235918,473.285714285714,364.323432228393,3,7,1,779.407999999996,554.5,329.592000000004,1070.70833333333,1906,398.5,460,1507.5,40.7428571428463,355.958333333328,1308.95833333333,6809,22997.6329920182,0.296073948234725,739.020100153924,1,3,135.05,2.08071084783414,96.9084490640522,1.50606063155065
3,0,0,16,6.26651345589656,25.0660538235862,209,4,7120,7765,660,0.438840516238316,0,1,-1,0,0.3,29599.25,29606.25,29596.25,29602,108,0,20710,2026-05-22T00:10:00-05:00,2026-05,86,0.558524293394221,14,0,0,42.4877408903461,1065,0,0,18.391407089624,461,1.03725940201784,26,115.25,EQH,2,1,1.79525665733857,EXTERNAL_SWING_CONFIRMATION,96,20710,29601.25,2026-05-22T00:10:00-05:00,1,0,CHOCH_UP,UP,GRAB,-0.684210526315789,Resolved,BSL,3,1,BEARISH_FVG,BULLISH_OB,1,3.31125116798002,2.75,29599.25,29606.25,98,20710,29596.25,29602,29606.25,10,HIGH,2026-05-22T00:10:00-05:00,108,29491,LOW,1.11704858678844,1.59578369541206,20885,ChartPrimeHigh,2026_05.csv,20,441,20,1897,723,3753,0,external,HH,-261,20882,18.391407089624,NQ,2,5,2,2,72,39.191956747324,10,9,1,232.144,184,135.856,260.5,408,20,201,388,10.4000000000087,107.5,362.5,595,594.447225719262,1.0009298963084,191.254710800145,25.5,12.9726606681918,10,9,1,83.2060000000056,63.5,43.7939999999944,60.0208333333285,167,20,59,147,1.1142857142695,46.1041666666715,129.604166666672,108,63.5832305470732,1.69856106823706,62.9824707846419,430.428571428571,298.929318222942,7,5,1,1164.70600000001,938.5,712.293999999994,1457.6875,1917,20,897,1897,16.9142857142724,738.8125,1777.1875,3594,12577.5797240787,0.285746548926228,1107.9817578134,1,4.25,66.35,1.62773172569706,43.0293794981987,0.967943309564657
3,4,0,17,8.64840839298166,34.5936335719266,112,419,259,8126,772,0.953932749833487,0,0,-1,0,0.188679245283019,29531.25,29542,29528.75,29539.5,287,0,20822,2026-05-22T02:02:00-05:00,2026-05,-177.5,0.722676325631429,25,0,0,21.8248250340692,755,8.96118643782972,310,0,0,0.491419901429372,17,77.5,EQL,2,1,0.982839802858744,EXTERNAL_SWING_CONFIRMATION,97,20822,29535.375,2026-05-22T02:02:00-05:00,1,0,CHOCH_UP,UP,RUN,-0.7,Resolved,SSL,2.5,1,BULLISH_FVG,BEARISH_OB,1,1.12737506798503,8.25,29531.25,29542,99,20822,29528.75,29539.5,29528.75,13.25,LOW,2026-05-22T02:02:00-05:00,287,29606.25,HIGH,-0.289070530252572,1.53207381033863,20949,ChartPrimeLow,2026_05.csv,283.5,30.5,283.5,1633.5,986.5,3489.5,1,external,HL,47.5,20947,8.96118643782972,NQ,3,4,3,3,108.142857142857,60.9403588012675,8,8,1,-91.9199999999983,-128.5,-165.080000000002,-199.541666666672,310,283.5,-122,26.5,-110.771428571432,-251.208333333328,-109.125,1221,945.505586163169,1.29137259247169,-148.758837741625,31.4285714285714,29.7463860191957,4,7,1,-72.0559999999969,-102.5,-132.944000000003,-54.125,258,231.5,-222,26.5,-46.2571428571537,-193.875,-43.375,287,159.4249906621,1.80021964441129,-108.391465899564,384.5,229.179125776603,7,6,1,901.206000000006,675,448.793999999994,1194.1875,1917,283.5,578,1633.5,-384.242857142846,475.3125,1513.6875,5562,10265.5449950437,0.541812441783206,834.244312797964,1,2.5,92.15,3.11448724905046,97.8811907365251,1.99067868437046
3,3,1,17,15.1815659051161,60.7262636204643,79,7655,7358,7320,18,2.14075413584627,1,1,-1,0,0.0223880597014925,29632.5,29665.25,29631.75,29665,389,0,20901,2026-05-22T03:21:00-05:00,2026-05,77,0.592824222234353,36,0,0,3.88629212353631,236,0,0,8.99116737055435,546,0.905703672858039,55,136.5,EQL,2,1,1.02097504940361,EXTERNAL_SWING_CONFIRMATION,98,20901,29648.5,2026-05-22T03:21:00-05:00,1,0,BOS_UP,UP,RUN,-0.7,Resolved,BSL,0.75,1,BEARISH_FVG,BEARISH_OB,1,0.543422203714823,32.5,29632.5,29665.25,100,20901,29631.75,29665,29665.25,33.5,HIGH,2026-05-22T03:21:00-05:00,389,29528.75,LOW,2.15722147535278,2.20662349387231,21219,ChartPrimeHigh,2026_05.csv,67,479,67,2086,534,3942,1,external,HH,67,21217,8.99116737055435,NQ,5,7,2,3,138.785714285714,97.6784203240022,7,8,1,270.428,206,141.572,399.375,546,67,146,479,275.557142857142,217.375,422.125,2719,1414.49573817871,1.92223979656592,282.790678968537,65.2857142857143,51.911437017608,8,2,1,261.775999999998,199,136.224000000002,143.583333333328,532,67,124,465,60.8857142857159,121.416666666672,409.583333333328,389,333.444011090028,1.1666126457883,205.361314482885,349.571428571429,274.582850460324,5,7,1,1263.554,1009.5,755.445999999996,1682.3125,2153,67,1406,2086,-100.585714285713,874.9375,1951.4375,7922,9540.53926787619,0.830351385552602,1260.05213976721,1,0.25,211.7,1.83750590458196,176.946630371985,1.00199704073071
3,4,0,16,11.4429309778541,45.7717239114164,131,9292,814,9277,85,0.524341185978663,0,0,-1,0,0.263157894736842,29439.75,29450.25,29436,29445.75,167,0,21032,2026-05-22T05:32:00-05:00,2026-05,-744.5,0.415103438899775,19,0,0,8.1054408332535,371,20.0342028142681,917,0,0,0,0,229.25,EQL,1,1,1.24531031669932,EXTERNAL_SWING_CONFIRMATION,99,21032,29443.125,2026-05-22T05:32:00-05:00,1,1,CHOCH_DOWN,DOWN,NONE,-0.684210526315789,Detected,SSL,3.75,1,BULLISH_FVG,BULLISH_OB,1,1.09237747078888,6,29439.75,29450.25,101,21032,29436,29445.75,29436,14.25,LOW,2026-05-22T05:32:00-05:00,167,29665.25,HIGH,-0.327713241236664,1.24531031669932,-1,ChartPrimeLow,2026_05.csv,888.5,28.5,888.5,1264.5,1355.5,3120.5,1,external,LL,761.5,-1,20.0342028142681,NQ,5,6,2,3,171.928571428571,145.114205866829,7,3,1,-321.793999999994,-430,-538.206000000006,-640.145833333328,917,888.5,-417,28.5,-170.442857142843,-831.1875,-296.270833333328,1476,1454.72171669785,1.01462704726128,-438.496209053701,48.4285714285714,44.2726476600045,8,2,1,-145.309999999998,-199,-252.690000000002,-208.479166666672,455,426.5,-229,28.5,-52.1285714285768,-379.104166666672,-151.604166666672,167,157.357167321296,1.06127990763214,-228.253962507049,304.357142857143,330.174492714226,0,7,1,442.054000000004,188,-66.0540000000037,860.8125,2153,888.5,910,1264.5,-694.357142857145,-36.2708333333285,1129.9375,8286,10629.7438524791,0.779510787371183,368.083944485508,1,4.5,145.45,1.1481608800275,63.3320416534948,0.340270097684603
3,1,1,16,24.8766480457691,99.5065921830762,188,7772,7688,3,3,0.683371809928842,0,1,-1,1,0.0457142857142857,29673.75,29715.5,29671.75,29690.75,3579,0,21220,2026-05-22T08:40:00-05:00,2026-05,569.5,0.0703470980809102,7,0,0,2.01996667346614,201,0,0,11.2354365220654,1118,2.40185092019108,239,279.5,EQH,2,1,0.271338806883511,EXTERNAL_SWING_CONFIRMATION,100,21220,29693.625,2026-05-22T08:40:00-05:00,1,0,CHOCH_UP,UP,SWEEP,-0.684210526315789,Resolved,BSL,2,1,BEARISH_FVG,BULLISH_OB,0,0.864264347851183,17,29673.75,29715.5,102,21220,29671.75,29690.75,29715.5,43.75,HIGH,2026-05-22T08:40:00-05:00,3579,29436,LOW,1.67828076850172,1.75867745202276,21448,ChartPrimeHigh,2026_05.csv,87.5,1030.5,87.5,2266.5,353.5,4122.5,0,external,HH,-194.5,21448,11.2354365220654,NQ,4,5,2,2,183.928571428571,81.4634947534396,12,10,1,603.423999999999,471.5,339.576000000001,401.625,1118,87.5,825,1030.5,297.485714285722,261.875,1007.20833333333,27215,9135.39890433431,2.97907078661752,419.84059482954,126.357142857143,58.2065104360576,10,8,1,333.975999999995,253.5,173.024000000005,381.375,682,87.5,434,594.5,13.8285714285739,210.875,580.291666666672,3579,2586.69158862734,1.38362068973953,297.679658701323,334.642857142857,205.858125646613,4,10,1,1167.658,928,688.342000000004,970.3125,2031,87.5,1690,1943.5,442.800000000003,377.9375,1139.5625,51724,18066.9914638665,2.86290056113917,845.479738689057,1,24.75,1806.3,1.98139843879754,1717.77257225746,1.03197596039757
3,2,0,17,26.1369252709993,104.547701083997,44,9453,164,8568,47,1.00432624449235,0,1,1,0,0.858208955223881,29519,29523.75,29490.25,29492.75,1644,0,21264,2026-05-22T09:24:00-05:00,2026-05,-177,0.0765200948184651,8,0,0,6.6955082966157,700,8.61807567892963,901,0,0,1.63561702674469,171,225.25,EQH,0,1,0.066955082966157,EXTERNAL_SWING_CONFIRMATION,101,21264,29507,2026-05-22T09:24:00-05:00,1,0,CHOCH_UP,UP,NONE,-0.7,Detected,SSL,2.5,1,BULLISH_FVG,BEARISH_OB,1,0.373035462240017,26.25,29519,29523.75,103,21264,29490.25,29492.75,29490.25,33.5,LOW,2026-05-22T09:24:00-05:00,1644,29715.5,HIGH,-1.09997636301544,1.28171158820929,-1,ChartPrimeLow,2026_05.csv,834,284,834,1520,1100,3376,1,external,HL,679,-1,8.61807567892963,NQ,9,12,3,5,266.285714285714,143.550085440851,9,9,1,-184.482000000004,-308.5,-432.517999999996,-199.020833333328,1051,834,132,217,-417.185714285733,-505.5625,-111.4375,14554,13382.7973106873,1.08751553670901,-345.185807736285,97.0714285714286,78.3205431620785,3,6,1,-277.182000000001,-383.5,-489.817999999999,-214.5625,901,834,-196,67,-116.957142857151,-514.895833333328,-101.9375,1644,1499.16432261233,1.09661094197819,-393.24003220204,355.642857142857,181.571337603426,7,9,1,209.801999999996,10.5,-188.801999999996,-235.8125,1689,834,419,855,-220.242857142861,-376.5625,327.1875,110138,30653.8690267493,3.59295591378338,-51.1455884763127,1,4.75,1470.35,1.11810113238345,382.617468890274,0.453847547796619
2,1,1,17,18.221801250768,72.887205003072,186,8328,8342,1,1,0.617392311834476,1,1,-1,0,0.194915254237288,29725.25,29749,29719.5,29736.5,2293,0,21450,2026-05-22T12:30:00-05:00,2026-05,732,0.384155216252563,28,0,0,1.83845710635155,134,0,0,14.2000231721929,1035,3.22415985069115,235,258.75,EQH,2,1,0.205797437278159,EXTERNAL_SWING_CONFIRMATION,102,21450,29734.25,2026-05-22T12:30:00-05:00,1,0,BOS_UP,UP,RUN,-0.789473684210526,Resolved,BSL,5.75,1,BEARISH_FVG,BULLISH_OB,0,0.480194020315703,11.25,29725.25,29749,104,21450,29719.5,29736.5,29749,29.5,HIGH,2026-05-22T12:30:00-05:00,2293,29490.25,LOW,1.30338376942834,1.61893983992151,21662,ChartPrimeHigh,2026_05.csv,59,976,59,2106,191,4285,0,external,HH,-230,21660,14.2000231721929,NQ,5,5,2,4,155.285714285714,136.16969676029,6,4,1,580.630000000005,458.5,336.369999999995,178.1875,1035,59,606,976,111.199999999997,91.9375,436.9375,13645,7666.03599037572,1.7799290294398,347.735419960751,85.5714285714286,66.6853587204054,7,6,1,228.987999999998,174,119.012000000002,106.041666666672,466,59,91,407,139.871428571423,-49.2916666666715,280.791666666672,2293,1856.5081442647,1.23511443086514,208.684175309463,404.785714285714,243.810729546722,7,8,1,714.736000000004,567,419.263999999996,175.75,1252,59,1108,1193,420.800000000003,123.583333333328,697.416666666672,41846,36938.0703542847,1.13286914012134,504.371885545697,1,12.5,939.65,2.44027031341457,1127.51515621742,1.20029428654441
2,1,0,18,10.1369423896343,40.5477695585371,181,1546,522,8935,182,1.10980210477509,0,0,-1,0,0.763819095477387,29540.25,29552,29502.25,29551.5,1395,0,21631,2026-05-22T15:31:00-05:00,2026-05,-612.5,0.419258572915036,17,0,0,21.0369154527368,853,24.3416594980671,987,0,0,3.03345908638526,123,246.75,EQH,2,1,1.06047756678509,EXTERNAL_SWING_CONFIRMATION,103,21631,29527.125,2026-05-22T15:31:00-05:00,1,0,BOS_UP,UP,NONE,-0.8,Detected,SSL,38,1,BULLISH_FVG,BEARISH_OB,1,0.961828490805082,11.25,29540.25,29552,105,21631,29502.25,29551.5,29502.25,49.75,LOW,2026-05-22T15:31:00-05:00,1395,29749,HIGH,-3.74866488724032,4.90779153000542,-1,ChartPrimeLow,2026_05.csv,887.5,99.5,887.5,512.5,1019.5,3456.5,1,external,HL,222.5,-1,24.3416594980671,NQ,0,0,0,0,155.857142857143,76.335424723186,9,11,1,-277.534,-394,-510.466,-126.6875,987,887.5,-633,99.5,3.7714285714319,-579.0625,-3.3125,2130,5832.66671185034,0.3651845896959,-403.531321091388,34.4285714285714,17.9934480556772,7,7,1,-32.2899999999936,-73,-113.710000000006,-137.6875,345,245.5,-63,99.5,-64.8285714285739,-137.6875,-65.8125,1395,350.085252000525,3.98474369322449,-124.617160918089,461.714285714286,266.730405908457,5,8,1,-113.763999999996,-261.5,-409.236000000004,-131.083333333328,1252,887.5,-164,364.5,-389.228571428583,-600.583333333328,-78.9166666666715,39285,37626.0222637439,1.04409123357838,-345.130499709616,1,0.5,146.15,9.54498802600068,90.6025799853404,13.7838238182849
1,1,0,18,4.41060060321095,17.6424024128438,466,39,14,648,437,1.30367732589842,0,1,1,0,0.7,29992,29995,29985,29986.25,238,0,22097,2026-05-25T00:17:00-05:00,2026-05,130,7.70870070966021,136,3.40089737190892,60,55.7747168993062,984,0,0,111.719478667208,1971,69.0948982726162,1219,492.75,EQL,1,1,0.453452982921189,EXTERNAL_SWING_CONFIRMATION,104,22097,29990,2026-05-25T00:17:00-05:00,0,0,BOS_UP,UP,SWEEP,-0.894736842105263,Resolved,BSL,1.25,0,BULLISH_FVG,BULLISH_OB,1,1.9838568002802,5.75,29992,29995,106,22097,29985,29986.25,29995,10,HIGH,2026-05-25T00:17:00-05:00,238,29502.25,LOW,0.680179474381783,2.26726491460594,23758,ChartPrimeHigh,2026_05.csv,20,348,20,2216,20,5308,0,external,HH,-275,23758,111.719478667208,NQ,2,2,1,2,71.3571428571429,54.9162362832579,5,4,1,207.423999999999,164,120.576000000001,79.6666666666715,368,20,277,348,-5.24285714284633,-12.3333333333285,171.666666666672,684,589.246225163974,1.16080506041368,131.827083069365,16.4285714285714,10.6543718302745,10,6,1,64.0479999999952,48,31.9520000000048,28.1666666666715,136,20,55,116,6.94285714284342,11.1666666666715,79.1666666666715,238,88.0044402173097,2.70440899814039,46.264153201686,373,263.155413856727,5,10,1,1361.848,1098,834.152000000002,1703.58333333333,2236,20,1442,2216,53.3000000000029,1144.58333333333,1703.58333333333,2785,11472.5207621282,0.24275397340692,1377.68055947732,1,3,55.1,4.31941923774955,36.3839250219104,5.02694527569132
1,5,0,19,9.36560510267056,37.4624204106822,123,269,408,771,560,0.240240750633232,0,0,1,0,0.897959183673469,29900.5,29901.75,29889.5,29898.25,525,0,22220,2026-05-25T02:20:00-05:00,2026-05,-274.5,5.89924509888269,221,0,0,15.0017002062085,562,11.2646218630249,422,0,0,21.2746531394095,797,105.5,EQH,2,1,0.560561751477541,EXTERNAL_SWING_CONFIRMATION,105,22220,29895.625,2026-05-25T02:20:00-05:00,1,0,BOS_UP,UP,SWEEP,-0.9,Resolved,SSL,8.75,0,BULLISH_FVG,BULLISH_OB,1,0.934269585795901,2.25,29900.5,29901.75,107,22220,29889.5,29898.25,29889.5,12.25,LOW,2026-05-25T02:20:00-05:00,525,29995,HIGH,-1.17451033642913,1.30797742011426,22842,ChartPrimeLow,2026_05.csv,397.5,24.5,397.5,1838.5,397.5,4930.5,1,external,HL,155.5,22842,11.2646218630249,NQ,5,8,3,4,81.5714285714286,63.7412603474123,7,10,1,-136.703999999998,-186.5,-236.296000000002,-300.791666666672,422,397.5,-252,24.5,-240.242857142846,-371.125,-248.041666666672,3012,1104.92830517698,2.72596872203174,-263.832398109866,40.6428571428571,44.3185817883374,0,4,1,-121.423999999999,-166.5,-211.576000000001,-63.0416666666715,382,357.5,-254,24.5,-77.3571428571595,-301.791666666672,-63.0416666666715,525,363.32513863553,1.44498671898025,-197.796155068296,331.642857142857,279.055221715913,3,9,1,984.347999999998,720.5,456.652000000002,1326.08333333333,2236,397.5,1732,1838.5,-441.914285714272,767.083333333328,1326.08333333333,6294,9056.99948784081,0.694932136018094,957.769786370001,1,1.25,158.2,3.31858407079646,256.998949414195,1.42724318848807
2,0,0,19,5.59418147449917,22.3767258979967,303,67,396,1074,863,1.51943587077875,0,1,1,0,0.346534653465347,29973.5,29990,29964.75,29965,744,0,22523,2026-05-25T07:23:00-05:00,2026-05,50.5,1.74288232236386,39,0.0893785806340441,2,43.0804758656092,964,0,0,17.9650947074429,402,53.5824590901094,1199,100.5,EQH,3,1,0.178757161268088,EXTERNAL_SWING_CONFIRMATION,106,22523,29977.375,2026-05-25T07:23:00-05:00,0,0,BOS_UP,UP,GRAB,-0.80952380952381,Resolved,BSL,0.25,0,BEARISH_FVG,BULLISH_OB,1,1.56412516109577,8.5,29973.5,29990,108,22523,29964.75,29965,29990,25.25,HIGH,2026-05-25T07:23:00-05:00,744,29889.5,LOW,2.94949316092345,4.51361832201923,22616,ChartPrimeHigh,2026_05.csv,50.5,201.5,70.5,2061.5,70.5,5257.5,0,external,LH,-92.5,22614,17.9650947074429,NQ,4,7,0,0,52.7857142857143,24.6919015063637,10,10,1,55.7960000000021,35.5,15.2039999999979,3.25,172,50.5,-1,121.5,3,-3.91666666667152,67.75,1193,580.226133692173,2.05609490976999,28.4373560381937,22.0714285714286,17.4715257068837,7,2,1,23.6600000000035,9.5,-4.66000000000349,7,120,50.5,-6,69.5,64.5999999999913,-23,7,744,184.197684020202,4.03913873270199,5.51166393292078,210.142857142857,308.950339526004,3,4,1,1147.57799999999,915,682.422000000006,1202.4375,1971,70.5,1166,1900.5,-293.585714285728,1038.1875,1777.3125,3658,5070.56296951811,0.721418907918157,1050.63568295483,1,16.5,50.15,14.8354935194417,21.7882422420901,31.8451572316207
2,1,0,20,5.6486330573783,22.5945322295132,22,265,252,1096,885,1.15072087954264,0,1,-1,0,0.575342465753425,29947.25,29955,29936.75,29953.75,646,0,22545,2026-05-25T07:45:00-05:00,2026-05,-75.5,0.885169907340494,20,0,0,33.2381300206356,751,9.42705951317627,213,0,0,43.6388764318864,986,53.25,EQH,2,1,0.354067962936198,EXTERNAL_SWING_CONFIRMATION,107,22545,29945.875,2026-05-25T07:45:00-05:00,1,0,BOS_UP,UP,RUN,-0.818181818181818,Resolved,SSL,10.5,1,BULLISH_FVG,BULLISH_OB,1,1.54904733784587,6.5,29947.25,29955,109,22545,29936.75,29953.75,29936.75,18.25,LOW,2026-05-25T07:45:00-05:00,646,29990,HIGH,-1.85885680541504,3.23087016179281,22654,ChartPrimeLow,2026_05.csv,176.5,36.5,196.5,1822.5,196.5,5131.5,1,external,HL,36.5,22652,9.42705951317627,NQ,2,2,0,0,61.6428571428571,40.8898037734542,8,7,1,-44.8659999999945,-70,-95.1340000000055,-118.8125,213,176.5,-44,36.5,-100.100000000006,-154.3125,-65.5625,1190,753.481751051032,1.57933486556253,-86.2959719486971,20.9285714285714,11.1302321480353,6,5,1,-44.8659999999945,-70,-95.1340000000055,-118.8125,213,176.5,-111,36.5,-9.7285714285681,-127.6875,-38.9375,646,181.466719572368,3.55988140151715,-79.5664065322926,192.714285714286,350.788538737762,1,4,1,1021.57799999999,789,556.422000000006,1158.5625,1971,196.5,1031,1774.5,-449.371428571423,830.0625,1651.3125,4613,5119.30637604469,0.901098637422074,911.915259363654,1,1.25,74.05,8.7238352464551,35.4139449934627,16.1504175856596
2,0,1,20,6.71772280377848,26.8708912151139,76,165,494,7,7,0.744299838806638,1,2,1,0,0.846153846153846,29992.75,29993.75,29987.25,29987.75,273,0,22621,2026-05-25T09:01:00-05:00,2026-05,203,2.00960956477792,54,0.632654862985643,17,0.558224879104979,15,0,0,8.48501816239568,228,1.07923476626963,29,57,EQH,1,1,0.148859967761328,EXTERNAL_SWING_CONFIRMATION,108,22621,29990.5,2026-05-25T09:01:00-05:00,0,0,BOS_UP,UP,RUN,-0.818181818181818,Resolved,BSL,0.5,0,BEARISH_FVG,BULLISH_OB,0,0.595439871045311,5,29992.75,29993.75,110,22621,29987.25,29987.75,29993.75,6.5,HIGH,2026-05-25T09:01:00-05:00,273,29936.75,LOW,0.148859967761328,0.96758979044863,23760,ChartPrimeHigh,2026_05.csv,13,215,18,2001,18,5310,1,external,HH,-142,23758,8.48501816239568,NQ,6,9,1,3,69.8571428571429,53.9276848007576,1,6,1,127.903999999995,101,74.096000000005,58.25,228,13,95,215,120.085714285728,29.75,162.75,2372,1593.90996715706,1.48816435612782,94.2081820515741,26.8571428571429,11.0679684139421,8,11,1,125.432000000001,99,72.5679999999993,1,224,13,76,211,-15.8142857142666,-8.33333333332848,150.333333333328,273,244.908521875357,1.1147019218014,93.8277971430507,194.214285714286,309.161862246413,1,3,1,1200.07799999999,967.5,734.922000000006,1747.6875,1971,18,1215,1953,-260.271428571432,515.8125,1829.8125,9754,6146.58226767898,1.58689814521644,1005.75548354218,1,1,225.5,1.21064301552106,104.724161491033,0.453572502502845
2,0,0,19,9.29132355934527,37.1652942373811,399,9898,1345,1571,368,0.457415993841407,0,0,-1,0,0.595238095238095,29776.5,29780.75,29770.25,29780.75,327,0,23020,2026-05-25T20:40:00-05:00,2026-05,-420,3.040471017887,113,0,0,17.9199442293163,666,24.0546999114246,894,0,0,8.61018341348531,320,223.5,EQH,1,1,0.968645634017098,EXTERNAL_SWING_CONFIRMATION,109,23020,29775.5,2026-05-25T20:40:00-05:00,1,0,CHOCH_DOWN,DOWN,SWEEP,-0.80952380952381,Resolved,SSL,6.25,0,BULLISH_FVG,BULLISH_OB,1,0.941738810849956,4.25,29776.5,29780.75,111,23020,29770.25,29780.75,29770.25,10.5,LOW,2026-05-25T20:40:00-05:00,327,29993.75,HIGH,-0.67267057917854,1.13008657301995,23353,ChartPrimeLow,2026_05.csv,806,21,878,1093,878,4450,1,external,LL,806,23353,24.0546999114246,NQ,4,5,2,3,135.071428571429,57.5521888036427,11,10,1,-255.949999999997,-341.5,-427.050000000003,-265.979166666672,725,704,-614,21,-33.3714285714232,-417.020833333328,-24.3125,2225,1563.77250645757,1.4228412322201,-299.017832371261,35.6428571428571,13.4298455642549,9,7,1,-79.4660000000003,-110.5,-141.534,-148.854166666672,263,242,-140,21,-13.5714285714203,-214.604166666672,-94.0625,327,222.749567805466,1.46801631635748,-123.082530621949,230.285714285714,166.538858614353,1,9,1,-322.418000000005,-428.5,-534.581999999995,-784.354166666672,899,878,-515,21,-400.057142857142,-821.8125,-559.604166666672,8409,8627.3373469552,0.974692383272545,-608.121025355576,1,0,174.8,1.87070938215103,91.8006535924445,1.6579402656075
3,1,0,19,4.51118314844521,18.0447325937808,162,0,252,530,530,0.166253502755367,0,1,-1,0,0.461538461538462,29827.25,29829,29825.75,29828,25,0,23182,2026-05-25T23:22:00-05:00,2026-05,3.5,0,0,0,0,23.885086562521,431,0,0,13.0231910491704,235,24.0513400652764,434,58.75,EQH,1,1,2.38296687282692,EXTERNAL_SWING_CONFIRMATION,110,23182,29827.375,2026-05-25T23:22:00-05:00,1,0,CHOCH_DOWN,DOWN,RUN,-0.727272727272727,Resolved,BSL,1.5,1,BEARISH_FVG,BEARISH_OB,1,1.77337069605725,0.75,29827.25,29829,112,23182,29825.75,29828,29829,3.25,HIGH,2026-05-25T23:22:00-05:00,25,29770.25,LOW,0.387924839762522,0.720431845273256,23293,ChartPrimeHigh,2026_05.csv,115.5,228.5,670.5,228.5,670.5,4657.5,0,external,LH,-136.5,23291,13.0231910491704,NQ,8,8,2,4,64.7142857142857,29.1567877290467,11,11,1,128.034,97,65.9660000000003,58.6458333333285,263,34.5,12,228.5,15.1428571428551,14.8125,102.479166666672,349,510.716604432986,0.683353540830087,78.1933260899823,17,10.460687235722,6,6,1,55.3000000000029,43.5,31.6999999999971,12.25,100,6.5,21,93.5,-3.71428571427532,8.08333333332848,49.75,25,31.7496219008777,0.787410951791803,34.4569407936069,218.285714285714,140.602868985371,8,5,1,-114.918000000005,-221,-327.081999999995,-576.854166666672,899,670.5,-560,228.5,-2.98571428573632,-651.770833333328,-314.645833333328,2663,6348.74424532921,0.419453028362133,-356.72991327515,1,1,41.1,0.608272506082725,30.9707926924708,-0.519844621345906
3,4,0,20,5.78689738796497,23.1475895518599,42,197,200,1775,572,0.604814594998516,0,1,1,0,0.743589743589744,29789.75,29792.25,29782.5,29786.25,105,0,23224,2026-05-26T00:04:00-05:00,2026-05,-79.5,4.53610946248887,105,0,0,26.6550432224346,617,8.03539390498028,186,0,0,15.9411846824609,369,46.5,EQH,1,1,1.03682501999746,EXTERNAL_SWING_CONFIRMATION,111,23224,29787.375,2026-05-26T00:04:00-05:00,1,0,CHOCH_DOWN,DOWN,RUN,-0.739130434782609,Resolved,SSL,3.75,0,BULLISH_FVG,BULLISH_OB,1,1.51203648749629,3.5,29789.75,29792.25,113,23224,29782.5,29786.25,29782.5,9.75,LOW,2026-05-26T00:04:00-05:00,105,29829,HIGH,-1.25283023249693,1.68484065749586,23354,ChartPrimeLow,2026_05.csv,194.5,68.5,830.5,68.5,830.5,4497.5,1,external,HL,23.5,23352,8.03539390498028,NQ,4,5,2,4,66.9285714285714,33.9907898847997,9,12,1,-51.551999999996,-73.5,-95.448000000004,-131.625,186,166.5,7,19.5,-91.1571428571478,-147.125,-77.375,775,583.148464275954,1.32899261076208,-97.2944466801127,22.9285714285714,19.9515456276526,5,6,1,-51.551999999996,-73.5,-95.448000000004,-61.875,186,166.5,-84,19.5,-33.528571428571,-123.875,-23.125,105,90.7840052066035,1.15659140353022,-82.9265866750939,214.571428571429,122.502153272467,7,4,1,-274.918000000005,-381,-487.081999999995,-736.854166666672,899,830.5,-727,68.5,-99.9142857142724,-811.770833333328,-437.1875,3167,5960.07219956188,0.531369401906374,-503.857154506099,1,2.5,71.95,1.4593467685893,56.2862993986991,0.587176637175828
3,3,1,20,6.12287651010095,24.4915060404038,82,365,418,15,15,0.489965785697438,0,1,1,1,0.939393939393939,29844.75,29845.25,29837,29841.75,103,0,23306,2026-05-26T01:26:00-05:00,2026-05,44.5,1.55155832137522,38,0,0,2.65398133919446,65,0,0,10.2484510175048,251,3.42976049988207,84,62.75,EQH,3,1,0.449135303555985,EXTERNAL_SWING_CONFIRMATION,112,23306,29841.125,2026-05-26T01:26:00-05:00,1,0,CHOCH_UP,UP,SWEEP,-0.739130434782609,Resolved,BSL,4.75,0,BEARISH_FVG,BULLISH_OB,0,0.734948678546158,3,29844.75,29845.25,114,23306,29837,29841.75,29845.25,8.25,HIGH,2026-05-26T01:26:00-05:00,103,29782.5,LOW,0.0816609642829064,1.34740591066796,23506,ChartPrimeHigh,2026_05.csv,16.5,234.5,615.5,283.5,615.5,4712.5,1,external,HH,-185.5,23506,10.2484510175048,NQ,2,2,2,2,70.7857142857143,46.1618817132517,8,9,1,138.618000000002,109,79.3819999999978,124.6875,251,16.5,98,234.5,102.542857142849,72.3958333333285,156.0625,644,614.496353837552,1.04801272778625,109.586160825231,24.2857142857143,20.4151710873663,3,4,1,110.808000000005,86.5,62.1919999999955,116.541666666672,206,16.5,102,189.5,17.7000000000116,47.875,185.208333333328,103,81.1013576788891,1.2700157302892,90.581332588903,223.142857142857,142.914418104878,7,5,1,-58.0080000000016,-163.5,-268.991999999998,-517.375,894,610.5,-554,283.5,137.457142857151,-591.875,-144.875,3582,5277.67192349375,0.67870834942479,-266.774796294092,1,0.5,77.75,1.32475884244373,44.9631793804664,0.56157060839362
3,3,1,19,10.457558480358,41.8302339214321,67,10251,1711,21,21,0.430310765983489,0,1,1,0,0.883333333333333,29757.25,29759,29744,29752.75,185,0,23373,2026-05-26T02:33:00-05:00,2026-05,-151,0.191249229325995,8,0,0,3.68154766452541,154,9.68199223462851,405,0,0,3.84889074018565,161,101.25,EQH,0,1,20.7266352282047,EXTERNAL_SWING_CONFIRMATION,113,23373,29751.5,2026-05-26T02:33:00-05:00,1,0,CHOCH_DOWN,DOWN,NONE,-0.727272727272727,Detected,SSL,8.75,1,BULLISH_FVG,BEARISH_OB,0,0.836715378301229,4.5,29757.25,29759,115,23373,29744,29752.75,29744,15,LOW,2026-05-26T02:33:00-05:00,185,29845.25,HIGH,-1.26702614428472,1.43436921994496,-1,ChartPrimeLow,2026_05.csv,375,30,974,30,974,4354,1,external,LL,365,-1,9.68199223462851,NQ,7,10,1,2,101.714285714286,76.127628045799,3,0,1,-124.710000000006,-172.5,-220.289999999994,-197.8125,405,375,-260,30,-183.928571428565,-332.8125,-147.1875,1589,1179.24268110691,1.34747497309753,-208.660974384737,40.2857142857143,30.7158643588019,9,7,1,-120.508000000002,-167,-213.491999999998,-76.7083333333285,394,364,-61,30,-56.8571428571595,-290.125,-43.875,185,209.314862097992,0.883835950040619,-159.753684607058,235.5,103.901552232828,7,5,1,-351.618000000002,-469.5,-587.381999999998,-698.4375,999,969,-838,30,-113.214285714275,-948.1875,-365.4375,7079,5830.41530353096,1.21415021597396,-587.875975557457,1,1.75,146.45,1.26322977125299,148.007254889752,0.260460205337335
1,3,0,19,9.92857391572673,39.7142956629069,741,268,305,1500,603,1.25899249037167,0,1,-1,0,0.17910447761194,30098.25,30112,30095.25,30110.75,2010,0,24114,2026-05-26T14:54:00-05:00,2026-05,654.5,8.30935043645302,330,1.03237384210477,41,26.8668997445314,1067,0,0,37.064738916542,1472,12.6402846033316,502,368,EQH,0,1,1.3597118896014,EXTERNAL_SWING_CONFIRMATION,114,24114,30103.625,2026-05-26T14:54:00-05:00,0,0,CHOCH_UP,UP,SWEEP,-0.9,Resolved,BSL,3,0,BEARISH_FVG,BULLISH_OB,1,0.402877596918934,12.5,30098.25,30112,116,24114,30095.25,30110.75,30112,16.75,HIGH,2026-05-26T14:54:00-05:00,2010,29744,LOW,1.38489173940884,1.68704993709804,24306,ChartPrimeHigh,2026_05.csv,33.5,870.5,60.5,1438.5,60.5,5762.5,0,external,HH,33.5,24306,37.064738916542,NQ,5,6,3,4,118.785714285714,55.3760541066365,8,7,1,371.907999999996,294.5,217.092000000004,198.833333333328,656,33.5,356,622.5,78.6999999999971,171.5,526.833333333328,11880,7356.96494005533,1.61479633201985,321.921358494408,39.5,21.9079173383789,10,8,1,229.149999999994,179,128.850000000006,46.1875,425,33.5,110,391.5,8.70000000001164,-24.6458333333285,205.5625,2010,1368.28681389855,1.46899025817041,154.744191329941,377.714285714286,200.0032550487,8,6,1,865.881999999998,689,512.118000000002,407.9375,1499,60.5,857,1438.5,298.885714285716,33.1875,720.229166666672,43283,41714.0059264063,1.03761312390763,542.783280588541,1,1.25,914.05,2.19900443082982,440.421897162255,2.48840942528396
1,1,0,20,7.17462580803826,28.698503232153,114,382,160,1614,717,0.836280547659748,0,0,-1,0,0.377358490566038,30033.5,30041.75,30028.5,30039.5,148,0,24228,2026-05-26T17:48:00-05:00,2026-05,-131.5,0.139380091276625,4,0,0,25.5414017264415,733,11.6382376215982,334,0,0,5.85396383361824,168,83.5,EQH,2,1,1.28926584430878,EXTERNAL_SWING_CONFIRMATION,115,24228,30035.125,2026-05-26T17:48:00-05:00,1,0,CHOCH_UP,UP,SWEEP,-0.904761904761905,Resolved,SSL,5,1,BULLISH_FVG,BULLISH_OB,1,0.557520365106499,6,30033.5,30041.75,117,24228,30028.5,30039.5,30028.5,13.25,LOW,2026-05-26T17:48:00-05:00,148,30112,HIGH,-0.696900456383123,1.84678620941528,25121,ChartPrimeLow,2026_05.csv,307.5,212.5,334.5,1164.5,334.5,5488.5,1,external,HL,307.5,25121,11.6382376215982,NQ,2,3,0,1,100.071428571429,73.9373345211352,9,5,1,-44.8500000000058,-95,-145.149999999994,-156.979166666672,425,307.5,-29,117.5,-77.2714285714319,-156.979166666672,37.8125,1099,2024.14977431008,0.542944012319734,-109.842807692723,28.1428571428571,26.3781408706051,4,2,1,-47.9900000000052,-71,-94.0099999999948,-34.4375,195,168.5,-45,26.5,-40.3000000000029,-75.0625,-1.9375,148,109.909529755324,1.34656203451576,-53.5915684072534,376.642857142857,175.5287091742,9,10,1,591.881999999998,415,238.118000000002,133.9375,1499,334.5,942,1164.5,-143.942857142858,-240.8125,383.770833333328,7124,33330.8731648583,0.213735774780453,219.275967082765,1,2.25,74,2,50.1786807319603,1.47472988369874
1,2,0,20,9.67055924268388,38.6822369707355,149,101,1,47,47,1.18917631456528,0,1,1,0,0.96969696969697,30158.75,30159.25,30142.75,30147.25,227,0,24377,2026-05-26T20:17:00-05:00,2026-05,59,9.7977787656574,379,1.1374729965407,44,4.88596355332256,189,0,0,13.520417663427,523,5.97173323183868,231,130.75,EQL,0,1,0.206813272098309,EXTERNAL_SWING_CONFIRMATION,116,24377,30151,2026-05-26T20:17:00-05:00,0,0,BOS_UP,UP,GRAB,-0.904761904761905,Resolved,BSL,4.5,0,BEARISH_FVG,BULLISH_OB,1,0.542884839258062,11.5,30158.75,30159.25,118,24377,30142.75,30147.25,30159.25,16.5,HIGH,2026-05-26T20:17:00-05:00,227,30028.5,LOW,0.0517033180245773,1.70620949481105,24789,ChartPrimeHigh,2026_05.csv,33,490,33,1628,33,5952,0,external,HH,-176,24788,13.520417663427,NQ,1,2,0,0,104.071428571429,48.3127853219392,8,12,1,290.214000000007,228.5,166.785999999993,217.604166666672,523,33,457,490,56.4285714285797,65.0625,370.145833333328,1814,1627.8647046376,1.11434322203321,246.398746896812,39.7142857142857,21.6703281078231,9,7,1,185.153999999995,143.5,101.846000000005,121.4375,353,33,151,320,-8.32857142857392,18.4791666666715,165.5625,227,176.448074640035,1.2864974608711,131.215163802539,339.142857142857,139.070570607239,10,10,1,993.498000000007,797.5,601.501999999993,624.479166666672,1661,33,1332,1628,90.0857142857276,209.229166666672,832.104166666672,10358,22456.3954311748,0.461249448146991,652.905469857928,1,0.5,174.95,1.29751357530723,103.524139696981,0.502781285141344
1,1,0,21,8.21859590826251,32.87438363305,322,551,437,369,369,1.30800931448553,0,0,1,0,0.92,30067.25,30068.25,30055.75,30056.5,226,0,24699,2026-05-27T01:39:00-05:00,2026-05,-125,0.395444676472369,13,0,0,6.84423478509869,225,12.5933920045816,414,0,0,4.92784904527106,162,103.5,EQL,3,1,0.273769391403948,EXTERNAL_SWING_CONFIRMATION,117,24699,30062,2026-05-27T01:39:00-05:00,1,0,BOS_UP,UP,SWEEP,-0.909090909090909,Resolved,SSL,0.75,1,BULLISH_FVG,BULLISH_OB,1,0.638795246609211,10.75,30067.25,30068.25,119,24699,30055.75,30056.5,30055.75,12.5,LOW,2026-05-27T01:39:00-05:00,226,30159.25,HIGH,-1.39926577828684,1.52094106335526,25118,ChartPrimeLow,2026_05.csv,388,25,389,1272,389,5596,1,external,HL,23,25118,12.5933920045816,NQ,4,6,2,2,100.928571428571,50.1093473488654,8,12,1,-98.3859999999986,-136.5,-174.614000000001,-143.229166666672,323,298,-266,25,-93.2428571428609,-237.4375,-102.854166666672,1596,964.786160201397,1.6542525855334,-143.80837191359,32.4285714285714,16.7334184562826,12,11,1,-59.0399999999936,-85,-110.960000000006,-153.75,220,195,-141,25,0.385714285715949,-181.25,-80.4166666666715,226,173.714106639222,1.30098818324161,-104.749532259026,254.142857142857,211.609824576137,5,6,1,454.570000000007,293.5,132.429999999993,265.0625,1365,389,917,976,-359.42857142858,-133.0625,435.6875,5523,10543.3845331368,0.523835584545149,230.931464343477,1,1,111.25,2.0314606741573,69.6834808258026,1.64673174531646
1,1,0,21,17.9888163838886,71.9552655355544,344,597,0,255,255,1.48703502382504,0,1,-1,0,0.202127659574468,30341.5,30379,30332,30368.25,1961,0,25043,2026-05-27T07:23:00-05:00,2026-05,449,12.5494637991963,903,2.33478396264118,168,12.2159232331047,879,0,0,17.9694979981848,1293,12.6467464643064,910,323.25,EQH,0,1,1.04231426903624,EXTERNAL_SWING_CONFIRMATION,118,25043,30355.5,2026-05-27T07:23:00-05:00,0,0,BOS_UP,UP,RUN,-0.909090909090909,Resolved,BSL,9.5,0,BULLISH_FVG,BULLISH_OB,0,0.389130660440196,26.75,30341.5,30379,120,25043,30332,30368.25,30379,47,HIGH,2026-05-27T07:23:00-05:00,1961,30055.75,LOW,2.08462853807248,2.61273443438418,27871,ChartPrimeHigh,2026_05.csv,94,729,94,2150,94,6770,0,external,HH,94,27869,17.9694979981848,NQ,3,4,2,3,130.785714285714,62.7935793614485,11,11,1,414.614000000001,317.5,220.385999999999,334.645833333328,823,94,600,729,202.814285714267,300.354166666672,677.5625,10177,3423.61531494019,2.97258864206763,362.839177761954,79.9285714285714,87.1549572826903,3,3,1,241.573999999993,177.5,113.426000000007,324.5625,543,94,311,449,133.699999999997,188.8125,415.0625,1961,1215.84931511149,1.61286433740368,235.149140642636,255.857142857143,168.392128073115,8,8,1,1124.696,892,659.304000000004,1508.25,1972,94,1363,1878,398.357142857145,1015.25,1590.41666666667,19181,11101.6737729395,1.72775748885308,1186.15043363156,1,10.75,510.55,3.84095583194594,553.957351697764,2.61834236075155
1,2,0,20,32.9426583245468,131.770633298187,130,1523,1438,1662,52,0.303557773069839,0,0,-1,0,0.352380952380952,29896,29930,29877.5,29906,3796,0,25173,2026-05-27T09:33:00-05:00,2026-05,-262,0.47051454825825,62,0,0,5.41091730496988,713,15.2234223194524,2006,0,0,1.05486326141769,139,501.5,EQL,0,1,0.288379884416347,EXTERNAL_SWING_CONFIRMATION,119,25173,29903.75,2026-05-27T09:33:00-05:00,1,0,CHOCH_DOWN,DOWN,RUN,-0.904761904761905,Resolved,SSL,18.5,1,BEARISH_FVG,BULLISH_OB,1,0.166956775188411,10,29896,29930,121,25173,29877.5,29906,29877.5,52.5,LOW,2026-05-27T09:33:00-05:00,3796,30379,HIGH,-0.561581880179202,1.59367830861665,25895,ChartPrimeLow,2026_05.csv,1901,105,1901,308,1901,4963,1,external,LL,1153,25893,15.2234223194524,NQ,6,6,3,4,347.714285714286,274.524411927903,6,4,1,-661.292000000001,-898,-1134.708,-438.291666666672,2006,1901,-1493,105,-390.442857142843,-939.791666666672,-20.375,26980,21463.2836561281,1.2570303981561,-726.595626622249,134.785714285714,93.9398685850399,6,7,1,-316.728000000003,-447,-577.271999999997,-424,1104,999,-475,105,60.6285714285768,-700,-286,3796,2728.67900172092,1.39114934281605,-446.098696450528,371.5,343.431380457154,6,3,1,-661.292000000001,-898,-1134.708,-689.041666666672,2006,1901,-376,105,-1096.91428571427,-939.791666666672,-271.125,164474,47582.6454116024,3.45659638250998,-727.14721396839,1,24,2304.8,1.64699757028809,849.557920332687,1.7552658439298
2,2,0,20,9.02649495683611,36.1059798273444,389,1116,783,441,441,0.664709837948336,0,1,-1,0,0.422222222222222,30129.75,30136.25,30125,30135.75,187,0,25562,2026-05-27T17:02:00-05:00,2026-05,936.5,1.88334454085362,68,0,0,8.91819032580684,322,0,0,28.665611761522,1035,0,0,258.75,EQH,1,1,0.997064756922504,EXTERNAL_SWING_CONFIRMATION,120,25562,30130.625,2026-05-27T17:02:00-05:00,1,1,CHOCH_DOWN,DOWN,RUN,-0.818181818181818,Resolved,BSL,4.75,0,BULLISH_FVG,BEARISH_OB,0,3.54511913572446,6,30129.75,30136.25,122,25562,30125,30135.75,30136.25,11.25,HIGH,2026-05-27T17:02:00-05:00,187,29877.5,LOW,0.72010232444403,1.24633094615313,26534,ChartPrimeHigh,2026_05.csv,22.5,943.5,993.5,1012.5,993.5,5870.5,0,external,LH,-611.5,26532,28.665611761522,NQ,8,9,2,3,123.071428571429,68.0679511770674,5,10,1,457.067999999999,365.5,273.932000000001,317,776,22.5,717,753.5,65.0142857142782,252.333333333328,446.333333333328,2508,3949.50368731651,0.635016497909402,361.86026086226,35.8571428571429,19.2706719393102,13,4,1,237.678,188,138.322,109.0625,421,22.5,105,398.5,26.7571428571537,-13.7291666666715,249.395833333328,187,277.611989801959,0.673602030421671,156.252549551777,448.071428571429,363.009636101103,5,3,1,246.207999999999,9.5,-227.207999999999,302.041666666672,2006,993.5,42,1012.5,320.557142857157,218.458333333328,887.125,16212,41558.0065494795,0.390105333389795,344.977261055566,1,0.5,209,0.894736842105263,106.485679788411,-0.206600549892853
2,4,0,21,12.1022333273931,48.4089333095725,118,3622,309,3028,559,0.227230786715658,0,0,1,0,0.707070707070707,29980.75,29988,29963.25,29978,400,0,25680,2026-05-27T19:00:00-05:00,2026-05,-232.5,0.185916098221902,9,0,0,7.64321737134487,370,14.2948822188396,692,0,0,1.46667144152834,71,173,EQL,0,1,0.371832196443804,EXTERNAL_SWING_CONFIRMATION,121,25680,29975.625,2026-05-27T19:00:00-05:00,1,0,CHOCH_DOWN,DOWN,RUN,-0.826086956521739,Resolved,SSL,14.75,1,BULLISH_FVG,BEARISH_OB,1,0.661035015900097,2.75,29980.75,29988,123,25680,29963.25,29978,29963.25,24.75,LOW,2026-05-27T19:00:00-05:00,400,30136.25,HIGH,-1.44601409728146,2.04507708044092,25870,ChartPrimeLow,2026_05.csv,642.5,49.5,1613.5,392.5,1613.5,5250.5,1,external,HL,318.5,25868,14.2948822188396,NQ,3,3,3,3,136.142857142857,116.699183689022,4,8,1,-214.843999999997,-296.5,-378.156000000003,-282.083333333328,692,642.5,-318,49.5,-173,-426.25,-224.416666666672,1864,1641.22353178674,1.1357380417101,-336.593347067814,48.5,32.654723662031,4,8,1,-128.894,-184,-239.106,0.854166666671517,467,417.5,-132,49.5,-18.2142857142753,-252.104166666672,0.854166666671517,400,185.005260938691,2.16210067741023,-186.410514803545,467.642857142857,368.022837841529,5,5,1,-373.792000000001,-610.5,-847.207999999999,-317.958333333328,2006,1613.5,-620,392.5,-140.928571428565,-401.541666666672,267.125,8534,29736.3212816109,0.286989097245108,-267.088828247142,1,7.25,152.45,2.62381108560184,89.3204763758009,2.7714809643253
3,4,0,21,10.9297539484657,43.7190157938627,58,1088,619,1408,617,3.22514122149552,0,1,1,0,0.886792452830189,30085.5,30090,30050.25,30050.25,539,0,25738,2026-05-27T19:58:00-05:00,2026-05,125.5,0.297353445953487,13,0,0,3.13364785350983,137,0,0,11.596784392186,507,0.571833549910552,25,126.75,EQL,0,1,1.80699401771735,EXTERNAL_SWING_CONFIRMATION,122,25738,30070.125,2026-05-27T19:58:00-05:00,1,0,CHOCH_DOWN,DOWN,SWEEP,-0.75,Resolved,BSL,0,1,BEARISH_FVG,BULLISH_OB,1,0.480340181924864,35.25,30085.5,30090,124,25738,30050.25,30050.25,30090,39.75,HIGH,2026-05-27T19:58:00-05:00,539,29963.25,LOW,0.411720155935598,3.63686137743111,26461,ChartPrimeHigh,2026_05.csv,264.5,427.5,1235.5,770.5,1235.5,5628.5,1,external,LH,-59.5,26461,11.596784392186,NQ,1,1,0,0,151,117.225070132925,6,8,1,163.156000000003,81.5,-0.156000000002678,124.75,692,264.5,-107,427.5,281.171428571426,-48.25,326.583333333328,1561,1486.71122582399,1.04996852978952,98.6470692207367,40.8571428571429,38.4025933099872,7,3,1,233.826000000001,174,114.173999999999,269.0625,507,79.5,340,427.5,59.971428571429,226.8125,374.6875,539,218.486853179193,2.46696765575152,246.037947527584,494.214285714286,353.080345230332,7,6,1,4.20799999999872,-232.5,-469.207999999999,60.0416666666715,2006,1235.5,-71,770.5,208.485714285722,-23.5416666666715,561.541666666672,9478,25906.6659077068,0.365851786322703,115.394909714843,1,4.5,119.7,4.50292397660819,58.3910095819553,7.18089998789089
3,4,0,20,14.9420794294231,59.7683177176926,203,12819,4266,2589,73,0.552131986646687,0,0,-1,0,0.507042253521127,29772,29780.75,29763,29780.25,768,0,25941,2026-05-27T23:21:00-05:00,2026-05,-1113.5,1.40542687510066,84,0,0,13.4017491304241,801,21.884504197996,1308,0,0,1.42215814742328,85,327,EQH,0,1,0.602325803614568,EXTERNAL_SWING_CONFIRMATION,123,25941,29771.875,2026-05-27T23:21:00-05:00,1,0,BOS_DOWN,DOWN,NONE,-0.739130434782609,Detected,SSL,9,0,BULLISH_FVG,BEARISH_OB,1,0.585594531291941,8.25,29772,29780.75,125,25941,29763,29780.25,29763,17.75,LOW,2026-05-27T23:21:00-05:00,768,30090,HIGH,-0.602325803614568,1.18792033490651,-1,ChartPrimeLow,2026_05.csv,1272.5,35.5,2428.5,35.5,2428.5,4435.5,1,external,LL,558.5,-1,21.884504197996,NQ,2,6,2,2,167.285714285714,120.853792546749,3,3,1,-448.111999999994,-597.5,-746.888000000006,-201.875,1266,1230.5,-1161,35.5,-115.028571428571,-887.625,9.125,2790,2566.05886140279,1.08727046053604,-592.1539186343,54.9285714285714,44.6689573628015,4,7,1,-229.607999999993,-311.5,-393.392000000007,-181.375,694,658.5,-87,35.5,-71.8285714285739,-297.041666666672,-65.7083333333285,768,347.670812961049,2.20898611953959,-237.950575089795,460,395.816961191555,2,9,1,-905.748000000007,-1196.5,-1487.25199999999,-1145.16666666667,2464,2428.5,-1377,35.5,-568.985714285722,-1145.16666666667,-529.166666666672,18287,18487.7656813673,0.98914061954119,-1043.72266713642,1,0.5,271.05,2.83342556723852,168.63702885191,2.94686169095401
4,3,0,20,6.78350564353039,27.1340225741216,282,2219,511,3609,355,0.810790215122103,0,1,1,0,0.84375,29996.75,29998,29990,29991.25,128,0,26223,2026-05-28T04:03:00-05:00,2026-05,252,2.28495424261683,62,0,0,5.12271999554419,139,0,0,34.6428546461262,940,1.69528863161894,46,235,EQH,3,1,1.03191481924631,EXTERNAL_SWING_CONFIRMATION,124,26223,29994,2026-05-28T04:03:00-05:00,1,0,BOS_DOWN,DOWN,RUN,-0.666666666666667,Resolved,BSL,1.25,0,BEARISH_FVG,BULLISH_OB,1,0.589665610997893,5.5,29996.75,29998,126,26223,29990,29991.25,29998,8,HIGH,2026-05-28T04:03:00-05:00,128,29763,LOW,0.184270503436841,1.17933122199579,26438,ChartPrimeHigh,2026_05.csv,16,897,1540,924,1540,5324,0,external,LH,-371,26436,34.6428546461262,NQ,5,5,1,3,125.785714285714,52.2455664198053,10,13,1,296.707999999999,237,177.292000000001,184.291666666672,506,16,499,490,25.5,15.625,289.708333333328,660,960.060129720452,0.687456941048242,223.584144803142,24.7857142857143,15.6150183154691,8,5,1,102.656000000003,80,57.3439999999973,108,192,16,109,176,12.8428571428522,52,124,128,77.0245480625283,1.66180786800709,80.7089096358104,377.357142857143,368.767389191109,0,5,1,-17.2480000000069,-308,-598.751999999993,-256.666666666672,2464,1540,-1068,924,359.271428571432,-256.666666666672,256.666666666672,5784,11618.8065968605,0.49781360519099,-76.4042820297473,1,1.25,53.9,2.3747680890538,22.1085956134712,3.35163758456233
4,2,0,21,11.8639023182296,47.4556092729185,108,2681,2595,2820,463,0.168578596346573,0,0,1,0,0.786802030456853,29902.25,29912.75,29863.5,29900.25,1171,0,26331,2026-05-28T05:51:00-05:00,2026-05,-171.5,0.126433947259929,6,0,0,8.40785749278531,399,11.336910604307,538,0,0,1.74900293709569,83,134.5,EQL,1,1,0.969326928992792,EXTERNAL_SWING_CONFIRMATION,125,26331,29888.125,2026-05-28T05:51:00-05:00,1,0,BOS_DOWN,DOWN,NONE,-0.68,Detected,SSL,36.75,1,BEARISH_FVG,BULLISH_OB,1,0.463591139953075,2,29902.25,29912.75,127,26331,29863.5,29900.25,29863.5,49.25,LOW,2026-05-28T05:51:00-05:00,1171,29998,HIGH,-3.26621030421484,4.15124793503435,-1,ChartPrimeLow,2026_05.csv,439.5,98.5,1963.5,500.5,1963.5,4900.5,1,external,HL,146.5,-1,11.336910604307,NQ,1,1,1,1,112.428571428571,78.3535046550529,5,9,1,-107.016000000003,-170.5,-233.983999999997,-338.625,538,439.5,-177,98.5,-206.457142857151,-405.875,-226.541666666672,2236,1135.1803580703,1.969731051197,-260.368727963127,45,20.5970670953981,10,6,1,-80.275999999998,-135.5,-190.724000000002,-28.25,468,369.5,-133,98.5,-86.3714285714377,-184.25,-28.25,1171,346.332066912288,3.38114807109839,-162.483148063533,383.285714285714,284.652457069652,3,8,1,-69.8260000000009,-246,-422.173999999999,-650.354166666672,1493,992.5,-578,500.5,-95.4000000000087,-650.354166666672,-152.6875,6567,10694.1388079027,0.614074692498584,-370.010958520565,1,10.5,96.15,12.1788871554862,78.8627129890926,13.6293814815712
2,2,0,21,8.40170398656209,33.6068159462484,421,33,1702,1631,316,0.357070423428186,0,1,-1,0,0.218181818181818,30333.75,30344.5,30330.75,30336.75,841,0,26752,2026-05-28T12:52:00-05:00,2026-05,1266.5,5.53459156313688,186,0.624873240999325,21,41.2416339059554,1386,0,0,57.2502912229858,1924,22.0193427780714,740,481,EQL,1,1,0.803408452713418,EXTERNAL_SWING_CONFIRMATION,126,26752,30337.625,2026-05-28T12:52:00-05:00,0,0,CHOCH_UP,UP,GRAB,-0.826086956521739,Resolved,BSL,3,0,BULLISH_FVG,BEARISH_OB,1,3.80875118323398,3,30333.75,30344.5,128,26752,30330.75,30336.75,30344.5,13.75,HIGH,2026-05-28T12:52:00-05:00,841,29863.5,LOW,1.27950235061767,1.63657277404585,26941,ChartPrimeHigh,2026_05.csv,27.5,1561.5,27.5,2298.5,165.5,6698.5,0,external,HH,-657.5,26940,57.2502912229858,NQ,6,6,2,4,121.428571428571,94.6888184044311,4,10,1,558.364000000001,446.5,334.635999999999,110.75,948,27.5,762,920.5,-32.528571428571,31.75,426.75,7319,6503.26229833425,1.1254351530423,341.178836352119,30.7857142857143,21.4430694063114,5,7,1,125.763999999996,96.5,67.2360000000044,101.666666666672,248,27.5,133,220.5,-16.028571428571,39.6666666666715,153.333333333328,841,776.537623995598,1.08301255987149,83.8656500131619,423.785714285714,484.113660262371,3,2,1,1409.96799999999,1135.5,861.032000000007,796.291666666672,2326,27.5,875,2298.5,738,699.375,2153.125,36689,40746.9967948433,0.900409916949833,1006.95127201395,1,7.75,692.65,1.21417743449072,255.423427860484,0.580800286186085
2,2,0,22,8.77563693749579,35.1025477499832,85,202,223,1716,401,0.0284879606780246,0,1,1,0,0.468085106382979,30279.75,30286,30274.25,30279.5,930,0,26837,2026-05-28T14:17:00-05:00,2026-05,-13.5,2.53542850034419,89,0,0,31.4791965492171,1105,8.0051169505249,281,0,0,13.0759739512133,459,70.25,EQL,0,1,0.427319410170368,EXTERNAL_SWING_CONFIRMATION,127,26837,30280.125,2026-05-28T14:17:00-05:00,1,0,CHOCH_UP,UP,SWEEP,-0.833333333333333,Resolved,SSL,5.25,0,BULLISH_FVG,BEARISH_OB,1,3.64645896678714,0.25,30279.75,30286,129,26837,30274.25,30279.5,30274.25,11.75,LOW,2026-05-28T14:17:00-05:00,930,30344.5,HIGH,-0.62673513491654,1.33893415186715,27064,ChartPrimeLow,2026_05.csv,257.5,221.5,257.5,2068.5,395.5,6468.5,1,external,HL,-53.5,27064,8.0051169505249,NQ,6,9,2,2,116.785714285714,62.996764447289,7,9,1,4.53200000000652,-45.5,-95.5320000000065,-107.333333333328,424,257.5,57,166.5,-110.728571428583,-195.666666666672,-54.3333333333285,5906,5511.16282606368,1.07164316976247,-97.2442278245289,32.2142857142857,37.6523561654781,2,4,1,-54.8099999999977,-79,-103.190000000002,-108.895833333328,205,181.5,-120,23.5,-40.8857142857159,-134.520833333328,-49.1041666666715,930,646.28139865534,1.43900165150191,-80.781726085479,399.071428571429,431.011927987695,5,5,1,1179.96799999999,905.5,631.032000000007,-112.125,2326,257.5,806,2068.5,194.771428571432,-209.041666666672,1147.79166666667,30041,38647.6054528569,0.777305596245661,691.067102423476,1,6.25,522.4,1.7802450229709,183.183077821069,2.22509636178369
2,2,1,22,8.97775182967144,35.9110073186858,108,76,1895,5,5,0.111386460549623,1,1,1,0,0.116279069767442,30352.5,30362,30351.25,30351.5,259,0,26945,2026-05-28T17:05:00-05:00,2026-05,216.5,3.4529802770383,124,2.53404197750391,91,1.9492630596184,70,0,0,9.77416191322938,351,5.09593057014523,183,87.75,EQH,3,1,0.751858608709952,EXTERNAL_SWING_CONFIRMATION,128,26945,30356.625,2026-05-28T17:05:00-05:00,0,0,BOS_UP,UP,GRAB,-0.833333333333333,Resolved,BSL,0.25,0,BULLISH_FVG,BULLISH_OB,0,0.389852611923679,1,30352.5,30362,130,26945,30351.25,30351.5,30362,10.75,HIGH,2026-05-28T17:05:00-05:00,259,30274.25,LOW,1.05817137522141,1.19740445090844,27620,ChartPrimeHigh,2026_05.csv,21.5,329.5,21.5,2374.5,89.5,6774.5,0,external,HH,-152.5,27619,9.77416191322938,NQ,5,5,3,4,117.428571428571,57.5670863957005,8,9,1,195.418000000005,154,112.581999999995,190.5625,351,21.5,107,329.5,132.628571428562,132.0625,249.0625,2102,3382.57228201375,0.621420571314034,187.232905533398,39.4285714285714,36.7872357521681,5,4,1,103.953999999998,80,56.0460000000021,126.520833333328,203,21.5,112,181.5,59.6142857142841,118.0625,168.8125,259,209.532581929427,1.23608461087562,118.690834718582,379.928571428571,404.277955450402,3,5,1,1459.228,1176.5,893.771999999997,228.083333333328,2396,21.5,1257,2374.5,104.5,128.25,1426.08333333333,10227,34721.6584954603,0.29454238199299,903.936062262816,1,9.5,162.05,1.59827213822894,120.457658536101,0.80484712369653
2,4,1,22,8.83744337668167,35.3497735067267,178,526,2029,2002,32,1.47101366830837,0,0,-1,0,0.358024691358025,30223.75,30236.75,30216.5,30236.75,487,0,27123,2026-05-28T20:03:00-05:00,2026-05,-350.5,2.68742881710183,95,0,0,6.53469533421602,231,16.4640375952975,582,0,0,6.44982916104438,228,145.5,EQH,3,1,0.480908314639274,EXTERNAL_SWING_CONFIRMATION,129,27123,30226.625,2026-05-28T20:03:00-05:00,1,0,CHOCH_DOWN,DOWN,NONE,-0.833333333333333,Detected,SSL,7.25,0,BEARISH_FVG,BEARISH_OB,1,3.62095672198983,13,30223.75,30236.75,131,27123,30216.5,30236.75,30216.5,20.25,LOW,2026-05-28T20:03:00-05:00,487,30362,HIGH,-0.820373007325821,2.29138667563419,-1,ChartPrimeLow,2026_05.csv,541.5,40.5,541.5,1854.5,609.5,6254.5,1,external,LL,40.5,-1,16.4640375952975,NQ,4,5,1,3,86,67.3707456424603,4,3,1,-181.823999999993,-250.5,-319.176000000007,-311.125,582,541.5,-379,40.5,-106.599999999991,-456.625,-214.125,1589,1105.32048271542,1.43759210550078,-276.815783226528,35.2142857142857,26.5765230785992,6,10,1,-89.7620000000024,-130,-170.237999999998,-80.2708333333285,341,300.5,-115,40.5,-58.6999999999971,-222.354166666672,-51.8541666666715,487,203.479108777936,2.39336609504949,-143.690942979389,404.214285714286,342.411474482301,3,3,1,939.228000000003,656.5,373.771999999997,-291.916666666672,2396,541.5,1758,1854.5,-648.07142857142,-391.75,806.25,7243,20599.5013920078,0.351610452222409,316.63206549309,1,0,118.3,4.11665257819104,61.0459662877081,6.03971109675496
3,1,0,22,5.21846531762141,20.8738612704856,356,610,531,539,388,0.814415683792867,0,1,1,0,0.653846153846154,30348.25,30350.5,30344,30344,194,0,27479,2026-05-29T01:59:00-05:00,2026-05,78,3.73673078446139,78,0,0,14.6115755033426,305,0,0,25.6780474419398,536,6.56323227527192,137,134,EQH,1,1,1.10185651336682,EXTERNAL_SWING_CONFIRMATION,130,27479,30347.25,2026-05-29T01:59:00-05:00,1,0,CHOCH_DOWN,DOWN,RUN,-0.76,Resolved,BSL,0,0,BEARISH_FVG,BULLISH_OB,1,0.67069526900589,4.25,30348.25,30350.5,132,27479,30344,30344,30350.5,6.5,HIGH,2026-05-29T01:59:00-05:00,194,30216.5,LOW,0.431161244360929,1.2455769281538,27613,ChartPrimeHigh,2026_05.csv,13,446,59,1935,127,6200,0,external,LH,-309,27611,25.6780474419398,NQ,4,5,3,3,74.1428571428571,33.4447226582037,8,11,1,243.470000000001,194.5,145.529999999999,151.270833333328,415,13,359,402,36.8000000000029,47.5208333333285,220.4375,919,902.172392269098,1.01865231952906,167.365788658179,17.7142857142857,9.69607121428412,8,7,1,112.453999999998,88.5,64.5460000000021,109.645833333328,203,13,84,190,-12.2571428571391,41.9791666666715,118.104166666672,194,92.7390955286208,2.09189014508049,80.3632556345692,213.928571428571,386.42564921136,3,0,1,1173.292,938,702.707999999999,148.708333333328,1994,59,1492,1935,-123.300000000003,65.625,1062.625,6049,9002.42715987214,0.671929902078309,670.260571262697,1,2.25,72.9,2.66117969821673,38.0708549943392,3.18091096241486
3,3,0,23,9.1307062386571,36.5228249546284,37,881,207,425,425,2.13565079089303,0,1,-1,0,0.07,30267.5,30290.75,30265.75,30287,380,0,27516,2026-05-29T02:36:00-05:00,2026-05,-198,1.50590760896304,55,0,0,0.930924703722605,34,9.28186689888126,339,0,0,2.38207203599608,87,84.75,EQL,0,1,0.21904110675826,EXTERNAL_SWING_CONFIRMATION,131,27516,30278.25,2026-05-29T02:36:00-05:00,1,0,CHOCH_DOWN,DOWN,NONE,-0.769230769230769,Detected,SSL,1.75,0,BULLISH_FVG,BEARISH_OB,1,1.5606678856526,19.5,30267.5,30290.75,133,27516,30265.75,30287,30265.75,25,LOW,2026-05-29T02:36:00-05:00,380,30350.5,HIGH,-0.191660968413477,2.73801383447825,-1,ChartPrimeLow,2026_05.csv,289,126,335,1659,403,5924,1,external,HL,50,-1,9.28186689888126,NQ,0,3,0,0,85.7142857142857,69.0433423314714,5,6,1,-79.4980000000069,-119.5,-159.501999999993,-112.4375,339,289,-60,50,-171.728571428583,-197.1875,-41.8125,1499,1208.14474159662,1.24074537461381,-139.232535868519,39,18.9793982094001,11,12,1,-79.4980000000069,-119.5,-159.501999999993,-239.5625,339,289,-213,50,-10.8142857142811,-281.9375,-112.4375,380,179.940061736592,2.11181432490708,-170.659173951266,209.642857142857,357.219095276379,1,1,0,897.292000000001,662,426.707999999999,-127.291666666672,1994,335,1392,1659,-314.985714285722,-293.458333333328,703.541666666672,7207,8961.20917640502,0.804244143633665,381.416719885616,1,3.75,130.55,2.91076216009192,57.5842643436556,4.33191259527627
2,2,0,23,7.08304707949701,28.332188317988,221,868,1,126,126,0.77650196847069,0,1,-1,0,0.0263157894736842,30363,30372.25,30362.75,30368.5,136,0,27737,2026-05-29T06:17:00-05:00,2026-05,41,5.82376476353018,165,1.87066383313394,53,3.07071232986137,87,0,0,15.0359017531143,426,5.75317367548739,163,106.5,EQH,1,0,0.247068808149765,EXTERNAL_SWING_CONFIRMATION,132,27737,30367.5,2026-05-29T06:17:00-05:00,0,0,CHOCH_UP,UP,RUN,-0.84,Resolved,BSL,0.25,0,BULLISH_FVG,BULLISH_OB,1,0.670615336406505,5.5,30363,30372.25,134,27737,30362.75,30368.5,30372.25,9.5,HIGH,2026-05-29T06:17:00-05:00,136,30265.75,LOW,1.30593512879162,1.34123067281301,27871,ChartPrimeHigh,2026_05.csv,19,407,19,2016,46,6242,0,external,HH,-307,27869,15.0359017531143,NQ,4,9,2,2,98.7857142857143,64.3203270645007,9,7,1,191.737999999998,151.5,111.262000000002,101.770833333328,341,19,270,322,65.5,87.5625,272.270833333328,1216,1070.50883624676,1.13590841927408,150.089068156856,28.2142857142857,16.2077861173884,4,7,1,146.623999999996,115,83.3760000000038,98.25,268,19,104,249,10.4285714285797,20.0833333333285,142.916666666672,136,134.062684077112,1.01445082154087,100.437422761504,217.071428571429,116.612656169676,6,7,1,746.702000000005,600.5,454.297999999995,213.3125,1239,19,908,1220,167.399999999994,161.6875,471.4375,5934,8080.84442636544,0.734329197161511,390.802974473438,1,3.75,120.8,1.12582781456954,40.8957210475619,0.371677026609271
2,1,0,24,9.66417398063652,38.6566959225461,76,1094,273,722,202,1.2934369792023,0,1,-1,0,0.5703125,30315.25,30329,30297,30327.75,969,0,27813,2026-05-29T07:33:00-05:00,2026-05,57,0.103474958336184,4,0,0,5.53591027098586,214,7.78649061479787,301,0,0,0,0,75.25,EQL,2,1,0.12934369792023,EXTERNAL_SWING_CONFIRMATION,133,27813,30313,2026-05-29T07:33:00-05:00,1,1,CHOCH_UP,UP,RUN,-0.846153846153846,Resolved,SSL,18.25,1,BULLISH_FVG,BEARISH_OB,1,1.47451815629063,12.5,30315.25,30329,135,27813,30297,30327.75,30297,32,LOW,2026-05-29T07:33:00-05:00,969,30372.25,HIGH,-1.88841798963536,3.3111986667579,27946,ChartPrimeLow,2026_05.csv,237,94,237,1678,264,5896,1,external,HL,98,27944,7.78649061479787,NQ,0,0,0,0,109.785714285714,57.4407399762798,7,7,1,-50.9820000000036,-86.5,-122.017999999996,-42.6041666666715,301,237,-157,64,-69.5142857142782,-130.395833333328,-4.97916666667152,2039,1603.9368596551,1.27124704923762,-87.8535302674281,37.2142857142857,19.9111097941092,12,7,1,-24.2419999999984,-51.5,-78.7580000000016,-37.0625,231,167,-14,64,-32.414285714287,-85.1875,1.4375,969,292.09746073935,3.31738590793391,-56.4026358513947,205.214285714286,107.545359900321,7,8,1,148.013999999996,74.5,0.986000000004424,9.60416666667152,623,237,149,386,2.7285714285681,-68.2708333333285,113.4375,10471,8264.27892087121,1.26701919190503,38.3709197326825,1,1.25,124.15,7.80507450664519,47.9262715011297,17.6281186401092
1,2,1,24,20.0390102486552,80.1560409946207,87,1031,11,31,31,0.436648312038626,0,1,1,0,0.669642857142857,30526.75,30536,30508,30518,3775,0,27900,2026-05-29T09:00:00-05:00,2026-05,555,10.2300461677621,820,3.03158685215389,243,8.17156126815142,655,0,0,11.9267367516836,956,9.34427387762659,749,239,EQH,2,1,0.21208632299019,EXTERNAL_SWING_CONFIRMATION,134,27900,30522,2026-05-29T09:00:00-05:00,0,0,BOS_UP,UP,RUN,-0.92,Resolved,BSL,10,0,BULLISH_FVG,BULLISH_OB,0,0.249513321164929,8.75,30526.75,30536,136,27900,30508,30518,30536,28,HIGH,2026-05-29T09:00:00-05:00,3775,30297,LOW,0.461599644155119,1.3972745985236,28470,ChartPrimeHigh,2026_05.csv,56,900,56,2407,56,6732,1,external,HH,-481,28468,11.9267367516836,NQ,5,7,0,1,156.785714285714,176.168986180116,7,6,1,534.808000000005,422,309.191999999995,481.75,956,56,757,900,423.157142857162,-36.0833333333285,601.25,16396,11923.0904400806,1.37514682811457,438.308741455243,75.2142857142857,32.6925752072886,8,14,1,438.399999999994,344,249.600000000006,460.666666666672,800,56,367,744,-8.60000000000582,27.3333333333285,494,3775,1914.07558997537,1.9722314101757,353.295800775988,246.857142857143,193.243568500785,8,2,1,733.804000000004,583,432.195999999996,822.625,1278,56,778,1222,609.414285714272,662.875,1035.625,80499,22799.6376309756,3.53071400971014,721.118085758135,1,9.25,1680,2.24702380952381,458.17933170321,4.57244544884241
1,4,0,24,11.9640483299662,47.8561933198649,240,1167,623,1049,196,0.104479684929819,0,0,1,0,0.761904761904762,30303,30306.75,30291,30301.75,1342,0,28140,2026-05-29T13:00:00-05:00,2026-05,-196.5,0.104479684929819,5,0,0,0.501502487663132,24,20.4780182462446,980,0,0,0,0,245,EQL,1,1,0.229855306845602,EXTERNAL_SWING_CONFIRMATION,135,28140,30298.875,2026-05-29T13:00:00-05:00,1,1,CHOCH_DOWN,DOWN,NONE,-0.92,Detected,SSL,10.75,1,BEARISH_FVG,BEARISH_OB,1,1.19106840819994,1.25,30303,30306.75,137,28140,30291,30301.75,30291,15.75,LOW,2026-05-29T13:00:00-05:00,1342,30536,HIGH,-1.00300497532626,1.31644403011572,-1,ChartPrimeLow,2026_05.csv,947.5,115.5,948.5,329.5,948.5,5161.5,1,external,LL,329.5,-1,20.4780182462446,NQ,9,11,2,4,182.428571428571,142.852949524922,5,6,1,-156.101999999999,-240,-323.898000000001,-432.5625,711,595.5,-146,115.5,-295.885714285716,-491.8125,-195.5625,9301,7225.57697029299,1.28723284496724,-303.652186450592,47.0714285714286,36.9176140285893,8,5,1,-151.478000000003,-208,-264.521999999997,-257.895833333328,479,447.5,-232,31.5,-49.471428571429,-377.645833333328,-178.0625,1342,981.266875682789,1.36761979157424,-238.750303566499,355.142857142857,187.635848331143,13,9,1,-158.695999999996,-309.5,-460.304000000004,-442.625,1278,948.5,-170,329.5,-362.699999999997,-549.125,-69.875,38432,44687.1814605095,0.860022913594644,-330.425471074108,1,3.75,672.95,1.9942046214429,330.154278330601,2.02647684404697
1,3,0,24,6.72582313609038,26.9032925443615,512,166,0,184,184,0.408871887404184,0,1,-1,0,0.157894736842105,30587.25,30595.25,30585.75,30590,275,0,28652,2026-05-31T22:32:00-05:00,2026-05,330,6.39326951213815,172,1.85850857910993,50,8.80933066498105,237,0,0,45.2360988155356,1217,10.3333076998512,278,304.25,EQH,0,0,1.22661566221255,EXTERNAL_SWING_CONFIRMATION,136,28652,30590.5,2026-05-31T22:32:00-05:00,0,0,CHOCH_UP,UP,NONE,-0.92,Detected,BSL,1.5,0,BULLISH_FVG,BULLISH_OB,1,0.52038240215078,2.75,30587.25,30595.25,138,28652,30585.75,30590,30595.25,9.5,HIGH,2026-05-31T22:32:00-05:00,275,30291,LOW,1.18944549063035,1.41246652012354,-1,ChartPrimeActiveHigh,2026_05.csv,19,525,19,1432,19,5910,0,external,HH,-101,-1,45.2360988155356,NQ,7,9,2,3,73.6428571428571,36.3885733531379,7,7,1,228.817999999999,181.5,134.182000000001,173.145833333328,401,19,326,382,83.942857142858,123.020833333328,239.979166666672,1508,1144.14213726707,1.31801805989075,181.111232385956,28.7857142857143,21.4256530594192,4,7,1,128.702000000005,100.5,72.2979999999952,155.270833333328,239,19,102,220,32.2857142857247,105.479166666672,175.1875,275,174.394494574653,1.57688464117358,117.34493500911,375.214285714286,138.167033596775,9,11,1,795.524000000005,640,484.475999999995,722.375,1318,19,1036,1299,217.42857142858,612.541666666672,996.958333333328,6206,17238.07698592,0.360016955781614,769.048474746291,1,5.25,152.6,1.80209698558322,173.111929109464,0.70705699271945
1,2,1,1,5.48716402676059,21.9486561070423,24,-1,0,20,20,1.00233927274213,0,1,-1,0,0.314285714285714,30553.75,30559.75,30551,30559.25,154,0,29,2026-06-01T00:29:00-05:00,2026-06,-39.5,0,0,1.95911766945053,43,3.18926132236133,70,5.467305124048,120,0,0,4.41940497527213,97,30,NONE,0,0,0.2733652562024,EXTERNAL_SWING_CONFIRMATION,1,29,30555.375,2026-06-01T00:29:00-05:00,0,0,BOS_DOWN,DOWN,SWEEP,0,Resolved,SSL,2.75,0,BEARISH_FVG,BEARISH_OB,0,1.04790014877587,5.5,30553.75,30559.75,3,29,30551,30559.25,30551,8.75,LOW,2026-06-01T00:29:00-05:00,154,30581,HIGH,-0.501169636371066,1.59463066118067,139,ChartPrimeLow,2026_06.csv,102.5,17.5,102.5,17.5,102.5,17.5,2,external,LL,63.5,139,5.467305124048,NQ,4,6,2,2,84.3333333333333,15.3206469257085,3,0,0,-28.3399999999965,-42.5,-56.6600000000035,-45,120,102.5,-76,17.5,-4.33333333332848,-80,-40,767,725.4,1.0573476702509,-49.6786630451243,21.7857142857143,18.0495423056541,5,6,1,-28.3399999999965,-42.5,-56.6600000000035,-45,120,102.5,-46,17.5,-27.3857142857305,-80,-40,154,85.3596988916136,1.8041300754299,-49.6786630451243,120,0,0,0,0,-28.3399999999965,-42.5,-56.6600000000035,-45,120,102.5,-76,17.5,0,-80,-40,2209,2209,1,-49.6786630451243,1,0.5,78.55,1.96053469127944,52.0561955966819,1.44939519946036
1,2,1,1,5.70446761033767,22.8178704413507,22,-1,1,42,3,1.22710837858288,0,2,1,1,0.823529411764706,30590.75,30592.25,30583.75,30583.75,176,0,51,2026-06-01T00:51:00-05:00,2026-06,39,0,0,1.6215360716988,37,1.97213846557962,45,0,0,7.23117437379195,165,1.97213846557962,45,41.25,NONE,0,1,0.569728890056336,EXTERNAL_SWING_CONFIRMATION,2,51,30588,2026-06-01T00:51:00-05:00,0,0,CHOCH_UP,UP,RUN,0,Resolved,BSL,0,0,BULLISH_FVG,BEARISH_OB,1,1.00798188240736,7,30590.75,30592.25,4,51,30583.75,30583.75,30592.25,8.5,HIGH,2026-06-01T00:51:00-05:00,176,30551,LOW,0.262951795410617,1.49006017399349,751,ChartPrimeHigh,2026_06.csv,17,148,17,148,17,148,2,external,HH,-67,749,7.23117437379195,NQ,4,4,2,3,73,34.9943306065878,3,3,0,84.9700000000012,65.5,46.0299999999988,89.5625,165,17,72,148,40.0952380952367,62.0625,130.8125,1115,602.80288,1.8496925562134,70.2484232103598,21.5714285714286,13.7737737060408,10,4,1,84.9700000000012,65.5,46.0299999999988,89.5625,165,17,134,148,9.80000000000291,62.0625,130.8125,176,123.997964118904,1.41937814262201,70.2484232103598,165,0,0,0,0,84.9700000000012,65.5,46.0299999999988,89.5625,165,17,72,148,0,62.0625,130.8125,4228,4228,1,70.2484232103598,1,1.5,85.65,2.05487448920023,46.9204379774955,1.92560009868908
1,6,0,1,21.3829540498719,85.5318161994877,456,128,1,459,366,0.607960900522904,0,0,1,0,0.859154929577465,30306.75,30309.25,30291.5,30293.75,847,0,507,2026-06-01T08:27:00-05:00,2026-06,31.5,8.41792016108636,720,1.04054846435651,89,12.1358348988995,1038,14.0649416024818,1203,0,0,13.0594678054631,1117,300.75,EQH,0,0,0.280597338702879,EXTERNAL_SWING_CONFIRMATION,3,507,30300.375,2026-06-01T08:27:00-05:00,0,0,CHOCH_DOWN,DOWN,SWEEP,0,Resolved,SSL,2.25,0,BEARISH_FVG,BULLISH_OB,1,0.233831115585732,13,30306.75,30309.25,5,507,30291.5,30293.75,30291.5,17.75,LOW,2026-06-01T08:27:00-05:00,847,30592.25,HIGH,-0.713184902536483,0.830100460329349,4386,ChartPrimeLow,2026_06.csv,817.5,35.5,1167.5,35.5,1167.5,35.5,1,external,LL,525.5,4386,14.0649416024818,NQ,9,11,3,5,166.785714285714,127.431652180466,3,7,1,-290.346000000005,-391,-491.653999999995,-728.645833333328,853,817.5,-629,35.5,-426.285714285725,-799.729166666672,-231.0625,9157,5401.47763650799,1.69527685130248,-457.119693865447,89.1428571428571,101.003908023848,2,6,1,-277.357999999993,-374,-470.642000000007,-186.3125,819,783.5,-571,35.5,34.0714285714348,-595.8125,-83.9375,847,957.289857616657,0.884789484878443,-326.15371836671,292.555555555556,142.998517215828,3,4,0,-424.046000000002,-566,-707.953999999998,-691.3125,1203,1167.5,-1064,35.5,-315.366666666654,-1092.3125,-490.8125,32205,12111.96446976,2.65894108923506,-626.937856430581,1,2.5,1098.45,0.771086531020984,686.904758682017,-0.366062393398561
1,1,1,1,19.3693972105409,77.4775888421635,256,64,1,622,14,0.684068784174105,0,1,1,1,0.24468085106383,30639.75,30693,30622.5,30626.5,5300,0,763,2026-06-01T12:43:00-05:00,2026-06,720,7.87324449709819,610,4.45290057622767,345,5.20150415136159,403,0,0,20.7285748562946,1606,5.78231726999998,448,401.5,EQH,2,0,0.193604372879464,EXTERNAL_SWING_CONFIRMATION,4,763,30657.75,2026-06-01T12:43:00-05:00,0,0,CHOCH_UP,UP,SWEEP,0,Resolved,BSL,4,0,BULLISH_FVG,BEARISH_OB,1,0.219418289263392,13.25,30639.75,30693,6,763,30622.5,30626.5,30693,70.5,HIGH,2026-06-01T12:43:00-05:00,5300,30291.5,LOW,2.74918209488839,3.63976221013392,2036,ChartPrimeHigh,2026_06.csv,141,1463,141,1465,141,1465,0,external,HH,-1336,2036,20.7285748562946,NQ,0,0,0,0,206.357142857143,108.531513562148,10,5,1,660.546000000002,507.5,354.453999999998,534.520833333328,1297,141,913,1156,239.971428571429,210.270833333328,858.770833333328,14619,9606.22467346158,1.52182574288387,613.904063393886,85.3571428571429,58.2169116064442,13,3,1,317.555999999997,230,142.444000000003,338.208333333328,742,141,326,601,142.642857142855,214.541666666672,461.875,5300,1922.84338592903,2.75633472740646,320.299204534618,395.538461538462,228.36564754178,5,5,1,851.508000000002,662,472.491999999998,963.125,1606,141,268,1465,582.131868131866,427.791666666672,1163.875,55984,44752.2166739436,1.25097713947645,805.752052449068,1,53.25,1068.95,4.95813648907807,857.100955255564,4.93646632179802
1,3,0,2,8.60259922805461,34.4103969122184,517,225,733,531,531,0.581219683429411,0,0,-1,0,0.490566037735849,30324.25,30331,30317.75,30329.25,363,0,1280,2026-06-01T22:20:00-05:00,2026-06,-217.5,17.0006757403103,585,0,0,31.9089606202747,1098,43.6205372413773,1501,0,0,27.172020200325,935,375.25,EQH,0,1,0.464975746743529,EXTERNAL_SWING_CONFIRMATION,5,1280,30324.375,2026-06-01T22:20:00-05:00,1,0,CHOCH_UP,UP,RUN,-0.333333333333333,Resolved,SSL,6.5,0,BULLISH_FVG,BULLISH_OB,1,0.464975746743529,5,30324.25,30331,7,1280,30317.75,30329.25,30317.75,13.25,LOW,2026-06-01T22:20:00-05:00,363,30693,HIGH,-0.755585588458235,1.54023216108794,4386,ChartPrimeLow,2026_06.csv,621.5,26.5,1474.5,131.5,1474.5,131.5,1,external,HL,465.5,4381,43.6205372413773,NQ,2,2,1,2,121.285714285714,69.3929878800235,9,8,1,-198.115999999995,-267.5,-336.884000000005,-206.25,588,561.5,-554,26.5,-80.4142857142724,-304.25,-59.25,1448,1270.26629361355,1.13991846219965,-220.049439253242,36.6428571428571,22.5625371513666,5,10,1,-76.2580000000016,-108,-139.741999999998,-124.8125,269,242.5,-230,26.5,-28.9857142857218,-192.0625,-68.7708333333285,363,194.258895526704,1.86864029580617,-142.261247844464,409.5,329.052199049403,5,3,1,-481.991999999998,-671.5,-861.008000000002,-370.375,1606,1474.5,-1007,131.5,-431.228571428568,-1039.54166666667,-169.625,6379,18086.7178048306,0.352689751055679,-634.764774218536,1,1.75,122.5,2.96326530612245,83.9544519367496,2.86464856183196
2,2,0,2,8.39940138066367,33.5976055226547,390,806,916,1529,921,0.148820129357984,0,1,1,0,0.307692307692308,30581.5,30586,30579.5,30580.25,134,0,1670,2026-06-02T04:50:00-05:00,2026-06,405,3.66097518220641,123,0,0,0.744100646789922,25,0,0,31.9367997602234,1073,0.595280517431937,20,268.25,EQL,1,1,1.01197687963429,EXTERNAL_SWING_CONFIRMATION,6,1670,30582.75,2026-06-02T04:50:00-05:00,1,0,CHOCH_UP,UP,RUN,0,Resolved,BSL,0.75,0,BEARISH_FVG,BEARISH_OB,1,0.505988439817147,1.25,30581.5,30586,8,1670,30579.5,30580.25,30586,6.5,HIGH,2026-06-02T04:50:00-05:00,134,30317.75,LOW,0.535752465688744,0.773864672661518,1920,ChartPrimeHigh,2026_06.csv,13,500,441,1165,441,1165,0,external,LH,-280,1918,31.9367997602234,NQ,4,6,2,3,93,50.7080805798263,6,7,1,276.224000000002,221,165.775999999998,152.75,468,13,373,455,76.7714285714173,74.75,250.25,1934,1131.38070123157,1.70941575889949,180.569927551609,38.4285714285714,28.0110739379603,5,5,1,135.937999999995,107.5,79.0620000000054,22.1458333333285,241,13,170,228,-11.3999999999942,-7.97916666667152,172.770833333328,134,154.27880477777,0.868557415861627,120.60625764147,271.071428571429,349.239915059371,1,3,1,551.508000000002,362,172.491999999998,663.125,1606,441,437,1165,436.557142857157,127.791666666672,997.708333333328,5998,10376.5895696804,0.578031920769584,400.880318641255,1,4.5,134.7,0.994803266518189,124.147935947401,-0.00563843445852023
2,0,0,3,24.7000250092954,98.8001000371817,231,846,1311,1152,1152,0.587043940018003,0,0,1,0,0.915254237288136,30464.25,30468,30423.75,30449.75,2724,0,1901,2026-06-02T08:41:00-05:00,2026-06,-33.5,1.62955300591204,161,0,0,6.82185544089887,674,6.56881925985662,649,0,0,5.17205954050344,511,162.25,EQH,0,1,0.445343678634347,EXTERNAL_SWING_CONFIRMATION,7,1901,30445.875,2026-06-02T08:41:00-05:00,1,0,CHOCH_UP,UP,SWEEP,-0.2,Resolved,SSL,26,0,BULLISH_FVG,BULLISH_OB,1,0.161943155867035,14.5,30464.25,30468,9,1901,30423.75,30449.75,30423.75,44.25,LOW,2026-06-02T08:41:00-05:00,2724,30586,HIGH,-1.63967445315373,1.79149616177908,3738,ChartPrimeLow,2026_06.csv,560.5,88.5,988.5,617.5,988.5,617.5,1,external,HL,487.5,3738,6.56881925985662,NQ,9,11,3,5,155.928571428571,70.2612231154873,8,10,1,-141.846000000005,-213,-284.153999999995,-300.9375,603,514.5,-372,88.5,-270,-476.8125,-175.3125,23080,8457.73668711674,2.72886244320619,-256.815566111021,128.857142857143,61.5373650169792,11,11,1,-131.532000000007,-199.5,-267.467999999993,-91.5,576,487.5,-227,88.5,-15.0857142857276,-331.5,-91.5,2724,2362.32840793545,1.15309962444241,-207.608022135755,276.5,346.188015433919,3,8,1,-60.8819999999978,-238,-415.118000000002,-394.354166666672,1501,988.5,-265,512.5,-184.885714285716,-894.6875,-206.729166666672,48308,16627.3406850054,2.90533530978675,-368.577137561268,1,3.75,1810.25,1.50476453528518,1570.397079563,0.581859207388664
1,1,0,3,12.0494840710523,48.1979362842093,146,21,7,1906,129,1.07888436744202,0,1,1,0,0.742268041237113,30707,30713.25,30689,30694,1777,0,2047,2026-06-02T11:07:00-05:00,2026-06,322.5,2.63496758971417,127,1.97103874821138,95,10.5606181351536,509,0,0,24.0259249518819,1158,10.9755736610929,529,289.5,EQH,1,1,0.0207477762969619,EXTERNAL_SWING_CONFIRMATION,8,2047,30701.125,2026-06-02T11:07:00-05:00,0,0,BOS_UP,UP,GRAB,-0.5,Resolved,BSL,5,0,BULLISH_FVG,BEARISH_OB,1,0.352712197048353,13,30707,30713.25,10,2047,30689,30694,30713.25,24.25,HIGH,2026-06-02T11:07:00-05:00,1777,30423.75,LOW,0.518694407424048,2.01253430080531,2279,ChartPrimeHigh,2026_06.csv,48.5,1109.5,48.5,1533.5,48.5,1638.5,0,external,HH,-533.5,2278,24.0259249518819,NQ,2,5,0,0,189.428571428571,102.704177532886,10,7,1,667.144,530.5,393.856,120.375,1158,48.5,639,1109.5,-4.71428571427532,72.125,651.125,8930,9353.41347481755,0.954731662835444,457.580531329542,46.5,33.7038913663252,5,8,1,135.664000000004,100.5,65.3359999999957,131.541666666672,298,48.5,141,249.5,31.9857142857218,81.875,206.041666666672,1777,1078.05745631742,1.64833515095766,113.830700747625,301.857142857143,267.46422703674,6,4,1,929.176000000007,742.5,555.823999999993,577.708333333328,1582,48.5,325,1533.5,367.357142857145,248.125,907.291666666672,51407,38449.0547200235,1.33701596500442,606.203136944663,1,6.25,828,2.14613526570048,268.113408840364,3.53954695553866
1,3,0,4,9.64544874547847,38.5817949819139,153,1336,238,2059,282,0.181432719843165,0,0,1,0,0.942307692307692,30610.75,30611.5,30598.5,30609,1157,0,2200,2026-06-02T13:40:00-05:00,2026-06,-181,1.89208407836443,73,0.0777568799327849,3,1.29594799887975,50,11.8968026297161,459,0,0,1.81432719843165,70,114.75,EQL,1,1,0.311027519731139,EXTERNAL_SWING_CONFIRMATION,9,2200,30605,2026-06-02T13:40:00-05:00,0,0,BOS_UP,UP,RUN,-0.6,Resolved,SSL,10.5,0,BEARISH_FVG,BEARISH_OB,1,0.440622319619114,1.75,30610.75,30611.5,11,2200,30598.5,30609,30598.5,13,LOW,2026-06-02T13:40:00-05:00,1157,30713.25,HIGH,-1.27002903890215,1.34778591883494,2425,ChartPrimeLow,2026_06.csv,433,109,433,1149,433,1254,1,external,HL,334,2423,11.8968026297161,NQ,8,8,3,4,136.785714285714,73.0412508334034,8,9,1,-149.338000000003,-203.5,-257.661999999997,-346.9375,459,433,-242,26,-99.7571428571391,-385.1875,-155.6875,7206,6066.34665049589,1.18786485757634,-226.754637202699,40.7857142857143,37.4550813682301,5,1,1,-74.0840000000026,-105,-135.915999999997,-121.375,262,236,-93,26,-73.6285714285768,-165.041666666672,-88.625,1157,733.756782835899,1.57681676962264,-123.941009887189,330,209.536742161822,5,9,1,544.676000000007,358,171.323999999993,-136.375,1582,433,636,1149,-156.400000000009,-334.125,325.041666666672,34017,37396.1709692583,0.909638583799498,137.781543665056,1,0.75,527.25,2.19440493124704,196.374355504989,3.20688512703482
1,2,1,4,12.5136520226361,50.0546080905442,85,259,0,7,7,1.57827626693423,1,1,1,0,0.647540983606557,30752.5,30763.25,30732.75,30732.75,2330,0,2285,2026-06-02T15:05:00-05:00,2026-06,61,6.53286505427206,327,3.57609432634465,179,3.99563611882083,200,0,0,13.1656210115146,659,4.55502517545575,228,164.75,EQH,1,0,1.01888721029931,EXTERNAL_SWING_CONFIRMATION,10,2285,30748,2026-06-02T15:05:00-05:00,0,0,BOS_UP,UP,SWEEP,-0.6,Resolved,BSL,0,0,BULLISH_FVG,BULLISH_OB,0,0.899018126734687,19.75,30752.5,30763.25,12,2285,30732.75,30732.75,30763.25,30.5,HIGH,2026-06-02T15:05:00-05:00,2330,30598.5,LOW,0.859061765546479,2.43733803248071,3022,ChartPrimeHigh,2026_06.csv,61,598,61,1721,61,1826,1,external,HH,-107,3022,13.1656210115146,NQ,1,1,0,0,119.928571428571,126.906777697505,5,2,1,346.262000000002,268.5,190.737999999998,446.979166666672,659,61,436,598,258.028571428571,227.3125,529.354166666672,19839,9781.32475862672,2.02825286855984,325.632015928946,53.7857142857143,39.3792715787787,8,6,1,205.357999999993,154.5,103.642000000007,145.520833333328,431,61,260,370,98.2142857142753,127.5625,289.1875,2330,1793.6059447406,1.29905903068189,210.301204890915,322.071428571429,152.713197700395,6,12,1,1040.276,830,619.724000000002,421.625,1782,61,1200,1721,111.171428571426,198.875,867.125,56077,40995.4613075425,1.36788313172811,636.708608620364,1,10.75,1598.05,1.45802697037014,1354.78605229756,0.540269807737317
1,6,1,4,14.9365127969349,59.7460511877396,140,1524,477,507,2,1.0712005015845,0,0,-1,1,0.461538461538462,30576.25,30593.75,30561.25,30592.25,1410,0,2425,2026-06-02T18:25:00-05:00,2026-06,-621,0.401700188094188,24,0,0,2.49388866775142,149,13.5239063325043,808,0,0,0,0,202,EQL,0,1,0.652762805653056,EXTERNAL_SWING_CONFIRMATION,11,2425,30577.5,2026-06-02T18:25:00-05:00,1,1,CHOCH_DOWN,DOWN,RUN,-0.6,Resolved,SSL,15,1,BEARISH_FVG,BULLISH_OB,0,1.87460087777288,16,30576.25,30593.75,13,2425,30561.25,30592.25,30561.25,32.5,LOW,2026-06-02T18:25:00-05:00,1410,30763.25,HIGH,-1.00425047023547,2.17587601884352,3289,ChartPrimeLow,2026_06.csv,743,65,743,1039,743,1144,1,external,LL,575,3287,13.5239063325043,NQ,4,8,0,2,121.142857142857,162.769421071928,2,11,1,-243.656000000003,-339,-434.343999999997,-524.166666666672,808,743,-365,65,-489.871428571423,-692.5,-423.166666666672,6453,2832.17882893323,2.27845781985123,-483.923717371785,66.9285714285714,51.1417942616482,7,4,1,-234.106,-326.5,-418.894,-81.8125,783,718,-443,65,-66.2714285714173,-571.1875,-81.8125,1410,741.977232419515,1.90032785157319,-333.03359291493,360.642857142857,193.460312613185,7,10,1,358.275999999998,148,-62.275999999998,-260.375,1782,743,907,1039,-552.814285714281,-483.125,110.875,13098,29495.5283965769,0.444067311624093,-116.267005249727,1,1.5,336.35,4.19206184034488,248.518465108732,4.32020212071669
2,3,0,4,3.92642883534377,15.7057153413751,310,424,345,457,312,0,0,1,0,0,0.333333333333333,30728.5,30730.5,30727.5,30728.5,84,0,2735,2026-06-02T23:35:00-05:00,2026-06,90,1.7191194041873,27,0,0,33.6183350152182,528,0,0,43.1053272827703,677,6.17609563726547,97,169.25,EQL,0,1,2.48317247271498,EXTERNAL_SWING_CONFIRMATION,12,2735,30729,2026-06-02T23:35:00-05:00,1,0,CHOCH_DOWN,DOWN,RUN,-0.333333333333333,Resolved,BSL,1,0,BEARISH_FVG,BULLISH_OB,1,2.86519900697883,0,30728.5,30730.5,14,2735,30727.5,30728.5,30730.5,3,HIGH,2026-06-02T23:35:00-05:00,84,30561.25,LOW,0.509368712351791,0.764053068527687,2893,ChartPrimeHigh,2026_06.csv,6,304,137,1608,137,1750,0,external,LH,-130,2891,43.1053272827703,NQ,2,5,2,2,67.0714285714286,48.9497578849234,5,9,1,185.580000000002,149,112.419999999998,181.291666666672,310,6,207,304,48.8571428571449,129.625,258.791666666672,452,705.208978460557,0.640944760780979,160.547870353912,13.7142857142857,9.74387604091728,9,3,1,97.8239999999932,78,58.1760000000068,32.5,168,6,24,162,11.1714285714261,-2.5,81.5,84,52.6804799580241,1.59451850224089,61.9803498681722,353.785714285714,186.254468483512,9,9,1,702.244000000006,542,381.755999999994,230.791666666672,1358,137,821,1221,-31.7857142857247,61.0416666666715,626.875,4173,13816.4635531155,0.302030978039891,414.879799611663,1,2,43.4,1.93548387096774,23.7453153274493,1.70981094334287
2,4,0,5,7.96226835738468,31.8490734295387,97,205,386,554,409,0.722156016591316,0,1,-1,0,0.54,30677,30682.75,30670.25,30682.75,264,0,2832,2026-06-03T01:12:00-05:00,2026-06,-117,0.0313980876778833,1,0,0,9.01125116355251,287,7.56693913036988,241,0,0,3.10841068011045,99,60.25,EQL,0,1,1.09893306872592,EXTERNAL_SWING_CONFIRMATION,13,2832,30676.5,2026-06-03T01:12:00-05:00,1,0,CHOCH_DOWN,DOWN,GRAB,-0.428571428571429,Resolved,SSL,6.75,1,BULLISH_FVG,BULLISH_OB,1,1.41291394550475,5.75,30677,30682.75,15,2832,30670.25,30682.75,30670.25,12.5,LOW,2026-06-03T01:12:00-05:00,264,30730.5,HIGH,-0.847748367302849,1.56990438389417,3278,ChartPrimeLow,2026_06.csv,216,55,347,1011,347,1540,1,external,HL,105,3277,7.56693913036988,NQ,4,7,1,1,90,57.6624840573949,8,6,1,-62.1180000000022,-91.5,-120.881999999998,-179.6875,249,216,18,33,-115.07142857142,-190.0625,-65.5625,1131,758.197110399329,1.49169653179543,-100.225811021373,37,37.849622320103,6,6,1,-55.9839999999967,-81,-106.016000000003,-94.25,212,187,-50,25,-80.1285714285768,-129.583333333328,-41.25,264,127.958785633303,2.06316431258231,-92.5900490539789,284.785714285714,187.890898393851,7,6,1,492.244000000006,332,171.755999999994,20.7916666666715,1358,347,550,1011,-250.128571428577,-148.958333333328,360.291666666672,4281,10841.7312046705,0.394863137554619,193.458060150908,1,0,83.3,3.16926770708283,47.1943852592657,3.82884529605188
1,2,0,5,7.17308545159918,28.6923418063967,352,51,31,293,293,0.731902615049644,0,1,1,0,0.522727272727273,30793.75,30799,30788,30788.5,289,0,3184,2026-06-03T07:04:00-05:00,2026-06,158,2.47452788897737,71,1.60321525201351,46,9.54958650112393,274,0,0,17.9490403214556,515,11.1179492476589,319,128.75,EQH,3,1,1.04557516435663,EXTERNAL_SWING_CONFIRMATION,14,3184,30793.5,2026-06-03T07:04:00-05:00,0,0,CHOCH_UP,UP,SWEEP,-0.666666666666667,Resolved,BSL,0.5,0,BULLISH_FVG,BULLISH_OB,1,0.941017647920971,5.25,30793.75,30799,16,3184,30788,30788.5,30799,11,HIGH,2026-06-03T07:04:00-05:00,289,30670.25,LOW,0.731902615049644,1.5335102410564,3271,ChartPrimeHigh,2026_06.csv,22,366,22,1479,22,2008,0,external,HH,-285,3271,17.9490403214556,NQ,1,4,0,1,109.428571428571,48.2933711729481,15,10,1,205.423999999999,162,118.576000000001,93,368,22,308,346,28.3285714285739,62.3333333333285,185,1816,1348.77229256479,1.34640962748926,134.857180117775,28.6428571428571,15.515844436299,10,11,1,68.2280000000028,51,33.7719999999972,66.2083333333285,146,22,82,124,19.0428571428492,41.875,96.625,289,205.79730068136,1.40429441515107,60.7128815313044,239.142857142857,107.511486359591,11,10,1,565.717999999993,453.5,341.282000000007,473.3125,951,22,667,929,189.028571428571,314.8125,631.8125,7732,8856.77885291932,0.873003619984417,442.367837940445,1,5.25,134.55,2.14790040876997,73.9942396406639,2.08732464513523
1,3,0,6,9.43021325332391,37.7208530132956,51,273,348,957,344,0.55672123831871,0,1,-1,0,0.557692307692308,30707.25,30713,30700,30712.5,630,0,3235,2026-06-03T07:55:00-05:00,2026-06,-190,0.212084281264271,8,0,0,3.23428528928013,122,10.4981719225814,396,0,0,0,0,99,EQL,2,1,0.927868730531184,EXTERNAL_SWING_CONFIRMATION,15,3235,30706.5,2026-06-03T07:55:00-05:00,1,1,CHOCH_UP,UP,RUN,-0.714285714285714,Resolved,SSL,7.25,1,BULLISH_FVG,BULLISH_OB,1,1.19297408211152,5.25,30707.25,30713,17,3235,30700,30712.5,30700,13,LOW,2026-06-03T07:55:00-05:00,630,30799,HIGH,-0.768805519582981,1.37854782821776,3277,ChartPrimeLow,2026_06.csv,370,26,370,1131,370,1660,1,external,HL,342,3275,10.4981719225814,NQ,8,11,3,3,96.7142857142857,79.3392781201814,7,9,1,-125.271999999997,-172,-218.728000000003,-262.75,396,370,-194,26,-192,-345.25,-163.75,3092,2239.36640125947,1.38074769642922,-199.429641362585,35.9285714285714,29.4011699935989,6,9,1,-125.271999999997,-172,-218.728000000003,-81.25,396,370,-90,26,-77.1571428571478,-246.25,1.25,630,361.403612817691,1.74320338163803,-166.035162910717,244.142857142857,117.935893603262,11,9,1,217.717999999993,105.5,-6.71799999999348,46.0625,951,370,71,581,-148.5,-33.1875,323.4375,14466,9813.81210183992,1.47404493278284,74.515914438336,1,0.5,278.1,2.26537216828479,84.5244934915318,4.16329025426524
1,2,0,6,15.1432672312884,60.5730689251536,37,139,75,381,381,0.297161763790464,0,2,-1,0,0.387755102040816,30792.75,30807.75,30783.25,30797.25,2890,0,3272,2026-06-03T08:32:00-05:00,2026-06,113,1.74995260898829,106,1.10610212077562,67,5.10127694506964,309,0,0,7.11537334409389,431,5.8441813545458,354,107.75,EQH,0,1,0.907994278248641,EXTERNAL_SWING_CONFIRMATION,16,3272,30795.5,2026-06-03T08:32:00-05:00,0,0,CHOCH_UP,UP,GRAB,-0.714285714285714,Resolved,BSL,9.5,0,BEARISH_FVG,BULLISH_OB,1,0.445742645685696,4.5,30792.75,30807.75,18,3272,30783.25,30797.25,30807.75,24.5,HIGH,2026-06-03T08:32:00-05:00,2890,30700,LOW,0.990539212634881,1.61788071397031,14392,ChartPrimeHigh,2026_06.csv,49,382,49,1487,49,2016,1,external,HH,49,14391,7.11537334409389,NQ,6,10,3,5,119.214285714286,90.3642125083585,6,7,1,217.357999999993,166.5,115.642000000007,103.645833333328,431,49,175,382,180.957142857151,67.7291666666715,301.1875,18271,5668.0099323086,3.22352998992685,146.200061954325,64.9285714285714,41.629934284975,9,5,1,217.357999999993,166.5,115.642000000007,103.645833333328,431,49,265,382,91.5428571428492,-40.0208333333285,265.270833333328,2890,2443.82886230516,1.18257053289484,170.143078871028,253.571428571429,137.784799242355,12,9,1,560.347999999998,444,327.652000000002,341.291666666672,986,49,507,937,112.042857142849,176.958333333328,587.791666666672,32644,13712.5972602293,2.38058475579075,404.051420982141,1,10.5,931.7,3.10185682086508,1539.58959141714,1.27196235342008
1,0,0,4,18.6447701963731,74.5790807854923,191,3113,1593,1545,188,0.576569187325847,0,0,1,0,0.719101123595506,30521.75,30528,30505.75,30511,1240,0,3463,2026-06-03T11:43:00-05:00,2026-06,-1001.5,0.0536343430070555,4,0,0,10.4184711291205,777,16.1975715881308,1208,0,0,1.68948180472225,126,302,EQH,1,1,0.509526258567028,EXTERNAL_SWING_CONFIRMATION,17,3463,30516.875,2026-06-03T11:43:00-05:00,1,0,CHOCH_DOWN,DOWN,GRAB,-0.6,Resolved,SSL,5.25,1,BEARISH_FVG,BULLISH_OB,1,1.50176160419756,10.75,30521.75,30528,19,3463,30505.75,30511,30505.75,22.25,LOW,2026-06-03T11:43:00-05:00,1240,30807.75,HIGH,-0.858149488112889,1.19336413190699,3705,ChartPrimeLow,2026_06.csv,1163.5,83.5,1163.5,83.5,1163.5,901.5,1,external,LL,987.5,3703,16.1975715881308,NQ,7,8,3,5,240.785714285714,164.857028739488,5,7,1,-392.854000000007,-540,-687.145999999993,-669.895833333328,1247,1163.5,-904,83.5,-235.514285714278,-825.770833333328,-254.229166666672,10551,10748.2804048558,0.981645398387013,-517.422459557638,77.3571428571429,52.5041663223311,5,5,1,-148.028000000006,-207.5,-266.971999999994,-365,504,459.5,-199,44.5,-41.2571428571537,-407,-155,1240,1159.54854531856,1.06938170463518,-240.251617725837,343.928571428571,213.456886351383,8,7,1,-392.854000000007,-540,-687.145999999993,-669.895833333328,1247,1163.5,-651,83.5,-620.42857142858,-929.6875,-358.145833333328,59085,48751.119010827,1.21197218030786,-615.686471664914,1,6.25,1130.7,1.09666578225878,411.924398403396,0.265339951757271
2,2,0,4,12.4399129103695,49.7596516414778,185,1198,298,1370,373,0.5024150928573,0,1,-1,0,0.176470588235294,30684.25,30694.75,30682,30690.5,859,0,3648,2026-06-03T14:48:00-05:00,2026-06,342.5,0.522511696571592,26,0,0,0.422028678000132,21,0,0,15.1930324080048,756,0.020096603714292,1,189,EQH,1,1,0.120579622285752,EXTERNAL_SWING_CONFIRMATION,18,3648,30688.375,2026-06-03T14:48:00-05:00,1,0,CHOCH_DOWN,DOWN,SWEEP,-0.333333333333333,Resolved,BSL,2.25,1,BEARISH_FVG,BULLISH_OB,1,0.90434716714314,6.25,30684.25,30694.75,20,3648,30682,30690.5,30694.75,12.75,HIGH,2026-06-03T14:48:00-05:00,859,30505.75,LOW,0.844057356000264,1.02492678942889,14301,ChartPrimeHigh,2026_06.csv,25.5,730.5,477.5,769.5,477.5,1587.5,0,external,LH,-610.5,14301,15.1930324080048,NQ,4,8,1,2,161.785714285714,102.571027838664,5,10,1,441.707999999999,352.5,263.292000000001,179.25,756,25.5,575,730.5,33.1714285714261,-9.75,462.75,8233,7234.62215736732,1.13799999791502,316.753378453926,47.0714285714286,35.3301475132537,1,5,1,180.911999999997,141.5,102.088000000003,176.291666666672,334,25.5,260,308.5,-36.8571428571449,134.541666666672,273.708333333328,859,817.324655408371,1.05098995156436,158.646772395194,431.857142857143,229.212537464309,7,9,1,293.145999999993,146,-1.14599999999336,16.1041666666715,1247,477.5,46,769.5,187.628571428577,-139.770833333328,431.770833333328,42751,45428.8031050551,0.941054949238645,138.320526543655,1,4.25,800.05,1.07368289481907,138.123305419469,0.426792566402706
2,1,0,3,16.4941147313423,65.976458925369,123,2716,2514,67,67,0.0757846068346268,0,0,1,0,0.780487804878049,30392.5,30399.25,30368.5,30391.25,578,0,3771,2026-06-03T17:51:00-05:00,2026-06,-654.5,5.78994396216549,382,0,0,8.32114983044203,549,19.7797823838376,1305,0,0,9.57917430389683,632,326.25,EQH,0,1,0.348609191439283,EXTERNAL_SWING_CONFIRMATION,19,3771,30383.875,2026-06-03T17:51:00-05:00,1,0,BOS_DOWN,DOWN,RUN,-0.2,Resolved,SSL,22.75,0,BULLISH_FVG,BEARISH_OB,0,0.666904540144716,1.25,30392.5,30399.25,21,3771,30368.5,30391.25,30368.5,30.75,LOW,2026-06-03T17:51:00-05:00,578,30694.75,HIGH,-1.45506445122484,1.86430132813182,3977,ChartPrimeLow,2026_06.csv,1243.5,61.5,1695.5,61.5,1695.5,369.5,1,external,LL,940.5,3975,19.7797823838376,NQ,4,4,1,3,209.714285714286,142.307153641142,7,5,1,-437.009999999995,-591,-744.990000000005,-1053.1875,1305,1243.5,-1158,61.5,-158.485714285736,-1216.3125,-890.0625,2700,3566.08202623082,0.757133453504369,-890.468534681364,62.1428571428571,36.003977954824,10,12,1,-145.926000000007,-210,-274.073999999993,-311.8125,543,481.5,-278,61.5,-92.2428571428463,-379.6875,-130.8125,578,360.470586790825,1.60345953645145,-267.683402787123,485.5,281.287348263715,9,7,1,-609.673999999999,-817,-1024.326,-1219.64583333333,1757,1695.5,-1113,61.5,-725.685714285733,-1366.0625,-780.395833333328,14878,40181.771462583,0.370267398834178,-1036.63276365261,1,6.75,205.65,2.81060053488938,163.783172212532,2.27343258144263
3,3,0,3,9.78262146038187,39.1304858415275,141,2264,449,208,208,0.48555492198454,0,1,1,0,0.678571428571429,30528.75,30531,30524,30524,222,0,3912,2026-06-03T20:12:00-05:00,2026-06,-80,0.357777310935977,14,0,0,2.58110774318097,101,0,0,16.6110894363132,650,0,0,162.5,EQL,1,1,1.58444237700218,EXTERNAL_SWING_CONFIRMATION,20,3912,30527.5,2026-06-03T20:12:00-05:00,1,1,BOS_DOWN,DOWN,SWEEP,0,Resolved,BSL,0,1,BEARISH_FVG,BEARISH_OB,0,1.12444297722735,4.75,30528.75,30531,22,3912,30524,30524,30531,7,HIGH,2026-06-03T20:12:00-05:00,222,30368.5,LOW,0.229999699887413,0.715554621871953,4254,ChartPrimeHigh,2026_06.csv,366,636,1121,636,1121,944,0,external,LH,366,4254,16.6110894363132,NQ,7,10,3,5,169.357142857143,138.072338428441,3,8,1,387.699999999997,311,234.300000000003,351.625,650,14,179,636,213.257142857154,270.375,568.291666666672,1419,1678.44288865585,0.845426442323802,331.760378610372,36.9285714285714,17.9594823844899,6,7,1,280.168000000005,224,167.831999999995,154.583333333328,476,14,195,462,17.8571428571449,-4.08333333332848,273.583333333328,222,157.440347844028,1.41005786026292,201.964319923369,466.5,250.186254152617,6,6,1,-35.1739999999991,-242.5,-449.826000000001,-645.145833333328,1757,1121,-773,636,144.085714285728,-791.5625,-205.895833333328,9744,27993.6635513405,0.348078770830744,-425.161345621702,1,2.25,139.9,1.58684774839171,77.592460973989,1.05809248694306
3,9,1,4,14.0562527562128,56.2250110248513,64,125,2749,1,1,0.177856790380708,1,1,1,0,0.871428571428571,30367.75,30370,30352.5,30365.25,476,0,3976,2026-06-03T21:16:00-05:00,2026-06,-188,7.06091457811412,397,0,0,1.13828345843653,64,12.6989748331826,714,0,0,3.1124938316624,175,178.5,EQH,0,1,0.177856790380708,EXTERNAL_SWING_CONFIRMATION,21,3976,30361.25,2026-06-03T21:16:00-05:00,1,0,BOS_DOWN,DOWN,GRAB,-0.142857142857143,Resolved,SSL,12.75,0,BEARISH_FVG,BEARISH_OB,0,0.711427161522833,2.5,30367.75,30370,23,3976,30352.5,30365.25,30352.5,17.5,LOW,2026-06-03T21:16:00-05:00,476,30531,HIGH,-1.08492642132232,1.24499753266496,4348,ChartPrimeLow,2026_06.csv,679,35,1786,35,1786,279,1,external,LL,137,4346,12.6989748331826,NQ,8,8,3,5,182.714285714286,156.207746046126,5,4,1,-237.748000000007,-322,-406.251999999993,-307.125,714,679,-291,35,-450.814285714267,-455.875,-9.625,3318,1921.1034145885,1.72713242546119,-339.508301622409,58.2142857142857,48.0524505880689,4,7,1,-228.198000000004,-309.5,-390.801999999996,-352.5625,689,654,-316,35,-97.0571428571566,-582.229166666672,-237.729166666672,476,404.642988505554,1.17634560222577,-351.769797421715,502.285714285714,248.533580732825,8,7,1,-660.622000000003,-875.5,-1090.378,-1292.8125,1821,1786,-1390,35,-295.828571428574,-1444.5625,-837.5625,10860,24371.0520181885,0.445610636417953,-1074.53141883944,1,2.25,218.1,2.18248509857863,195.554826071872,1.31881173776409
3,4,1,3,8.32357795473387,33.2943118189355,289,3566,566,2347,1,0.0600703210469285,0,1,-1,1,0.441176470588235,30539.75,30544.5,30536,30540.25,184,0,4265,2026-06-04T02:05:00-05:00,2026-06,60,0.480562568375428,16,0,0,1.62189866826707,54,0,0,23.0670032820205,768,0,0,192,EQH,1,1,1.11130093936818,EXTERNAL_SWING_CONFIRMATION,22,4265,30540.25,2026-06-04T02:05:00-05:00,1,1,CHOCH_UP,UP,SWEEP,0,Resolved,BSL,3.75,1,BEARISH_FVG,BULLISH_OB,1,3.36393797862799,0.5,30539.75,30544.5,24,4265,30536,30540.25,30544.5,8.5,HIGH,2026-06-04T02:05:00-05:00,184,30352.5,LOW,0.57066804994582,1.02119545779778,4910,ChartPrimeHigh,2026_06.csv,17,439,1070,751,1070,995,0,external,HH,-256,4910,23.0670032820205,NQ,4,7,2,3,116.428571428571,74.7845552186282,3,7,1,225.873999999996,179.5,133.126000000004,236.8125,393,17,323,376,144.07142857142,171.3125,318.6875,1208,1005.36554691007,1.20155301095478,210.303572112985,31.8571428571429,22.7347891808504,3,6,1,178.288,141,103.712,94.9166666666715,316,17,126,299,19.2571428571537,-10.4166666666715,200.25,184,151.549631758553,1.21412370234687,142.281357460932,384.071428571429,252.443371674233,3,10,1,55.377999999997,-159.5,-374.377999999997,-576.8125,1821,1070,-821,751,499.957142857151,-728.5625,-45.6875,5913,12198.7800615305,0.484720600762939,-308.637580239229,1,4.25,121.6,1.51315789473684,94.7319375923453,0.658700767512246
3,2,0,1,19.2087656389136,76.8350625556543,273,181,0,192,192,1.36656360400494,0,0,1,0,0.952,30194,30195.5,30164.25,30167.75,1185,0,4538,2026-06-04T06:38:00-05:00,2026-06,62.5,12.3120873275112,946,1.45766784427194,112,9.80021327443543,753,19.7956499208716,1521,0,0,10.2947791501706,791,380.25,EQH,0,1,1.34053382107151,EXTERNAL_SWING_CONFIRMATION,23,4538,30179.875,2026-06-04T06:38:00-05:00,0,0,CHOCH_DOWN,DOWN,GRAB,0.5,Resolved,SSL,3.5,0,BEARISH_FVG,BEARISH_OB,1,1.18435512347095,26.25,30194,30195.5,25,4538,30164.25,30167.75,30164.25,31.25,LOW,2026-06-04T06:38:00-05:00,1185,30544.5,HIGH,-1.54877208453893,1.62686143333922,4687,ChartPrimeLow,2026_06.csv,1389.5,62.5,2511.5,62.5,2511.5,62.5,1,external,LL,165.5,4686,19.7956499208716,NQ,2,5,1,1,185.928571428571,103.324328049675,7,9,1,-332.487999999998,-454.5,-576.512000000002,-303.708333333328,1034,971.5,-912,62.5,-200.085714285713,-605.291666666672,-174.458333333328,6330,3428.25377833711,1.84642106719135,-438.532206030606,78.4285714285714,107.475359302226,4,6,1,-129.645999999993,-189,-248.354000000007,-304.270833333328,503,440.5,-261,62.5,-162.771428571417,-346.1875,-178.520833333328,1185,797.529724012528,1.48583803753173,-235.107456862097,410.5,300.691425898747,5,5,1,-816.482000000004,-1088,-1359.518,-1807.0625,2301,2238.5,-2071,62.5,-561.885714285716,-1998.8125,-1231.8125,21269,14369.2237414832,1.48017738345862,-1472.9020671778,1,1.5,427.55,2.77160566015671,284.977275409812,2.65793122946644
4,1,0,1,27.6233636192593,110.493454477037,119,300,288,311,311,1.41184833742726,0,1,1,0,0.735849056603774,30350.5,30364.5,30311.5,30311.5,3556,0,4657,2026-06-04T08:37:00-05:00,2026-06,166,1.31229492901893,145,0,0,0.434414873054542,48,0,0,7.24929819409767,801,0,0,200.25,EQH,2,1,0.181006197106059,EXTERNAL_SWING_CONFIRMATION,24,4657,30338,2026-06-04T08:37:00-05:00,1,1,CHOCH_DOWN,DOWN,RUN,0.6,Resolved,BSL,0,0,BEARISH_FVG,BEARISH_OB,1,0.823578196832569,39,30350.5,30364.5,26,4657,30311.5,30311.5,30364.5,53,HIGH,2026-06-04T08:37:00-05:00,3556,30164.25,LOW,0.506817351896966,1.91866568932423,4742,ChartPrimeHigh,2026_06.csv,106,695,1879,695,1879,695,0,external,LH,30,4740,7.24929819409767,NQ,6,6,1,3,239.214285714286,136.286628931687,8,12,1,389.017999999996,294.5,199.982000000004,377.9375,801,106,227,695,143.228571428568,77.5625,411.3125,38995,10757.030539934,3.62507105053168,251.232984803384,134.928571428571,107.592835591766,2,7,1,275.923999999999,203,130.076000000001,61.375,618,106,173,512,125.557142857157,-15.875,241.625,3556,3564.1337475908,0.997717889347925,154.50176541887,434.642857142857,309.246681773581,5,7,1,-115.604000000007,-366,-616.395999999993,-1205.95833333333,2122,1427,-756,695,219.414285714272,-1382.79166666667,-56.5416666666715,56927,24112.1955706734,2.36092146122262,-543.109941119139,1,14,2045.7,1.73828029525346,2048.83479324225,0.737150699012669
4,4,1,1,35.1093406000589,140.437362400236,30,105,141,1,1,0.192256530160771,1,1,1,0,0.55,30170.25,30186,30151,30163.5,2487,0,4687,2026-06-04T09:07:00-05:00,2026-06,-512,2.05073632171489,288,1.17490101764916,165,0.377392448093365,53,6.0810028428629,854,0,0,2.34980203529831,330,213.5,EQL,0,1,0.071206122281767,EXTERNAL_SWING_CONFIRMATION,25,4687,30168.5,2026-06-04T09:07:00-05:00,0,0,BOS_DOWN,DOWN,SWEEP,0.6,Resolved,SSL,12.5,0,BULLISH_FVG,BEARISH_OB,0,0.81887040624032,6.75,30170.25,30186,27,4687,30151,30163.5,30151,35,LOW,2026-06-04T09:07:00-05:00,2487,30364.5,HIGH,-0.548287141569606,0.996885711944738,5266,ChartPrimeLow,2026_06.csv,784,70,2557,70,2557,70,1,external,LL,708,5266,6.0810028428629,NQ,8,8,3,5,296.785714285714,171.871256459574,6,15,1,-256.228000000003,-357,-457.771999999997,-303.625,854,784,-356,70,-469.642857142841,-588.291666666672,-232.458333333328,26816,18840.4388659721,1.42332140937718,-377.475313021961,133.714285714286,91.183478585308,5,5,1,-256.228000000003,-357,-457.771999999997,-303.625,854,784,-371,70,-91.1142857142695,-552.708333333328,-125.708333333328,2487,2828.93436599323,0.879129622057112,-390.828878038214,415.428571428571,274.191917722534,6,8,1,-760.850000000006,-1017.5,-1274.14999999999,-1878.4375,2175,2105,-1569,70,-355.157142857148,-2059.6875,-428.4375,129434,38887.092456389,3.32845661179625,-1042.30656950224,1,15.75,2588.25,0.960880904085772,624.807240274951,-0.162049978734952
3,2,0,1,10.7640769685182,43.0563078740727,323,63,1578,2587,270,0.836114422659965,0,1,1,0,1,30603.25,30603.25,30589.75,30594.25,1424,0,5010,2026-06-04T14:30:00-05:00,2026-06,342,0.719987419512748,31,0,0,22.1802576011185,955,0,0,42.0147497386632,1809,0,0,452.25,EQH,1,1,0.418057211329983,EXTERNAL_SWING_CONFIRMATION,26,5010,30596.5,2026-06-04T14:30:00-05:00,1,1,CHOCH_UP,UP,GRAB,0.5,Resolved,BSL,4.5,1,BULLISH_FVG,BEARISH_OB,1,0.975466826436626,9,30603.25,30603.25,28,5010,30589.75,30594.25,30603.25,13.5,HIGH,2026-06-04T14:30:00-05:00,1424,30151,LOW,0,1.25417163398995,13996,ChartPrimeHigh,2026_06.csv,27,934,393,1782,845,1782,0,external,HH,-464,13995,42.0147497386632,NQ,5,10,1,2,135.857142857143,87.9251003449918,8,6,1,387.678,308.5,229.322,42.8958333333285,671,27,658,644,-24.7571428571537,14.9375,434.3125,8162,7504.6995570651,1.08758517751935,263.895859088836,44.5,47.7144872468849,2,3,1,151.601999999999,117.5,83.398000000001,99.4375,289,27,172,262,45.6857142857334,39.2291666666715,171.6875,1424,910.795886836493,1.5634677544999,116.984293818139,470.357142857143,421.106038607712,2,8,1,1090.962,877.5,664.038,1292.0625,1809,27,741,1782,673.528571428571,462.9375,1442.8125,44717,47495.41172742,0.941501470850164,864.423724398541,1,0,829.5,1.7166968053044,167.147689185343,3.55673478285892
3,2,1,1,16.2179259766188,64.8717039064751,296,27,3,35,35,1.06363785510361,0,0,1,0,0.938775510204082,30075.25,30076.75,30052.25,30058,751,0,5306,2026-06-04T20:26:00-05:00,2026-06,-328,6.56680762716145,426,3.2525737308241,211,6.08894134443374,395,33.9747511978024,2204,0,0,6.87510845472771,446,551,EQH,2,0,0.385376034457831,EXTERNAL_SWING_CONFIRMATION,27,5306,30064.5,2026-06-04T20:26:00-05:00,0,0,CHOCH_DOWN,DOWN,GRAB,0.5,Resolved,SSL,5.75,0,BEARISH_FVG,BEARISH_OB,0,0.601186613754217,17.25,30075.25,30076.75,29,5306,30052.25,30058,30052.25,24.5,LOW,2026-06-04T20:26:00-05:00,751,30603.25,HIGH,-1.41818380680482,1.5106740550747,5977,ChartPrimeLow,2026_06.csv,1438,49,2155,49,2973,49,1,external,LL,131,5976,33.9747511978024,NQ,7,9,2,4,170.071428571429,83.4869252741374,9,9,1,-480.834000000003,-644.5,-808.165999999997,-442.229166666672,1387,1338,-1256,49,-166.642857142855,-962.354166666672,-153.270833333328,4362,2818.67970515338,1.54753304961361,-631.512332173079,65.7142857142857,41.8138004703538,9,9,1,-199.300000000003,-276,-352.699999999997,-424.958333333328,650,601,-255,49,-78.7285714285681,-506.208333333328,-208.291666666672,751,512.493204127878,1.4653852850166,-308.957869349775,506.928571428571,510.132216312889,4,5,1,-792.928,-1053,-1313.072,-1007.08333333333,2204,2155,-1686,49,-1013.72857142857,-1649.91666666667,-456.083333333328,17691,27955.0394561972,0.632837597232515,-1251.90878586604,1,1.5,319.9,2.34760862769616,185.900215169321,2.31898601950162
4,5,0,1,9.52916558706866,38.1166623482746,70,794,683,690,105,0.078705736944877,0,1,-1,0,0.256410256410256,30241.75,30249,30239.25,30242.5,324,0,5376,2026-06-04T21:36:00-05:00,2026-06,390.5,2.7284655474224,104,0,0,10.2842162941306,392,0,0,20.6471383252061,787,0,0,196.75,EQL,1,1,2.78093603871899,EXTERNAL_SWING_CONFIRMATION,28,5376,30244.125,2026-06-04T21:36:00-05:00,1,1,CHOCH_DOWN,DOWN,GRAB,0.6,Resolved,BSL,2.5,0,BULLISH_FVG,BEARISH_OB,1,3.01705324955362,0.75,30241.75,30249,30,5376,30239.25,30242.5,30249,9.75,HIGH,2026-06-04T21:36:00-05:00,324,30052.25,LOW,0.760822123800477,1.0231745802834,5774,ChartPrimeHigh,2026_06.csv,508.5,767.5,1436.5,767.5,2254.5,767.5,1,external,LH,-587.5,5773,20.6471383252061,NQ,6,7,2,3,188.714285714286,219.241563138745,5,5,1,343.097999999998,212,80.9020000000019,188.854166666672,1111,343.5,-343,767.5,369.157142857148,3.6875,466.604166666672,1625,2333.51959641123,0.696372982039285,248.149063876306,33,21.6396061976859,3,12,1,308.039999999994,245.5,182.960000000006,411.125,530,19.5,87,510.5,6.71428571427532,124.041666666672,477.375,324,180.346538756432,1.79654127123327,228.959627631091,514.071428571429,509.079212339387,3,5,1,-74.4279999999999,-334.5,-594.572,-288.583333333328,2204,1436.5,-916,767.5,-258.171428571426,-931.416666666672,262.416666666672,13714,24909.7471894391,0.550547538507909,-508.219067583719,1,6.5,176.8,1.83257918552036,89.0014606621712,1.65390544048189
4,2,0,2,12.7714762331265,51.0859049325059,284,381,351,389,389,1.29194148732803,0,0,-1,0,0.266666666666667,30068,30084.5,30062,30084.5,537,0,5660,2026-06-05T02:20:00-05:00,2026-06,-481,7.57547508478709,387,1.15491739018718,59,6.96865408316332,356,14.642003523051,748,0,0,7.96697250518952,407,187,EQH,0,1,0.274048194281703,EXTERNAL_SWING_CONFIRMATION,29,5660,30073.25,2026-06-05T02:20:00-05:00,0,0,CHOCH_DOWN,DOWN,GRAB,0.333333333333333,Resolved,SSL,6,0,BULLISH_FVG,BEARISH_OB,1,0.763419969784745,16.5,30068,30084.5,31,5660,30062,30084.5,30062,22.5,LOW,2026-06-05T02:20:00-05:00,537,30249,HIGH,-0.46979690448292,1.76173839181095,5975,ChartPrimeLow,2026_06.csv,679,45,2120,84,2938,84,1,external,HL,45,5974,14.642003523051,NQ,6,10,2,4,128.785714285714,114.013665418913,2,4,1,-231.567999999999,-317,-402.432000000001,-452.75,724,679,-361,45,-168.957142857151,-663.916666666672,-271.75,2012,1707.39335021672,1.17840449580327,-366.8680276581,50.5714285714286,24.4524450243562,12,13,1,-103.979999999996,-150,-196.020000000004,-223.125,390,345,-170,45,-23.6714285714261,-336.875,-109.375,537,243.566525228922,2.20473646571625,-175.970504857454,402,491.956924844295,3,5,1,-757.928,-1018,-1278.072,-696.583333333328,2204,2120,-851,84,-409.342857142852,-1614.91666666667,-421.083333333328,10465,14294.5211879288,0.732098673499977,-1139.21084202835,1,0,205.9,2.60806216610005,59.2426366732609,5.58888021520895
4,1,1,2,18.1021407858127,72.4085631432509,114,1207,552,1088,1,1.83679932630174,0,1,-1,1,0.276497695852535,30219.75,30259,30204.75,30253,752,0,5774,2026-06-05T04:14:00-05:00,2026-06,277.5,1.49153629504201,108,0,0,0.55242085001556,40,0,0,10.8826907453065,788,0,0,197,EQH,0,1,0.731957626270617,EXTERNAL_SWING_CONFIRMATION,30,5774,30231.875,2026-06-05T04:14:00-05:00,1,1,CHOCH_UP,UP,RUN,0.333333333333333,Resolved,BSL,15,0,BEARISH_FVG,BEARISH_OB,1,1.58820994379473,33.25,30219.75,30259,32,5774,30204.75,30253,30259,54.25,HIGH,2026-06-05T04:14:00-05:00,752,30062,LOW,2.16825183631107,2.99688311133441,13370,ChartPrimeHigh,2026_06.csv,108.5,679.5,1485.5,718.5,2303.5,718.5,0,external,HH,108.5,13368,10.8826907453065,NQ,3,7,0,0,180.571428571429,129.082164629989,8,4,1,378.483999999997,285.5,192.516000000003,400.416666666672,788,108.5,214,679.5,248.028571428571,104.916666666672,433.25,3152,2096.63894812994,1.50335850758251,319.16431900207,75.3571428571429,80.7175671034356,2,1,0,217.186000000002,155,92.8139999999985,34.2291666666715,527,108.5,208,418.5,174.657142857148,-97.5208333333285,253.8125,752,472.337934452594,1.59208046855588,177.736931274398,402.785714285714,413.366526448345,3,3,1,-123.428,-383.5,-643.572,-337.583333333328,2204,1485.5,-70,718.5,421.485714285736,-980.416666666672,397.083333333328,12887,13583.46748076,0.948726826802768,-504.723312454196,1,6,213.35,3.52472463088821,326.539932473809,1.6495685410335
4,5,0,1,18.1642691732313,72.6570766929254,694,290,3,494,494,0.853323624098366,0,0,-1,0,0.48780487804878,28796.25,28812,28781.25,28811.75,658,0,6468,2026-06-05T15:48:00-05:00,2026-06,-1214.5,49.2037412282526,3575,1.83051680653359,133,70.5093052621924,5123,81.3547732587974,5911,0,0,73.2757253983823,5324,1477.75,EQH,0,1,0.0825797055579064,EXTERNAL_SWING_CONFIRMATION,31,6468,28796.625,2026-06-05T15:48:00-05:00,0,0,CHOCH_DOWN,DOWN,RUN,0.6,Resolved,SSL,15,0,BULLISH_FVG,BEARISH_OB,1,1.18364244632999,15.5,28796.25,28812,33,6468,28781.25,28811.75,28781.25,30.75,LOW,2026-06-05T15:48:00-05:00,658,30259,HIGH,-0.825797055579064,1.69288396393708,8938,ChartPrimeLow,2026_06.csv,2844.5,61.5,7001.5,61.5,8044.5,61.5,1,external,LL,1062.5,8936,81.3547732587974,NQ,4,7,3,4,452.357142857143,254.688676165465,11,9,1,-1044.39,-1386,-1727.61,-1325.6875,2895,2833.5,-2542,61.5,1.78571428572468,-2170.0625,-722.5625,4297,13063.1966140499,0.328939395689599,-1442.029831982,59.2857142857143,44.481379055811,6,10,1,-570.327999999994,-765.5,-960.672000000006,-937.791666666672,1654,1592.5,-290,61.5,-31.585714285713,-1558.04166666667,-317.541666666672,658,497.494464759851,1.32262778102994,-736.516498827943,783.285714285714,896.855475025216,2,2,0,-2196.50199999999,-2894,-3591.49800000001,-4248.60416666667,5911,5849.5,-5496,61.5,-1781.91428571427,-5726.35416666667,-2278.27083333333,88875,87154.2855382092,1.01974331441265,-3193.92819648465,1,0.25,460.55,1.42872652263598,154.809067886865,1.2754420829166
5,7,0,1,16.0368671734186,64.1474686936746,172,114,323,666,666,0.342959752707582,0,1,-1,0,0.15625,29274,29287.5,29271.5,29279.5,530,0,6640,2026-06-07T19:40:00-05:00,2026-06,1058,21.3570391458813,1370,0.48326146972432,31,48.294968813095,3098,0,0,31.5678863287661,2025,51.4283738264688,3299,506.25,EQL,0,1,0.982112019117167,EXTERNAL_SWING_CONFIRMATION,32,6640,29279.5,2026-06-07T19:40:00-05:00,0,0,CHOCH_DOWN,DOWN,RUN,0.666666666666667,Resolved,BSL,2.5,0,BEARISH_FVG,BEARISH_OB,1,1.34066085149328,5.5,29274,29287.5,34,6640,29271.5,29279.5,29287.5,16,HIGH,2026-06-07T19:40:00-05:00,530,28781.25,LOW,0.841810302100429,0.997701098785694,7272,ChartPrimeHigh,2026_06.csv,32,1993,4067,1993,6113,1993,0,external,LH,-869,7270,31.5678863287661,NQ,4,7,1,2,284.857142857143,208.297723863984,7,7,1,1219.45,980.5,741.550000000003,1191.4375,2025,32,1754,1993,353.085714285713,1022.6875,1866.4375,4851,3646.5177442139,1.33031026866586,1199.68107104189,57.6428571428571,41.9143106359878,6,6,1,717.634000000005,574.5,431.365999999995,801.9375,1213,32,359,1181,33.1285714285768,245.979166666672,903.020833333328,530,508.004154612431,1.04329855413161,528.413137487732,842.785714285714,780.239793389167,5,3,1,-265.001999999993,-962.5,-1659.99800000001,-2317.10416666667,5911,3918,-3658,1993,1193.48571428574,-3548.5625,392.104166666672,22739,56314.9959161509,0.403782325294968,-1025.96659502052,1,8,381.9,1.38779785284106,190.58433828623,0.777083790471679
5,2,0,2,18.1317656148534,72.5270624594137,309,423,379,975,975,0.496366442803963,0,0,-1,0,0.418604651162791,28981.75,28994.25,28972.75,28990.75,221,0,6949,2026-06-08T00:49:00-05:00,2026-06,-743,1.53046319864555,111,0,0,60.074127536024,4357,17.3590375413941,1259,0,0,62.8455068416795,4558,314.75,EQL,1,1,0.289547091635645,EXTERNAL_SWING_CONFIRMATION,33,6949,28983.5,2026-06-08T00:49:00-05:00,1,0,CHOCH_DOWN,DOWN,RUN,0.428571428571429,Resolved,SSL,9,0,BULLISH_FVG,BEARISH_OB,1,1.18576428003169,9,28981.75,28994.25,35,6949,28972.75,28990.75,28972.75,21.5,LOW,2026-06-08T00:49:00-05:00,221,29287.5,HIGH,-0.496366442803963,1.18576428003169,8908,ChartPrimeLow,2026_06.csv,1040,43,5102,809,7297,809,1,external,HL,219,8906,17.3590375413941,NQ,5,8,3,3,187.214285714286,116.604549557225,7,8,1,-370.706000000006,-498.5,-626.293999999994,-927.1875,1083,1040,-767,43,-261.814285714267,-972.3125,-521.0625,2446,2054.13628764405,1.19076811734113,-639.947771699604,79.8571428571429,41.8408419206819,6,10,1,-218.669999999998,-299.5,-380.330000000002,-427.9375,685,642,-442,43,46.5,-627.729166666672,-199.604166666672,221,227.611791112139,0.970951456074252,-315.004578904336,891.785714285714,897.139552999639,2,8,1,-1449.00199999999,-2146.5,-2843.99800000001,-545.604166666672,5911,5102,-4795,809,679.885714285716,-3254.8125,-53.0208333333285,12230,26757.97609505,0.45705997929576,-1981.91843439976,1,3.5,265.55,0.832234983995481,127.139087223403,-0.350403648263723
5,2,0,2,15.0652733247794,60.2610932991177,453,1224,1215,132,132,1.47690649351865,0,1,1,0,0.747899159663866,29596.75,29604.25,29574.5,29574.5,1322,0,7402,2026-06-08T08:22:00-05:00,2026-06,1296.5,4.69623076028963,283,0.215727914783623,13,21.0251744639115,1267,0,0,41.9175932879562,2526,24.2776876406492,1463,631.5,EQH,2,1,0.381672464617178,EXTERNAL_SWING_CONFIRMATION,34,7402,29589.375,2026-06-08T08:22:00-05:00,0,0,CHOCH_UP,UP,RUN,0.428571428571429,Resolved,BSL,0,0,BEARISH_FVG,BULLISH_OB,0,0.879506114117846,22.25,29596.75,29604.25,36,7402,29574.5,29574.5,29604.25,29.75,HIGH,2026-06-08T08:22:00-05:00,1322,28972.75,LOW,0.497833649500668,1.97474014301931,7488,ChartPrimeHigh,2026_06.csv,59.5,1706.5,2249.5,3232.5,4873.5,3232.5,0,external,HH,-744.5,7486,41.9175932879562,NQ,7,10,1,3,233.214285714286,149.768069691935,9,7,1,1001.606,799,596.394,834.770833333328,1717,59.5,1527,1657.5,63.8714285714377,119.354166666672,1120.9375,7704,5029.65791515302,1.53171450821534,683.623200769376,57.9285714285714,39.1057035818532,4,3,1,408.944000000003,319.5,230.055999999997,430.041666666672,758,59.5,319,698.5,16.5,114.208333333328,651.125,1322,827.90678593507,1.59679812082574,296.181066683654,577.071428571429,607.193675608737,7,3,1,1974.95600000001,1586.5,1198.04399999999,1792.25,3292,59.5,121,3232.5,1041.72857142857,832.083333333328,3163.91666666667,31412,21671.2383942179,1.44947877129075,1478.58636546919,1,7.5,666,1.98498498498498,163.159431232154,4.02060729830934
5,1,0,3,45.3008981969717,181.203592787887,38,118,1124,170,170,0.347675225588636,0,1,1,0,0.945205479452055,29366,29368,29331.5,29350.25,3002,0,7440,2026-06-08T09:00:00-05:00,2026-06,-605,0.860910082409957,156,0,0,0.971283169898413,176,6.02085192249527,1091,0,0,2.05293942728528,372,272.75,EQL,1,1,0.419417732456133,EXTERNAL_SWING_CONFIRMATION,35,7440,29349.75,2026-06-08T09:00:00-05:00,1,0,CHOCH_UP,UP,GRAB,0.25,Resolved,SSL,18.75,1,BEARISH_FVG,BULLISH_OB,0,0.292488681844408,15.75,29366,29368,37,7440,29331.5,29350.25,29331.5,36.5,LOW,2026-06-08T09:00:00-05:00,3002,29604.25,HIGH,-0.761574303670346,0.805723538665729,7876,ChartPrimeLow,2026_06.csv,1018,699,3003,2274,5832,2274,1,external,HL,643,7875,6.02085192249527,NQ,5,7,3,3,314.928571428571,260.132917369656,3,7,1,-48.3579999999929,-233.5,-418.642000000007,-462.3125,1569,1018,485,551,-726.228571428568,-854.5625,-331.5625,23502,17353.2426130113,1.35432901643284,-454.026360763484,199.642857142857,157.986919607027,5,8,1,-343.762000000002,-472.5,-601.237999999998,-631.604166666672,1091,1018,-371,73,-190.514285714264,-995.270833333328,-449.770833333328,3002,2509.98151097568,1.19602474634686,-560.720538807378,642.357142857143,570.15663564755,6,3,1,1016.45600000001,628,239.543999999994,833.75,3292,1018,-397,2274,130.628571428562,-126.416666666672,2205.41666666667,116331,39059.5588447042,2.97829784669399,483.917318011416,1,2,2555.55,1.17469820586566,417.891071333189,1.06834060506653
5,2,1,3,19.2182206146364,76.8728824585455,80,1431,1378,34,34,0.169110349244552,0,1,-1,0,0.166666666666667,29729.25,29743,29726.5,29732.5,1401,0,7520,2026-06-08T10:20:00-05:00,2026-06,935,3.04398628640193,234,0,0,7.21971106390201,555,0,0,21.4119719120409,1646,10.0165360706388,770,411.5,EQL,1,1,0.520339536137082,EXTERNAL_SWING_CONFIRMATION,36,7520,29734.75,2026-06-08T10:20:00-05:00,1,0,BOS_UP,UP,SWEEP,0.25,Resolved,BSL,2.75,0,BEARISH_FVG,BULLISH_OB,0,1.18377244471186,3.25,29729.25,29743,38,7520,29726.5,29732.5,29743,16.5,HIGH,2026-06-08T10:20:00-05:00,1401,29331.5,LOW,0.715466862188488,0.858560234626186,8765,ChartPrimeHigh,2026_06.csv,33,1613,814,3814,4292,3814,1,external,HH,-897,8765,21.4119719120409,NQ,8,11,3,4,424.357142857143,314.613728256602,3,9,1,984.228000000003,790,595.771999999997,1167.20833333333,1646,33,1319,1613,416.257142857154,618.541666666672,1372.95833333333,13388,15971.0235754862,0.838268125816877,871.039401060334,66.1428571428571,29.5001459152757,9,9,1,849.504000000001,681,512.495999999999,56.25,1428,33,220,1395,0.614285714284051,-3.25,710.75,1401,1456.02042407827,0.962211777274278,490.504034128113,614.857142857143,414.614194387952,8,4,1,2344.446,1890.5,1436.554,2451.52083333333,3847,33,1778,3814,954.185714285733,1329.47916666667,3733.85416666667,94155,55714.3180120619,1.68996055878519,1907.57050368475,1,10.5,1387.6,1.00965696166042,461.848070256876,0.02901387028108
5,1,0,4,17.7046807488621,70.8187229954484,355,553,1559,605,389,2.00511946549963,0,0,-1,0,0.0864197530864197,29324.75,29361.75,29321.25,29360.25,530,0,7875,2026-06-08T17:15:00-05:00,2026-06,-356,2.78175024439033,197,0,0,15.9844734855323,1132,23.8213840725203,1687,0,0,4.67390523296041,331,421.75,EQL,1,1,1.07316253083079,EXTERNAL_SWING_CONFIRMATION,37,7875,29341.5,2026-06-08T17:15:00-05:00,1,0,BOS_UP,UP,GRAB,0.111111111111111,Resolved,SSL,3.5,0,BEARISH_FVG,BULLISH_OB,0,0.748389659658313,35.5,29324.75,29361.75,39,7875,29321.25,29360.25,29321.25,40.5,LOW,2026-06-08T17:15:00-05:00,530,29743,HIGH,-0.197687834626724,2.28753065782352,8014,ChartPrimeLow,2026_06.csv,1131,81,1606,2241,5865,2241,1,external,LL,506,8013,23.8213840725203,NQ,2,2,0,0,239.857142857143,156.743471161895,5,11,1,-372.051999999996,-512,-651.948000000004,-437.875,1186,1105,-978,81,-98.471428571429,-783.791666666672,-141.375,3093,4515.52540027887,0.684970125471774,-572.861220452949,86.6428571428571,49.4674663345907,7,5,1,-144.380000000005,-214,-283.619999999995,-349.208333333328,590,509,-463,81,16.5714285714348,-398.375,-250.875,530,265.00712189053,1.99994625132729,-286.13759169793,709.785714285714,525.041891167937,7,6,1,298.058000000005,-65.5,-429.058000000005,-386.4375,3081,1606,713,1475,-955.757142857154,-1285.0625,-258.0625,13041,50542.6222853344,0.258019853548121,-488.868922226771,1,1.5,236.7,2.23912125052809,159.990343458598,1.83323564197423
6,3,0,3,13.2850603866088,53.1402415464351,85,316,209,474,474,0.583362045370297,0,1,-1,0,0.08,29470.5,29482,29469.5,29478.25,134,0,7960,2026-06-08T18:40:00-05:00,2026-06,181,0.752725219832641,40,0,0,9.20206581245404,489,0,0,12.1000579088097,643,3.44371788073433,183,160.75,EQL,2,1,1.09145156875733,EXTERNAL_SWING_CONFIRMATION,38,7960,29475.75,2026-06-08T18:40:00-05:00,1,0,BOS_UP,UP,RUN,0.333333333333333,Resolved,BSL,1,1,BEARISH_FVG,BULLISH_OB,1,1.71244987511926,7.75,29470.5,29482,40,7960,29469.5,29478.25,29482,12.5,HIGH,2026-06-08T18:40:00-05:00,134,29321.25,LOW,0.865634002807538,0.940906524790802,8081,ChartPrimeHigh,2026_06.csv,381,618,1069,2414,5328,2778,1,external,LH,-31,8079,12.1000579088097,NQ,6,10,3,5,172.428571428571,146.494605484606,1,7,1,352.509999999995,270.5,188.490000000005,82.2708333333285,695,77,136,618,278.328571428574,82.2708333333285,198.104166666672,1503,1905.76248395455,0.788660713312604,162.438865479329,56.5,46.0843175419605,2,7,1,276.584000000003,219,161.415999999997,147.833333333328,488,25,127,463,58.6571428571624,-14.8333333333285,229.166666666672,134,176.561635844071,0.758941767612194,187.717603186742,627.928571428571,486.256940805171,5,5,1,835.058000000005,471.5,107.941999999995,150.5625,3081,1069,1095,2012,-463.257142857139,-619.6875,278.9375,7866,39049.9734651336,0.201434195775402,5.96601568804181,1,3.75,149.75,0.894824707846411,124.99834998911,-0.126001663232932
6,1,1,3,17.8031889247114,71.2127556988455,76,147,764,23,23,1.12339424608585,0,1,-1,0,0.120879120879121,29306.25,29326.25,29303.5,29326.25,322,0,8036,2026-06-08T19:56:00-05:00,2026-06,-535.5,1.10935181800977,79,0,0,0.997012393401188,71,10.0262936463162,714,0,0,3.06124932058393,218,178.5,EQL,0,1,2.21870363601954,EXTERNAL_SWING_CONFIRMATION,39,8036,29314.875,2026-06-08T19:56:00-05:00,1,0,CHOCH_DOWN,DOWN,RUN,0.333333333333333,Resolved,SSL,2.75,0,BULLISH_FVG,BEARISH_OB,0,0.603824407271142,20,29306.25,29326.25,41,8036,29303.5,29326.25,29303.5,22.75,LOW,2026-06-08T19:56:00-05:00,322,29482,HIGH,-0.154466708836804,1.27786095492265,8866,ChartPrimeLow,2026_06.csv,668.5,45.5,1712.5,1368.5,5971.5,2134.5,1,external,LL,612.5,8864,10.0262936463162,NQ,4,4,2,4,208.5,169.500026282519,5,4,1,-227.248000000007,-311.5,-395.751999999993,-445.375,714,668.5,-477,45.5,-196.528571428571,-564.375,-147.875,1886,1865.32908713428,1.01108164398888,-291.718659851627,65.7857142857143,48.5578757075818,5,7,1,-164.600000000006,-229.5,-294.399999999994,-218.041666666672,550,504.5,-49,45.5,-59.7142857142753,-240.958333333328,-57.625,322,208.31780032483,1.5457152461187,-166.408787125431,626.928571428571,550.100377409035,8,4,1,191.558000000005,-172,-535.558000000005,-492.9375,3081,1712.5,374,1368.5,-1011.87142857142,-1263.1875,-364.5625,12469,32489.4596103313,0.383786007817593,-643.798576426489,1,0,167.25,1.92526158445441,55.7143383699385,2.7775614774867
6,2,0,3,11.6958637241905,46.783454896762,372,2230,858,922,329,0.470251717162571,0,1,-1,0,0.333333333333333,29681.25,29689.25,29677.25,29686.75,210,0,8408,2026-06-09T02:08:00-05:00,2026-06,269,1.21837944901212,57,0,0,17.7199397058078,829,0,0,32.9817454355385,1543,11.8631683193285,555,385.75,EQH,0,1,2.26575827360148,EXTERNAL_SWING_CONFIRMATION,40,8408,29683.25,2026-06-09T02:08:00-05:00,1,0,CHOCH_UP,UP,SWEEP,0.333333333333333,Resolved,BSL,4,0,BEARISH_FVG,BULLISH_OB,1,1.94513210280882,5.5,29681.25,29689.25,42,8408,29677.25,29686.75,29689.25,12,HIGH,2026-06-09T02:08:00-05:00,210,29303.5,LOW,0.684002497691012,1.02600374653652,8548,ChartPrimeHigh,2026_06.csv,24,676,239,2686,4498,3608,0,external,HH,-62,8548,32.9817454355385,NQ,7,7,1,3,130.571428571429,67.3773201506011,9,10,1,283.145999999993,224.5,165.854000000007,296.979166666672,497,24,410,473,106.457142857151,131.3125,317.6875,2319,1398.96206461196,1.65765752957943,227.586351034319,52.6428571428571,52.8086711807792,1,4,1,192.918000000005,151.5,110.081999999995,56.4375,351,24,184,327,10.8714285714232,41.8125,188.0625,210,196.872912160789,1.06667797867738,143.953896025938,451.571428571429,460.724007014067,4,6,1,1165.09600000001,897,628.903999999995,944.333333333328,2272,239,1805,2033,451.842857142852,281.666666666672,1133.66666666667,8329,13772.6657545682,0.604748575796763,657.229741957461,1,2.5,163.45,1.2847965738758,123.365503687214,0.377334008362863
6,1,0,4,13.3015870156773,53.206348062709,53,1035,779,975,382,0.789379491907597,0,1,-1,0,0.666666666666667,29588,29599,29566,29598.5,577,0,8461,2026-06-09T03:01:00-05:00,2026-06,-134,0.902147990751539,48,0,0,6.31503593526077,336,9.2658116550106,493,0,0,1.16527448805407,62,123.25,EQH,0,1,0.751789992292949,EXTERNAL_SWING_CONFIRMATION,41,8461,29582.5,2026-06-09T03:01:00-05:00,1,0,CHOCH_UP,UP,RUN,0.2,Resolved,SSL,22,1,BULLISH_FVG,BULLISH_OB,1,1.71032223246646,10.5,29588,29599,43,8461,29566,29598.5,29566,33,LOW,2026-06-09T03:01:00-05:00,577,29689.25,HIGH,-1.65393798304449,2.48090697456673,8833,ChartPrimeLow,2026_06.csv,427,66,642,1999,4901,3205,1,external,HL,341,8830,9.2658116550106,NQ,4,8,1,1,157,93.4934757082014,9,7,1,-122.326000000001,-180.5,-238.673999999999,-88.0625,493,427,-162,66,-200.699999999997,-272.9375,-88.0625,1651,1368.51153877505,1.20642022607847,-194.60457503295,54.7142857142857,38.5034770424815,6,8,1,-122.326000000001,-180.5,-238.673999999999,-88.0625,493,427,-71,66,-17.057142857142,-272.9375,-5.89583333332848,577,212.417928342702,2.71634322254148,-191.632817649588,438.428571428571,356.256994285647,3,4,1,665.687999999995,416,166.312000000005,548.25,2116,642,1491,1474,64.0857142857276,-68.9166666666715,724.583333333328,8597,12937.9576830851,0.664478908540533,234.587213095772,1,0.5,110.9,5.20288548241659,49.6476585550618,9.38815673418055
5,0,0,4,16.0968392241076,64.3873568964305,329,209,2648,220,220,0.574646977037991,0,1,-1,0,0.623255813953488,29727.75,29748,29694.25,29737,6579,0,8790,2026-06-09T08:30:00-05:00,2026-06,8.5,3.16832387339865,204,0.0931859962764309,6,3.64978485416021,235,0,0,11.306567548207,728,4.08465283678356,263,182,EQH,1,1,0.621239975176206,EXTERNAL_SWING_CONFIRMATION,42,8790,29721.125,2026-06-09T08:30:00-05:00,0,0,BOS_UP,UP,RUN,0.111111111111111,Resolved,BSL,33.5,0,BEARISH_FVG,BULLISH_OB,1,0.543584978279181,9.25,29727.75,29748,44,8790,29694.25,29737,29748,53.75,HIGH,2026-06-09T08:30:00-05:00,6579,29566,LOW,1.25801094973182,3.33916486657211,8805,ChartPrimeHigh,2026_06.csv,107.5,413.5,107.5,1670.5,4346.5,3759.5,0,external,HH,107.5,8803,11.306567548207,NQ,4,7,3,4,143.428571428571,56.8267436775361,10,8,1,157.004000000001,106.5,55.9959999999992,-9.41666666667152,428,107.5,347,320.5,15.6428571428551,-45.0833333333285,133.25,13243,4864.45284642172,2.72240278981048,69.4496768517711,65.0714285714286,39.6887524075669,9,5,1,85.9339999999938,49,12.0660000000062,-9.6875,313,107.5,-2,205.5,12.971428571429,-61.8541666666715,42.4791666666715,6579,1996.70814524245,3.29492320431294,17.6187486008421,360.785714285714,321.748842880183,5,2,1,991.304000000004,781.5,571.695999999996,1114.875,1778,107.5,495,1670.5,76.3000000000029,374.041666666672,1188.95833333333,29780,13885.573580336,2.14467193794377,725.525575140462,1,11,491.2,13.3937296416938,453.608267120431,13.4208312353878
5,0,0,5,21.7238214566779,86.8952858267116,4,1228,392,224,224,0.230162083129394,0,1,-1,0,0.616822429906542,29649.75,29660,29633.25,29654.75,2938,0,8794,2026-06-09T08:34:00-05:00,2026-06,-289.5,0.678978145231711,59,0,0,2.57781533104921,224,5.28221980781958,459,0,0,1.85280476919162,161,114.75,EQH,1,1,0.943664540830514,EXTERNAL_SWING_CONFIRMATION,43,8794,29646.625,2026-06-09T08:34:00-05:00,1,0,BOS_UP,UP,SWEEP,0,Resolved,SSL,16.5,1,BULLISH_FVG,BULLISH_OB,1,0.402783645476439,5,29649.75,29660,45,8794,29633.25,29654.75,29633.25,26.75,LOW,2026-06-09T08:34:00-05:00,2938,29748,HIGH,-0.759534874326999,1.23136714474226,8820,ChartPrimeLow,2026_06.csv,405.5,115.5,405.5,1372.5,4644.5,3461.5,1,external,HL,357.5,8820,5.28221980781958,NQ,5,10,3,3,171.714285714286,83.8876735099827,11,9,1,-121.838000000003,-176,-230.161999999997,-300.3125,459,405.5,-111,53.5,-227.414285714287,-338.5625,-147.3125,24658,7127.18199665435,3.45971240969783,-209.878506501729,92.8571428571429,77.9472455107095,2,2,0,-121.838000000003,-176,-230.161999999997,-300.3125,459,405.5,-256,53.5,-178.214285714275,-376.8125,-204.6875,2938,2588.45953855275,1.13503802406071,-232.463134923601,365.5,308.937286138979,6,6,1,693.304000000004,483.5,273.695999999996,816.875,1778,405.5,287,1372.5,-201.785714285725,1.95833333332848,890.958333333328,40707,16222.1295073896,2.50934995812091,412.653695363158,1,5.25,1246.1,2.35775619934195,1607.45814564486,1.05253129270204
5,5,1,5,27.6835879630714,110.734351852286,16,2721,2723,7,7,1.37265444243319,1,2,-1,0,0.0232558139534884,29806.25,29848.25,29805.25,29844.25,3449,0,8810,2026-06-09T08:50:00-05:00,2026-06,716,1.6887261890461,187,0,0,3.62127915405072,401,0,0,7.76633434534569,860,5.52674025505996,612,215,EQL,0,1,0.559898522571433,EXTERNAL_SWING_CONFIRMATION,44,8810,29826.75,2026-06-09T08:50:00-05:00,1,0,BOS_UP,UP,RUN,0,Resolved,BSL,1,0,BEARISH_FVG,BULLISH_OB,0,1.30944009311061,38,29806.25,29848.25,46,8810,29805.25,29844.25,29848.25,43,HIGH,2026-06-09T08:50:00-05:00,3449,29633.25,LOW,1.51714438374195,1.55326686906914,13370,ChartPrimeHigh,2026_06.csv,86,836,86,2093,3924,4182,1,external,HH,86,13368,7.76633434534569,NQ,7,7,2,4,213.142857142857,102.234675120493,12,12,1,445.479999999996,344,242.520000000004,469.416666666672,860,86,531,774,390.557142857157,361.916666666672,648.583333333328,28506,13232.8475241929,2.154184875771,419.487652884418,116.642857142857,113.932301987145,2,8,1,445.479999999996,344,242.520000000004,469.416666666672,860,86,315,774,20.1285714285623,326.083333333328,648.583333333328,3449,2943.40308139663,1.17177291204148,384.006801703508,415.5,280.62757757076,9,5,1,1260.622,1003.5,746.377999999997,1502.85416666667,2179,86,814,2093,389.885714285731,594.9375,1593.64583333333,80225,24458.7086148446,3.28001781546674,1052.85425947935,1,4,2966.15,1.16278677747248,978.271346559839,0.493574713905274
5,4,0,1,68.5948198289082,274.379279315633,170,2454,0,1710,151,0.156717373510318,0,0,-1,0,0.636363636363636,28257.5,28274.5,28227.75,28268.25,3735,0,8980,2026-06-09T11:40:00-05:00,2026-06,-3432.5,10.4563289442117,2869,1.76033700942985,483,20.4898854389537,5622,23.6242329091601,6482,0,0,14.5419144257249,3990,1620.5,EQL,0,0,1.9607894639198,EXTERNAL_SWING_CONFIRMATION,45,8980,28251.125,2026-06-09T11:40:00-05:00,0,0,CHOCH_DOWN,DOWN,NONE,0.666666666666667,Detected,SSL,29.75,0,BEARISH_FVG,BULLISH_OB,1,0.193163274326671,10.75,28257.5,28274.5,47,8980,28227.75,28268.25,28227.75,46.75,LOW,2026-06-09T11:40:00-05:00,3735,29848.25,HIGH,-0.433706219714602,0.681538345265803,-1,ChartPrimeLow,2026_06.csv,6388.5,93.5,6388.5,93.5,10226.5,93.5,1,external,LL,1014.5,-1,23.6242329091601,NQ,3,3,2,3,825.214285714286,406.803010603523,10,11,1,-2382.624,-3147.5,-3912.376,-5713.29166666667,6482,6388.5,-5814,93.5,-584.328571428574,-6253.45833333333,-2472.29166666667,32209,28519.1859851857,1.12938006073283,-3598.63125549964,284.071428571429,287.51085491113,3,5,1,-1043.71400000001,-1395,-1746.28599999999,-1084.89583333333,2977,2883.5,-694,93.5,-585.542857142849,-1953.1875,-712.770833333328,3735,3448.71150357968,1.08301317640608,-1478.69049830595,788.357142857143,1284.29152064475,2,4,1,-2382.624,-3147.5,-3912.376,-5713.29166666667,6482,6388.5,-4698,93.5,-4251.8,-6253.45833333333,-3012.45833333333,170103,91469.120216661,1.85967679143607,-3998.65359915562,1,6.25,3031.55,1.23204301429962,907.678383294435,0.774999176962676
6,3,0,1,41.8294948591991,167.317979436797,204,2345,315,1914,355,1.39255805493405,0,1,1,0,0.975409836065574,29194.75,29196.25,29135.25,29136.5,1797,0,9184,2026-06-09T15:04:00-05:00,2026-06,245,0.0956263042014795,16,0,0,10.4471737340116,1748,0,0,23.1535189047832,3874,0.693290705460727,116,968.5,EQL,2,1,0.657430841385172,EXTERNAL_SWING_CONFIRMATION,46,9184,29165.75,2026-06-09T15:04:00-05:00,1,0,CHOCH_DOWN,DOWN,GRAB,0.714285714285714,Resolved,BSL,1.25,1,BEARISH_FVG,BULLISH_OB,1,0.316762132667401,58.25,29194.75,29196.25,48,9184,29135.25,29136.5,29196.25,61,HIGH,2026-06-09T15:04:00-05:00,1797,28227.75,LOW,0.0358598640755548,1.45830113907256,10213,ChartPrimeHigh,2026_06.csv,122,3752,2730,3752,6568,3752,0,external,LH,-2644,10212,23.1535189047832,NQ,5,5,1,2,557,436.710960613883,3,6,1,2145.442,1712.5,1279.558,1177.4375,3669,122,3278,3547,130.671428571426,260.1875,1636.0625,34778,18825.1410471316,1.84742307709291,1349.6632598249,157,117.3236122867,4,8,1,761.122000000003,592.5,423.877999999997,205.479166666672,1429,122,1088,1307,-56.6999999999971,-92.2291666666715,979.520833333328,1797,2793.95895685181,0.643173370744442,661.841951297378,1030.14285714286,1120.57895185071,3,3,1,1275.876,511,-253.876000000004,-2054.79166666667,6482,2730,-743,3752,308.728571428568,-2594.95833333333,1186.20833333333,108591,97686.4674316578,1.1116278728778,326.933857907745,1,1.5,2607.55,0.689152652873387,2903.03254330708,-0.27920803088092
6,2,0,2,17.2031067470651,68.8124269882606,153,180,201,2067,508,0.668483906371267,0,0,-1,0,0.313432835820896,28985.5,28997,28980.25,28997,224,0,9337,2026-06-09T18:37:00-05:00,2026-06,-463.5,0.276112917849001,19,0,0,37.9582600748206,2612,12.5558716327125,864,0,0,14.2416136574748,980,216,EQH,1,1,0.653951647537109,EXTERNAL_SWING_CONFIRMATION,47,9337,28988.625,2026-06-09T18:37:00-05:00,1,0,CHOCH_DOWN,DOWN,SWEEP,0.5,Resolved,SSL,5.25,1,BEARISH_FVG,BULLISH_OB,1,0.770209718210373,11.5,28985.5,28997,49,9337,28980.25,28997,28980.25,16.75,LOW,2026-06-09T18:37:00-05:00,224,29196.25,HIGH,-0.305177435517317,0.973661341888584,9404,ChartPrimeLow,2026_06.csv,830.5,598.5,3438.5,3043.5,7276.5,3043.5,1,external,HL,-64.5,9404,12.5558716327125,NQ,5,5,2,2,230,285.857582317526,4,2,1,52.622000000003,-116,-284.622000000003,-503.020833333328,1429,830.5,366,598.5,-263,-741.1875,151.9375,1216,1971.03727649488,0.616934045084336,-132.95889936194,61.3571428571429,27.4257596655612,9,10,1,-153.679999999993,-211.5,-269.320000000007,-78.7916666666715,490,456.5,-174,33.5,-25.9857142857218,-201.291666666672,-58.375,224,134.291426576494,1.66801415183721,-154.380874060153,1133.64285714286,1011.70919129183,3,7,1,567.376000000004,-197.5,-962.376000000004,-2763.29166666667,6482,3438.5,-1973,3043.5,384.742857142846,-3303.45833333333,477.708333333328,8512,60488.302023604,0.140721424064415,-344.446123264512,1,0,95.4,2.34800838574423,57.4189864069369,2.23967729225648
7,5,0,2,19.7870897152933,79.1483588611732,29,137,490,2096,537,0.303228018184132,0,1,-1,0,0.132352941176471,29154.25,29169,29152,29160.25,555,0,9366,2026-06-09T19:06:00-05:00,2026-06,224,0.505380030306886,40,0,0,23.4622679069972,1857,0,0,9.53904807204248,755,2.84276267047623,225,188.75,EQH,0,1,1.40242958410161,EXTERNAL_SWING_CONFIRMATION,48,9366,29160.5,2026-06-09T19:06:00-05:00,1,0,CHOCH_DOWN,DOWN,SWEEP,0.555555555555556,Resolved,BSL,2.25,1,BULLISH_FVG,BULLISH_OB,1,0.669628540156624,6,29154.25,29169,50,9366,29152,29160.25,29169,17,HIGH,2026-06-09T19:06:00-05:00,555,28980.25,LOW,0.745435544702657,0.859146051521707,10211,ChartPrimeHigh,2026_06.csv,143,1286,2751,3731,6589,3731,1,external,LH,-752,10211,9.53904807204248,NQ,8,8,3,3,259.5,169.117481299844,9,7,1,711.694000000003,548.5,385.305999999997,173.9375,1383,143,981,1240,516.757142857154,116.3125,577.3125,3261,2100.44468464798,1.55252838783827,350.428360123115,82.8571428571429,65.4008564934373,3,5,1,432.589999999997,343.5,254.410000000003,516.520833333328,755,34,489,721,121.514285714264,296.3125,705.270833333328,555,382.59358641091,1.45062546710839,404.79159382284,1081.71428571429,1022.49638047413,4,4,1,1254.876,490,-274.876000000004,-2075.79166666667,6482,2751,-1509,3731,964.785714285725,-2615.95833333333,1165.20833333333,9152,54862.5452546854,0.16681690500348,348.293446511889,1,8.75,208.45,2.66250899496282,140.9395171696,2.45885616014264
7,2,0,2,18.2769093249895,73.1076372999579,317,515,636,177,177,0.0683923073520375,0,0,-1,0,0.666666666666667,28865.75,28871.75,28853.75,28867,130,0,9683,2026-06-10T00:23:00-05:00,2026-06,-799,0.177819999115298,13,0,0,6.9213015040262,506,17.2485399141839,1261,0,0,7.71465226930983,564,315.25,EQL,0,1,0.615530766168338,EXTERNAL_SWING_CONFIRMATION,49,9683,28862.75,2026-06-10T00:23:00-05:00,1,0,BOS_DOWN,DOWN,GRAB,0.555555555555556,Resolved,SSL,12,1,BEARISH_FVG,BEARISH_OB,1,1.19002614792545,1.25,28865.75,28871.75,51,9683,28853.75,28867,28853.75,18,LOW,2026-06-10T00:23:00-05:00,130,29169,HIGH,-0.65656615057956,0.98484922586934,9856,ChartPrimeLow,2026_06.csv,944,36,3942,2540,7780,2540,1,external,LL,860,9855,17.2485399141839,NQ,7,7,3,5,180.357142857143,92.1577435663885,6,7,1,-258.139999999999,-349,-439.860000000001,-589.625,770,734,-600,36,-146.871428571438,-653.791666666672,-236.708333333328,1695,1335.22628595214,1.26944774667262,-386.267429217623,69.7857142857143,39.6988754788547,12,5,1,-133.607999999993,-186,-238.392000000007,-195.25,444,408,-190,36,17.2142857142753,-324.75,-102.75,130,188.830035979418,0.688449797330809,-170.086721174972,1045.92857142857,1068.16123277833,3,8,1,63.8760000000038,-701,-1465.876,-25.7916666666715,6482,3942,-3171,2540,321.199999999997,-1376.20833333333,2134.875,8806,22504.8086787305,0.391294150761772,-749.428516489075,1,4.75,140.9,0.92264017033357,90.2412876681179,-0.120787283533532
8,1,0,2,15.6803007767399,62.7212031069595,75,185,225,252,252,0.797178585919887,0,1,1,0,0.793650793650794,29010.75,29014,28998.25,28998.25,246,0,9758,2026-06-10T01:38:00-05:00,2026-06,428.5,0.669630012172705,42,0,0,2.15238218198369,135,0,0,10.2198294714929,641,0,0,160.25,EQH,1,1,1.16388073544303,EXTERNAL_SWING_CONFIRMATION,50,9758,29006.125,2026-06-10T01:38:00-05:00,1,1,BOS_DOWN,DOWN,SWEEP,0.6,Resolved,BSL,0,1,BEARISH_FVG,BEARISH_OB,1,1.3870907395006,12.5,29010.75,29014,52,9758,28998.25,28998.25,29014,15.75,HIGH,2026-06-10T01:38:00-05:00,246,28853.75,LOW,0.20726643233917,1.00444501825906,10166,ChartPrimeHigh,2026_06.csv,160.5,609.5,3368.5,3113.5,7206.5,3113.5,1,external,LH,-247.5,10166,10.2198294714929,NQ,3,5,3,3,227.285714285714,176.07335695691,3,6,1,347.448000000004,266.5,185.551999999996,366.541666666672,686,76.5,-58,609.5,262.785714285725,52.125,395.125,1730,1425.17183618835,1.21388870876576,260.597697705743,66.3571428571429,48.5090054425218,9,2,1,266.994000000006,210,153.005999999994,119.4375,483,31.5,67,451.5,81.4142857142724,38.9375,260.3125,246,173.514387024481,1.41774987203391,173.374757550584,980.285714285714,1170.41386971813,2,2,0,637.376000000004,-127.5,-892.376000000004,547.708333333328,6482,3368.5,-2673,3113.5,812.157142857148,-802.708333333328,2708.375,8421,19177.9505493198,0.439098014062753,-154.076933941164,1,3.25,150.4,1.63563829787234,68.2549631895,1.40063074584892
8,1,0,2,32.4591864603752,129.836745841501,290,108,1091,193,193,0.901131642214977,0,0,1,0,0.843971631205674,28639.75,28645.25,28610,28610.5,261,0,10048,2026-06-10T06:40:00-05:00,2026-06,-530.5,5.1988363973941,675,0.138635637263843,18,7.50943035179147,975,12.4463994343539,1616,0,0,7.97925112251894,1036,404,EQH,0,1,1.33244251370249,EXTERNAL_SWING_CONFIRMATION,51,10048,28627.625,2026-06-10T06:40:00-05:00,0,0,BOS_DOWN,DOWN,GRAB,0.6,Resolved,SSL,0.5,0,BEARISH_FVG,BEARISH_OB,1,0.516032649815414,29.25,28639.75,28645.25,53,10048,28610,28610.5,28610,35.25,LOW,2026-06-10T06:40:00-05:00,261,29014,HIGH,-0.916535601910959,1.08597915856677,10480,ChartPrimeLow,2026_06.csv,1381.5,70.5,4882.5,1599.5,8720.5,1599.5,1,external,LL,831.5,10478,12.4463994343539,NQ,4,8,1,1,322.785714285714,173.956207219161,8,9,1,-363.452000000005,-497.5,-631.547999999995,-521.166666666672,1136,1065.5,-892,70.5,-304.285714285725,-757.833333333328,-284.5,3531,3447.91533390981,1.02409707259139,-481.08325126885,122.857142857143,90.3019102787975,4,7,1,-288.962,-400,-511.038,-145.145833333328,941,870.5,-244,70.5,41.5,-458.8125,-27.5208333333285,261,345.376561970007,0.755696908068318,-345.89111248398,528.285714285714,606.587536716052,1,5,1,-325.398000000001,-920,-1514.602,-1024.97916666667,5039,3439.5,-3280,1599.5,-1030.72857142858,-2284.72916666667,-185.145833333328,22661,17543.5198526226,1.29170201820203,-976.303746848585,1,5.5,441.2,0.591568449682684,275.086822657866,-0.655065910678392
6,1,0,2,56.4251852403354,225.700740961342,175,3384,1332,2953,52,0.301283902349471,0,1,-1,0,0.485875706214689,29227.25,29250,29205.75,29244.25,1747,0,10223,2026-06-10T09:35:00-05:00,2026-06,1595.5,0.88169847893448,199,0,0,4.1825294679103,944,0,0,11.342452794333,2560,0.203809698648171,46,640,EQL,1,1,0.735487173382531,EXTERNAL_SWING_CONFIRMATION,52,10223,29227.875,2026-06-10T09:35:00-05:00,1,0,CHOCH_UP,UP,SWEEP,0.5,Resolved,BSL,21.5,1,BULLISH_FVG,BULLISH_OB,1,0.234824218007676,17,29227.25,29250,54,10223,29205.75,29244.25,29250,44.25,HIGH,2026-06-10T09:35:00-05:00,1747,28610,LOW,0.403188751673556,0.784224275233181,11781,ChartPrimeHigh,2026_06.csv,88.5,2471.5,2481.5,4000.5,6319.5,4000.5,0,external,HH,-328.5,11781,11.342452794333,NQ,5,6,3,3,547.428571428571,217.342031390668,11,7,1,1493.58,1191.5,889.419999999998,604.833333333328,2560,88.5,1910,2471.5,318.885714285716,-35.1666666666715,1351.5,16985,16728.9316465182,1.01530691611948,1022.2405510184,226.785714285714,135.925234728842,8,8,1,897.827999999994,709.5,521.172000000006,609.75,1596,88.5,697,1507.5,86.8285714285739,343.75,942.25,1747,1841.05982182035,0.948909958978221,605.326729926455,701.071428571429,483.100244582622,5,9,1,1493.58,1191.5,889.419999999998,1351.5,2560,88.5,2126,2471.5,1412.29999999999,498.166666666672,1564.83333333333,124355,44992.87873238,2.76388182982623,1116.15873910578,1,5.75,1823.6,0.957995174380347,672.292748733764,-0.113938459315935
6,4,0,2,26.8057551884726,107.223020753891,464,60,1704,209,209,2.97510737672838,0,0,1,0,0.738396624472574,28353.25,28384.25,28265.75,28273.5,1355,0,10687,2026-06-10T18:19:00-05:00,2026-06,-882,5.32534894078967,571,0.326422439452957,35,12.8423914036206,1377,36.7178612607512,3937,0,0,13.747047878676,1474,984.25,EQH,1,1,0.139895331194124,EXTERNAL_SWING_CONFIRMATION,53,10687,28325,2026-06-10T18:19:00-05:00,0,0,CHOCH_DOWN,DOWN,NONE,0.5,Detected,SSL,7.75,0,BULLISH_FVG,BEARISH_OB,1,1.07253087248829,79.75,28353.25,28384.25,55,10687,28265.75,28273.5,28265.75,118.5,LOW,2026-06-10T18:19:00-05:00,1355,29250,HIGH,-3.26422439452957,4.42069246573433,-1,ChartPrimeLow,2026_06.csv,1760,237,3700,237,9931,389,1,external,LL,1172,-1,36.7178612607512,NQ,2,2,1,1,291.5,156.122090261657,9,8,1,-379.165999999997,-569.5,-759.834000000003,-1140.77083333333,1613,1376,-1020,237,-57.6285714285768,-1275.1875,-737.520833333328,3385,2738.50292980187,1.23607682254512,-851.813607592194,105.214285714286,86.3165147250833,6,7,1,-74.7119999999995,-171,-267.288,-52,816,579,35,237,131.485714285722,-460,16,1355,430.460114424544,3.1477945449404,-197.4669419118,1020.71428571429,480.710579301757,12,7,1,-1266.93399999999,-1731.5,-2196.06600000001,-1649.47916666667,3937,3700,-2622,237,-667,-2797.77083333333,-1157.35416666667,11626,42100.2304632321,0.276150507303124,-1949.33046921041,1,31,207.05,6.54431296788215,128.19495894925,8.95472029016717
7,2,0,2,13.9586366391147,55.8345465564589,558,4719,991,1074,767,1.18206386673638,0,1,-1,0,0.0493827160493827,28916.75,28936,28915.75,28933.25,142,0,11245,2026-06-11T03:37:00-05:00,2026-06,399.5,0.644762109128932,36,0,0,23.3547163973369,1304,0,0,48.0168670715185,2681,0,0,670.25,EQL,0,1,2.00592656173446,EXTERNAL_SWING_CONFIRMATION,54,11245,28925.875,2026-06-11T03:37:00-05:00,1,1,CHOCH_DOWN,DOWN,RUN,0.555555555555556,Resolved,BSL,1,1,BEARISH_FVG,BULLISH_OB,1,7.09238320041825,16.5,28916.75,28936,56,11245,28915.75,28933.25,28936,20.25,HIGH,2026-06-11T03:37:00-05:00,142,28265.75,LOW,1.37907451119244,1.4507147455401,11561,ChartPrimeHigh,2026_06.csv,40.5,961.5,1296.5,2640.5,7527.5,2792.5,0,external,LH,-807.5,11559,48.0168670715185,NQ,4,6,2,3,168,77.1067132327913,6,9,1,578.736000000004,460.5,342.263999999996,773.625,1002,40.5,743,961.5,65.7285714285681,272.625,815.375,1536,1549.9440686591,0.991003502035296,468.888738975467,50.8571428571429,37.2828973671611,3,6,1,216.588000000003,167.5,118.411999999997,54.8333333333285,416,40.5,57,375.5,30.9285714285652,-31.8333333333285,193.5,142,177.115435222176,0.80173701304956,133.58111036387,688.285714285714,728.52466394587,3,4,1,1136.56600000001,672,207.433999999994,754.020833333328,3937,1296.5,1073,2640.5,1094.01428571428,-66.1875,1574.22916666667,8922,13527.0083636674,0.659569341582123,556.052909147547,1,2.75,149.7,0.948563794255177,99.6695038615122,-0.0772553258687723
7,1,0,3,36.6773938040272,146.709575216109,237,1012,982,1004,1004,0.245382756694447,0,0,1,0,0.881057268722467,28687.5,28694.25,28637.5,28678.5,1336,0,11482,2026-06-11T07:34:00-05:00,2026-06,-730.5,0.122691378347223,18,0,0,0.749780645455253,110,8.13852809703248,1194,0,0,0,0,298.5,EQL,0,1,0.524846451818677,EXTERNAL_SWING_CONFIRMATION,55,11482,28665.875,2026-06-11T07:34:00-05:00,1,1,CHOCH_DOWN,DOWN,GRAB,0.4,Resolved,SSL,41,1,BEARISH_FVG,BEARISH_OB,1,0.783861583885037,9,28687.5,28694.25,57,11482,28637.5,28678.5,28637.5,56.75,LOW,2026-06-11T07:34:00-05:00,1336,28936,HIGH,-1.36323753719137,1.5472746047122,11627,ChartPrimeLow,2026_06.csv,1080.5,113.5,2336.5,1600.5,8567.5,1752.5,1,external,HL,804.5,11626,8.13852809703248,NQ,6,8,2,3,223.357142857143,185.706845036021,5,8,1,-313.576000000001,-445.5,-577.423999999999,-888.041666666672,1118,1004.5,-774,113.5,-653.285714285725,-981.208333333328,-468.791666666672,7824,3535.25900658007,2.2131334607839,-645.256236022731,204.928571428571,97.4918525610703,6,9,1,-310.520000000004,-441.5,-572.479999999996,-510.875,1110,996.5,-849,113.5,-97.5,-927.125,-325.875,1336,939.899304395182,1.42142886344586,-509.065628140699,624.5,518.332131742759,4,7,1,576.357999999993,260,-56.3579999999929,-242.6875,2681,1080.5,-345,1600.5,-685.442857142858,-577.8125,427.5625,19900,12190.7566582434,1.6323843185356,-23.4551628913032,1,6.75,695.3,1.92147274557745,757.150520042085,0.846198982950428
7,2,1,3,53.2693868812502,213.077547525001,90,2314,2099,2066,13,0.403608925477751,0,1,1,1,0.761627906976744,29039.25,29049.5,29006.5,29017.75,1221,0,11572,2026-06-11T09:04:00-05:00,2026-06,1286,0.384836417315995,82,0,0,2.13067967635929,454,0,0,7.73427336264342,1648,0.619492769337944,132,412,EQL,1,1,0.248735733143265,EXTERNAL_SWING_CONFIRMATION,56,11572,29028,2026-06-11T09:04:00-05:00,1,0,CHOCH_UP,UP,RUN,0.4,Resolved,BSL,11.25,1,BEARISH_FVG,BEARISH_OB,1,0.40830205251819,21.5,29039.25,29049.5,58,11572,29006.5,29017.75,29049.5,43,HIGH,2026-06-11T09:04:00-05:00,1221,28637.5,LOW,0.192418208657998,0.807217850955502,11779,ChartPrimeHigh,2026_06.csv,86,1562,888,3049,7119,3201,1,external,HH,-644,11777,7.73427336264342,NQ,5,8,1,2,426.428571428571,347.80400917326,5,5,1,932.464000000007,738,543.535999999993,978.333333333328,1648,86,592,1562,841.642857142855,635,1390.33333333333,17690,13751.1568494192,1.28643722078897,847.547343349666,211.642857142857,170.115928627899,2,5,1,899.710000000006,711.5,523.289999999994,1077.02083333333,1595,86,1201,1509,-5.77142857141735,478.895833333328,1409.3125,1221,1795.03377378816,0.68021004274658,809.683464841859,626.5,503.549371398764,4,5,1,1851.42999999999,1481.5,1111.57000000001,1546.8125,3135,86,1096,3049,325.971428571429,893.6875,2069.3125,87827,28739.2374098841,3.05599618902185,1368.53674281947,1,10.25,2251.6,0.542281044590513,904.222284618113,-1.13976399114656
7,2,1,3,51.2759964955752,205.103985982301,57,1140,1080,1151,3,0.185271874742011,0,1,-1,1,0.567073170731707,28600.75,28618.5,28577.5,28610.25,3587,0,11629,2026-06-11T10:01:00-05:00,2026-06,-434,0.0633824834643722,13,0,0,1.17013815626533,240,9.20508682928729,1888,0,0,1.10675567280096,227,472,EQL,0,1,1.00924415977885,EXTERNAL_SWING_CONFIRMATION,57,11629,28598,2026-06-11T10:01:00-05:00,1,0,CHOCH_DOWN,DOWN,NONE,0.4,Detected,SSL,23.25,1,BEARISH_FVG,BEARISH_OB,1,0.560691199877139,9.5,28600.75,28618.5,59,11629,28577.5,28610.25,28577.5,41,LOW,2026-06-11T10:01:00-05:00,3587,29049.5,HIGH,-0.453428535552816,0.799594406781311,-1,ChartPrimeLow,2026_06.csv,1806,82,2608,1329,8839,1481,1,external,LL,1076,-1,9.20508682928729,NQ,7,10,3,3,569.714285714286,391.019862003459,5,7,1,-639.216,-862,-1084.784,-744,1888,1806,-1067,82,-796.742857142846,-1137.33333333333,-350.666666666672,18477,14387.2270609096,1.28426415471001,-865.533014095578,202.428571428571,91.25052332737,9,10,1,-639.216,-862,-1084.784,-822.666666666672,1888,1806,-1168,82,-75.4571428571508,-1294.66666666667,-665.333333333328,3587,2176.32255115445,1.64819318629826,-912.942046657161,677.142857142857,480.318642787287,3,10,1,131.429999999993,-238.5,-608.429999999993,-695.6875,3135,1806,-689,1329,-1369.81428571427,-1218.1875,-42.5625,86932,39751.9361625361,2.18686203470835,-439.587090168177,1,8.25,1384.4,2.59101415775787,561.669333327003,3.92152440823692
6,3,0,3,15.8042501562394,63.2170006249575,515,4578,3621,3315,367,0.442918830744809,0,1,-1,0,0,29637.5,29645.5,29637.5,29644.5,97,0,12144,2026-06-11T19:36:00-05:00,2026-06,819,0.158185296694575,10,0,0,37.7113747319866,2384,0,0,67.5767587479222,4272,0,0,1068,EQH,0,1,0.727652364795043,EXTERNAL_SWING_CONFIRMATION,58,12144,29641.5,2026-06-11T19:36:00-05:00,1,1,CHOCH_UP,UP,GRAB,0.333333333333333,Resolved,BSL,0,1,BULLISH_FVG,BEARISH_OB,0,2.38859798008808,7,29637.5,29645.5,60,12144,29637.5,29644.5,29645.5,8,HIGH,2026-06-11T19:36:00-05:00,97,28577.5,LOW,0.506192949422638,0.506192949422638,12683,ChartPrimeHigh,2026_06.csv,16,950,16,5238,4665,5655,0,external,HH,-613,12682,67.5767587479222,NQ,5,5,2,3,198.428571428571,116.323589853439,6,9,1,571.100000000006,459,346.899999999994,637.125,950,16,547,934,121.514285714278,280.875,676.708333333328,1379,1115.40474009358,1.23632252081366,482.513290881208,59.2857142857143,26.0770604690542,14,14,1,254.683999999994,203,151.316000000006,321.625,438,16,340,422,-11.3142857142666,212.125,376.375,97,132.524763974673,0.731938673880892,239.719577514159,919.642857142857,605.946190661714,3,9,1,2624.09600000001,2120,1615.90399999999,3455,4272,16,3959,4256,626.814285714281,1853,4167,6659,31283.1556190152,0.21286215754885,2559.82895209669,1,1,113.95,0.851250548486178,58.2266906152153,-0.291103612808982
6,3,0,4,16.3885965111944,65.5543860447778,401,5706,687,5275,768,0.900016056281868,0,0,-1,0,0.272,29268.5,29291.25,29260,29283.25,195,0,12545,2026-06-12T02:17:00-05:00,2026-06,-397.5,3.64582775341299,239,0,0,12.8442969388022,842,23.5224535387566,1542,0,0,1.31188781085154,86,385.5,EQL,0,1,0.2440721508561,EXTERNAL_SWING_CONFIRMATION,59,12545,29275.625,2026-06-12T02:17:00-05:00,1,0,CHOCH_UP,UP,GRAB,0.2,Resolved,SSL,8.5,0,BULLISH_FVG,BULLISH_OB,1,0.80848899971083,14.75,29268.5,29291.25,61,12545,29260,29283.25,29260,31.25,LOW,2026-06-12T02:17:00-05:00,195,29645.5,HIGH,-0.518653320569212,1.90681367856328,12934,ChartPrimeLow,2026_06.csv,1116.5,62.5,1479.5,2792.5,6128.5,4191.5,1,external,HL,621.5,12933,23.5224535387566,NQ,3,3,1,2,207,141.180606348827,3,7,1,-387.877999999997,-527,-666.122000000003,-649.8125,1179,1116.5,-1071,62.5,-260.585714285728,-1042.8125,-404.1875,1500,1095.3669856314,1.36940406245251,-618.543892742731,67.4285714285714,42.1815281348312,6,6,1,-221.326000000001,-309,-396.673999999999,-169.6875,743,680.5,-350,62.5,7.30000000000291,-572.145833333328,-138.729166666672,195,154.32850556567,1.26353844537828,-313.288165614955,698.214285714286,779.923755840795,0,4,1,1160.59600000001,656.5,152.403999999995,1991.5,4272,1479.5,1511,2792.5,-1567.51428571428,211.5,2703.5,6022,10925.5453024625,0.55118530318507,932.533221385369,1,8,129.2,1.50928792569659,71.3082042965604,0.922754971172004
6,5,1,4,19.7159506018072,78.8638024072288,139,6506,3861,3855,2,0.304322125835009,1,1,1,0,0.166666666666667,29641.25,29675,29634.5,29635.25,323,0,12684,2026-06-12T04:36:00-05:00,2026-06,1119,0,0,0,0,1.49625045202213,118,0,0,21.0489470369215,1660,0,0,415,EQH,0,1,0.634004428822936,EXTERNAL_SWING_CONFIRMATION,60,12684,29654.75,2026-06-12T04:36:00-05:00,1,1,BOS_UP,UP,SWEEP,0.2,Resolved,BSL,0.75,1,BULLISH_FVG,BEARISH_OB,0,1.91469337504527,6,29641.25,29675,62,12684,29634.5,29635.25,29675,40.5,HIGH,2026-06-12T04:36:00-05:00,323,29260,LOW,1.71181195782193,2.05417434938631,13013,ChartPrimeHigh,2026_06.csv,81,1579,81,4309,4612,5708,0,external,HH,-895,13013,21.0489470369215,NQ,3,4,1,3,268.642857142857,225.43735963744,7,5,1,944.880000000005,749,553.119999999995,921.916666666672,1660,81,766,1579,321.528571428586,299.416666666672,1198.58333333333,1933,1296.53635069897,1.49089533737941,836.750220495043,76.9285714285714,40.4381654574465,6,7,1,480.762000000002,373.5,266.237999999998,581.8125,909,81,314,828,68.2714285714319,278.8125,771.1875,323,213.353121717702,1.51392207153817,425.71616678861,607.928571428571,692.40181323957,1,1,0,2632.02,2114,1595.98,3120.04166666667,4390,81,3733,4309,-109.314285714267,1656.70833333333,4217.54166666667,6835,10017.7994689417,0.68228556792244,2350.40020357944,1,33.75,156.8,2.05994897959184,64.7669668889937,2.56612294790423
6,1,0,5,58.5225134869182,234.090053947673,249,6094,1078,5663,251,0.747575546456658,0,0,-1,0,0.094488188976378,29239,29325.25,29230,29282.75,2358,0,12933,2026-06-12T08:45:00-05:00,2026-06,-218.5,0.508351371590527,119,0,0,7.09983176120551,1662,7.60391127253058,1780,0,0,0,0,445,EQL,0,1,0.170874410618665,EXTERNAL_SWING_CONFIRMATION,61,12933,29277.625,2026-06-12T08:45:00-05:00,1,1,BOS_UP,UP,GRAB,0.0909090909090909,Resolved,SSL,9,1,BULLISH_FVG,BULLISH_OB,1,0.226408594069731,43.75,29239,29325.25,63,12933,29230,29282.75,29230,95.25,LOW,2026-06-12T08:45:00-05:00,2358,29675,HIGH,-0.153786969556798,1.62757876114278,25850,ChartPrimeLow,2026_06.csv,1530.5,190.5,1589.5,2800.5,6120.5,4199.5,1,external,LL,435.5,25849,7.60391127253058,NQ,3,7,1,1,323.571428571429,266.439838107644,4,7,1,-466.539999999994,-669.5,-872.460000000006,-633.666666666672,1720,1529.5,-1271,190.5,-494.328571428574,-848.666666666672,-132,16682,7889.33162439606,2.11450104954576,-634.571944337076,282.142857142857,182.36966785044,7,8,1,-225.115999999995,-353.5,-481.884000000005,-648.166666666672,1088,897.5,-907,190.5,-55.028571428571,-874.833333333328,-285.5,2358,1828.05846367844,1.28989310071364,-451.093743235222,572.5,477.692380290883,2,10,1,873.847999999998,403.5,-66.8479999999981,-676.041666666672,3986,1589.5,1502,2396.5,-935.214285714275,-1174.29166666667,320.458333333328,47735,16779.4573509106,2.84484766114378,-153.455348742937,1,42.5,1641.15,1.43679736769948,947.232298594173,0.756783738333149
6,2,1,4,32.9139020670048,131.655608268019,100,6944,4217,4230,15,0.311418560434842,1,1,1,0,0.72463768115942,29755.25,29760,29742.75,29745,670,0,13033,2026-06-12T10:25:00-05:00,2026-06,1470.5,1.26086539102887,166,0,0,2.58249537921576,340,0,0,16.1026182468747,2120,1.96725383299083,259,530,EQL,0,1,0.751961889830471,EXTERNAL_SWING_CONFIRMATION,62,13033,29751.375,2026-06-12T10:25:00-05:00,1,0,BOS_UP,UP,RUN,0.2,Resolved,BSL,2.25,0,BEARISH_FVG,BULLISH_OB,1,1.10135832348907,10.25,29755.25,29760,64,13033,29742.75,29745,29760,17.25,HIGH,2026-06-12T10:25:00-05:00,670,29230,LOW,0.144315918250292,0.524094650487904,13370,ChartPrimeHigh,2026_06.csv,34.5,2085.5,34.5,4695.5,4225.5,6094.5,0,external,HH,-1459.5,13368,16.1026182468747,NQ,6,10,2,2,574.857142857143,421.956346805001,2,7,1,1275.66,1025.5,775.339999999997,1423,2120,34.5,607,2085.5,639.285714285725,804.666666666672,1864.66666666667,6821,9583.43576050017,0.711748914529585,1084.43291623857,111.928571428571,45.9880443763805,11,15,1,972.839999999997,780.5,588.160000000003,406.958333333328,1630,34.5,379,1595.5,0.628571428576834,271.125,1086.125,670,702.82044665045,0.953301804455366,729.653600091362,708.285714285714,325.967195406536,5,14,1,1420.89,1143,865.110000000001,1093.9375,2355,34.5,2212,2320.5,686.757142857154,603.3125,1584.5625,58355,31420.9721640835,1.85719906103682,1171.03385937063,1,4.75,772.9,0.86686505369388,255.251033298594,-0.403132550220187
6,3,0,5,21.5461455430677,86.1845821722708,250,538,200,601,265,0.835416244823026,0,0,-1,0,0.186440677966102,29586,29610,29580.5,29604,699,0,13283,2026-06-12T14:35:00-05:00,2026-06,263,0.545341159815031,47,0,0,4.38593528532089,378,8.33095644142962,718,0,0,0.510532149614071,44,179.5,EQH,1,1,1.94930457125373,EXTERNAL_SWING_CONFIRMATION,63,13283,29595.25,2026-06-12T14:35:00-05:00,1,0,BOS_UP,UP,SWEEP,0.0909090909090909,Resolved,SSL,5.5,1,BULLISH_FVG,BULLISH_OB,1,1.0558733094291,18,29586,29610,65,13283,29580.5,29604,29580.5,29.5,LOW,2026-06-12T14:35:00-05:00,699,29760,HIGH,-0.255266074807036,1.36915440123774,22662,ChartPrimeLow,2026_06.csv,628,745,659,1691,4850,5470,1,external,HL,-77,22662,8.33095644142962,NQ,1,1,1,1,240.214285714286,181.138793418757,7,9,1,-124.330000000002,-220.5,-316.669999999998,-407.270833333328,815,628,-269,187,-339.842857142852,-543.104166666672,-203.520833333328,5332,4247.22050858899,1.25540927041987,-273.263898739227,84.1428571428571,86.5443975330628,3,2,1,-152.627999999997,-218,-283.372000000003,-344.958333333328,554,495,-317,59,-102.857142857145,-460.375,-275.708333333328,699,566.484579367852,1.23392590982798,-304.821452566044,845.071428571429,347.028991551779,8,14,1,651.160000000003,401,150.839999999997,3.5,2120,659,173,1461,-91.0142857142782,-526.5,445.166666666672,24311,29974.3222143264,0.811060874910474,209.151454124818,1,6,418.15,1.67164892980988,164.023862593221,1.71225086130612
3,2,0,5,9.18690105275701,36.747604211028,731,13150,10351,11591,646,1.00686836038405,0,1,-1,0,0,30618,30628.25,30618,30627.25,127,0,14014,2026-06-15T03:46:00-05:00,2026-06,376.5,1.25178228588288,46,0,0,94.5095625841574,3473,0,0,114.048251307286,4191,1.76882279526929,65,1047.75,EQL,3,1,0.489827850997648,EXTERNAL_SWING_CONFIRMATION,64,14014,30623.125,2026-06-15T03:46:00-05:00,1,0,BOS_UP,UP,SWEEP,-0.25,Resolved,BSL,0,0,BEARISH_FVG,BEARISH_OB,1,1.14293165232785,9.25,30618,30628.25,66,14014,30618,30627.25,30628.25,10.25,HIGH,2026-06-15T03:46:00-05:00,127,29580.5,LOW,1.11571899393909,1.11571899393909,14295,ChartPrimeHigh,2026_06.csv,20.5,471.5,20.5,5572.5,20.5,9581.5,0,external,HH,-281.5,14295,114.048251307286,NQ,7,8,3,4,126.857142857143,53.2847486255715,10,13,1,283.555999999997,225.5,167.444000000003,256.25,492,20.5,327,471.5,124.828571428574,235.75,420.25,949,802.282805528294,1.18287465898648,267.619351525835,32.6428571428571,13.9196647829333,11,12,1,198.889999999999,157,115.110000000001,90.4375,355,20.5,110,334.5,21.0285714285856,-13.1041666666715,208.770833333328,127,117.733220568438,1.07870997995995,160.778429035068,511.357142857143,665.450119894552,5,2,1,3435.974,2776,2116.026,3824.6875,5593,20.5,3930,5572.5,-695.07142857142,3591.64583333333,4756.85416666667,5033,6250.9792720229,0.805153845658371,3805.79385807515,1,1,91.8,1.38344226579521,62.9965078397208,0.558761131482999
3,2,0,6,9.53889507208271,38.1555802883308,59,290,374,9809,705,1.04833944858737,0,1,-1,0,0.240740740740741,30512.75,30523,30509.5,30522.75,101,0,14073,2026-06-15T04:45:00-05:00,2026-06,-51,0.262084862146843,10,0,0,78.5730416716236,2998,12.4490309519751,475,0,0,1.25800733830485,48,118.75,EQL,2,1,0.209667889717475,EXTERNAL_SWING_CONFIRMATION,65,14073,30516.25,2026-06-15T04:45:00-05:00,1,0,BOS_UP,UP,SWEEP,-0.333333333333333,Resolved,SSL,3.25,1,BEARISH_FVG,BULLISH_OB,1,0.681420641581792,10,30512.75,30523,67,14073,30509.5,30522.75,30509.5,13.5,LOW,2026-06-15T04:45:00-05:00,101,30628.25,HIGH,-0.340710320790896,1.41525825559295,15796,ChartPrimeLow,2026_06.csv,448,33,448,5145,448,9154,1,external,HL,146,15796,12.4490309519751,NQ,6,9,2,4,125,106.822127998253,9,5,1,-154.449999999997,-210.5,-266.550000000003,-141.229166666672,475,448,-165,27,-240.085714285728,-259.979166666672,-42.2708333333285,515,742.747934941142,0.693371163718968,-194.362018003478,37.9285714285714,25.7330855462244,5,8,1,-154.449999999997,-210.5,-266.550000000003,-141.229166666672,475,448,-142,27,-34.6428571428551,-299.5625,-2.6875,101,55.9988905223126,1.8036071618197,-208.755987347467,511.928571428571,722.181363694516,5,2,1,3008.474,2348.5,1688.526,3397.1875,5593,448,4176,5145,-1232.97142857143,3164.14583333333,4329.35416666667,4426,6311.70286699332,0.701237066013597,3324.63467520522,1,0.25,68.15,1.48202494497432,39.3170128570318,0.835516170047106
1,1,0,6,12.2865678432133,49.1462713728533,405,54,1,11203,182,0.529033012550398,0,1,1,0,0.474576271186441,30907.25,30915,30900.25,30900.75,540,0,14478,2026-06-15T11:30:00-05:00,2026-06,1211.5,9.17668802539345,451,0.874939213064121,43,23.3384948228964,1147,0,0,33.003521013721,1622,9.11564575471456,448,405.5,EQL,2,1,0.0610422706788921,EXTERNAL_SWING_CONFIRMATION,66,14478,30907.625,2026-06-15T11:30:00-05:00,0,0,BOS_UP,UP,RUN,-0.714285714285714,Resolved,BSL,0.5,0,BEARISH_FVG,BEARISH_OB,1,2.90968156902719,6.5,30907.25,30915,68,14478,30900.25,30900.75,30915,14.75,HIGH,2026-06-15T11:30:00-05:00,540,30509.5,LOW,0.630770130348552,1.20049799001821,15402,ChartPrimeHigh,2026_06.csv,29.5,1476.5,29.5,5994.5,29.5,10719.5,0,external,HH,-862.5,15400,33.003521013721,NQ,6,6,2,4,189.071428571429,112.732120100066,8,9,1,793.676000000007,636.5,479.323999999993,775.25,1332,29.5,1301,1302.5,-28.4571428571508,331.25,941.75,4714,5322.5303208349,0.885668979948725,598.26245758633,49.1428571428571,28.1631384689468,6,9,1,249.217999999993,196,142.782000000007,92.6458333333285,451,29.5,74,421.5,4.89999999999418,-20.1041666666715,242.979166666672,540,489.657434066915,1.10281180766512,158.127134323047,328.071428571429,568.686393749744,3,4,1,3269.38400000001,2639.5,2009.61599999999,748.958333333328,5338,29.5,5046,5308.5,281.328571428574,81.7083333333285,1416.20833333333,29908,25856.8078624256,1.15667796887881,1555.29729379952,1,7.75,417.4,1.29372304743651,126.541060529774,0.968855480479817
1,0,0,7,15.7825695993534,63.1302783974137,207,261,279,11410,389,0.364325971370059,0,0,1,0,0.836065573770492,30827.75,30830.25,30815,30822,1159,0,14685,2026-06-15T14:57:00-05:00,2026-06,-257.5,0.807853240864044,51,0,0,11.8326739397145,747,6.33610384991407,400,0,0,0.760332461989689,48,100,EQL,0,1,0.253444153996563,EXTERNAL_SWING_CONFIRMATION,67,14685,30822.625,2026-06-15T14:57:00-05:00,1,0,BOS_UP,UP,SWEEP,-0.75,Resolved,SSL,7,1,BEARISH_FVG,BEARISH_OB,1,2.26515712634428,5.75,30827.75,30830.25,69,14685,30815,30822,30815,15.25,LOW,2026-06-15T14:57:00-05:00,1159,30915,HIGH,-0.807853240864044,0.966255837111896,14759,ChartPrimeLow,2026_06.csv,369.5,30.5,369.5,4968.5,369.5,10379.5,1,external,HL,184.5,14759,6.33610384991407,NQ,3,3,3,3,129.142857142857,48.6540132724807,12,14,1,-89.8300000000017,-127,-164.169999999998,-146.6875,315,284.5,-207,30.5,-122.057142857157,-238.5625,-107.3125,11743,5716.09342115929,2.05437510110155,-142.84360619662,69.3571428571429,44.6231231571785,7,4,1,-64.2360000000044,-93.5,-122.763999999996,-88.3333333333285,248,217.5,-100,30.5,-38.9285714285797,-150.333333333328,-57.3333333333285,1159,1171.24507569194,0.989545248943985,-99.9410095929197,341.5,221.565047306587,7,8,1,1071.058,796,520.941999999995,-126.6875,2331,369.5,1915,1961.5,-199.314285714281,-223.8125,553.1875,34192,25895.9152913348,1.32036267555452,318.862316053768,1,2.5,772.35,1.50061500615006,446.686498005033,0.865595897182555
2,1,0,7,18.3504210677039,73.4016842708156,3,129,217,11413,392,0.54494662346466,0,1,1,0,0.520833333333333,30882.5,30894,30870,30872.5,3287,0,14688,2026-06-15T15:00:00-05:00,2026-06,178,1.68933453274045,124,0,0,14.4819565185733,1063,0,0,4.30507832537082,316,4.95901427352841,364,79,EQL,0,1,0.054494662346466,EXTERNAL_SWING_CONFIRMATION,68,14688,30882,2026-06-15T15:00:00-05:00,1,0,BOS_UP,UP,SWEEP,-0.555555555555556,Resolved,BSL,2.5,0,BULLISH_FVG,BEARISH_OB,1,1.94818417888616,10,30882.5,30894,70,14688,30870,30872.5,30894,24,HIGH,2026-06-15T15:00:00-05:00,3287,30815,LOW,0.626688616984359,1.30787189631518,15376,ChartPrimeHigh,2026_06.csv,132,268,132,5206,132,10617,1,external,LH,-53,15376,4.30507832537082,NQ,4,4,2,3,147.428571428571,56.7078192749224,11,14,1,147.288,110,72.7119999999995,77.0833333333285,316,48,43,268,94.1857142857189,-1.91666666667152,116.583333333328,21816,7937.0938610585,2.7486130795347,92.2607407560135,81.1428571428571,68.1174579877056,5,3,1,147.288,110,72.7119999999995,77.0833333333285,316,48,82,268,152.114285714284,63.9166666666715,169.25,3287,2719.97613120226,1.20846648700079,120.244065617822,339.571428571429,213.291090233353,6,9,1,1238.106,976.5,714.894,98.9375,2217,132,2072,2085,21.028571428571,6.5625,745.5625,45638,28206.8781019236,1.61797416343242,534.770239573729,1,11.5,1243.15,2.64408961106866,1578.7392842075,1.29460894553339
2,4,0,7,12.399293723042,49.5971748921682,249,12612,11661,11662,177,0.201624387311203,0,0,-1,0,0.473684210526316,30760,30765,30755.5,30762.5,196,0,14937,2026-06-15T20:09:00-05:00,2026-06,-11,0.746010233051452,37,0,0,4.79866041800664,238,11.1699910570407,554,0,0,0.947634620362655,47,138.5,EQH,1,1,3.85102579764398,EXTERNAL_SWING_CONFIRMATION,69,14937,30760.25,2026-06-15T20:09:00-05:00,1,0,CHOCH_DOWN,DOWN,SWEEP,-0.555555555555556,Resolved,SSL,4.5,1,BEARISH_FVG,BEARISH_OB,1,2.88322873855021,2.5,30760,30765,71,14937,30755.5,30762.5,30755.5,9.5,LOW,2026-06-15T20:09:00-05:00,196,30894,HIGH,-0.362923897160166,0.766172671782572,15682,ChartPrimeLow,2026_06.csv,474,21,619,1386,619,10130,1,external,LL,243,15682,11.1699910570407,NQ,7,7,3,4,132.785714285714,98.2040049027908,2,6,1,-151.664000000004,-205,-258.335999999996,-176.75,452,431,-294,21,-168.900000000009,-308.583333333328,-101.416666666672,1442,1241.39057850393,1.16160056711388,-194.950028780018,48.4285714285714,36.5523972450623,3,5,1,-130.744000000006,-177,-223.255999999994,-70.8333333333285,392,373,-113,19,-62.5428571428492,-266.833333333328,-70.8333333333285,196,156.597393671245,1.25161725495557,-179.212113255446,359.928571428571,279.926416418713,5,2,1,481.039999999994,271,60.9600000000064,-433.583333333328,1780,619,1124,1161,-567.885714285716,-507.75,159.75,7617,15608.0611610155,0.488017052305324,-45.2779417013371,1,2.5,148.6,1.31897711978466,55.5107196854806,0.853889127515635
1,1,0,7,8.41705667510809,33.6682267004324,611,128,0,171,171,0.0891047819860817,0,1,-1,0,0.478260869565217,30969.5,30975.5,30964,30970.25,136,0,15548,2026-06-16T06:20:00-05:00,2026-06,277,5.25718213717882,177,1.45537810577267,49,9.68271964248754,326,0,0,26.1374027159173,880,9.62331645449682,324,220,EQH,0,0,0.0297015939953606,EXTERNAL_SWING_CONFIRMATION,70,15548,30969.75,2026-06-16T06:20:00-05:00,0,0,CHOCH_UP,UP,NONE,-0.75,Detected,BSL,5.5,0,BULLISH_FVG,BULLISH_OB,1,0.53462869191649,0.75,30969.5,30975.5,72,15548,30964,30970.25,30975.5,11.5,HIGH,2026-06-16T06:20:00-05:00,136,30755.5,LOW,0.712838255888653,1.36627332378659,-1,ChartPrimeHigh,2026_06.csv,23,647,23,1759,23,10968,0,external,HH,-219,-1,26.1374027159173,NQ,5,6,2,3,103.5,77.3420155440819,7,3,1,339.148000000001,270,200.851999999999,184.541666666672,586,23,546,563,139,160.125,379.875,1155,1035.05153035581,1.11588647147158,259.069886249665,31.0714285714286,17.8179083268178,8,4,1,199.479999999996,157,114.520000000004,179.5,360,23,92,337,19.7285714285827,74.5,269.5,136,145.390934485913,0.93540907815801,135.841814464919,249,172.726452754647,7,5,1,729.106,585.5,441.894,408.020833333328,1217,23,1053,1194,421.157142857162,306.604166666672,610.854166666672,6033,6752.19414815449,0.893487341688618,522.042952499469,1,5.25,151.6,0.897097625329815,112.808421671434,-0.138287547763381
1,2,0,6,14.9593464874957,59.8373859499827,539,11520,10869,11401,360,0.0334239199832656,0,0,1,0,0.95,30281.75,30282.25,30272.25,30281.25,1056,0,16087,2026-06-16T15:19:00-05:00,2026-06,-295,0.919157799539803,55,0,0,32.3042186638262,1933,47.010743456463,2813,0,0,0.668478399665312,40,703.25,EQH,2,1,0.434510959782452,EXTERNAL_SWING_CONFIRMATION,71,16087,30277.25,2026-06-16T15:19:00-05:00,1,0,CHOCH_DOWN,DOWN,RUN,-0.714285714285714,Resolved,SSL,9,1,BEARISH_FVG,BEARISH_OB,1,1.92187539903777,0.5,30281.75,30282.25,73,16087,30272.25,30281.25,30272.25,10,LOW,2026-06-16T15:19:00-05:00,1056,30975.5,HIGH,-0.635054479682046,0.668478399665312,17332,ChartPrimeLow,2026_06.csv,1191,20,2793,20,2793,8198,1,external,LL,322,17330,47.010743456463,NQ,6,6,3,5,227.642857142857,145.172761353836,2,8,1,-360.089999999997,-477.5,-594.910000000003,-664.0625,995,975,-855,20,-279.642857142841,-829.895833333328,-415.3125,4477,8770.65816619581,0.510451999743351,-537.533258402967,42.0714285714286,34.5735556730814,3,5,1,-269.937999999995,-359.5,-449.062000000005,-185.5625,759,739,-112,20,-55.7285714285681,-470.1875,4.1875,1056,578.698498630955,1.82478441277835,-346.701731977708,486.214285714286,531.367017293763,4,2,1,-1054.56600000001,-1386.5,-1718.43399999999,-2148.35416666667,2813,2793,-2199,20,-884.171428571426,-2617.1875,-741.854166666672,58719,40966.9867534742,1.43332484650022,-1372.7829635907,1,0.5,1086.7,0.971749332842551,2077.78175225407,-0.0147753728064535
2,1,0,6,8.46513966164447,33.8605586465779,649,2497,2455,16595,1009,1.21084830371349,0,1,1,0,0.9,30583.25,30584.5,30572,30573,200,0,16736,2026-06-17T03:08:00-05:00,2026-06,291,0.118131541825706,4,0,0,20.2004936521958,684,0,0,36.8865739350768,1249,0.413460396389972,14,312.25,EQH,3,1,0.945052334605651,EXTERNAL_SWING_CONFIRMATION,72,16736,30578.25,2026-06-17T03:08:00-05:00,1,0,CHOCH_DOWN,DOWN,RUN,-0.5,Resolved,BSL,1,1,BULLISH_FVG,BEARISH_OB,1,0.502059052759252,10.25,30583.25,30584.5,74,16736,30572,30573,30584.5,12.5,HIGH,2026-06-17T03:08:00-05:00,200,30272.25,LOW,0.147664427282133,1.47664427282133,18435,ChartPrimeHigh,2026_06.csv,25,525,1589,1224,1589,9402,0,external,LH,-302,18433,36.8865739350768,NQ,3,5,2,2,100.428571428571,46.9270983163328,13,12,1,254.953999999998,201.5,148.046000000002,78.8125,453,25,417,428,28.4142857142724,22.1875,305.3125,1305,895.342756912236,1.45754236567518,199.186213681867,34.8571428571429,19.5196825670596,13,6,1,88.7119999999995,67,45.2880000000005,78.5,184,25,123,159,10.3571428571449,32.5,147.5,200,127.915906329015,1.56352720892722,61.821647294084,289.142857142857,570.517443737721,3,1,1,149.433999999994,-182.5,-514.433999999994,462.145833333328,2813,1589,-1460,1224,754.985714285736,-358.3125,1048.1875,5334,8103.35675064955,0.658245732495047,36.2849123034975,1,1.25,95.9,2.08550573514077,42.8356160221842,2.43022068238934
2,3,0,7,10.8860605662188,43.5442422648753,229,12608,653,12619,1238,0.597093867011042,0,0,1,0,0.88135593220339,30400.75,30402.5,30387.75,30394.25,377,0,16965,2026-06-17T06:57:00-05:00,2026-06,-139.5,1.19418773402208,52,0,0,33.7817337835862,1471,18.0735720514496,787,0,0,0.275581784774327,12,196.75,EQH,0,1,1.05639684163492,EXTERNAL_SWING_CONFIRMATION,73,16965,30395.125,2026-06-17T06:57:00-05:00,1,0,CHOCH_DOWN,DOWN,RUN,-0.555555555555556,Resolved,SSL,6.5,0,BULLISH_FVG,BEARISH_OB,1,2.08982853453865,6.5,30400.75,30402.5,75,16965,30387.75,30394.25,30387.75,14.75,LOW,2026-06-17T06:57:00-05:00,377,30584.5,HIGH,-1.19418773402208,1.35494377514044,17087,ChartPrimeLow,2026_06.csv,757.5,29.5,2321.5,491.5,2321.5,8669.5,1,external,HL,500.5,17085,18.0735720514496,NQ,9,11,3,5,131.785714285714,85.7878240304524,3,9,1,-182.509999999995,-248,-313.490000000005,-305.8125,555,525.5,-326,29.5,-185.42857142858,-467.6875,-213.3125,2314,1146.07173001938,2.01907083072443,-290.201874645558,45.2857142857143,19.1677556626447,7,8,1,-130.176000000007,-179.5,-228.823999999993,-14.0416666666715,418,388.5,-237,29.5,-10.2714285714173,-275.291666666672,-14.0416666666715,377,251.941266333128,1.49638050759622,-201.2964329643,281.285714285714,271.45324518839,2,5,1,-109.004000000001,-294.5,-479.995999999999,-261.75,1572,1080.5,-868,491.5,-336.857142857159,-589.25,65.75,6504,7460.54071438447,0.871786677265873,-249.856065392902,1,1.75,143.6,2.62534818941504,108.373613024573,2.15366078038828
3,3,0,7,29.5828775120761,118.331510048305,108,16374,1277,15155,1346,0.490148397297758,0,1,-1,0,0.0649350649350649,30506.25,30542.25,30503.75,30520.75,2387,0,17073,2026-06-17T08:45:00-05:00,2026-06,180,0.0591558410531777,7,0,0,7.20856177405151,853,0,0,5.22261568155197,618,0,0,154.5,EQH,0,1,0.684517589329627,EXTERNAL_SWING_CONFIRMATION,74,17073,30523,2026-06-17T08:45:00-05:00,1,1,CHOCH_DOWN,DOWN,SWEEP,-0.4,Resolved,BSL,2.5,1,BEARISH_FVG,BULLISH_OB,1,0.946493456850842,14.5,30506.25,30542.25,76,17073,30503.75,30520.75,30542.25,38.5,HIGH,2026-06-17T08:45:00-05:00,2387,30387.75,LOW,1.21692015880823,1.30142850316991,17112,ChartPrimeHigh,2026_06.csv,77,541,1464,1003,1810,9181,0,external,LH,19,17112,5.22261568155197,NQ,5,9,3,5,193.642857142857,97.040361922786,5,11,1,304.923999999999,232,159.076000000001,244.875,618,77,146,541,142.900000000009,38.875,296.375,17434,7374.10032247203,2.36422061507235,215.961278477844,142.357142857143,145.794410688373,5,3,1,278.967999999993,211,143.032000000007,247,576,77,-2,499,233.585714285713,79,367,2387,1817.60057974807,1.31326982759372,201.591337145263,300.857142857143,202.087368323924,4,3,1,525.881999999998,378.5,231.118000000002,248.395833333328,1249,246,75,1003,19.2714285714319,40.2291666666715,508.604166666672,41449,14548.7847681249,2.84896647112486,357.040612180412,1,21.5,1641.1,1.45451221741515,914.846703005482,0.815327854983296
3,3,1,7,36.0353398239906,144.141359295963,17,3612,960,12350,5,0.929642960594401,1,1,-1,0,0.382488479262673,30340.75,30374.25,30320,30374.25,1803,0,17090,2026-06-17T09:02:00-05:00,2026-06,50.5,0.173440850857164,25,0,0,1.88009882329166,271,6.16755665648077,889,0,0,0.173440850857164,25,222.25,EQL,0,1,0.971268764800121,EXTERNAL_SWING_CONFIRMATION,75,17090,30347.125,2026-06-17T09:02:00-05:00,1,0,BOS_DOWN,DOWN,SWEEP,-0.4,Resolved,SSL,20.75,1,BULLISH_FVG,BULLISH_OB,1,0.437070944160054,33.5,30340.75,30374.25,77,17090,30320,30374.25,30320,54.25,LOW,2026-06-17T09:02:00-05:00,1803,30542.25,HIGH,-0.575823624845786,1.50546658544019,17135,ChartPrimeLow,2026_06.csv,780.5,108.5,2167.5,299.5,2513.5,8477.5,1,external,LL,722.5,17135,6.16755665648077,NQ,5,7,2,3,231.071428571429,146.629755594026,6,10,1,-231.097999999998,-336,-440.902000000002,-465.645833333328,889,780.5,-521,108.5,-439.971428571429,-650.854166666672,-317.479166666672,17436,10380.7684916878,1.67964443229435,-426.029540039279,158.928571428571,79.8649409753267,8,9,1,-231.097999999998,-336,-440.902000000002,-465.645833333328,889,780.5,-549,108.5,-26.4571428571508,-650.854166666672,-243.395833333328,1803,1885.87888786141,0.956052910717192,-412.775815331217,321.714285714286,268.472979486363,5,7,1,-177.618000000002,-325,-472.381999999998,-455.104166666672,1249,949.5,-463,299.5,-524.014285714278,-663.270833333328,-142.854166666672,67631,19780.5353054354,3.41906823833105,-334.476380187974,1,0,1703.85,1.05819174223083,522.704149113052,0.189686651939232
4,2,0,7,33.975968092118,135.903872368472,22,16413,418,15194,27,0.559218796900382,0,3,1,0,0.826446280991736,30540.5,30545.75,30515.5,30521.5,1550,0,17112,2026-06-17T09:24:00-05:00,2026-06,784.5,0.154520983354053,21,0,0,4.65034578475054,632,0,0,6.64440228422427,903,0,0,225.75,EQH,0,1,0.16923726748301,EXTERNAL_SWING_CONFIRMATION,76,17112,30530.625,2026-06-17T09:24:00-05:00,1,1,BOS_DOWN,DOWN,SWEEP,-0.272727272727273,Resolved,BSL,6,1,BEARISH_FVG,BULLISH_OB,1,0.824111911221615,19,30540.5,30545.75,78,17112,30515.5,30521.5,30545.75,30.25,HIGH,2026-06-17T09:24:00-05:00,1550,30320,LOW,0.154520983354053,0.890335189801923,18430,ChartPrimeHigh,2026_06.csv,60.5,842.5,1433.5,1033.5,1779.5,9211.5,1,external,HH,-11.5,18430,6.64440228422427,NQ,7,9,2,2,282.5,142.333779984979,7,10,1,497.554000000004,391,284.445999999996,259.3125,903,60.5,324,842.5,197.014285714264,71.1875,447.4375,13054,11803.35394608,1.1059568373221,333.178326970039,127.5,61.8363383809307,8,9,1,497.554000000004,391,284.445999999996,259.3125,903,60.5,610,842.5,40.4428571428434,71.1875,485.0625,1550,1339.0120776344,1.15756984263977,352.538291993595,309,186.614824556789,8,7,1,556.381999999998,409,261.618000000002,278.895833333328,1249,215.5,269,1033.5,-8.95714285715076,70.7291666666715,591.145833333328,94824,25375.6176487118,3.73681544672919,404.114074663317,1,5.25,1378.05,1.12477776568339,339.471423686884,0.506522752732791
4,2,0,7,33.975968092118,135.903872368472,0,16413,418,15194,27,0.559218796900382,0,3,1,0,0.826446280991736,30540.5,30545.75,30515.5,30521.5,1550,0,17112,2026-06-17T09:24:00-05:00,2026-06,784.5,0.154520983354053,21,0,0,4.65034578475054,632,0,0,6.64440228422427,903,0,0,0,EQH,0,1,0.16923726748301,EXTERNAL_SWING_CONFIRMATION,77,17112,30530.625,2026-06-17T09:24:00-05:00,1,1,BOS_DOWN,DOWN,SWEEP,-0.272727272727273,Resolved,BSL,6,1,BEARISH_FVG,BULLISH_OB,1,0.824111911221615,19,30540.5,30545.75,79,17112,30515.5,30521.5,30545.75,30.25,HIGH,2026-06-17T09:24:00-05:00,1550,30545.75,HIGH,0.154520983354053,0.890335189801923,18430,ChartPrimeActiveHigh,2026_06.csv,60.5,842.5,1433.5,1033.5,1779.5,9211.5,1,external,LH,-11.5,18430,0,NQ,7,9,2,2,282.5,142.333779984979,7,10,1,497.554000000004,391,284.445999999996,259.3125,903,60.5,324,842.5,197.014285714264,71.1875,447.4375,13054,11803.35394608,1.1059568373221,333.178326970039,127.5,61.8363383809307,8,9,1,497.554000000004,391,284.445999999996,259.3125,903,60.5,610,842.5,40.4428571428434,71.1875,485.0625,1550,1339.0120776344,1.15756984263977,352.538291993595,309,186.614824556789,8,7,1,556.381999999998,409,261.618000000002,278.895833333328,1249,215.5,269,1033.5,-8.95714285715076,70.7291666666715,591.145833333328,94824,25375.6176487118,3.73681544672919,404.114074663317,1,5.25,1378.05,1.12477776568339,339.471423686884,0.506522752732791
4,1,0,7,41.5181328814292,166.072531525717,23,12568,1045,12395,50,2.66750916560455,0,3,-1,0,0.30948905109489,30337.75,30456,30284.75,30448.5,5671,0,17135,2026-06-17T09:47:00-05:00,2026-06,143.5,0.0301073269255593,5,0,0,2.48084373866608,412,6.28640986205677,1044,0,0,0.319137665410928,53,261,EQH,0,1,0.132472238472461,EXTERNAL_SWING_CONFIRMATION,78,17135,30370.375,2026-06-17T09:47:00-05:00,1,0,BOS_DOWN,DOWN,RUN,-0.272727272727273,Resolved,SSL,53,1,BULLISH_FVG,BULLISH_OB,1,0.379352319262047,110.75,30337.75,30456,80,17135,30284.75,30448.5,30284.75,171.25,LOW,2026-06-17T09:47:00-05:00,5671,30545.75,HIGH,-1.27655066164371,4.12470378880162,17332,ChartPrimeLow,2026_06.csv,701.5,342.5,2074.5,392.5,2420.5,8570.5,2,external,LL,342.5,17330,6.28640986205677,NQ,0,0,0,0,345.214285714286,184.952598275943,7,9,1,-56.3080000000045,-179.5,-302.691999999995,-375.25,1044,701.5,-524,342.5,-276.185714285719,-592.75,-201.25,15430,12500.084568402,1.23439164875766,-298.797691434476,165.214285714286,100.283170126029,10,6,1,-56.3080000000045,-179.5,-302.691999999995,-375.25,1044,701.5,-681,342.5,-97.1999999999971,-418.75,16.25,5671,2005.6434894852,2.82752145619638,-232.391389810771,344.928571428571,242.657664891976,4,7,1,-84.6180000000022,-232,-379.381999999998,-362.104166666672,1249,856.5,-495,392.5,-491.57142857142,-570.270833333328,-49.8541666666715,87079,29437.7893157116,2.95806859224732,-238.039849840672,1,7.5,1124.85,5.04156109703516,241.136947604468,18.8529797907907
4,4,1,6,47.6256044497495,190.502417798998,199,12055,3964,11360,4,1.59578027151737,1,0,1,0,0.785185185185185,30149.75,30171.5,30070.25,30073.75,2466,0,17334,2026-06-17T13:06:00-05:00,2026-06,202.5,1.8582441319643,354,0,0,4.50387984526941,858,9.98412525140142,1902,0,0,0.881878571101702,168,214.5,EQH,0,1,12.3253028865881,EXTERNAL_SWING_CONFIRMATION,79,17334,30120.875,2026-06-17T13:06:00-05:00,1,0,BOS_DOWN,DOWN,SWEEP,-0.2,Resolved,SSL,3.5,0,BULLISH_FVG,BEARISH_OB,1,0.451437839968729,76,30149.75,30171.5,81,17334,30070.25,30073.75,30070.25,101.25,LOW,2026-06-17T13:06:00-05:00,2466,30284.75,LOW,-1.66927015244251,2.12595726962018,17420,ChartPrimeLow,2026_06.csv,1699.5,202.5,1854.5,202.5,3418.5,7572.5,1,external,LL,1340.5,17420,4.50387984526941,NQ,7,8,3,4,290.785714285714,235.70132176699,2,8,1,-430.856,-626.5,-822.144,-1144.625,1658,1455.5,-1195,202.5,-972.814285714267,-1282.79166666667,-1006.45833333333,17520,6960.39415949612,2.51709883068868,-1056.5134407938,226.642857142857,309.936092309027,2,4,1,-430.856,-626.5,-822.144,-1075.54166666667,1658,1455.5,-960,202.5,-380.699999999997,-1420.95833333333,-661.041666666672,2466,1953.48378827969,1.26236010495467,-830.448297382318,525.928571428571,341.801391018608,4,10,1,-583.274000000005,-826,-1068.726,-1297.39583333333,2057,1854.5,-824,202.5,-1111.74285714285,-1383.10416666667,-954.5625,37922,31729.3734887408,1.19517014773256,-1222.91703525769,1,21.75,992.35,2.48501032901698,904.440394664015,1.62935004749256
5,3,0,6,53.800995738279,215.203982953116,38,3451,550,13108,42,0.357800069233733,0,1,1,0,0.675977653631285,30505.5,30520,30475.25,30486.25,2551,0,17372,2026-06-17T13:44:00-05:00,2026-06,1709.5,0.0325272790212485,7,0,0,4.37259565128497,941,0,0,8.35951070846086,1799,0.0278805248753558,6,449.75,EQL,1,1,0.0975818370637454,EXTERNAL_SWING_CONFIRMATION,80,17372,30497.625,2026-06-17T13:44:00-05:00,1,0,BOS_DOWN,DOWN,GRAB,-0.0909090909090909,Resolved,BSL,11,1,BEARISH_FVG,BULLISH_OB,1,0.120815607793209,19.25,30505.5,30520,82,17372,30475.25,30486.25,30520,44.75,HIGH,2026-06-17T13:44:00-05:00,2551,30070.25,LOW,0.269511740461773,0.831768992114783,18407,ChartPrimeHigh,2026_06.csv,89.5,1709.5,347.5,1709.5,1911.5,9079.5,1,external,LH,-166.5,18405,8.35951070846086,NQ,6,10,3,3,449,290.361568157975,5,6,1,1022.28200000001,810,597.717999999993,322.770833333328,1799,89.5,377,1709.5,760,-52.0208333333285,847.479166666672,16362,11777.9019078966,1.38921177370563,607.66224896186,257.357142857143,137.835663019408,10,6,1,1022.28200000001,810,597.717999999993,997.395833333328,1799,89.5,1086,1709.5,165.200000000012,547.645833333328,1297.22916666667,2551,1812.27039056321,1.40762659550334,823.042072572454,508.285714285714,214.713826506895,8,10,1,923.725999999995,681,438.274000000005,209.604166666672,2057,347.5,563,1709.5,71.5142857142637,38.1875,552.4375,81197,39856.2624423616,2.03724571809571,362.300685571856,1,14.5,1545.55,1.65054511339006,558.047979568066,1.80172679915126
5,3,0,6,49.5137636717135,198.055054686854,69,11352,4071,19,19,0.414026292485444,1,1,1,0,0.462555066079295,29949.25,29979.75,29923,29928.75,1797,0,17441,2026-06-17T14:53:00-05:00,2026-06,-1228.5,2.45386314814543,486,0,0,2.97392056431617,589,12.0572534933566,2388,0,0,2.87798764288662,570,597,EQL,2,1,11.8552894482417,EXTERNAL_SWING_CONFIRMATION,81,17441,29951.375,2026-06-17T14:53:00-05:00,1,0,BOS_DOWN,DOWN,SWEEP,-0.0909090909090909,Resolved,SSL,5.75,0,BULLISH_FVG,BEARISH_OB,1,0.95932921429554,20.5,29949.25,29979.75,83,17441,29923,29928.75,29923,56.75,LOW,2026-06-17T14:53:00-05:00,1797,30520,HIGH,-0.530155618426483,1.14614595602678,22002,ChartPrimeLow,2026_06.csv,2274.5,113.5,2532.5,113.5,4096.5,6894.5,1,external,LL,2081.5,22002,12.0572534933566,NQ,3,3,1,1,685.928571428571,427.976674360873,9,3,1,-798.716,-1080.5,-1362.284,-1428.75,2388,2274.5,-1944,113.5,-671.457142857151,-2125.25,-931.25,17751,14742.5426412826,1.2040663833858,-1202.82274956426,182.428571428571,164.898648184068,4,5,1,-683.351999999999,-929.5,-1175.648,-1407.54166666667,2086,1972.5,-514,113.5,24.471428571429,-1929.04166666667,-364.541666666672,1797,1827.9006809851,0.983094989073233,-778.349900398782,654.857142857143,434.274222035814,4,13,1,-897.271999999997,-1209.5,-1521.728,-1926.125,2646,2532.5,-1494,113.5,-1596.31428571427,-2256.875,-1374.875,92201,51302.4859375186,1.79720335798721,-1630.39817448705,1,30.5,1709.95,1.05090792128425,550.785936185738,0.158046882247634
6,2,0,6,14.2127463906248,56.8509855624991,260,4191,371,616,279,0.105539067452118,0,1,1,0,0.482758620689655,30434.5,30438.25,30431,30433,201,0,17701,2026-06-17T20:13:00-05:00,2026-06,255.5,0.0527695337260591,3,0,0,25.8922512149197,1472,0,0,36.2526696698026,2061,1.24887896485007,71,515.25,EQL,0,1,6.27957451340104,EXTERNAL_SWING_CONFIRMATION,82,17701,30434.625,2026-06-17T20:13:00-05:00,1,0,BOS_DOWN,DOWN,SWEEP,0,Resolved,BSL,2,1,BEARISH_FVG,BEARISH_OB,1,1.81175399126136,1.5,30434.5,30438.25,84,17701,30431,30433,30438.25,7.25,HIGH,2026-06-17T20:13:00-05:00,201,29923,LOW,0.263847668630296,0.510105492685238,18053,ChartPrimeHigh,2026_06.csv,14.5,1678.5,599.5,2046.5,2163.5,8827.5,0,external,LH,-42.5,18053,36.2526696698026,NQ,4,4,2,4,184.642857142857,110.522316665925,7,6,1,831.542000000001,670,508.457999999999,128.104166666672,1369,14.5,1262,1354.5,-29.1428571428551,14.0208333333285,755.5625,1758,1998.80238927153,0.879526665285161,491.932535957822,59.2857142857143,39.7084762073151,12,3,1,196.856,156.5,116.144,263.375,342,14.5,194,327.5,-13.0857142857276,106.625,291.875,201,185.590736044878,1.08302819571444,155.834652316116,768.071428571429,382.712666664643,8,14,1,1035.728,723.5,411.271999999997,6.875,2646,599.5,-110,2046.5,703.028571428571,-323.875,668.375,12636,28454.9572683943,0.4440702504247,410.592269560468,1,3.75,196.1,1.02498725140235,128.217354519581,0.0382163554876004
6,4,0,7,10.0214113982973,40.0856455931893,212,13346,291,583,491,0.873130505498123,0,0,-1,0,0.307692307692308,30288,30297,30284,30296.75,214,0,17913,2026-06-17T23:45:00-05:00,2026-06,-403,0.199572686971,8,0,0,21.3293309200256,855,15.3920434826383,617,0,0,0.773344162012623,31,154.25,EQH,1,1,0.598718060912999,EXTERNAL_SWING_CONFIRMATION,83,17913,30290.5,2026-06-17T23:45:00-05:00,1,0,BOS_DOWN,DOWN,SWEEP,-0.0769230769230769,Resolved,SSL,4,1,BULLISH_FVG,BEARISH_OB,1,6.16180671022961,8.75,30288,30297,85,17913,30284,30296.75,30284,13,LOW,2026-06-17T23:45:00-05:00,214,30438.25,HIGH,-0.399145373941999,1.2972224653115,21811,ChartPrimeLow,2026_06.csv,591,26,1176,1470,2740,8251,1,external,HL,416,21811,15.3920434826383,NQ,9,11,3,5,115.642857142857,84.222041834825,2,9,1,-203.199999999997,-274,-344.800000000003,-436.5,600,574,-538,26,-219.228571428568,-486.5,-336.5,1248,977.90623375928,1.2761959755614,-361.874904920725,40.2857142857143,22.3583965153335,10,7,1,-165,-224,-283,-151.083333333328,500,474,-171,26,-34.3999999999942,-338.583333333328,-5.25,214,140.913042684338,1.5186670866187,-234.199393735282,727.071428571429,476.754194598926,3,12,1,459.228000000003,147,-165.228000000003,-569.625,2646,1176,-1086,1470,82.3714285714232,-900.375,91.875,5938,15966.2486275055,0.371909528564552,-150.485445660524,1,0.25,113.85,1.87966622749231,40.566334564513,2.46879588888492
6,5,1,7,12.9392940805136,51.7571763220545,205,14019,1045,1033,11,0.212530914197356,0,1,1,1,0.471698113207547,30493,30500,30486.75,30490.25,442,0,18118,2026-06-18T03:10:00-05:00,2026-06,461.5,0.0386419843995193,2,0,0,4.77228507334064,247,0,0,16.6933372605924,864,1.41043243058246,73,216,EQH,0,1,1.75821029017813,EXTERNAL_SWING_CONFIRMATION,84,18118,30493.375,2026-06-18T03:10:00-05:00,1,0,CHOCH_UP,UP,GRAB,-0.0769230769230769,Resolved,BSL,3.5,1,BULLISH_FVG,BEARISH_OB,1,1.99006219657525,2.75,30493,30500,86,18118,30486.75,30490.25,30500,13.25,HIGH,2026-06-18T03:10:00-05:00,442,30284,LOW,0.540987781593271,1.02401258658726,18398,ChartPrimeHigh,2026_06.csv,26.5,837.5,364.5,2281.5,1928.5,9062.5,0,external,HH,-538.5,18397,16.6933372605924,NQ,5,9,1,3,161.285714285714,94.5002768822778,8,9,1,434.528000000006,346.5,258.471999999994,299.875,746,26.5,709,719.5,198.171428571426,-10.9583333333285,579.625,2468,1387.31260856092,1.77897900211554,425.182276677966,61.7142857142857,32.2308560653733,8,9,1,263.960000000006,208.5,153.039999999994,316.208333333328,470,26.5,278,443.5,15.6857142857189,139.958333333328,414.125,442,277.29952062222,1.59394433502162,227.182228651596,646.928571428571,422.88284047348,3,11,1,1329.93799999999,1036,742.062000000005,361.354166666672,2491,209.5,74,2281.5,511.114285714284,-53.8125,880.3125,7604,11161.8182892637,0.681251011523286,677.702516017904,1,7,176.8,2.5,139.217312141845,1.90493549918414
6,3,0,8,13.4295269254111,53.7181077016442,211,13175,294,999,222,0.372313933898826,0,0,1,0,1,30372.5,30372.5,30355,30367.5,276,0,18329,2026-06-18T06:41:00-05:00,2026-06,-323,0.409545327288709,22,0,0,6.19902699941546,333,10.797104083066,580,0,0,0.111694180169648,6,145,EQH,2,1,0.614317990933064,EXTERNAL_SWING_CONFIRMATION,85,18329,30363.75,2026-06-18T06:41:00-05:00,1,0,CHOCH_UP,UP,SWEEP,-0.142857142857143,Resolved,SSL,12.5,1,BULLISH_FVG,BEARISH_OB,1,4.59807708365051,5,30372.5,30372.5,87,18329,30355,30367.5,30355,17.5,LOW,2026-06-18T06:41:00-05:00,276,30500,HIGH,-1.30309876864589,1.30309876864589,20124,ChartPrimeLow,2026_06.csv,545,35,728,1763,2447,8544,1,external,HL,114,20124,10.797104083066,NQ,5,7,3,4,143.785714285714,131.510744436553,4,1,1,-178.919999999998,-245,-311.080000000002,-280,560,525,-328,35,-231.142857142855,-373.333333333328,-116.666666666672,1572,1608.70475896147,0.977183657375912,-272.983641255152,51.2142857142857,56.2151007860955,3,4,1,-120.856,-169,-217.144,-177.5,408,373,3,35,-110.185714285733,-262.5,-41.5,276,189.011089545783,1.46023178144342,-178.19620916275,370.428571428571,462.377780965768,2,3,1,850.784,569,287.216,-177.25,2388,625,-151,1763,-208.828571428574,-376.25,519.25,10499,9834.58787288961,1.06755871579956,288.443392966947,1,0,195.85,1.40924176665816,68.7686520152896,1.16550197875305
2,2,0,8,12.9063183894053,51.6252735576212,353,16371,4325,15791,285,0.174333216655108,0,1,1,0,0.323076923076923,30725.75,30736.75,30720.5,30723.5,622,0,18682,2026-06-18T12:34:00-05:00,2026-06,1305.5,0.0387407148122462,2,0,0,18.3437284635986,947,0,0,29.57853575915,1527,1.35592501842862,70,381.75,EQL,0,1,0.987888227712279,EXTERNAL_SWING_CONFIRMATION,86,18682,30728.625,2026-06-18T12:34:00-05:00,1,0,BOS_UP,UP,RUN,-0.6,Resolved,BSL,3,1,BULLISH_FVG,BULLISH_OB,1,0.522999649965324,2.25,30725.75,30736.75,88,18682,30720.5,30723.5,30736.75,16.25,HIGH,2026-06-18T12:34:00-05:00,622,30355,LOW,0.852295725869417,1.259073231398,18814,ChartPrimeHigh,2026_06.csv,32.5,1350.5,32.5,3222.5,987.5,10003.5,0,external,HH,-986.5,18812,29.57853575915,NQ,4,4,2,3,226.214285714286,120.155057559566,8,11,1,642.974000000002,514,385.025999999998,445.6875,1093,32.5,813,1060.5,68.7714285714319,81.3541666666715,582.3125,5754,6889.7943009845,0.835148300316861,432.112620150481,50.6428571428571,40.0103830508996,3,9,1,181.945999999996,141,100.054000000004,75.9375,347,32.5,54,314.5,58.1714285714261,3.64583333332848,162.6875,622,564.55989119962,1.10174316258693,123.629567810553,478.5,233.908198286343,8,6,1,1551.43399999999,1249,946.566000000006,554.854166666672,2563,32.5,2397,2530.5,481.228571428568,234.479166666672,1195.60416666667,37445,41756.3284919266,0.89675029755645,849.881699896709,1,11,578.9,1.07445154603558,150.133240822944,0.28707832964739
2,1,0,9,14.2720315371613,57.0881261486453,98,17942,236,4484,383,0.227718106671618,0,1,-1,0,0.181818181818182,30647.75,30659,30645.25,30651,676,0,18780,2026-06-18T14:12:00-05:00,2026-06,48.5,0,0,0,0,10.1772476904777,581,6.41114054167787,366,0,0,1.33127508515715,76,91.5,EQH,0,1,0.490469768215793,EXTERNAL_SWING_CONFIRMATION,87,18780,30652.125,2026-06-18T14:12:00-05:00,1,0,BOS_UP,UP,RUN,-0.636363636363636,Resolved,SSL,2.5,1,BEARISH_FVG,BULLISH_OB,1,0.613087210269742,3.25,30647.75,30659,89,18780,30645.25,30651,30645.25,13.75,LOW,2026-06-18T14:12:00-05:00,676,30736.75,HIGH,-0.175167774362783,0.963422758995308,19022,ChartPrimeLow,2026_06.csv,338.5,623.5,338.5,2916.5,1293.5,9697.5,1,external,HL,-378.5,19020,6.41114054167787,NQ,6,8,2,3,141.357142857143,102.805979573616,7,7,1,7.58000000000175,-58.5,-124.580000000002,-233.5,560,338.5,191,221.5,-189.171428571426,-233.5,-0.166666666671517,5724,5031.24253377634,1.1376911292932,-124.668909700442,60.4285714285714,28.4647282066701,10,8,1,-84.4260000000068,-119,-153.573999999993,-161.729166666672,293,265.5,-265,27.5,-6.32857142857392,-198.354166666672,-76.2708333333285,676,615.153339786965,1.09891299661009,-130.754086488727,463.785714285714,263.898224857059,5,9,1,880.813999999998,648,415.186000000002,853.520833333328,1973,338.5,1610,1634.5,-20.1857142857334,31.4375,1017.9375,28998,37321.1285502198,0.776986150378061,431.263987145881,1,8,539.25,1.25359295317571,174.042774914674,0.785726382879396
2,5,1,9,14.870434445391,59.4817377815639,35,15682,3768,3088,3,0.268990123636891,1,1,1,0,0.285714285714286,30773.25,30783.25,30769.25,30769.25,1280,0,18815,2026-06-18T14:47:00-05:00,2026-06,545,0.134495061818445,8,0,0,3.12701018727886,186,0,0,9.28015926547273,552,0,0,138,EQH,0,1,0.487544599091865,EXTERNAL_SWING_CONFIRMATION,88,18815,30776.25,2026-06-18T14:47:00-05:00,1,1,BOS_UP,UP,RUN,-0.636363636363636,Resolved,BSL,0,1,BULLISH_FVG,BEARISH_OB,0,1.31132685272984,4,30773.25,30783.25,90,18815,30769.25,30769.25,30783.25,14,HIGH,2026-06-18T14:47:00-05:00,1280,30645.25,LOW,0.672475309092227,0.941465432729118,20815,ChartPrimeHigh,2026_06.csv,28,1015,28,3413,797,10194,1,external,HH,-440,20813,9.28015926547273,NQ,3,5,3,3,157.214285714286,97.081873632362,7,8,1,313.135999999999,248,182.864000000001,397.5,552,28,384,524,304.814285714281,259.5,420.5,8655,5934.95454908958,1.4583093987346,318.402136851408,56.7857142857143,42.1473119220625,7,1,1,313.135999999999,248,182.864000000001,420.5,552,28,342,524,56.4428571428434,190.5,420.5,1280,945.407587357924,1.35391339895753,325.825933756205,493.357142857143,276.578902527485,9,11,1,1225.92200000001,986.5,747.077999999994,352.4375,2029,28,1989,2001,396.057142857157,267.895833333328,1282.39583333333,35948,37442.2068213322,0.960092982006583,888.605302340235,1,10,678.35,1.88693152502396,292.906858062422,2.05406593747894
2,0,0,9,13.2827040372376,53.1308161489505,535,1554,1016,15004,330,1.5433604439675,0,0,-1,0,0.359375,30399.5,30420,30388,30420,322,0,19350,2026-06-19T00:42:00-05:00,2026-06,-785,0.338786438919696,18,0,0,19.3672914249093,1029,29.7567422184466,1581,0,0,0.244679094775336,13,395.25,EQL,0,1,0.338786438919696,EXTERNAL_SWING_CONFIRMATION,89,19350,30404,2026-06-19T00:42:00-05:00,1,0,CHOCH_DOWN,DOWN,GRAB,-0.636363636363636,Resolved,SSL,11.5,1,BULLISH_FVG,BEARISH_OB,1,1.71275366342735,20.5,30399.5,30420,91,19350,30388,30420,30388,32,LOW,2026-06-19T00:42:00-05:00,322,30783.25,HIGH,-0.865787566128112,2.40914801009562,20126,ChartPrimeLow,2026_06.csv,862,64,1517,480,2286,8553,1,external,LL,404,20124,29.7567422184466,NQ,7,10,0,2,148.5,41.2852747329428,12,9,1,-289.732000000004,-399,-508.267999999996,-379.708333333328,926,862,-803,64,25.9285714285797,-611.208333333328,-109.625,994,982.083415821763,1.01213398371895,-360.508664569672,50.4285714285714,32.209109998839,6,9,1,-74.2839999999997,-117,-159.716,-109.458333333328,362,298,-76,64,-33.8857142857305,-169.791666666672,-49.125,322,126.459967254833,2.5462603461784,-111.352814534795,388.642857142857,439.347645716912,2,4,1,-458.365999999995,-660.5,-862.634000000005,-1195.8125,1713,1517,-259,196,-879.157142857162,-1338.5625,-482.0625,6348,11247.003928753,0.564416980754432,-772.741652338445,1,0,61,5.27868852459016,30.5237612361255,8.55071555503785
3,1,0,9,7.6547332666396,30.6189330665584,198,16212,531,528,528,1.86159327877609,0,1,1,0,0.966101694915254,30665.5,30666,30651.25,30651.25,299,0,19548,2026-06-19T04:00:00-05:00,2026-06,220.5,0.16329765603299,5,0,0,2.71074109014763,83,0,0,36.317398701737,1112,0,0,278,EQL,3,1,0.457233436892372,EXTERNAL_SWING_CONFIRMATION,90,19548,30658.625,2026-06-19T04:00:00-05:00,1,1,CHOCH_DOWN,DOWN,SWEEP,-0.5,Resolved,BSL,0,1,BEARISH_FVG,BEARISH_OB,0,1.53499796671011,14.25,30665.5,30666,92,19548,30651.25,30651.25,30666,14.75,HIGH,2026-06-19T04:00:00-05:00,299,30388,LOW,0.065319062413196,1.92691234118928,19784,ChartPrimeHigh,2026_06.csv,29.5,1082.5,498.5,1214.5,1267.5,9571.5,0,external,LH,-858.5,19784,36.317398701737,NQ,5,6,1,3,111.428571428571,60.1651180383719,8,10,1,657.716,526.5,395.284,596,1112,29.5,966,1082.5,-74.5428571428492,86.3333333333285,642.333333333328,525,611.520917595258,0.858515195301098,404.507300860816,29.4285714285714,21.3003265180231,8,4,1,113.876000000004,86.5,59.1239999999962,81.6666666666715,232,29.5,103,202.5,18.6714285714261,23.6666666666715,110.666666666672,299,81.3692716544086,3.67460582994908,74.9979757085239,328.642857142857,328.256384415862,1,5,1,478.558000000005,292,105.441999999995,-70.3125,1581,498.5,969,1082.5,273.828571428574,-333.8125,522.5625,3211,7662.31890435842,0.419063737763975,215.377760148767,1,0.5,47.45,6.3013698630137,31.4093537023607,8.00876077819754
3,3,0,10,9.80295324827011,39.2118129930804,217,18117,1321,15501,745,0.816080603201054,0,0,-1,0,0.605839416058394,30546,30559.5,30525.25,30554,609,0,19765,2026-06-19T07:37:00-05:00,2026-06,-435.5,0.229522669650296,9,0,0,12.2412090480158,480,14.3579181125685,563,0,0,0,0,140.75,EQL,1,1,3.87638286520501,EXTERNAL_SWING_CONFIRMATION,91,19765,30542.375,2026-06-19T07:37:00-05:00,1,1,CHOCH_DOWN,DOWN,SWEEP,-0.538461538461538,Resolved,SSL,20.75,1,BEARISH_FVG,BULLISH_OB,1,0.663065490100856,8,30546,30559.5,93,19765,30525.25,30554,30525.25,34.25,LOW,2026-06-19T07:37:00-05:00,609,30666,HIGH,-2.11670906455273,3.49384508245451,20037,ChartPrimeLow,2026_06.csv,494.5,68.5,963.5,749.5,1732.5,9106.5,1,external,HL,142.5,20037,14.3579181125685,NQ,4,7,1,1,132.5,72.7883529371878,5,8,1,-117.534,-175,-232.466,-83.6875,487,418.5,-352,68.5,-36.4571428571508,-266.3125,-43.1041666666715,1077,637.859257759676,1.68846024714401,-164.968738044481,38.3571428571429,19.2603833923699,9,10,1,-48.3920000000071,-84.5,-120.607999999993,-1.625,306,237.5,-78,68.5,-37.5,-167.375,-1.625,609,160.105790823829,3.80373499838058,-124.542138364792,322.357142857143,255.058119500847,2,9,1,13.5580000000045,-173,-359.558000000005,-535.3125,1581,963.5,-11,617.5,65.4571428571508,-798.8125,-403.5625,3710,5575.842380478,0.665370314804693,-470.489921463843,1,5.5,44,13.8409090909091,23.8683891370993,23.6714759741287
3,1,0,10,6.92925140940025,27.717005637601,152,16955,1008,17639,93,0.793736534445652,0,1,1,0,0.564102564102564,30700.75,30705,30695.25,30695.25,246,0,19917,2026-06-19T10:09:00-05:00,2026-06,237.5,0.432947200606719,12,0,0,5.62831360788735,156,0,0,25.9407531030192,719,0,0,179.75,EQL,2,1,1.84002560257856,EXTERNAL_SWING_CONFIRMATION,92,19917,30700.125,2026-06-19T10:09:00-05:00,1,1,CHOCH_UP,UP,RUN,-0.538461538461538,Resolved,BSL,0,1,BEARISH_FVG,BULLISH_OB,1,1.6235520022752,5.5,30700.75,30705,94,19917,30695.25,30695.25,30705,9.75,HIGH,2026-06-19T10:09:00-05:00,246,30525.25,LOW,0.613341867526185,1.40707840197184,20534,ChartPrimeHigh,2026_06.csv,19.5,699.5,332.5,1248.5,1101.5,9737.5,0,external,HH,-61.5,20532,25.9407531030192,NQ,6,6,0,1,140.5,101.805148547,8,4,1,424.842000000004,340,255.157999999996,115.3125,719,19.5,461,699.5,-29.4428571428434,55.3958333333285,235.145833333328,1293,1408.26038682723,0.918154065891953,204.607785729764,26,15.7333657235969,5,7,1,121.403999999995,94.5,67.596000000005,146.75,228,19.5,87,208.5,8.44285714285797,61.25,156.25,246,134.6384873708,1.82711500109554,99.13149968996,324,287.98276159771,3,5,1,644.558000000005,458,271.441999999995,29.8125,1581,332.5,-10,1248.5,415.385714285716,-233.6875,227.4375,7526,7066.56677000844,1.06501505539316,161.498357906079,1,4.25,117.8,2.08828522920204,50.4911873498732,2.53905694694109
3,4,0,8,14.9013718474002,59.6054873896008,230,2250,2136,2817,107,0.805294983769807,0,0,1,0,0.948051948051948,30355.75,30356.75,30337.5,30343.75,205,0,20147,2026-06-21T18:59:00-05:00,2026-06,-753.5,0.0167769788285376,1,0,0,12.5995111002318,751,24.6621588779503,1470,0,0,0,0,367.5,EQH,0,1,0.0671079153141506,EXTERNAL_SWING_CONFIRMATION,93,20147,30347.125,2026-06-21T18:59:00-05:00,1,1,CHOCH_DOWN,DOWN,SWEEP,-0.454545454545455,Resolved,SSL,6.25,1,BULLISH_FVG,BEARISH_OB,1,4.1439137706488,12,30355.75,30356.75,95,20147,30337.5,30343.75,30337.5,19.25,LOW,2026-06-21T18:59:00-05:00,205,30705,HIGH,-1.22471945448325,1.2918273697974,21740,ChartPrimeLow,2026_06.csv,1431.5,38.5,1744.5,38.5,2513.5,8325.5,1,external,LL,600.5,21740,24.6621588779503,NQ,8,8,3,5,242.857142857143,148.441275697923,7,7,1,-518.456000000006,-690.5,-862.543999999994,-1328.375,1458,1419.5,-1229,38.5,-108.271428571432,-1389.125,-477.875,1659,1864.04412392334,0.890000391465104,-701.626781806975,55,30.8000213602118,9,12,1,-245.326000000001,-333,-420.673999999999,-131.770833333328,743,704.5,-92,38.5,6.5,-410.395833333328,-7.9375,205,178.911214759049,1.14581973117832,-300.817864889992,365,353.763997092832,3,8,1,-523.039999999994,-696.5,-869.960000000006,-1278.375,1470,1431.5,-1222,38.5,-942.342857142852,-1400.875,-727.125,12908,8494.88622874121,1.51950239855216,-930.054901447773,1,1,161.8,1.26699629171817,64.4240638271135,0.670556891846037
4,1,0,8,9.04949646040489,36.1979858416195,98,0,217,1225,205,0.138129232435113,0,1,-1,0,0.40625,30654.25,30659,30651,30655.5,266,0,20245,2026-06-21T20:37:00-05:00,2026-06,1229,0,0,0,0,14.7798278705571,535,0,0,35.5268385823111,1286,0.221006771896181,8,321.5,EQH,1,1,0.303884311357249,EXTERNAL_SWING_CONFIRMATION,94,20245,30655,2026-06-21T20:37:00-05:00,1,0,CHOCH_DOWN,DOWN,SWEEP,-0.333333333333333,Resolved,BSL,3.25,1,BEARISH_FVG,BEARISH_OB,1,1.29841478489006,1.25,30654.25,30659,96,20245,30651,30655.5,30659,8,HIGH,2026-06-21T20:37:00-05:00,266,30337.5,LOW,0.52489108325343,0.884027087584724,20461,ChartPrimeHigh,2026_06.csv,185,1270,513,1270,1282,9557,1,external,LH,-631,20461,35.5268385823111,NQ,7,8,1,3,213.857142857143,318.282830081695,2,1,0,778.748000000007,627,475.251999999993,546.625,1286,16,604,1270,165.185714285733,117.958333333328,868.125,1448,1816.36931697225,0.797194704000897,573.34126519569,33.2857142857143,27.9191205669705,5,4,1,249.740000000005,199,148.259999999995,46.7083333333285,430,16,33,414,9.28571428572468,-7.04166666667152,172.125,266,149.111316188738,1.78390216650834,133.269054008211,448.714285714286,329.886511927783,4,12,1,708.460000000006,535,361.539999999994,-46.875,1470,200,44,1270,234.128571428577,-108.125,565.625,10807,9705.9457468757,1.11344121241134,335.299014173987,1,3.5,141.25,1.88318584070796,45.3021798592518,2.75373062372677
4,2,0,9,9.77706065731474,39.108242629259,187,6544,344,392,392,0.460261029129784,0,0,1,0,1,30532.25,30532.25,30524,30527.75,134,0,20432,2026-06-21T23:44:00-05:00,2026-06,-383.5,0.178990400217138,7,0,0,0.127850285869384,5,13.8078308738935,540,0,0,0,0,135,EQL,1,1,2.7615661747787,EXTERNAL_SWING_CONFIRMATION,95,20432,30528.125,2026-06-21T23:44:00-05:00,1,1,CHOCH_DOWN,DOWN,SWEEP,-0.384615384615385,Resolved,SSL,3.75,1,BEARISH_FVG,BEARISH_OB,1,3.32410743260399,4.5,30532.25,30532.25,97,20432,30524,30527.75,30524,8.25,LOW,2026-06-21T23:44:00-05:00,134,30659,HIGH,-0.843811886737937,0.843811886737937,21109,ChartPrimeLow,2026_06.csv,523.5,16.5,707.5,762.5,1789.5,9049.5,1,external,HL,185.5,21109,13.8078308738935,NQ,4,5,2,2,120.071428571429,70.6678610044725,10,8,1,-189.779999999999,-253.5,-317.220000000001,-242.25,540,523.5,-478,16.5,-81.6000000000058,-399.75,-129.75,1342,1027.71416119378,1.30581055576888,-261.348214979575,41.3571428571429,23.4618439237148,7,8,1,-116.054000000004,-157,-197.945999999996,-106.395833333328,347,330.5,-124,16.5,-34.7714285714173,-178.6875,-63.0208333333285,134,131.978745353038,1.01531500122656,-132.031111111093,439.142857142857,319.238452314395,5,7,1,200.960000000006,27.5,-145.960000000006,-554.375,1470,707.5,19,762.5,-310.328571428574,-615.625,58.125,6150,8039.39888462336,0.764982567510472,-171.625820558649,1,0,104.65,1.28045867176302,69.6098233010256,0.42163589286927
2,2,0,9,28.1436347730431,112.574539092172,566,5578,5446,5621,535,0.142128052479964,0,1,1,0,0.30379746835443,30954.25,30968,30948.25,30950.25,1224,0,20998,2026-06-22T09:10:00-05:00,2026-06,620.5,1.30580148215967,147,0.0621810229599841,7,10.9793920540772,1236,0,0,15.776213825276,1776,2.61160296431933,294,444,EQH,1,1,0.133245049199966,EXTERNAL_SWING_CONFIRMATION,96,20998,30958.125,2026-06-22T09:10:00-05:00,0,0,CHOCH_UP,UP,NONE,-0.636363636363636,Detected,BSL,2,0,BEARISH_FVG,BULLISH_OB,1,0.159894059039959,4,30954.25,30968,98,20998,30948.25,30950.25,30968,19.75,HIGH,2026-06-22T09:10:00-05:00,1224,30524,LOW,0.488565180399875,0.70175725911982,-1,ChartPrimeHigh,2026_06.csv,39.5,1021.5,39.5,2482.5,69.5,9522.5,0,external,HH,-248.5,-1,15.776213825276,NQ,7,8,2,4,266,61.4777042536632,10,12,1,596.422000000006,475,353.577999999994,539.3125,1029,39.5,894,989.5,142.271428571417,196.3125,710.8125,11288,11713.112682618,0.963706258606315,435.432643196036,96.8571428571429,63.8263524782395,10,5,1,482.710000000006,383,283.289999999994,118.9375,845,39.5,273,805.5,-12.7428571428609,13.3125,435.8125,1224,1234.05616857892,0.99185112571456,365.008970639785,394.285714285714,314.280317144362,8,4,1,1519.09600000001,1221.5,923.903999999995,1168.95833333333,2522,39.5,1197,2482.5,576.842857142852,328.291666666672,1484.20833333333,86523,24109.7015250589,3.58872132490195,943.154362642046,1,13.75,1401.35,0.873443465229957,554.395551479266,-0.319897949265259
2,2,1,9,28.4355432087573,113.742172835029,114,20762,957,2715,1,0.298921667773248,0,0,1,1,0.726190476190476,30518.25,30524,30503,30509.75,933,0,21112,2026-06-22T11:04:00-05:00,2026-06,-1158,0.061542696306257,7,0,0,0.738512355675084,84,16.3527735899483,1860,0,0,0.527508825482203,60,465,EQH,1,1,0.58905152178846,EXTERNAL_SWING_CONFIRMATION,97,21112,30513.5,2026-06-22T11:04:00-05:00,1,0,CHOCH_DOWN,DOWN,RUN,-0.636363636363636,Resolved,SSL,6.75,1,BULLISH_FVG,BULLISH_OB,1,0.501133384208093,8.5,30518.25,30524,99,21112,30503,30509.75,30503,21,LOW,2026-06-22T11:04:00-05:00,933,30968,HIGH,-0.53630063924024,0.738512355675084,21551,ChartPrimeLow,2026_06.csv,1818,42,1818,704,1848,7744,1,external,LL,995,21549,16.3527735899483,NQ,8,8,2,4,427.928571428571,267.512920354123,9,4,1,-668.520000000004,-888,-1107.48,-461.75,1860,1818,-1159,42,-167.285714285725,-1314.25,3.25,11220,12239.3731740753,0.916713612733496,-909.44078418253,111.5,77.9238878215991,8,7,1,-218.906000000003,-299.5,-380.093999999997,-456.020833333328,683,641,-523,42,-2.81428571426659,-598.3125,-313.729166666672,933,1175.58867472874,0.793644937261139,-368.193299557912,477,388.170800035243,6,5,1,-259.403999999995,-557,-854.596000000005,-504.458333333328,2522,1818,-699,704,-1045.70000000001,-1240.04166666667,-189.208333333328,67110,43871.161210602,1.52970648936874,-758.432238676105,1,5.75,1153.05,0.809158319240276,532.148238275765,-0.413512597003032
3,0,0,9,9.52249982479687,38.0899992991875,298,18448,749,19132,299,0.0787608310631814,0,1,-1,0,0.333333333333333,30692.75,30701.25,30688.5,30693.5,240,0,21410,2026-06-22T17:02:00-05:00,2026-06,227.5,0.0787608310631814,3,0,0,18.6138097412652,709,0,0,20.8191130110343,793,0,0,198.25,EQL,1,1,0.603833038151057,EXTERNAL_SWING_CONFIRMATION,98,21410,30694.875,2026-06-22T17:02:00-05:00,1,1,CHOCH_DOWN,DOWN,NONE,-0.5,Detected,BSL,4.25,1,BULLISH_FVG,BULLISH_OB,1,1.18141246594772,0.75,30692.75,30701.25,100,21410,30688.5,30693.5,30701.25,12.75,HIGH,2026-06-22T17:02:00-05:00,240,30503,LOW,0.892622752049389,1.33893412807408,-1,ChartPrimeHigh,2026_06.csv,25.5,651.5,1092.5,1429.5,1122.5,8469.5,0,external,LH,-413.5,-1,20.8191130110343,NQ,6,6,3,5,160.071428571429,137.308472760166,0,7,1,386.706000000006,308,229.293999999994,155.145833333328,667,25.5,440,641.5,172.357142857145,99.5625,433.0625,2210,3524.99050966491,0.626952042548927,309.835063935141,39.7857142857143,38.1005801862153,7,3,1,128.381999999998,99,69.6180000000022,156.0625,249,25.5,147,223.5,91.5999999999913,135.3125,197.5625,240,272.40124726385,0.881053234560025,147.852123029865,511.214285714286,399.72243179637,4,5,1,56.9799999999959,-162.5,-381.979999999996,263.75,1860,1092.5,289,767.5,-1.25714285715367,-201.25,651.25,11336,33557.3005515607,0.337810247358314,23.7168852534815,1,7.75,154.65,1.55189136760427,135.575172874682,0.629540041810549
3,0,0,6,33.0319554651148,132.127821860459,929,14773,9053,9657,790,2.34621289925896,0,0,1,0,0.969635627530364,29736.25,29740,29616.5,29658.75,5440,0,22339,2026-06-23T08:31:00-05:00,2026-06,247,0.95362201711816,126,0,0,26.8376481960396,3546,32.8394121609182,4339,0,0,0.0681158583655828,9,1084.75,EQH,0,1,0.605474296582958,EXTERNAL_SWING_CONFIRMATION,99,22339,29678.25,2026-06-23T08:31:00-05:00,1,0,BOS_DOWN,DOWN,RUN,-0.333333333333333,Resolved,SSL,42.25,1,BULLISH_FVG,BULLISH_OB,1,0.688727012363115,77.5,29736.25,29740,101,22339,29616.5,29658.75,29616.5,123.5,LOW,2026-06-23T08:31:00-05:00,5440,30701.25,HIGH,-3.62527735079046,3.73880378139977,22655,ChartPrimeLow,2026_06.csv,955,247,5159,247,5189,1793,1,external,LL,169,22653,32.8394121609182,NQ,4,4,1,2,229.071428571429,159.434588727499,7,6,1,-187.334000000003,-321.5,-455.665999999997,-60.9375,1137,890,-552,247,-252.085714285728,-629.4375,-60.9375,20983,7195.29319211382,2.91621195130697,-361.769704672013,136.571428571429,83.8822149054485,9,8,1,4.81200000000536,-70,-144.812000000005,22.4583333333285,634,387,129,247,-119.914285714272,-188.875,22.4583333333285,5440,3045.05891076007,1.78650074084843,-129.985079341917,575.642857142857,366.238781706093,7,5,1,-1410.49800000001,-1922.5,-2434.50199999999,-3640.02083333333,4339,4092,-3382,247,-115.228571428568,-4001.60416666667,-928.145833333328,41151,22052.1574097184,1.86607592334094,-2245.27067046518,1,3.75,1033.8,5.26213967885471,1681.94751998985,2.61970123778095
4,2,0,6,36.7242403436942,146.896961374777,49,4925,4921,4966,839,0.667134289796325,0,1,1,0,0.704225352112676,30036.5,30047,30011.5,30012,2302,0,22388,2026-06-23T09:20:00-05:00,2026-06,1651,0.871359072387037,128,0,0,12.4168667815153,1824,0,0,11.7225025207069,1722,0.503754463723756,74,430.5,EQL,0,1,0.313144666639092,EXTERNAL_SWING_CONFIRMATION,100,22388,30029.25,2026-06-23T09:20:00-05:00,1,0,BOS_DOWN,DOWN,RUN,-0.2,Resolved,BSL,0.5,1,BULLISH_FVG,BEARISH_OB,1,1.29342362307451,24.5,30036.5,30047,102,22388,30011.5,30012,30047,35.5,HIGH,2026-06-23T09:20:00-05:00,2302,29616.5,LOW,0.285914695626997,0.96666397092937,24151,ChartPrimeHigh,2026_06.csv,71,1651,3755,1651,3785,3197,1,external,LH,-1235,24149,11.7225025207069,NQ,4,6,2,2,338.928571428571,360.638791601123,4,5,1,993.195999999996,790,586.804000000004,1184.625,1722,71,799,1651,720.842857142838,610.625,1399.875,16721,16688.3718134249,1.00195514499197,817.780324058651,145.428571428571,64.9530446362502,12,11,1,993.195999999996,790,586.804000000004,180.125,1722,71,301,1651,86.0428571428492,-35.125,1112.875,2302,1753.07572591794,1.3131206860985,766.998745958379,634.928571428571,442.818755970315,8,7,1,-6.49800000000687,-518.5,-1030.50199999999,-2416.8125,4339,2688,-2257,1651,1218.05714285714,-2597.60416666667,656.645833333328,132372,41153.9748087369,3.21650583243049,-405.849827437865,1,10.5,1962.75,1.17284422366578,494.378486081261,0.686215135875142
4,3,1,5,22.3745591690103,89.4982366760412,274,9917,9579,9980,9,0.69275107871033,1,0,1,0,0.966101694915254,29605.75,29606.75,29577.25,29590.25,1187,0,22662,2026-06-23T13:54:00-05:00,2026-06,-537,0.379895752841149,34,0,0,1.75422450576648,157,20.9948270467211,1879,0,0,0.636884056233691,57,469.75,EQH,1,1,1.87713195521509,EXTERNAL_SWING_CONFIRMATION,101,22662,29592,2026-06-23T13:54:00-05:00,1,0,BOS_DOWN,DOWN,SWEEP,-0.111111111111111,Resolved,SSL,13,1,BULLISH_FVG,BULLISH_OB,1,1.01677980907484,15.5,29605.75,29606.75,103,22662,29577.25,29590.25,29577.25,29.5,LOW,2026-06-23T13:54:00-05:00,1187,30047,HIGH,-1.27376811246738,1.31846173044869,23736,ChartPrimeLow,2026_06.csv,1295,59,4437,59,5534,1448,1,external,LL,993,23736,20.9948270467211,NQ,5,6,0,2,275.285714285714,251.562290451975,0,7,1,-458.228000000003,-618,-777.771999999997,-1041.125,1354,1295,-608,59,-458.814285714281,-1210.375,-589.791666666672,11858,7562.81889319227,1.56793388384245,-795.020175926285,101.357142857143,89.0406097686327,3,10,1,-254.622000000003,-351.5,-448.377999999997,-608.0625,821,762,-436,59,9.81428571426659,-744.895833333328,-197.5625,1187,1100.88066677047,1.07822767337914,-413.536761317737,683.785714285714,474.020667001304,4,6,1,-1558.77,-2058.5,-2558.23,-1087.97916666667,4235,4176,-3937,59,33.057142857142,-1617.35416666667,-558.604166666672,44127,46799.8767849619,0.942887097817729,-1286.10997580695,1,1,949.95,1.24953944944471,349.449921304899,0.678351848284353
5,2,0,5,13.1897772928543,52.7591091714173,142,16715,369,14001,151,0,0,1,0,0,0.25,29796,29803.5,29793.5,29796,93,0,22804,2026-06-23T17:16:00-05:00,2026-06,478,0.151632582991641,8,0,0,14.1776465097185,748,0,0,17.1534359509294,905,8.20711355442258,433,226.25,EQL,3,1,1.72482063152992,EXTERNAL_SWING_CONFIRMATION,102,22804,29798.5,2026-06-23T17:16:00-05:00,1,0,BOS_DOWN,DOWN,SWEEP,0,Resolved,BSL,2.5,1,BEARISH_FVG,BULLISH_OB,1,2.7483405667235,0,29796,29803.5,104,22804,29793.5,29796,29803.5,10,HIGH,2026-06-23T17:16:00-05:00,93,29577.25,LOW,0.568622186218655,0.758162914958206,22910,ChartPrimeHigh,2026_06.csv,392,885,3611,885,4708,2274,0,external,LH,-339,22910,17.1534359509294,NQ,9,9,3,4,254.142857142857,170.62064415107,5,7,1,539.289999999994,432.5,325.710000000006,526.770833333328,905,20,206,885,204.200000000012,187.395833333328,526.770833333328,1348,4052.99623803189,0.332593449594363,440.433632555287,55.5,25.8199520683509,7,10,1,240.178,190.5,140.822,286.979166666672,421,20,213,401,-0.71428571427532,164.1875,357.145833333328,93,130.802851538827,0.710993674112635,218.771166883031,690.714285714286,487.858756907909,5,7,1,-648.729999999996,-1122.5,-1596.27,-202.395833333328,4015,3130,-3120,885,672.957142857151,-536.979166666672,466.770833333328,9244,43911.4700496774,0.210514473542839,-235.299401370125,1,7.5,181.55,0.51225557697604,103.044880998524,-0.859334293386862
5,10,0,6,16.2708558467157,65.0834233868629,52,10111,9773,10174,203,0.614595820539981,0,1,1,0,0.931818181818182,29606,29607.5,29585.5,29596,219,0,22856,2026-06-23T18:08:00-05:00,2026-06,-330,1.02944799940447,67,0,0,1.90524704367394,124,13.3981888877716,872,0,0,0.368757492323988,24,218,EQH,1,1,2.58130244626792,EXTERNAL_SWING_CONFIRMATION,103,22856,29596.5,2026-06-23T18:08:00-05:00,1,0,BOS_DOWN,DOWN,SWEEP,-0.0909090909090909,Resolved,SSL,10.5,0,BULLISH_FVG,BULLISH_OB,1,1.39820549172846,10,29606,29607.5,105,22856,29585.5,29596,29585.5,22,LOW,2026-06-23T18:08:00-05:00,219,29803.5,HIGH,-1.25992143210696,1.35211080518796,23736,ChartPrimeLow,2026_06.csv,828,77,4311,77,5516,1466,1,external,HL,469,23736,13.3981888877716,NQ,7,10,3,5,205.785714285714,187.005925884153,6,8,1,-268.710000000006,-375.5,-482.289999999994,-281.229166666672,905,828,-48,77,-462.5,-545.1875,-243.520833333328,1927,2481.92594018605,0.776413175268054,-343.126701839661,62.3571428571429,78.4282352390173,2,4,1,-289.104000000007,-392,-494.895999999993,-301.166666666672,872,828,-233,44,-77.3857142857159,-555.5,-155.833333333328,219,208.075073667265,1.05250473370109,-381.62942253612,691.714285714286,435.456121336033,5,6,1,-1279.482,-1698.5,-2117.518,-588.8125,3551,3474,-3213,77,-0.21428571427532,-1180.64583333333,-292.895833333328,10194,37737.7052582388,0.270127712595203,-985.570900449835,1,1.5,148.8,1.47177419354839,102.153120363501,0.687203677677202
5,2,1,6,19.4205647540839,77.6822590163356,94,374,444,35,35,0.566409892775484,0,1,1,0,0.411214953271028,29876,29891.75,29865,29865,366,0,22950,2026-06-23T19:42:00-05:00,2026-06,797.5,0,0,0,0,4.54415209431241,353,0,0,15.7693663329538,1225,7.22172613288742,561,306.25,EQH,3,1,0.45055332379868,EXTERNAL_SWING_CONFIRMATION,104,22950,29878.375,2026-06-23T19:42:00-05:00,1,0,CHOCH_UP,UP,SWEEP,-0.0909090909090909,Resolved,BSL,0,1,BEARISH_FVG,BULLISH_OB,0,0.75950417440349,11,29876,29891.75,106,22950,29865,29865,29891.75,26.75,HIGH,2026-06-23T19:42:00-05:00,366,29585.5,LOW,0.810995982837625,1.37740587561311,23807,ChartPrimeHigh,2026_06.csv,53.5,1171.5,3030.5,1204.5,4388.5,2593.5,1,external,HH,-658.5,23807,15.7693663329538,NQ,3,7,0,0,242.214285714286,261.407540979985,2,4,1,703.550000000003,559,414.449999999997,533.479166666672,1225,53.5,626,1171.5,359.942857142843,278.270833333328,941.8125,2187,2316.71487403524,0.94400913315271,538.212948395245,74.8571428571429,34.3745463401371,6,8,1,545.342000000004,431,316.657999999996,168.5625,969,53.5,154,915.5,-19.2285714285827,-33.3125,451.1875,366,214.807262129984,1.70385300930155,305.012460677361,729.142857142857,433.556181458877,9,6,1,-79.0200000000041,-475.5,-871.979999999996,574.5,3360,2155.5,-1770,1204.5,921.742857142846,-125.5,854.5,16318,31153.1189888076,0.523799880386377,197.483146193263,1,15.75,214.05,1.70988086895585,90.6424155679889,1.67636750463723
5,6,0,7,16.4061944148475,65.6247776593901,144,15528,239,10412,179,0.304762937313179,0,0,-1,0,0.5625,29625.5,29632.5,29616.5,29630.5,279,0,23094,2026-06-23T22:06:00-05:00,2026-06,-117,1.92000650507303,126,0,0,11.3981338555129,748,16.7771996990905,1101,0,0,0.13714332179093,9,275.25,EQH,2,1,1.67619615522248,EXTERNAL_SWING_CONFIRMATION,105,23094,29624.5,2026-06-23T22:06:00-05:00,1,0,CHOCH_UP,UP,SWEEP,-0.166666666666667,Resolved,SSL,9,0,BEARISH_FVG,BULLISH_OB,1,1.38667136477496,5,29625.5,29632.5,107,23094,29616.5,29630.5,29616.5,16,LOW,2026-06-23T22:06:00-05:00,279,29891.75,HIGH,-0.548573287163722,0.975241399402172,23730,ChartPrimeLow,2026_06.csv,1069,156,3362,189,5404,862,1,external,HL,734,23730,16.7771996990905,NQ,8,8,3,5,205.714285714286,195.011331269001,3,7,1,-388.581999999995,-518.5,-648.418000000005,-816.6875,1101,1069,-542,32,-412.242857142846,-954.3125,-587.3125,2593,1955.79089749245,1.32580635451598,-672.327524641703,66.7142857142857,27.2349089067288,10,11,1,-307.216,-412,-516.784,-467.5,888,856,-306,32,-21.3000000000029,-837.5,-208.5,279,249.529457800386,1.11810446133053,-402.493281438263,739.142857142857,299.766627148319,10,10,1,-623.131999999998,-874,-1124.868,-475.375,2126,1937,-1874,189,-255.671428571426,-1006.875,-209.625,10791,22540.690157512,0.478734232385682,-738.601776940763,1,2,233.1,1.1969111969112,77.7559644014528,0.590308413680255
6,2,0,7,13.8563319858335,55.4253279433339,153,687,825,332,332,0.19846522173484,0,1,1,0,0.469387755102041,29877.75,29884.25,29872,29875,169,0,23247,2026-06-24T00:39:00-05:00,2026-06,835.5,0.0902114644249274,5,0,0,5.82766060185031,323,0,0,19.3232956798194,1071,9.58045752192729,531,267.75,EQH,1,1,0.631480250974492,EXTERNAL_SWING_CONFIRMATION,106,23247,29878.125,2026-06-24T00:39:00-05:00,1,0,CHOCH_UP,UP,GRAB,-0.0769230769230769,Resolved,BSL,3,1,BEARISH_FVG,BULLISH_OB,1,1.06449528021414,2.75,29877.75,29884.25,108,23247,29872,29875,29884.25,12.25,HIGH,2026-06-24T00:39:00-05:00,169,29616.5,LOW,0.469099615009622,0.884072351364288,23810,ChartPrimeHigh,2026_06.csv,24.5,1046.5,1731.5,1203.5,4389.5,1203.5,0,external,LH,-475.5,23807,19.3232956798194,NQ,6,10,3,4,183.071428571429,206.798285539933,4,4,1,637.377999999997,511,384.622000000003,622.5625,1071,24.5,302,1046.5,267.057142857142,310.1875,801.0625,1473,1421.81140221693,1.03600238238578,558.973506344453,54.5714285714286,38.7035790344398,6,4,1,335.176000000007,266.5,197.823999999993,108.875,582,24.5,101,557.5,48.9857142857218,11.875,351.375,169,133.049178877598,1.27020701236703,256.366838790462,636,305.026293825323,10,9,1,485.721999999994,264,42.2780000000057,538.020833333328,1879,675.5,214,1203.5,507.085714285728,-88.3125,694.604166666672,8521,16631.8758052885,0.512329462999631,332.083512558922,1,6.5,137.45,1.22953801382321,61.6729073418791,0.51156985068184
6,1,0,8,13.1353763222144,52.5415052888577,141,484,321,473,473,0.095162861675003,0,0,-1,0,0.451612903225806,29770,29778.5,29763,29771.25,251,0,23388,2026-06-24T03:00:00-05:00,2026-06,-329,0.875498327410028,46,0,0,3.0832767182701,162,9.23079758247529,485,0,0,0.875498327410028,46,121.25,EQH,0,1,0.32355372969501,EXTERNAL_SWING_CONFIRMATION,107,23388,29770.75,2026-06-24T03:00:00-05:00,1,0,CHOCH_UP,UP,SWEEP,-0.142857142857143,Resolved,SSL,7,1,BEARISH_FVG,BULLISH_OB,1,1.12292176776504,1.25,29770,29778.5,109,23388,29763,29771.25,29763,15.5,LOW,2026-06-24T03:00:00-05:00,251,29884.25,HIGH,-0.532912025380017,1.18001948477004,23493,ChartPrimeLow,2026_06.csv,454,464,1134,774,4819,774,1,external,HL,204,23493,9.23079758247529,NQ,8,10,3,5,161.5,95.1542141667118,8,11,1,-124.606,-187.5,-250.394,-220.8125,533,454,51,79,-142.300000000003,-309.645833333328,-65.3541666666715,1158,1111.69515685868,1.04165246457686,-181.938436862067,48.2142857142857,52.1866725993567,6,3,1,-80.5439999999944,-115,-149.456000000006,-121.083333333328,292,261,-63,31,-24.442857142858,-194.083333333328,-84.5833333333285,251,132.370095210358,1.89619868144024,-124.012454420619,583.285714285714,319.282236966144,4,10,1,56.2219999999943,-165.5,-387.221999999994,108.520833333328,1879,1105,-267,774,116.5,-439.520833333328,343.395833333328,7039,12370.9325330634,0.568995100505728,-85.9256777257833,1,7.25,108.8,2.30698529411765,40.628315249343,3.50002206902486
7,3,0,8,13.7194867815348,54.8779471261393,33,861,171,506,506,0.0364445119530968,0,1,1,0,0.441860465116279,29860.25,29866.25,29855.5,29859.75,161,0,23421,2026-06-24T03:33:00-05:00,2026-06,271.5,1.22089115042874,67,0,0,4.57378625011365,251,0,0,7.5257917183145,413,8.36401549323573,459,103.25,EQH,0,1,0.69244572710884,EXTERNAL_SWING_CONFIRMATION,108,23421,29860.875,2026-06-24T03:33:00-05:00,1,0,CHOCH_UP,UP,GRAB,-0.0666666666666667,Resolved,BSL,4.25,0,BEARISH_FVG,BULLISH_OB,1,1.07511310261636,0.5,29860.25,29866.25,110,23421,29855.5,29859.75,29866.25,10.75,HIGH,2026-06-24T03:33:00-05:00,161,29763,LOW,0.437334143437162,0.783557006991582,23648,ChartPrimeHigh,2026_06.csv,93.5,659.5,744.5,1134.5,4458.5,1134.5,1,external,LH,-156.5,23647,7.5257917183145,NQ,3,4,2,3,165.571428571429,84.4483316252341,9,7,1,206.229999999996,149,91.7700000000041,138.895833333328,485,93.5,159,391.5,173.414285714272,17.6458333333285,199.520833333328,782,1148.19379807147,0.681069695127657,143.672233430421,48.6428571428571,49.1150111809859,6,4,1,233.733999999997,185,136.266000000003,124.770833333328,413,21.5,28,391.5,92.942857142858,-12.8958333333285,262.4375,161,94.2158158440611,1.70884260309835,181.159566671238,546,288.174291063717,8,7,1,416.721999999994,195,-26.7219999999943,469.020833333328,1879,744.5,125,1134.5,253.914285714287,-79.0208333333285,703.895833333328,7277,11840.0618564802,0.614608275548596,275.958372360139,1,6,103.35,1.55781325592646,45.9121715888064,1.25565831466912
7,4,1,8,12.9141730632531,51.6566922530125,167,890,438,673,5,1.39381746797388,0,0,-1,1,0.25,29740,29758,29734,29758,304,0,23588,2026-06-24T06:20:00-05:00,2026-06,-188,0,0,0,0,2.24559480951348,116,10.2406866744192,529,0,0,0.212944335384899,11,132.25,EQH,0,1,0.464605822657961,EXTERNAL_SWING_CONFIRMATION,109,23588,29746,2026-06-24T06:20:00-05:00,1,0,CHOCH_DOWN,DOWN,RUN,-0.0666666666666667,Resolved,SSL,6,1,BEARISH_FVG,BULLISH_OB,1,1.14215598070082,18,29740,29758,111,23588,29734,29758,29734,24,LOW,2026-06-24T06:20:00-05:00,304,29866.25,HIGH,-0.464605822657961,1.85842329063184,23699,ChartPrimeLow,2026_06.csv,481,48,1204,675,4918,675,1,external,LL,48,23697,10.2406866744192,NQ,3,4,1,2,145.642857142857,71.7321917330509,11,10,1,-154.077999999994,-216.5,-278.922000000006,-271.604166666672,529,481,-115,48,-148.42857142858,-381.8125,-183.4375,1668,1174.76786835098,1.41985497300107,-254.760635309838,52.1428571428571,27.7148015609711,9,6,1,-130.775999999998,-186,-241.224000000002,-312.75,468,420,-301,48,3.97142857142899,-390.75,-156.75,304,191.101188813979,1.59078026613387,-216.267408953863,507.071428571429,260.213755610696,5,10,1,-33.9919999999984,-253,-472.008000000002,-369,1856,1181,-1191,675,-167.885714285716,-523.666666666672,249.666666666672,7185,9515.49862699909,0.755083919576576,-137.468045848553,1,0,152.75,1.99018003273322,76.296707006266,1.98239224122187
7,4,1,8,14.8751806518147,59.5007226072587,60,20,1061,1,1,0.403356445910997,0,1,-1,1,0.122448979591837,29862,29872.75,29860.5,29868,230,0,23648,2026-06-24T07:20:00-05:00,2026-06,155.5,0.554615113127621,33,0,0,0.436969483070247,26,0,0,9.32761781169181,555,2.55459082410298,152,138.75,EQH,1,1,0.588228150286871,EXTERNAL_SWING_CONFIRMATION,110,23648,29866.625,2026-06-24T07:20:00-05:00,1,0,CHOCH_UP,UP,SWEEP,-0.0666666666666667,Resolved,BSL,1.5,1,BEARISH_FVG,BULLISH_OB,0,0.773099854662744,6,29862,29872.75,112,23648,29860.5,29868,29872.75,12.25,HIGH,2026-06-24T07:20:00-05:00,230,29734,LOW,0.72268029892387,0.823519410401619,23796,ChartPrimeHigh,2026_06.csv,24.5,530.5,721.5,1157.5,4435.5,1157.5,1,external,HH,-434.5,23796,9.32761781169181,NQ,3,6,2,2,159.285714285714,106.071163337305,5,8,1,318.490000000005,253,187.509999999995,79.5625,555,24.5,164,530.5,173.742857142846,79.5625,310.8125,1920,1583.58368609599,1.21243987094448,226.313057060164,59.7857142857143,35.3332385207038,10,7,1,316.017999999996,251,185.982000000004,78.8125,551,24.5,84,526.5,61.0428571428492,9.9375,216.5625,230,198.822604643476,1.15681011428469,174.005740339795,519.714285714286,265.116695188494,7,12,1,640.271999999997,480.5,320.728000000003,508.708333333328,1354,196.5,366,1157.5,243.42857142858,113.791666666672,790.791666666672,10162,9312.95350492829,1.09116833823152,436.970548648082,1,4.75,180.9,1.27142067440575,60.6150971293456,0.810029222509143
7,2,0,5,48.8345431549184,195.338172619674,120,16044,10707,16282,71,0.373710878017335,0,0,-1,0,0.682608695652174,29564.25,29582.5,29525,29582.5,3173,0,23768,2026-06-24T09:20:00-05:00,2026-06,-449,0.0511932709612788,10,0,0,4.27975745236291,836,7.12098399071388,1391,0,0,0.0563125980574067,11,347.75,EQL,0,1,0.527290690901172,EXTERNAL_SWING_CONFIRMATION,111,23768,29553.75,2026-06-24T09:20:00-05:00,1,0,CHOCH_DOWN,DOWN,RUN,0.166666666666667,Resolved,SSL,39.25,1,BULLISH_FVG,BULLISH_OB,1,0.465858765747637,18.25,29564.25,29582.5,113,23768,29525,29582.5,29525,57.5,LOW,2026-06-24T09:20:00-05:00,3173,29872.75,HIGH,-0.803734354092077,1.17744523210941,23946,ChartPrimeLow,2026_06.csv,1276,115,1973,115,5687,115,1,external,LL,634,23944,7.12098399071388,NQ,8,11,3,5,362.214285714286,211.649513799888,6,11,1,-416.361999999994,-580.5,-744.638000000006,-435.604166666672,1391,1276,-1004,115,-434.457142857151,-841.3125,-319.6875,14802,13445.76006779,1.10086747981313,-625.192478552228,188.428571428571,104.520735612281,5,4,1,-368.611999999994,-518,-667.388000000006,-438.875,1266,1151,-352,115,-185.528571428571,-808.125,-386.125,3173,1591.97325502305,1.99312393596339,-546.650133700081,540.357142857143,309.821111798065,4,13,1,-452.652000000002,-628,-803.347999999998,-473.208333333328,1486,1371,-1117,115,-895.299999999988,-968.541666666672,-349.375,109075,29808.0027668242,3.65925220999371,-689.693044895335,1,0,1399,2.26804860614725,530.296332252072,3.34529939603041
6,3,1,5,34.2556476379998,137.022590551999,41,1233,1395,162,2,0.313816866450805,0,1,1,1,0.55,29894,29907.5,29877.5,29883.25,1560,0,23809,2026-06-24T10:01:00-05:00,2026-06,906,0.459778199683737,63,0,0,1.01443126596888,139,0,0,11.1660419923193,1530,2.12373739853917,291,382.5,EQH,0,1,0.204345866526106,EXTERNAL_SWING_CONFIRMATION,112,23809,29892.5,2026-06-24T10:01:00-05:00,1,0,CHOCH_UP,UP,SWEEP,0.0909090909090909,Resolved,BSL,5.75,1,BEARISH_FVG,BULLISH_OB,1,0.335711066435745,10.75,29894,29907.5,114,23809,29877.5,29883.25,29907.5,30,HIGH,2026-06-24T10:01:00-05:00,1560,29525,LOW,0.394095599728918,0.875767999397595,24128,ChartPrimeHigh,2026_06.csv,60,1470,618,1470,4332,1470,1,external,HH,-721,24128,11.1660419923193,NQ,7,9,3,4,478.071428571429,302.804668608044,3,9,1,885.539999999994,705,524.460000000006,928.125,1530,60,348,1470,698.728571428583,418.125,991.875,12462,13314.2704702994,0.935988196108787,670.434652083641,123.785714285714,129.290004352865,2,6,1,885.539999999994,705,524.460000000006,928.125,1530,60,623,1470,34.028571428571,226.875,991.875,1560,1392.32330762803,1.12042942285985,659.190955060083,572.142857142857,244.3643186424,8,18,1,885.539999999994,705,524.460000000006,864.375,1530,60,474,1470,284.128571428577,354.375,991.875,81939,36624.7971612709,2.23725471131474,667.219743719164,1,13.5,1313.3,1.1878474072946,380.662199331638,0.648081160759205
5,3,0,5,31.3465489424177,125.386195769671,252,16172,15168,16791,117,0.127605753582247,0,0,-1,0,0.323529411764706,29270.25,29281.75,29264.75,29274.25,1018,0,24061,2026-06-24T14:13:00-05:00,2026-06,-670,1.86623414614036,234,0,0,8.30234934244496,1041,20.5046495287473,2571,0,0,0.837412757883497,105,642.75,EQL,3,1,0.207359349571152,EXTERNAL_SWING_CONFIRMATION,113,24061,29273.25,2026-06-24T14:13:00-05:00,1,0,CHOCH_DOWN,DOWN,RUN,0,Resolved,SSL,5.5,0,BEARISH_FVG,BULLISH_OB,1,0.422694058741194,4,29270.25,29281.75,115,24061,29264.75,29274.25,29264.75,17,LOW,2026-06-24T14:13:00-05:00,1018,29907.5,HIGH,-0.17545791117559,0.54232445272455,25844,ChartPrimeLow,2026_06.csv,2224,34,2537,34,6809,34,1,external,LL,1142,25842,20.5046495287473,NQ,5,9,2,2,389.571428571429,273.235776274062,5,9,1,-793.411999999997,-1049,-1304.588,-642.875,2166,2132,-2127,34,-142.928571428565,-1184.375,-101.375,12600,10660.3166533704,1.18195363324562,-948.222337958083,140.071428571429,101.489008812651,11,4,1,-422.490000000005,-563.5,-704.509999999995,-289.645833333328,1195,1161,-306,34,-28.1714285714261,-936.9375,-190.0625,1018,1184.55253115671,0.859396247295108,-560.165773710745,674.071428571429,457.806211711029,7,6,1,-948.122000000003,-1251.5,-1554.878,-1947.8125,2571,2537,-1544,34,-1201.84285714285,-2376.3125,-1412.1875,63273,49985.2034141681,1.26583460060634,-1564.11950296324,1,7.5,1233.15,0.825528119044723,341.982349690741,-0.629126035874551
4,3,1,5,28.0780686147842,112.312274459137,108,18731,6650,18898,40,0.24930489685869,0,1,-1,0,0.264,30145.5,30168.5,30137.25,30152.5,458,0,24169,2026-06-24T17:01:00-05:00,2026-06,2748.5,0.311631121073363,35,0,0,9.2955111543026,1044,0,0,32.1870429337202,3615,0,0,903.75,EQL,1,1,0.79243342215798,EXTERNAL_SWING_CONFIRMATION,114,24169,30152.875,2026-06-24T17:01:00-05:00,1,1,CHOCH_UP,UP,RUN,-0.111111111111111,Resolved,BSL,8.25,1,BULLISH_FVG,BEARISH_OB,1,0.34724610633889,7,30145.5,30168.5,116,24169,30137.25,30152.5,30168.5,31.25,HIGH,2026-06-24T17:01:00-05:00,458,29264.75,LOW,0.819144661107125,1.11296828954772,24730,ChartPrimeHigh,2026_06.csv,62.5,3552.5,62.5,3552.5,3290.5,3552.5,0,external,HH,-2376.5,24728,32.1870429337202,NQ,6,6,3,5,501.642857142857,715.565252248574,2,7,1,2171.57000000001,1745,1318.42999999999,2874.6875,3615,62.5,2792,3552.5,701.528571428571,2422.8125,3477.1875,4849,9507.31853176466,0.510028141352278,2409.10278762822,113.571428571429,92.3596671729649,3,2,1,1350.86599999999,1081,811.134000000005,1128.64583333333,2287,62.5,388,2224.5,130.92857142858,271.020833333328,1509.8125,458,531.577244317356,0.861586918733056,920.406603959811,903.428571428571,646.511172178705,7,9,1,2171.57000000001,1745,1318.42999999999,1519.0625,3615,62.5,1298,3552.5,1841.67142857143,1067.1875,2573.4375,55709,55759.7968630538,0.999089005593428,1985.41433355445,1,16,595.05,0.769683219897488,195.561109375049,-0.700803960654385
4,4,0,6,14.1705138072628,56.6820552290512,255,57,293,295,295,0.635121642193894,0,0,1,0,0.878378378378378,29940.75,29943,29924.5,29931.75,232,0,24424,2026-06-24T21:16:00-05:00,2026-06,-720,1.88772265874296,107,0,0,1.19967421303291,68,17.21885341059,976,0,0,2.57577110445302,146,244,EQL,3,1,2.02886080145272,EXTERNAL_SWING_CONFIRMATION,115,24424,29933.75,2026-06-24T21:16:00-05:00,1,0,CHOCH_UP,UP,RUN,-0.2,Resolved,SSL,7.25,0,BULLISH_FVG,BULLISH_OB,0,1.11146287383932,9,29940.75,29943,117,24424,29924.5,29931.75,29924.5,18.5,LOW,2026-06-24T21:16:00-05:00,232,30168.5,HIGH,-1.14674740951675,1.30552782006523,25111,ChartPrimeLow,2026_06.csv,806,37,939,2676,4167,2676,1,external,HL,122,25109,17.21885341059,NQ,5,8,2,3,213.428571428571,149.400110089438,8,4,1,-285.025999999998,-384.5,-483.974000000002,-121.0625,843,806,-445,37,-87.8000000000029,-507.4375,-15.6875,2060,1441.39720477488,1.42916886003101,-346.615881011428,56.8571428571429,56.9711917703097,5,4,1,-125.732000000004,-176,-226.267999999996,-273.625,426,389,-349,37,-54.7428571428463,-362.375,-149.375,232,204.068629870302,1.13687243427591,-217.782068036904,906.428571428571,762.210315414853,1,7,1,1295.07000000001,868.5,441.929999999993,642.5625,3615,939,456,2676,264.185714285719,190.6875,1998.1875,8417,26721.0837248157,0.314994709297032,1049.34418406934,1,2.25,146.15,1.58741019500513,117.143619117731,0.732861086643735
4,1,0,6,10.2481208035749,40.9924832142997,526,19128,167,19679,222,0.121973581689626,0,1,1,0,0.625,30188.5,30193,30181,30187.25,152,0,24950,2026-06-25T06:02:00-05:00,2026-06,123,0.0487894326758504,2,0,0,2.39068220111667,98,0,0,26.1999253469316,1074,1.90278787435816,78,268.5,EQL,1,1,1.24413053323418,EXTERNAL_SWING_CONFIRMATION,116,24950,30187,2026-06-25T06:02:00-05:00,1,0,BOS_UP,UP,RUN,-0.2,Resolved,BSL,6.25,1,BEARISH_FVG,BEARISH_OB,1,0.951393937179082,1.25,30188.5,30193,118,24950,30181,30187.25,30193,12,HIGH,2026-06-25T06:02:00-05:00,152,29924.5,LOW,0.439104894082653,1.17094638422041,25040,ChartPrimeHigh,2026_06.csv,128,304,128,3689,3154,3689,0,external,HH,65,25038,26.1999253469316,NQ,4,6,2,4,123.857142857143,90.837713467314,5,7,1,138.975999999995,88,37.0240000000049,61,432,128,42,304,135.214285714275,43,223,1188,917.585154910619,1.29470272447435,100.767156486254,40.1428571428571,26.8753590638726,5,6,1,142.241999999998,110.5,78.7580000000016,116.104166666672,269,24,141,245,28.7142857142753,71.2708333333285,160.9375,152,146.463403949594,1.03780190751481,98.1805816723208,464.071428571429,653.844841910703,0,1,0,2230.906,1780.5,1330.094,1700.97916666667,3817,128,2078,3689,-228.514285714278,1223.85416666667,3291.39583333333,5318,9563.08481485163,0.556096709687344,1975.10528558692,1,4.5,104.4,1.45593869731801,80.2754009644299,0.592958732415321
4,1,0,7,11.0402992931217,44.1611971724867,28,338,690,7556,250,1.15485999622705,0,1,-1,0,0.354430379746835,30106,30118.75,30099,30118.75,258,0,24978,2026-06-25T06:30:00-05:00,2026-06,-332.5,0.679329409545324,30,0,0,6.29511919512,278,8.51426193296806,376,0,0,0,0,94,EQH,0,1,0.634040782242302,EXTERNAL_SWING_CONFIRMATION,117,24978,30108.875,2026-06-25T06:30:00-05:00,1,1,BOS_UP,UP,RUN,-0.272727272727273,Resolved,SSL,7,1,BEARISH_FVG,BEARISH_OB,1,4.30241959378705,12.75,30106,30118.75,119,24978,30099,30118.75,30099,19.75,LOW,2026-06-25T06:30:00-05:00,258,30193,HIGH,-0.634040782242302,1.78890077846935,25101,ChartPrimeLow,2026_06.csv,440.5,39.5,440.5,3376.5,3466.5,3376.5,1,external,HL,377.5,25099,8.51426193296806,NQ,4,9,2,2,122.928571428571,73.2093010956764,5,4,1,-141.949999999997,-198,-254.050000000003,-247.479166666672,475,435.5,-413,39.5,-153.114285714269,-247.479166666672,-89.1458333333285,1572,1185.15163789529,1.32641254480457,-173.05161784713,44.1428571428571,19.536765995526,9,8,1,-104.131999999998,-148.5,-192.868000000002,-187.666666666672,376,336.5,-235,39.5,1.52857142857101,-297.333333333328,-172,258,172.195450783359,1.49829742206484,-183.856118691765,347.714285714286,617.776793584648,1,0,0,1918.406,1468,1017.594,1388.47916666667,3817,440.5,1413,3376.5,-552.457142857151,911.354166666672,2978.89583333333,7695,9282.48571536326,0.828980537752313,1634.49700652168,1,0,143.9,1.79291174426685,54.0859501164582,2.10960517018411
5,0,0,7,20.3894237131651,81.5576948526604,60,20471,7631,20352,310,5.49304392196644,0,2,1,0,0.847549909255898,30242.75,30263.75,30126,30130.75,1955,0,25038,2026-06-25T07:30:00-05:00,2026-06,275.5,1.09125202914065,89,0,0,4.67153958542235,381,0,0,8.0801695191426,659,0.0735675525263363,6,164.75,EQH,1,1,0.772459301526531,EXTERNAL_SWING_CONFIRMATION,118,25038,30194.875,2026-06-25T07:30:00-05:00,1,0,BOS_UP,UP,SWEEP,-0.166666666666667,Resolved,BSL,4.75,0,BEARISH_FVG,BEARISH_OB,1,1.41004475675478,112,30242.75,30263.75,120,25038,30126,30130.75,30263.75,137.75,HIGH,2026-06-25T07:30:00-05:00,1955,30099,LOW,1.02994573536871,6.75595357366855,29245,ChartPrimeHigh,2026_06.csv,275.5,383.5,275.5,3720.5,3122.5,3720.5,1,external,HH,-110.5,29245,8.0801695191426,NQ,0,0,0,0,173.357142857143,108.730408657915,8,7,1,131.762000000002,54,-23.7620000000024,232.479166666672,659,275.5,423,383.5,139.385714285731,122.645833333328,287.395833333328,3124,1746.27576626653,1.78894998163949,175.085436080743,80.2142857142857,99.3285177383139,6,3,1,119.402000000002,44,-31.4020000000019,243.6875,639,275.5,310,363.5,187.271428571432,163.8125,323.5625,1955,496.264898973791,3.93942832556298,171.438682965294,335.5,599.932391773647,1,1,0,2194.02800000001,1722.5,1250.97199999999,3137.75,3996,275.5,1704,3720.5,-367.471428571429,1306.25,3637.25,10144,9218.26672562051,1.1004237891931,1999.0950854968,1,21,159.55,12.2532121591977,102.768416840973,17.470834476105
4,7,1,6,77.3239552394654,309.295820957862,89,17238,12584,17114,28,0.523770413380628,0,1,-1,0,0.206997084548105,29316,29384,29298.25,29356.5,2233,0,25127,2026-06-25T08:59:00-05:00,2026-06,-750.5,0.323315069988042,100,0,0,10.355781691717,3203,12.4864280029382,3862,0,0,0.77272301727142,239,965.5,EQL,1,1,0.333014522087683,EXTERNAL_SWING_CONFIRMATION,119,25127,29341.125,2026-06-25T08:59:00-05:00,1,0,CHOCH_DOWN,DOWN,SWEEP,-0.2,Resolved,SSL,17.75,1,BEARISH_FVG,BEARISH_OB,1,0.139025480094858,40.5,29316,29384,121,25127,29298.25,29356.5,29298.25,85.75,LOW,2026-06-25T08:59:00-05:00,2233,30263.75,HIGH,-0.22955369969151,1.10897069005898,25837,ChartPrimeLow,2026_06.csv,3690.5,171.5,3690.5,305.5,6537.5,305.5,1,external,LL,1502.5,25837,12.4864280029382,NQ,8,10,3,4,464.642857142857,715.968669532319,0,3,1,-1303.784,-1759.5,-2215.216,-3288.20833333333,3862,3690.5,-3424,171.5,-2210.87142857142,-3610.04166666667,-1196.29166666667,32908,18078.9899744132,1.82023442938869,-2089.08143112069,384.428571428571,188.81897863226,7,8,1,-1228.912,-1661.5,-2094.088,-3265.375,3666,3494.5,-2719,171.5,174.057142857142,-3418.125,-1126.875,2233,3072.25188015389,0.726828426544294,-1796.73246357063,588.071428571429,1049.63049651319,0,2,0,-1220.97199999999,-1692.5,-2164.02800000001,-277.25,3996,3690.5,-1162,305.5,-3191.29999999999,-2608.25,222.25,111563,30847.2783059702,3.61662377125855,-1525.58035873139,1,27.5,3551.45,0.628757268158076,844.312707176671,-1.56156597998959
5,0,0,6,30.3872123279576,121.54884931183,269,2820,284,1267,297,0.0575900145466757,0,1,1,0,0.171717171717172,29870.75,29891.25,29866.5,29869,980,0,25396,2026-06-25T13:28:00-05:00,2026-06,929.5,0.0164542898704788,2,0,0,6.83675744118392,831,0,0,19.5147877863878,2372,0.106952884158112,13,593,EQH,3,1,1.65365613198312,EXTERNAL_SWING_CONFIRMATION,120,25396,29878.875,2026-06-25T13:28:00-05:00,1,0,CHOCH_DOWN,DOWN,GRAB,-0.0909090909090909,Resolved,BSL,2.5,1,BEARISH_FVG,BULLISH_OB,1,0.518310130920081,1.75,29870.75,29891.25,122,25396,29866.5,29869,29891.25,24.75,HIGH,2026-06-25T13:28:00-05:00,980,29298.25,LOW,0.674625884689629,0.814487348588699,25490,ChartPrimeHigh,2026_06.csv,49.5,1665.5,1539.5,2456.5,4386.5,2456.5,0,external,LH,-631.5,25489,19.5147877863878,NQ,7,7,3,5,393.642857142857,214.409988299769,9,6,1,1010.37,808,605.630000000005,700.8125,1715,49.5,880,1665.5,267.285714285725,272.0625,915.1875,11156,9538.84833873154,1.16953321866982,660.372193503339,121.357142857143,76.7673242185065,4,5,1,475.800000000003,375.5,275.199999999997,711.958333333328,850,49.5,385,800.5,77.3714285714377,322.375,747.375,980,990.286817547323,0.989612284678493,436.921526464736,759.642857142857,631.939294308979,5,4,1,847.216,391.5,-64.2160000000003,793.791666666672,3862,1539.5,-774,2322.5,99.9571428571508,-10.7916666666715,1920.20833333333,53946,51323.8065527554,1.05109117236948,393.070731731917,1,20.5,1074.6,0.911967243625535,509.732714272882,-0.185587460547718
5,2,0,7,27.4759368313643,109.903747325457,82,1563,277,12796,379,0.47314128285374,0,1,-1,0,0.49468085106383,29639.5,29663.25,29616.25,29652.5,1362,0,25478,2026-06-25T14:50:00-05:00,2026-06,-533,0.200175158130428,22,0,0,17.5699195613571,1931,10.0087579065214,1100,0,0,0.072790966592883,8,275,EQL,0,1,0.800700632521713,EXTERNAL_SWING_CONFIRMATION,121,25478,29639.75,2026-06-25T14:50:00-05:00,1,0,CHOCH_DOWN,DOWN,GRAB,-0.166666666666667,Resolved,SSL,23.25,1,BEARISH_FVG,BULLISH_OB,1,0.827997244994044,13,29639.5,29663.25,123,25478,29616.25,29652.5,29616.25,47,LOW,2026-06-25T14:50:00-05:00,1362,29891.25,HIGH,-0.846194986642265,1.71058771493275,25578,ChartPrimeLow,2026_06.csv,1006,213,2496,1500,5343,1500,1,external,HL,573,25577,10.0087579065214,NQ,6,7,3,4,367.857142857143,228.143683373347,8,8,1,-252.657999999996,-396.5,-540.342000000004,-218.729166666672,1219,1006,-400,213,-271.699999999997,-523.479166666672,-15.5625,7620,7609.35654381807,1.00139873274706,-353.503279759141,108.357142857143,54.9583547049918,8,5,1,-205.106,-297.5,-389.894,-20.1875,783,689,-85,94,-78.1714285714261,-215.9375,12.4375,1362,809.589838572834,1.68233336821639,-167.309814361084,815.785714285714,632.167068131578,6,4,1,-109.284,-565,-1020.716,-162.708333333328,3862,2496,-1813,1366,-385.185714285733,-806.375,802.791666666672,42448,49346.7798399222,0.86019797315445,-518.452927562059,1,10.75,691.7,1.96906173196472,184.086148311056,3.64122996841335
6,1,0,7,38.0251776097725,152.10071043909,11,1122,378,1360,390,1.63707322129645,0,2,1,0,0.714681440443213,29896.75,29922.5,29832.25,29834.5,3902,0,25489,2026-06-25T15:01:00-05:00,2026-06,776.5,0.756077993771453,115,0,0,4.6416614226317,706,0,0,8.05387428147852,1225,0.907293592525744,138,306.25,EQL,0,1,0.828398497523505,EXTERNAL_SWING_CONFIRMATION,122,25489,29877.375,2026-06-25T15:01:00-05:00,1,0,CHOCH_DOWN,DOWN,RUN,-0.0769230769230769,Resolved,BSL,2.25,1,BEARISH_FVG,BULLISH_OB,1,0.414199248761753,62.25,29896.75,29922.5,124,25489,29832.25,29834.5,29922.5,90.25,HIGH,2026-06-25T15:01:00-05:00,3902,29616.25,LOW,0.677182898769215,2.37342744131734,28062,ChartPrimeHigh,2026_06.csv,180.5,1163.5,1545.5,2450.5,4392.5,2450.5,1,external,HH,-377.5,28060,8.05387428147852,NQ,6,7,1,2,405.857142857143,255.196163896851,10,10,1,650.092000000004,491.5,332.907999999996,743.5,1344,180.5,933,1163.5,571.371428571423,407.5,911.5,23722,10900.4024618215,2.17624992132959,576.709750824826,156.785714285714,180.183396337702,6,2,1,576.550000000003,432,287.449999999997,865.854166666672,1225,180.5,909,1044.5,444.600000000006,661.6875,967.9375,3902,3026.76056495566,1.28916705377294,700.777408746042,891.357142857143,720.937142281004,6,5,1,841.216,385.5,-70.2160000000003,787.791666666672,3862,1545.5,-711,2316.5,453.671428571426,-16.7916666666715,1431.45833333333,61422,52601.4009580647,1.16768753077446,437.684429501533,1,25.75,1424.9,2.73843778510773,1603.33452217558,1.54496766940364
5,3,0,4,21.1658700711492,84.6634802845969,397,16657,15659,18616,309,1.42918764493566,0,0,1,0,0.954022988505747,29202,29204,29160.5,29171.75,472,0,25886,2026-06-25T22:38:00-05:00,2026-06,-2083,0.0708688088397849,6,0,0,21.5323064191547,1823,36.0013548906107,3048,0,0,3.05917024825072,259,762,EQH,2,1,0.885860110497312,EXTERNAL_SWING_CONFIRMATION,123,25886,29182.25,2026-06-25T22:38:00-05:00,1,0,BOS_DOWN,DOWN,NONE,0.111111111111111,Detected,SSL,11.25,1,BEARISH_FVG,BULLISH_OB,1,0.6260078114181,30.25,29202,29204,125,25886,29160.5,29171.75,29160.5,43.5,LOW,2026-06-25T22:38:00-05:00,472,29922.5,HIGH,-1.96070371123405,2.05519545635376,-1,ChartPrimeLow,2026_06.csv,2599,87,4326,87,7143,87,1,external,LL,101,-1,36.0013548906107,NQ,8,12,3,4,270.357142857143,123.557236287874,8,7,1,-802.296000000002,-1077,-1351.704,-252.5,2328,2241,-2131,87,-37.8571428571449,-1610.5,38.5,3063,2379.55983825397,1.28721284951906,-1053.47465976526,83.3571428571429,46.2649788790256,9,7,1,-238.846000000005,-339.5,-440.153999999995,-286.1875,853,766,-198,87,-74.7428571428463,-499.4375,-108.479166666672,472,383.782534649029,1.22986315787311,-305.202354295921,1048.5,539.142532384121,6,8,1,-1598.766,-2119.5,-2640.234,-1843.6875,4413,4326,-3638,87,-870.028571428586,-2579.1875,-1292.0625,15631,22434.141180965,0.696750540790152,-2187.07743177256,1,2,199.65,2.3641372401703,198.192400207475,1.37416974472732
6,2,0,4,20.1982684092756,80.7930736371026,234,13375,971,2176,543,0.235168674054191,0,1,1,0,0.352941176470588,29551.75,29562.75,29545.75,29547,330,0,26120,2026-06-26T02:32:00-05:00,2026-06,1053,0.297055167226346,24,0,0,2.64874190776825,214,0,0,19.9150735027996,1609,0,0,402.25,EQH,0,1,1.53478503066945,EXTERNAL_SWING_CONFIRMATION,124,26120,29554.25,2026-06-26T02:32:00-05:00,1,1,BOS_DOWN,DOWN,SWEEP,0.2,Resolved,BSL,1.25,1,BULLISH_FVG,BEARISH_OB,1,1.39863474569071,4.75,29551.75,29562.75,126,26120,29545.75,29547,29562.75,17,HIGH,2026-06-26T02:32:00-05:00,330,29160.5,LOW,0.544601139914968,0.841656307141314,26514,ChartPrimeHigh,2026_06.csv,34,1575,2838,1575,5655,1575,0,external,LH,-1387,26514,19.9150735027996,NQ,5,8,3,4,251.214285714286,158.146042122771,6,6,1,733.555999999997,587,440.444000000003,1026.875,1242,34,750,1208,245.257142857154,405.875,1182.125,1738,1983.20220557073,0.876360461438594,686.181052789849,81.0714285714286,49.6473590753614,9,6,1,372.025999999998,294.5,216.974000000002,198.6875,657,34,327,623,44.3000000000029,-20.3125,362.9375,330,209.632630270341,1.57418241413293,286.377097469885,803.357142857143,585.742919788799,3,6,1,-110.766000000003,-631.5,-1152.234,-355.6875,4413,2838,-2474,1575,899.914285714272,-1091.1875,195.9375,12674,16067.217737288,0.788811118840248,-539.583081854144,1,11,208.65,1.58159597411934,137.934866875638,0.879763055916884
6,4,0,5,15.1486347358312,60.5945389433248,262,18493,341,18369,805,0.181534511060287,0,0,-1,0,0.422222222222222,29309.5,29316,29304.75,29312.25,213,0,26382,2026-06-26T06:54:00-05:00,2026-06,-343.5,1.22123216531466,74,0,0,20.5629091619198,1246,17.0312377649288,1032,0,0,3.51516825962193,213,258,EQL,1,1,0.181534511060287,EXTERNAL_SWING_CONFIRMATION,125,26382,29310.375,2026-06-26T06:54:00-05:00,1,0,BOS_DOWN,DOWN,SWEEP,0.0909090909090909,Resolved,SSL,4.75,0,BULLISH_FVG,BEARISH_OB,1,0.709634906872032,2.75,29309.5,29316,127,26382,29304.75,29312.25,29304.75,11.25,LOW,2026-06-26T06:54:00-05:00,213,29562.75,HIGH,-0.313559610013224,0.742641181610266,26440,ChartPrimeLow,2026_06.csv,989.5,22.5,3813.5,599.5,6630.5,599.5,1,external,HL,172.5,26440,17.0312377649288,NQ,9,10,3,5,201.857142857143,101.885054464862,9,9,1,-247.573999999993,-331,-414.426000000007,-227.895833333328,707,684.5,-616,22.5,-167.142857142855,-345.729166666672,-168.979166666672,1733,1337.11296569582,1.29607598195577,-288.754140463148,60.7857142857143,53.4889065162182,5,4,1,-162.005999999994,-219,-275.994000000006,-249.1875,483,460.5,-223,22.5,-94.0714285714348,-329.6875,-208.9375,213,198.61926656753,1.07240351694472,-252.582666980263,642.214285714286,429.156518715949,4,9,1,-564.835999999996,-924.5,-1284.164,-1496,3048,2448.5,-1850,599.5,55.8857142857305,-2258,-1242,8504,11394.6220845272,0.746316985058028,-1306.97118802051,1,3.75,146.75,1.45144804088586,81.6620321814244,0.811270528423977
7,5,0,5,17.247663153188,68.9906526127521,22,150,210,18325,827,0.231915475416775,0,1,-1,0,0.328571428571429,29438.25,29450,29432.5,29442.25,256,0,26404,2026-06-26T07:16:00-05:00,2026-06,247,0.333378495911614,23,0,0,9.63898694700972,665,0,0,8.42143070107165,581,0.811704163958713,56,145.25,EQH,1,1,0.333378495911614,EXTERNAL_SWING_CONFIRMATION,126,26404,29441.25,2026-06-26T07:16:00-05:00,1,0,BOS_DOWN,DOWN,SWEEP,0.166666666666667,Resolved,BSL,5.75,1,BEARISH_FVG,BULLISH_OB,1,0.637767557396132,4,29438.25,29450,128,26404,29432.5,29442.25,29450,17.5,HIGH,2026-06-26T07:16:00-05:00,256,29304.75,LOW,0.681251709036777,1.01463020494839,26505,ChartPrimeHigh,2026_06.csv,291,546,3290,1123,6107,1123,1,external,LH,-351,26505,8.42143070107165,NQ,7,8,3,4,196.785714285714,92.7631009331654,10,9,1,324.058000000005,255.5,186.941999999995,291.8125,581,35,212,546,235.199999999997,146.5625,340.229166666672,1846,1584.30871175634,1.16517695465649,251.229168149148,71.3571428571429,37.1006089972917,8,9,1,324.058000000005,255.5,186.941999999995,291.8125,581,35,415,546,-11.0857142857276,122.354166666672,364.4375,256,208.221295011591,1.22946118448524,260.102201896996,680.357142857143,438.080766234219,5,11,1,-41.3359999999957,-401,-760.664000000004,-972.5,3048,1925,-246,1123,561.857142857145,-1734.5,-718.5,9840,11150.0463438587,0.882507542708087,-775.958777219683,1,7.75,195.45,1.3097979022768,82.3380076270977,0.735383351443554
7,1,0,5,42.6501078104756,170.600431241902,78,14635,14670,19212,34,0.750291186652998,0,1,1,0,0.693103448275862,29231.75,29254,29181.5,29199.75,2855,0,26482,2026-06-26T08:34:00-05:00,2026-06,145,0.211019396246156,36,0,0,2.88979339859319,493,6.29541198801031,1074,0,0,1.02578873175215,175,268.5,EQL,0,1,0.762014486444451,EXTERNAL_SWING_CONFIRMATION,127,26482,29217.75,2026-06-26T08:34:00-05:00,1,0,BOS_DOWN,DOWN,NONE,0.166666666666667,Detected,SSL,18.25,1,BEARISH_FVG,BULLISH_OB,1,0.310667444473507,32,29231.75,29254,129,26482,29181.5,29199.75,29181.5,72.5,LOW,2026-06-26T08:34:00-05:00,2855,29450,HIGH,-1.17819162904104,1.6998784697607,-1,ChartPrimeLow,2026_06.csv,929,145,4068,229,7001,229,1,external,LL,314,-1,6.29541198801031,NQ,4,4,2,2,267.214285714286,141.285638660585,9,10,1,-265.267999999996,-392,-518.732000000004,-459.125,1074,929,-619,145,-330.657142857148,-772.375,-280.125,18211,6010.48280583607,3.02987307148062,-435.564003436419,187.071428571429,158.720405328583,1,3,1,-153.724000000002,-246,-338.275999999998,-457.791666666672,782,637,-186,145,-342.571428571435,-522.958333333328,-229.708333333328,2855,2158.99709460924,1.32237324780501,-313.40441910745,626.714285714286,461.97556240905,3,9,1,-935.335999999996,-1295,-1654.664,-1866.5,3048,2819,-1913,229,-180.399999999994,-2628.5,-850.5,34381,15775.9955427473,2.17932363804489,-1490.33332234403,1,22.25,1071.5,2.6644890340644,1087.34578216867,1.64023260056509
6,8,0,5,33.9038592428469,135.615436971388,130,1367,918,3697,106,0.147475836428707,0,1,-1,0,0.26,29697.5,29716,29691,29702.5,932,0,26612,2026-06-26T10:44:00-05:00,2026-06,1901,0.0442427509286121,6,0,0,7.84571449800721,1064,0,0,15.7651669142288,2138,0.612024721179134,83,534.5,EQH,1,1,0.309699256500285,EXTERNAL_SWING_CONFIRMATION,128,26612,29703.5,2026-06-26T10:44:00-05:00,1,0,CHOCH_UP,UP,GRAB,0.0909090909090909,Resolved,BSL,6.5,1,BEARISH_FVG,BULLISH_OB,1,0.435053717464685,5,29697.5,29716,130,26612,29691,29702.5,29716,25,HIGH,2026-06-26T10:44:00-05:00,932,29181.5,LOW,0.545660594786216,0.737379182143535,27547,ChartPrimeHigh,2026_06.csv,50,2088,876,2172,5058,2172,0,external,HH,-1629,27546,15.7651669142288,NQ,7,7,3,4,532.142857142857,327.216276630198,6,6,1,1271.284,1019,766.716,796.291666666672,2138,50,1288,2088,331.857142857145,-5.45833333332848,1508.95833333333,10195,10455.6874348346,0.975067403605993,1003.16480569878,132,88.328705770876,6,9,1,709.521999999997,564.5,419.478000000003,794.9375,1229,50,552,1179,52.6000000000058,282.854166666672,897.354166666672,932,1081.62115846919,0.861669534385822,611.064264062385,713.857142857143,576.388720878879,5,3,1,1007.664,648,288.335999999996,203.5,3048,876,-367,2172,1376.21428571428,-50.5,1473.5,56522,37272.1465396304,1.51646752997984,754.656696289589,1,13.5,1086.9,0.857484589198638,456.604960551241,-0.339242919772478
6,3,0,6,21.9406365054972,87.7625460219889,301,940,428,19643,407,0.581113496721277,0,0,-1,0,0.215384615384615,29258.5,29271.25,29255,29271.25,333,0,26913,2026-06-26T15:45:00-05:00,2026-06,-195.5,0.022788764577305,2,0,0,8.88761818514895,780,21.0112409402752,1844,0,0,0.752029231051065,66,461,EQL,1,1,1.90286184220497,EXTERNAL_SWING_CONFIRMATION,129,26913,29263.125,2026-06-26T15:45:00-05:00,1,0,CHOCH_UP,UP,NONE,0,Detected,SSL,3.5,1,BULLISH_FVG,BULLISH_OB,1,0.603902261298582,12.75,29258.5,29271.25,131,26913,29255,29271.25,29255,16.25,LOW,2026-06-26T15:45:00-05:00,333,29716,HIGH,-0.159521352041135,0.740634848762412,-1,ChartPrimeLow,2026_06.csv,1747.5,32.5,2637.5,410.5,6819.5,410.5,1,external,HL,779.5,-1,21.0112409402752,NQ,8,11,3,4,349.357142857143,191.262014021392,8,8,1,-611.551999999996,-810.5,-1009.448,-705.125,1686,1653.5,-1301,32.5,-232.657142857148,-1548.125,-564.625,3894,7290.2645546856,0.534136994726377,-741.202107983336,86.8571428571429,64.3868191573634,4,6,1,-448.055999999997,-596.5,-744.944000000003,-360.625,1258,1225.5,-445,32.5,32.6571428571478,-413.041666666672,6.29166666667152,333,321.67655053374,1.03520135194024,-439.463516317031,743.071428571429,463.60797235388,8,6,1,-438.304000000004,-700.5,-962.695999999996,-1117.125,2222,1811.5,-1659,410.5,-928.214285714275,-1487.45833333333,-376.458333333328,58967,41534.3503144067,1.41971644081662,-780.455690975505,1,0,400.5,0.831460674157303,239.20900902767,-0.282180007660966
7,4,0,6,13.3164566838603,53.2658267354414,121,13865,419,13666,528,2.00879262667683,0,1,1,0,0.977099236641221,29682.5,29683.25,29650.5,29655.75,271,0,27034,2026-06-28T18:46:00-05:00,2026-06,1419.5,0.150190102929109,8,0,0,17.5159207541073,933,0,0,32.1594557896954,1713,0,0,428.25,EQL,2,1,0.807271803243959,EXTERNAL_SWING_CONFIRMATION,130,27034,29666.875,2026-06-28T18:46:00-05:00,1,1,CHOCH_UP,UP,SWEEP,0.0769230769230769,Resolved,BSL,5.25,1,BEARISH_FVG,BULLISH_OB,1,1.08887824623604,26.75,29682.5,29683.25,132,27034,29650.5,29655.75,29683.25,32.75,HIGH,2026-06-28T18:46:00-05:00,271,29255,LOW,0.0563212885984157,2.45936293546415,27439,ChartPrimeHigh,2026_06.csv,65.5,1647.5,903.5,2025.5,5204.5,2025.5,0,external,LH,-835.5,27439,32.1594557896954,NQ,5,9,0,2,263.928571428571,379.486699371665,1,0,0,993.134000000005,791,588.865999999995,1254.9375,1713,65.5,955,1647.5,49.3999999999942,755.3125,1611.8125,1087,1765.91636344509,0.615544440552889,984.182507052814,48.5714285714286,28.4150150924958,9,7,1,266.983999999997,203.5,140.016000000003,57.7916666666715,538,65.5,120,472.5,-20.1857142857334,-54.2916666666715,192.291666666672,271,127.468413245437,2.12601689391236,147.203155948766,805.714285714286,425.626024029106,10,5,1,1176.696,914.5,652.304000000004,497.875,2222,196.5,1380,2025.5,386.671428571426,34.9583333333285,1238.54166666667,7573,30296.5038440222,0.249962835282535,833.726752364062,1,0.75,84.05,3.22427126710292,38.5298261091326,4.85208522536487
7,6,0,7,25.844107182762,103.376428731048,46,19758,149,19067,574,0.0870604654317775,0,1,1,0,0.878378378378378,29379.5,29381.75,29363.25,29377.25,224,0,27080,2026-06-28T19:32:00-05:00,2026-06,242,0.280528166391283,29,0,0,3.35666461164742,347,12.3819328614083,1280,0,0,0,0,320,EQL,1,1,1.82826977406733,EXTERNAL_SWING_CONFIRMATION,131,27080,29372.5,2026-06-28T19:32:00-05:00,1,1,CHOCH_UP,UP,RUN,0,Resolved,SSL,14,1,BULLISH_FVG,BEARISH_OB,1,0.415955557062937,2.25,29379.5,29381.75,133,27080,29363.25,29377.25,29363.25,18.5,LOW,2026-06-28T19:32:00-05:00,224,29683.25,HIGH,-0.628770028118393,0.71583049355017,27903,ChartPrimeLow,2026_06.csv,1243,470,2011,848,6382,848,1,external,HL,342,27901,12.3819328614083,NQ,7,9,2,3,254.928571428571,453.492985703976,1,7,1,-184.365999999995,-386.5,-588.634000000005,77.4375,1713,1243,236,470,-966.914285714272,-707.6875,434.3125,2750,2479.23714295102,1.1092121654513,-359.756655556906,104.857142857143,71.4948778332471,6,9,1,-451.960000000006,-603,-754.039999999994,-576.333333333328,1280,1243,-694,37,66.8142857142811,-1163,-416.333333333328,224,267.723072684477,0.836685451701779,-609.727118232593,865.642857142857,437.40727361067,9,8,1,-0.804000000003725,-263,-525.195999999996,-679.625,2222,1374,620,848,-627.257142857154,-1142.54166666667,-31.5416666666715,15103,28122.1655230763,0.537049680175123,-366.124957505075,1,2.25,311.45,0.719216567667362,109.258626661697,-0.800394464693174
6,1,0,7,13.3367317519807,53.3469270079228,659,3850,2084,4042,224,2.3244075517524,0,1,1,0,0.536796536796537,29733,29759.75,29702,29702,970,0,27739,2026-06-29T06:31:00-05:00,2026-06,115.5,0.356159221639481,19,0,0,5.7360379906148,306,0,0,29.7299223958009,1586,0,0,396.5,EQL,1,1,1.36840121998327,EXTERNAL_SWING_CONFIRMATION,132,27739,29730.875,2026-06-29T06:31:00-05:00,1,1,BOS_UP,UP,GRAB,-0.0769230769230769,Resolved,BSL,0,1,BEARISH_FVG,BEARISH_OB,1,1.25592988683396,31,29733,29759.75,134,27739,29702,29702,29759.75,57.75,HIGH,2026-06-29T06:31:00-05:00,970,29363.25,LOW,2.00573877449603,4.33014632624843,27863,ChartPrimeHigh,2026_06.csv,115.5,443.5,115.5,2197.5,4948.5,2281.5,0,external,HH,-259.5,27862,29.7299223958009,NQ,2,2,0,0,173.214285714286,115.058636897941,8,5,1,229.962,164,98.0380000000005,59.1875,559,115.5,175,443.5,53.8142857142811,35.8958333333285,292.104166666672,1845,1299.71849076004,1.41953816393048,131.434199824856,53.6428571428571,42.2387534526416,2,4,1,72.9900000000052,37,1.00999999999476,-7.47916666667152,305,115.5,24,189.5,94.0857142857276,-71.0208333333285,56.0625,970,266.933292855199,3.63386668491063,24.7336203362211,565.214285714286,414.545877042497,6,8,1,1132.242,894,655.758000000002,936.0625,2019,115.5,625,1903.5,257.171428571426,347.1875,1188.4375,8130,8977.35355393677,0.9056120995073,816.185782034183,1,26.75,115.35,8.40918942349371,60.6731200780049,14.0861389508437
6,2,0,8,21.7412949563838,86.9651798255353,119,20432,475,3914,343,0.908409551483541,0,0,-1,0,0.56745182012848,29623.25,29673.75,29557,29643,5346,0,27858,2026-06-29T08:30:00-05:00,2026-06,-346.5,0.137986260984842,12,0,0,5.80692181644542,505,9.32557147155888,811,0,0,0,0,202.75,EQH,1,1,0.413958782954525,EXTERNAL_SWING_CONFIRMATION,133,27858,29615.375,2026-06-29T08:30:00-05:00,1,1,BOS_UP,UP,SWEEP,-0.142857142857143,Resolved,SSL,66.25,1,BULLISH_FVG,BEARISH_OB,1,1.29937062427393,19.75,29623.25,29673.75,135,27858,29557,29643,29557,116.75,LOW,2026-06-29T08:30:00-05:00,5346,29759.75,HIGH,-3.04719659674859,5.36996532332676,27888,ChartPrimeLow,2026_06.csv,577.5,233.5,577.5,1735.5,5410.5,1819.5,1,external,HL,233.5,27888,9.32557147155888,NQ,4,6,3,4,189.142857142857,96.2318167571968,9,11,1,-76.301999999996,-172,-267.698000000004,-19.9375,811,577.5,-326,233.5,-276.385714285716,-391.645833333328,-19.9375,8811,2790.05998369965,3.15799662067355,-296.452840300117,91.5,47.0662798535026,5,10,1,-35.8099999999977,-119,-202.190000000002,-16.1875,705,471.5,-378,233.5,-76.4714285714144,-309.9375,-16.1875,5346,1416.39353416652,3.77437475605665,-189.46756968493,506.214285714286,353.968608639603,5,9,1,670.241999999998,432,193.758000000002,-30.6875,2019,577.5,86,1441.5,-329.757142857154,-198.9375,726.4375,16168,9612.458812742,1.68198379987524,359.253919419672,1,30.75,251.4,21.2649164677804,181.747737262393,28.0311605345865
6,0,1,8,46.4068434606132,185.627373842453,23,4253,2366,4234,19,0.161614094834212,1,1,-1,0,0.169811320754717,29807,29840,29800.25,29814.5,1029,0,27881,2026-06-29T08:53:00-05:00,2026-06,638.5,0.527939376458427,98,0,0,1.72927081472607,321,0,0,6.09823851174428,1132,0.113129866383949,21,283,EQH,1,1,0.210098323284476,EXTERNAL_SWING_CONFIRMATION,134,27881,29820.125,2026-06-29T08:53:00-05:00,1,0,BOS_UP,UP,SWEEP,-0.142857142857143,Resolved,BSL,6.75,1,BEARISH_FVG,BULLISH_OB,1,0.247808278745792,7.5,29807,29840,136,27881,29800.25,29814.5,29840,39.75,HIGH,2026-06-29T08:53:00-05:00,1029,29557,LOW,0.711102017270535,0.856554702621326,28007,ChartPrimeHigh,2026_06.csv,79.5,1052.5,79.5,2554.5,4591.5,2638.5,1,external,HH,-297.5,28007,6.09823851174428,NQ,6,10,3,4,241,108.842478957273,12,14,1,620.076000000001,486.5,352.923999999999,462.916666666672,1132,79.5,373,1052.5,381.871428571438,227.083333333328,698.75,16479,8557.54603441221,1.92566886975933,402.779617598921,204.214285714286,122.560852462729,9,10,1,620.076000000001,486.5,352.923999999999,85.5833333333285,1132,79.5,338,1052.5,2.18571428573341,-55.9166666666715,510.083333333328,1029,1453.94248121409,0.707730885709283,394.241923964742,538.214285714286,293.482170366971,8,9,1,1366.62,1090.5,814.380000000005,1529.25,2340,79.5,681,2260.5,290.957142857151,456.75,1529.25,52274,16933.8596790992,3.08695129111763,1089.06052413216,1,25.5,1673.35,0.61493411420205,437.984391845189,-1.47117114672834
6,6,1,7,56.1489471012178,224.595788404871,22,1955,1418,1397,11,0.405172334914657,0,1,1,1,1,29352,29352,29273.75,29329.25,5051,0,27903,2026-06-29T09:15:00-05:00,2026-06,-1390.5,0.075691535093947,17,0,0,5.04461819184952,1133,10.0847839404582,2265,0,0,0.467506540286143,105,566.25,EQL,1,1,0.743558021217009,EXTERNAL_SWING_CONFIRMATION,135,27903,29312.875,2026-06-29T09:15:00-05:00,1,0,CHOCH_DOWN,DOWN,NONE,-0.0769230769230769,Detected,SSL,55.5,1,BULLISH_FVG,BULLISH_OB,1,0.8726788752008,22.75,29352,29352,137,27903,29273.75,29329.25,29273.75,78.25,LOW,2026-06-29T09:15:00-05:00,5051,29840,HIGH,-1.39361473437679,1.39361473437679,-1,ChartPrimeLow,2026_06.csv,2108.5,156.5,2108.5,525.5,6620.5,609.5,2,external,LL,927.5,-1,10.0847839404582,NQ,6,11,1,3,402.928571428571,334.290975128901,2,3,1,-708.729999999996,-976,-1243.27,-1589.4375,2265,2108.5,-1509,156.5,-1201.2,-1966.9375,-1117.5625,24241,13826.423821848,1.75323715751396,-1284.1809851287,217.714285714286,93.6483981774539,9,7,1,-708.729999999996,-976,-1243.27,-1211.9375,2265,2108.5,-1296,156.5,-174.657142857148,-1966.9375,-1023.1875,5051,2734.27569917335,1.84728994282729,-1229.72018986115,599.857142857143,385.883178346538,4,10,1,-662.380000000005,-938.5,-1214.62,-694.75,2340,2108.5,-1098,231.5,-1394.52857142857,-1572.25,-499.75,97861,25956.7781500549,3.77015203636869,-910.434796111163,1,0,2086.7,2.42056836152777,547.190195453098,5.417311977868
5,3,0,7,11.9010545197608,47.6042180790433,271,3976,3566,10752,166,0.504157004745877,0,1,-1,0,0.0392156862745098,30057.25,30069.5,30056.75,30063.25,668,0,28174,2026-06-29T13:46:00-05:00,2026-06,1984.5,0.651202797796758,31,0,0,19.2840054315298,918,0,0,66.863822754422,3183,0,0,795.75,EQH,1,1,0.189058876779704,EXTERNAL_SWING_CONFIRMATION,136,28174,30063.125,2026-06-29T13:46:00-05:00,1,1,CHOCH_UP,UP,GRAB,-0.166666666666667,Resolved,BSL,0.5,1,BEARISH_FVG,BEARISH_OB,1,3.9912429542382,6,30057.25,30069.5,138,28174,30056.75,30063.25,30069.5,12.75,HIGH,2026-06-29T13:46:00-05:00,668,29273.75,LOW,1.02932055135617,1.07133363508499,28435,ChartPrimeHigh,2026_06.csv,25.5,2263.5,25.5,3232.5,3619.5,3610.5,0,external,HH,-276.5,28434,66.863822754422,NQ,5,9,2,4,172.714285714286,97.747009646009,6,8,1,845.880000000005,679.5,513.119999999995,180.125,1410,25.5,1347,1384.5,-39.9000000000087,62.625,826.375,5603,5330.81604771861,1.05105859025053,589.509861349739,47.5714285714286,20.4455980886593,9,12,1,179.676000000007,140.5,101.323999999993,202.75,332,25.5,232,306.5,1.34285714285215,161.25,271.916666666672,668,619.064415179947,1.07904764612553,175.804101954229,657.285714285714,387.720682297454,11,3,1,1941.594,1566,1190.406,1367.0625,3183,25.5,1905,3157.5,669.942857142843,836.5625,2428.0625,28588,36774.1835075449,0.777393194715925,1494.9180763324,1,6.25,539.15,1.23898729481591,174.544915422936,0.738205405111837
5,2,0,8,10.0733173406741,40.2932693626964,136,3932,219,4181,302,0.198544325802622,0,0,1,0,0.723076923076923,29982,29986.5,29970.25,29980,265,0,28310,2026-06-29T17:02:00-05:00,2026-06,-147.5,0.943085547562454,38,0,0,12.9301992178957,521,9.85276216795511,397,0,0,8.16513539863282,329,99.25,EQL,1,1,1.86135305439958,EXTERNAL_SWING_CONFIRMATION,137,28310,29978.375,2026-06-29T17:02:00-05:00,1,0,CHOCH_UP,UP,SWEEP,-0.230769230769231,Resolved,SSL,9.75,1,BEARISH_FVG,BULLISH_OB,1,1.56353656569565,2,29982,29986.5,139,28310,29970.25,29980,29970.25,16.25,LOW,2026-06-29T17:02:00-05:00,265,30069.5,HIGH,-1.1664479140904,1.6131726471463,28458,ChartPrimeLow,2026_06.csv,364.5,182.5,364.5,2893.5,3958.5,3271.5,1,external,HL,293.5,28458,9.85276216795511,NQ,4,4,3,3,158.571428571429,64.5462048178745,9,7,1,-119.153999999995,-166,-212.846000000005,-157.729166666672,397,364.5,-88,32.5,-114.285714285725,-256.979166666672,-108.104166666672,1577,3671.35527503732,0.429541649298424,-177.637722825588,41.7142857142857,28.1609785747174,5,4,1,-83.627999999997,-119.5,-155.372000000003,-189.166666666672,304,271.5,-81,32.5,-63.0142857142782,-227.166666666672,-125.833333333328,265,204.043756775114,1.29874103568907,-158.96944253493,572.928571428571,303.010002750598,9,12,1,1602.594,1227,851.406000000003,-165.5625,3183,364.5,2054,2818.5,-43.6857142857334,-298.1875,1425.9375,10183,34636.3824984114,0.293997215224975,900.447926366614,1,4.5,110.35,2.40144993203444,98.4206660209125,1.57131633276227
5,0,1,8,15.5634593672087,62.2538374688347,135,0,4270,11023,11,0.594340871251878,1,1,1,0,0.76,30083,30086,30073.5,30073.75,120,0,28445,2026-06-29T19:17:00-05:00,2026-06,258,0,0,0,0,1.06017560817902,66,0,0,7.43729252404376,463,0,0,115.75,EQH,1,1,0.433708203345965,EXTERNAL_SWING_CONFIRMATION,138,28445,30079.75,2026-06-29T19:17:00-05:00,1,1,BOS_UP,UP,RUN,-0.230769230769231,Resolved,BSL,0.25,1,BEARISH_FVG,BEARISH_OB,1,3.05202069021234,9.25,30083,30086,140,28445,30073.5,30073.75,30086,12.5,HIGH,2026-06-29T19:17:00-05:00,120,29970.25,LOW,0.192759201487095,0.803163339529564,28646,ChartPrimeHigh,2026_06.csv,25,438,25,3224,3553,3677,0,external,HH,-112,28644,7.43729252404376,NQ,8,13,3,5,132.785714285714,64.9085102220673,9,7,1,261.134000000005,206.5,151.865999999995,119.6875,463,25,269,438,114.728571428583,119.6875,235.4375,1362,1341.16223080161,1.01553709813759,196.36903744578,74.8571428571429,46.9386573773789,6,8,1,161.635999999999,126,90.3640000000014,157.458333333328,302,25,170,277,-4.78571428572468,31.625,195.208333333328,120,142.287839267236,0.843360898710561,131.243013365733,638.285714285714,480.451358354165,1,9,1,1982.882,1599.5,1216.118,178.0625,3249,25,2152,3224,88.8428571428376,178.0625,1667.1875,5761,23162.6785131071,0.248719076109441,1239.16736972542,1,3,159.1,0.754242614707731,83.4972454635481,-0.468278920854577
5,2,1,8,16.9924836835627,67.9699347342506,28,4106,3362,4344,14,0.338384906354928,0,1,1,1,0.815384615384615,29948,29951,29934.75,29942.25,252,0,28473,2026-06-29T19:45:00-05:00,2026-06,-289.5,0.971017557366317,66,0,0,2.08915898706086,142,8.9009942758579,605,0,0,2.7512164125379,187,151.25,EQL,1,1,1.8537607913357,EXTERNAL_SWING_CONFIRMATION,139,28473,29942.875,2026-06-29T19:45:00-05:00,1,0,CHOCH_DOWN,DOWN,NONE,-0.230769230769231,Detected,SSL,7.5,1,BEARISH_FVG,BULLISH_OB,1,0.926880395667848,5.75,29948,29951,141,28473,29934.75,29942.25,29934.75,16.25,LOW,2026-06-29T19:45:00-05:00,252,30086,HIGH,-0.779756523339618,0.956305170133494,-1,ChartPrimeLow,2026_06.csv,572.5,32.5,572.5,2676.5,4100.5,3129.5,1,external,LL,435.5,-1,8.9009942758579,NQ,6,8,2,3,155.642857142857,108.584261138146,6,8,1,-198.610000000001,-270,-341.389999999999,-232.1875,605,572.5,-328,32.5,-327.514285714278,-459.0625,-206.979166666672,1993,1532.65019113929,1.3003619557301,-281.808325722988,66.1428571428571,57.0711579317367,6,3,1,-198.610000000001,-270,-341.389999999999,-80.9375,605,572.5,-371,32.5,24.028571428571,-459.0625,-55.7291666666715,252,208.82241159955,1.20676702308778,-273.821589155079,642,333.278493020139,10,8,1,1435.382,1052,668.618000000002,-369.4375,3249,572.5,1761,2676.5,-470.828571428574,-369.4375,1119.6875,9934,22352.1120318516,0.444432274938677,675.955277387795,1,3,227.05,1.10988768993614,135.594791566638,0.184004117796356
5,4,0,8,9.5091094066613,38.0364376266452,258,23480,11321,24045,87,0.262905798333617,0,1,1,0,0.447368421052632,30211.75,30217,30207.5,30209.25,211,0,28731,2026-06-30T00:03:00-05:00,2026-06,562,0.236615218500256,9,0,0,13.7762638326816,524,0,0,29.6820646318654,1129,1.73517826900187,66,282.25,EQH,2,1,5.7050558238395,EXTERNAL_SWING_CONFIRMATION,140,28731,30212.25,2026-06-30T00:03:00-05:00,1,0,CHOCH_UP,UP,RUN,-0.230769230769231,Resolved,BSL,1.75,1,BEARISH_FVG,BEARISH_OB,1,3.0234166808366,2.5,30211.75,30217,142,28731,30207.5,30209.25,30217,9.5,HIGH,2026-06-30T00:03:00-05:00,211,29934.75,LOW,0.552102176500597,0.999042033667746,29245,ChartPrimeHigh,2026_06.csv,19,1045,19,3754,3023,4207,0,external,HH,-70,29243,29.6820646318654,NQ,6,9,2,2,127.357142857143,95.5867253737105,2,6,1,573.043999999994,460,346.956000000006,719.458333333328,958,19,663,939,71.2285714285681,280.375,919.041666666672,1120,1112.28683963541,1.0069345065407,454.608299109284,39.0714285714286,26.2111000707195,7,4,1,199.771999999997,158,116.228000000003,91.625,354,19,69,335,53.2142857142753,-11.625,194.875,211,147.300540961503,1.43244552004154,138.985979402511,515.785714285714,306.921300865241,3,6,1,2312.71400000001,1867.5,1422.28599999999,845.645833333328,3773,19,2140,3754,194.114285714269,688.4375,2103.3125,6538,12389.017916786,0.527725445544929,1641.14698640766,1,5.25,135.3,1.55949741315595,79.7741186099853,0.948929318418376
5,4,0,9,13.4356993467742,53.7427973870969,217,11485,376,514,304,0.167464301033217,0,0,-1,0,0.773809523809524,30035,30039.75,30018.75,30037.25,307,0,28948,2026-06-30T03:40:00-05:00,2026-06,-151,0.279107168388696,15,0,0,5.00532188643728,269,14.7554656354824,793,0,0,0,0,198.25,EQL,1,1,0.539607192218145,EXTERNAL_SWING_CONFIRMATION,141,28948,30029.25,2026-06-30T03:40:00-05:00,1,1,CHOCH_UP,UP,RUN,-0.285714285714286,Resolved,SSL,16.25,1,BULLISH_FVG,BULLISH_OB,1,1.11642867355478,2.25,30035,30039.75,143,28948,30018.75,30037.25,30018.75,21,LOW,2026-06-30T03:40:00-05:00,307,30217,HIGH,-1.20946439635101,1.5630001429767,29182,ChartPrimeLow,2026_06.csv,751,42,751,3022,3755,3475,1,external,HL,131,29179,14.7554656354824,NQ,4,6,3,4,152.785714285714,69.6077349647104,6,12,1,-228.073999999993,-311.5,-394.926000000007,-355.6875,707,665,-578,42,-216.585714285728,-532.4375,-296.770833333328,1898,1255.40687460096,1.51186044811431,-375.477091955006,55.5714285714286,56.1083853114269,0,5,1,-135.630000000005,-190.5,-245.369999999995,-355.1875,465,423,-248,42,-100.757142857154,-355.1875,-219.5625,307,213.872254780721,1.43543630900025,-256.678374144583,364.214285714286,354.102282439088,7,5,1,1580.71400000001,1135.5,690.285999999993,113.645833333328,3773,751,1324,3022,-655.342857142852,-43.5625,1685.72916666667,8086,9312.39755995733,0.868304853603893,822.387689920652,1,2.5,140.85,2.17962371317004,69.3738243143623,2.39499554251332
6,1,0,9,9.9194792926927,39.6779171707708,191,4090,384,4040,495,0.554464588080913,0,1,-1,0,0.111111111111111,30159.5,30175.5,30157.5,30165,362,0,29139,2026-06-30T06:51:00-05:00,2026-06,398,0,0,0,0,9.02265102422576,358,0,0,15.802240760306,627,0,0,156.75,EQL,0,1,1.28534972691484,EXTERNAL_SWING_CONFIRMATION,142,29139,30166.5,2026-06-30T06:51:00-05:00,1,1,CHOCH_UP,UP,RUN,-0.2,Resolved,BSL,2,1,BEARISH_FVG,BEARISH_OB,1,1.23494385527112,5.5,30159.5,30175.5,144,29139,30157.5,30165,30175.5,18,HIGH,2026-06-30T06:51:00-05:00,362,30018.75,LOW,1.61298789259902,1.8146113791739,29244,ChartPrimeHigh,2026_06.csv,36,591,202,3571,3206,4024,0,external,LH,-418,29242,15.802240760306,NQ,8,12,2,3,122,53.489039703673,5,8,1,351.486000000004,277.5,203.513999999996,29.3125,627,36,202,591,42.6999999999971,3.1875,342.8125,1392,1226.23546994478,1.13518164668869,251.808378266302,38.5714285714286,22.5533544510017,9,10,1,115.410000000003,86.5,57.5899999999965,122.229166666672,245,36,120,209,-5.14285714285506,30.3541666666715,193.6875,362,170.667535614327,2.12108295052695,88.9429995138635,361.428571428571,216.976037622258,7,10,1,1319.516,1029,738.483999999997,567.375,2462,202,2129,2260,35.7428571428463,54.4583333333285,1080.29166666667,8228,8183.35539315592,1.00545553806467,815.969860522542,1,10.5,97.95,3.69576314446146,35.3107278316378,7.47789740440909
6,0,0,9,13.399646333914,53.5985853356558,93,4824,664,773,52,0.988832068385625,0,1,-1,0,0.153846153846154,29999.5,30013.25,29997,30012.75,600,0,29232,2026-06-30T08:24:00-05:00,2026-06,-3.5,0.671659518148726,36,0,0,1.62317716885942,87,13.3212471099497,714,0,0,0,0,178.5,EQL,1,1,0.466430220936616,EXTERNAL_SWING_CONFIRMATION,143,29232,30005.125,2026-06-30T08:24:00-05:00,1,1,CHOCH_DOWN,DOWN,NONE,-0.2,Detected,SSL,2.5,1,BULLISH_FVG,BEARISH_OB,1,0.876888815360837,13.25,29999.5,30013.25,145,29232,29997,30012.75,29997,16.25,LOW,2026-06-30T08:24:00-05:00,600,30175.5,HIGH,-0.186572088374646,1.2127185744352,-1,ChartPrimeLow,2026_06.csv,681.5,32.5,847.5,2925.5,3851.5,3378.5,1,external,LL,32.5,-1,13.3212471099497,NQ,9,12,3,4,155.285714285714,139.691156522258,8,3,1,-240.248000000007,-324.5,-408.751999999993,-41.875,714,681.5,-314,32.5,-102.199999999997,-458.375,17.625,3092,2308.77773493753,1.33923675424029,-299.148543041185,50.9285714285714,40.9571805560115,2,8,1,-76.7519999999931,-110.5,-144.248000000007,-56.875,286,253.5,-64,32.5,-60.3428571428522,-128.375,-21.125,600,336.846860104298,1.78122485634636,-89.2214083439176,341.714285714286,200.794565086859,11,8,1,76.4100000000035,-100,-276.410000000003,-68.8541666666715,1495,847.5,390,647.5,-441.199999999997,-318.020833333328,180.3125,14949,9540.95704956693,1.56682394882792,-100.945854423597,1,0.5,251.2,2.38853503184713,90.9277735348227,3.83601166552725
4,2,0,9,8.60037688666673,34.4015075466669,354,10423,7983,27163,344,0.377890416062872,0,1,-1,0,0,30588,30599.75,30588,30591.25,972,0,29586,2026-06-30T14:18:00-05:00,2026-06,410.5,0.0581369870865957,2,0,0,49.3292335429765,1697,0,0,70.0841379328911,2411,0.203479454803085,7,602.75,EQL,0,1,1.65690413196798,EXTERNAL_SWING_CONFIRMATION,144,29586,30593.875,2026-06-30T14:18:00-05:00,1,0,CHOCH_UP,UP,NONE,-0.384615384615385,Detected,BSL,0,1,BEARISH_FVG,BEARISH_OB,1,1.22087672881851,3.25,30588,30599.75,146,29586,30588,30591.25,30599.75,11.75,HIGH,2026-06-30T14:18:00-05:00,972,29997,LOW,1.366219196535,1.366219196535,-1,ChartPrimeHigh,2026_06.csv,23.5,899.5,23.5,2636.5,1496.5,5733.5,0,external,HH,-451.5,-1,70.0841379328911,NQ,4,5,2,3,110.214285714286,60.9166643866851,8,5,1,340.501999999993,271,201.498000000007,258.729166666672,589,23.5,491,565.5,108.5,13.3125,283.270833333328,6193,4931.76745114606,1.25573641931573,256.378744175701,35.6428571428571,21.5444757673553,8,9,1,166.225999999995,130,93.7740000000049,110.8125,307,23.5,128,283.5,-2.82857142857392,-17.1041666666715,200.354166666672,972,611.602338956772,1.58926795744105,142.800513468275,449.571428571429,433.66125444755,2,9,1,1620.38,1306.5,992.619999999995,253.583333333328,2660,23.5,2222,2636.5,496.214285714275,31.9166666666715,1694.41666666667,28499,31737.8032133262,0.897951247868148,1149.16126734631,1,8.5,495.9,1.96007259528131,172.207404022011,2.76468949000095
4,2,0,10,5.35085253780521,21.4034101512209,93,16084,8123,11282,437,0.327050687275678,0,1,-1,0,0.473684210526316,30487,30489.5,30484.75,30488.75,132,0,29679,2026-06-30T15:51:00-05:00,2026-06,-71.5,0.186886107014673,4,0,0,57.7945285942876,1237,21.4919023066874,460,0,0,0,0,115,EQH,2,1,1.72869648988573,EXTERNAL_SWING_CONFIRMATION,145,29679,30487.125,2026-06-30T15:51:00-05:00,1,1,CHOCH_UP,UP,GRAB,-0.428571428571429,Resolved,SSL,2.25,1,BULLISH_FVG,BULLISH_OB,1,2.66312702495909,1.75,30487,30489.5,147,29679,30484.75,30488.75,30484.75,4.75,LOW,2026-06-30T15:51:00-05:00,132,30599.75,HIGH,-0.420493740783014,0.887709008319697,29881,ChartPrimeLow,2026_06.csv,450.5,9.5,450.5,2209.5,1923.5,5306.5,1,external,HL,331.5,29880,21.4919023066874,NQ,6,6,2,2,127.214285714286,105.376808130297,10,3,1,-166.220000000001,-220.5,-274.779999999999,-172.583333333328,460,450.5,-136,9.5,-125.042857142849,-345.083333333328,-134.25,1307,5498.08857546288,0.23771897852518,-238.178438483737,16.9285714285714,8.15430833124052,9,7,1,-157.433999999994,-209,-260.566000000006,-181.6875,437,427.5,-67,9.5,-6.65714285714785,-199.895833333328,0.395833333328483,132,135.715993832147,0.972619337432382,-202.104691491419,449.785714285714,402.844841817476,3,10,1,1153.21000000001,847,540.789999999994,-180.1875,2595,450.5,1954,2144.5,-139.699999999997,-396.4375,1009.1875,49977,36325.4177414929,1.37581349664462,531.166605880615,1,0.75,119.2,1.10738255033557,41.8002392337652,0.306218343115618
5,0,0,10,9.26101899013118,37.0440759605247,129,8673,179,8697,566,1.13378452319222,0,1,1,0,0.648351648351648,30545.75,30553.75,30531,30535.25,535,0,29808,2026-06-30T19:00:00-05:00,2026-06,149.5,0.0269948695998148,1,0,0,40.8432377045198,1513,0,0,7.45058400954889,276,0,0,69,EQL,3,1,2.42953826398333,EXTERNAL_SWING_CONFIRMATION,146,29808,30542.375,2026-06-30T19:00:00-05:00,1,1,CHOCH_UP,UP,NONE,-0.333333333333333,Detected,BSL,4.25,1,BEARISH_FVG,BEARISH_OB,1,3.32036896077722,10.5,30545.75,30553.75,148,29808,30531,30535.25,30553.75,22.75,HIGH,2026-06-30T19:00:00-05:00,535,30484.75,LOW,0.863835827194075,2.45653313358315,-1,ChartPrimeHigh,2026_06.csv,229.5,230.5,229.5,2430.5,1702.5,5527.5,0,external,LH,110.5,-1,7.45058400954889,NQ,3,3,2,3,93.2142857142857,56.6589977856587,9,11,1,63.5660000000062,12,-39.5660000000062,39.3125,437,206.5,-84,230.5,47.1142857142841,-51.7291666666715,203.1875,1080,1056.96922018724,1.02178945173889,14.9070544151618,38.5,27.1775248531362,9,8,1,59.5599999999977,39.5,19.4400000000023,35.9583333333285,170,45.5,52,124.5,58.0714285714203,-6.54166666667152,57.2083333333285,535,164.771383329784,3.24692303474334,46.7091309632233,419.071428571429,403.350391248478,1,5,1,1260.49800000001,976,691.501999999993,21.6458333333285,2411,229.5,2131,2181.5,-140.028571428571,-179.270833333328,1026.22916666667,4388,23592.3332846808,0.185992625106278,692.320629584879,1,8,67.2,7.96130952380952,33.5091032407613,13.9603855298329
5,3,0,10,12.6451676257625,50.58067050305,135,12197,8164,25597,63,0.0988519912898051,0,0,1,0,0.818181818181818,30392.5,30398,30367.75,30391.25,658,0,29943,2026-06-30T21:15:00-05:00,2026-06,-592.5,0.0790815930318441,4,0,0,9.25254638472576,468,14.709176303923,744,0,0,0,0,186,EQL,0,1,0.237244779095532,EXTERNAL_SWING_CONFIRMATION,147,29943,30382.875,2026-06-30T21:15:00-05:00,1,1,CHOCH_DOWN,DOWN,NONE,-0.333333333333333,Detected,SSL,23.5,1,BEARISH_FVG,BEARISH_OB,1,1.79910624147445,1.25,30392.5,30398,149,29943,30367.75,30391.25,30367.75,30.25,LOW,2026-06-30T21:15:00-05:00,658,30553.75,HIGH,-1.95726942753814,2.39221818921328,-1,ChartPrimeActiveLow,2026_06.csv,683.5,60.5,867.5,1687.5,2340.5,4889.5,1,external,LL,132.5,-1,14.709176303923,NQ,5,7,3,3,134.785714285714,97.6892393316835,3,8,1,-223.707999999999,-311.5,-399.292000000001,-606,744,683.5,-442,60.5,-274.157142857148,-637,-389,2375,1555.78174554284,1.52656373993598,-449.89260800225,51.5714285714286,26.3859063257574,8,9,1,-147.690000000002,-212,-276.309999999998,-382.3125,545,484.5,-320,60.5,1.70000000001164,-473.145833333328,-200.645833333328,658,286.339154025091,2.2979742405132,-277.841633810618,433.142857142857,438.488183969879,3,4,1,622.498000000007,338,53.5019999999931,-616.354166666672,2411,867.5,842,1543.5,-876.157142857148,-817.270833333328,287.770833333328,9638,17791.9882645322,0.541704493994808,7.17266818796634,1,5.5,169.55,3.88086110291949,64.8124023625108,7.5363662230569
