feature_a,feature_b,n,covariance
pivot_id,pivot_id,288,1658.35684039876
pivot_id,timeframe,288,0
pivot_id,pivot_index,288,340841.093435443
pivot_id,confirmation_index,288,340841.093435443
pivot_id,confirmation_delay,288,0
pivot_id,pivot_open,288,4032.83261953156
pivot_id,pivot_high,288,3955.47054660277
pivot_id,pivot_low,288,4051.16421977837
pivot_id,pivot_close,288,4005.77873657085
pivot_id,pivot_price,288,3970.24149789488
pivot_id,pivot_volume,288,-2247.49341850561
pivot_id,pivot_range,288,-95.6936731755709
pivot_id,pivot_body,288,-55.9358153068138
pivot_id,upper_wick,288,-35.8672237950058
pivot_id,lower_wick,288,-3.89063407375145
pivot_id,close_position,288,-0.0129367579695101
pivot_id,confirm_open,288,4032.83261953156
pivot_id,confirm_high,288,3955.47054660277
pivot_id,confirm_low,288,4051.16421977837
pivot_id,confirm_close,288,4005.77873657085
pivot_id,confirm_volume,288,-2247.49341850561
pivot_id,atr_14,288,13.8811826040168
pivot_id,range_atr_ratio,288,-5.77192420440536
pivot_id,body_atr_ratio,288,-3.48862960298965
pivot_id,price_to_confirm_close,288,-1.95327148991529
pivot_id,volume_mean_20,288,1034.48906189508
pivot_id,volume_std_20,288,83.4435173187888
pivot_id,volume_ratio_20,288,-7.17419929289232
pivot_id,volume_zscore_20,288,-12.1184003659918
pivot_id,previous_pivot_price,288,3481.03185491678
pivot_id,distance_previous_pivot,288,261.731057031552
pivot_id,bars_previous_pivot,288,196.595443766938
pivot_id,swing_size_atr,288,16.8672852706608
pivot_id,swept_index,288,335369.74084156
pivot_id,resolved_index,288,335369.072057685
pivot_id,bars_since_structure_event,288,-168.536778939218
pivot_id,distance_last_structure_event_atr,288,-50.5480121081566
pivot_id,bos_count_previous_20,288,-0.630625725900117
pivot_id,choch_count_previous_20,288,-0.202501935733643
pivot_id,near_equal_level,288,3.74649148277197
pivot_id,distance_equal_level_atr,288,-28.586127552001
pivot_id,bars_since_equal_level,288,63401.4829413473
pivot_id,inside_fvg,288,3.28415360046457
pivot_id,distance_fvg_atr,288,-5.52945913707176
pivot_id,fvg_size_atr,288,19.3167423621727
pivot_id,bars_since_fvg,288,12930.9240466512
pivot_id,fvg_mitigated,288,0.606925087108015
pivot_id,active_fvg_count_50,288,6.31943234610917
pivot_id,inside_order_block,288,-0.829849012775841
pivot_id,distance_ob_atr,288,-50.754255377329
pivot_id,ob_size_atr,288,-5.67150331657205
pivot_id,bars_since_ob,288,52508.8927845529
pivot_id,ob_invalidated,288,2.10462640340689
pivot_id,active_ob_count_50,288,-0.676538908246224
pivot_id,bsl_count_previous_100,288,-0.287069299264421
pivot_id,ssl_count_previous_100,288,-2.3157060588463
pivot_id,active_bsl_count,288,0.297534359272167
pivot_id,active_ssl_count,288,190.387328203639
pivot_id,distance_nearest_bsl_atr,288,-21.8867338710513
pivot_id,distance_nearest_ssl_atr,288,40.1830521699802
pivot_id,equal_levels_previous_100,288,3.16838463027487
pivot_id,liquidity_imbalance_100,288,-9.57449035732361
timeframe,timeframe,288,0
timeframe,pivot_index,288,0
timeframe,confirmation_index,288,0
timeframe,confirmation_delay,288,0
timeframe,pivot_open,288,0
timeframe,pivot_high,288,0
timeframe,pivot_low,288,0
timeframe,pivot_close,288,0
timeframe,pivot_price,288,0
timeframe,pivot_volume,288,0
timeframe,pivot_range,288,0
timeframe,pivot_body,288,0
timeframe,upper_wick,288,0
timeframe,lower_wick,288,0
timeframe,close_position,288,0
timeframe,confirm_open,288,0
timeframe,confirm_high,288,0
timeframe,confirm_low,288,0
timeframe,confirm_close,288,0
timeframe,confirm_volume,288,0
timeframe,atr_14,288,0
timeframe,range_atr_ratio,288,0
timeframe,body_atr_ratio,288,0
timeframe,price_to_confirm_close,288,0
timeframe,volume_mean_20,288,0
timeframe,volume_std_20,288,0
timeframe,volume_ratio_20,288,0
timeframe,volume_zscore_20,288,0
timeframe,previous_pivot_price,288,0
timeframe,distance_previous_pivot,288,0
timeframe,bars_previous_pivot,288,0
timeframe,swing_size_atr,288,0
timeframe,swept_index,288,0
timeframe,resolved_index,288,0
timeframe,bars_since_structure_event,288,0
timeframe,distance_last_structure_event_atr,288,0
timeframe,bos_count_previous_20,288,0
timeframe,choch_count_previous_20,288,0
timeframe,near_equal_level,288,0
timeframe,distance_equal_level_atr,288,0
timeframe,bars_since_equal_level,288,0
timeframe,inside_fvg,288,0
timeframe,distance_fvg_atr,288,0
timeframe,fvg_size_atr,288,0
timeframe,bars_since_fvg,288,0
timeframe,fvg_mitigated,288,0
timeframe,active_fvg_count_50,288,0
timeframe,inside_order_block,288,0
timeframe,distance_ob_atr,288,0
timeframe,ob_size_atr,288,0
timeframe,bars_since_ob,288,0
timeframe,ob_invalidated,288,0
timeframe,active_ob_count_50,288,0
timeframe,bsl_count_previous_100,288,0
timeframe,ssl_count_previous_100,288,0
timeframe,active_bsl_count,288,0
timeframe,active_ssl_count,288,0
timeframe,distance_nearest_bsl_atr,288,0
timeframe,distance_nearest_ssl_atr,288,0
timeframe,equal_levels_previous_100,288,0
timeframe,liquidity_imbalance_100,288,0
pivot_index,pivot_index,288,70630349.1213585
pivot_index,confirmation_index,288,70630349.1213585
pivot_index,confirmation_delay,288,0
pivot_index,pivot_open,288,1839286.64219173
pivot_index,pivot_high,288,1825329.7590919
pivot_index,pivot_low,288,1840819.66931318
pivot_index,pivot_close,288,1834356.39825603
pivot_index,pivot_price,288,1824552.5604947
pivot_index,pivot_volume,288,-423144.927022841
pivot_index,pivot_range,288,-15489.9102212786
pivot_index,pivot_body,288,-9232.43495632503
pivot_index,upper_wick,288,-6875.54365381823
pivot_index,lower_wick,288,618.068388864695
pivot_index,close_position,288,15.1958479128873
pivot_index,confirm_open,288,1839286.64219173
pivot_index,confirm_high,288,1825329.7590919
pivot_index,confirm_low,288,1840819.66931318
pivot_index,confirm_close,288,1834356.39825603
pivot_index,confirm_volume,288,-423144.927022841
pivot_index,atr_14,288,5602.91644300181
pivot_index,range_atr_ratio,288,-1233.37054206651
pivot_index,body_atr_ratio,288,-720.117681649106
pivot_index,price_to_confirm_close,288,-540.224476589438
pivot_index,volume_mean_20,288,244258.380065573
pivot_index,volume_std_20,288,20781.1393713173
pivot_index,volume_ratio_20,288,-1704.19586313631
pivot_index,volume_zscore_20,288,-2779.75969919456
pivot_index,previous_pivot_price,288,1746269.15143486
pivot_index,distance_previous_pivot,288,93409.0649105934
pivot_index,bars_previous_pivot,288,45991.2080550716
pivot_index,swing_size_atr,288,3163.55730355204
pivot_index,swept_index,288,69491330.4873088
pivot_index,resolved_index,288,69491180.4787553
pivot_index,bars_since_structure_event,288,-21994.7570654278
pivot_index,distance_last_structure_event_atr,288,-11752.6848400317
pivot_index,bos_count_previous_20,288,-114.425776713124
pivot_index,choch_count_previous_20,288,-42.8888162988774
pivot_index,near_equal_level,288,858.779495741386
pivot_index,distance_equal_level_atr,288,-6334.44081159215
pivot_index,bars_since_equal_level,288,14991993.3119193
pivot_index,inside_fvg,288,776.029653019745
pivot_index,distance_fvg_atr,288,-1290.13551346562
pivot_index,fvg_size_atr,288,3279.41591696473
pivot_index,bars_since_fvg,288,3211389.67772455
pivot_index,fvg_mitigated,288,157.088632404181
pivot_index,active_fvg_count_50,288,1343.06667392567
pivot_index,inside_order_block,288,-113.170150987224
pivot_index,distance_ob_atr,288,-13775.7234056163
pivot_index,ob_size_atr,288,-1028.36275735315
pivot_index,bars_since_ob,288,12659676.6816928
pivot_index,ob_invalidated,288,454.178184281842
pivot_index,active_ob_count_50,288,-124.999419279907
pivot_index,bsl_count_previous_100,288,-72.0625241966706
pivot_index,ssl_count_previous_100,288,-424.49751984127
pivot_index,active_bsl_count,288,757.516417440961
pivot_index,active_ssl_count,288,37377.2598117499
pivot_index,distance_nearest_bsl_atr,288,-3616.32199625498
pivot_index,distance_nearest_ssl_atr,288,7062.81549631507
pivot_index,equal_levels_previous_100,288,586.136348238482
pivot_index,liquidity_imbalance_100,288,-1827.01466258122
confirmation_index,confirmation_index,288,70630349.1213585
confirmation_index,confirmation_delay,288,0
confirmation_index,pivot_open,288,1839286.64219173
confirmation_index,pivot_high,288,1825329.7590919
confirmation_index,pivot_low,288,1840819.66931318
confirmation_index,pivot_close,288,1834356.39825603
confirmation_index,pivot_price,288,1824552.5604947
confirmation_index,pivot_volume,288,-423144.927022841
confirmation_index,pivot_range,288,-15489.9102212786
confirmation_index,pivot_body,288,-9232.43495632503
confirmation_index,upper_wick,288,-6875.54365381823
confirmation_index,lower_wick,288,618.068388864695
confirmation_index,close_position,288,15.1958479128873
confirmation_index,confirm_open,288,1839286.64219173
confirmation_index,confirm_high,288,1825329.7590919
confirmation_index,confirm_low,288,1840819.66931318
confirmation_index,confirm_close,288,1834356.39825603
confirmation_index,confirm_volume,288,-423144.927022841
confirmation_index,atr_14,288,5602.91644300181
confirmation_index,range_atr_ratio,288,-1233.37054206651
confirmation_index,body_atr_ratio,288,-720.117681649106
confirmation_index,price_to_confirm_close,288,-540.224476589438
confirmation_index,volume_mean_20,288,244258.380065573
confirmation_index,volume_std_20,288,20781.1393713173
confirmation_index,volume_ratio_20,288,-1704.19586313631
confirmation_index,volume_zscore_20,288,-2779.75969919456
confirmation_index,previous_pivot_price,288,1746269.15143486
confirmation_index,distance_previous_pivot,288,93409.0649105934
confirmation_index,bars_previous_pivot,288,45991.2080550716
confirmation_index,swing_size_atr,288,3163.55730355204
confirmation_index,swept_index,288,69491330.4873088
confirmation_index,resolved_index,288,69491180.4787553
confirmation_index,bars_since_structure_event,288,-21994.7570654278
confirmation_index,distance_last_structure_event_atr,288,-11752.6848400317
confirmation_index,bos_count_previous_20,288,-114.425776713124
confirmation_index,choch_count_previous_20,288,-42.8888162988774
confirmation_index,near_equal_level,288,858.779495741386
confirmation_index,distance_equal_level_atr,288,-6334.44081159215
confirmation_index,bars_since_equal_level,288,14991993.3119193
confirmation_index,inside_fvg,288,776.029653019745
confirmation_index,distance_fvg_atr,288,-1290.13551346562
confirmation_index,fvg_size_atr,288,3279.41591696473
confirmation_index,bars_since_fvg,288,3211389.67772455
confirmation_index,fvg_mitigated,288,157.088632404181
confirmation_index,active_fvg_count_50,288,1343.06667392567
confirmation_index,inside_order_block,288,-113.170150987224
confirmation_index,distance_ob_atr,288,-13775.7234056163
confirmation_index,ob_size_atr,288,-1028.36275735315
confirmation_index,bars_since_ob,288,12659676.6816928
confirmation_index,ob_invalidated,288,454.178184281842
confirmation_index,active_ob_count_50,288,-124.999419279907
confirmation_index,bsl_count_previous_100,288,-72.0625241966706
confirmation_index,ssl_count_previous_100,288,-424.49751984127
confirmation_index,active_bsl_count,288,757.516417440961
confirmation_index,active_ssl_count,288,37377.2598117499
confirmation_index,distance_nearest_bsl_atr,288,-3616.32199625498
confirmation_index,distance_nearest_ssl_atr,288,7062.81549631507
confirmation_index,equal_levels_previous_100,288,586.136348238482
confirmation_index,liquidity_imbalance_100,288,-1827.01466258122
confirmation_delay,confirmation_delay,288,0
confirmation_delay,pivot_open,288,0
confirmation_delay,pivot_high,288,0
confirmation_delay,pivot_low,288,0
confirmation_delay,pivot_close,288,0
confirmation_delay,pivot_price,288,0
confirmation_delay,pivot_volume,288,0
confirmation_delay,pivot_range,288,0
confirmation_delay,pivot_body,288,0
confirmation_delay,upper_wick,288,0
confirmation_delay,lower_wick,288,0
confirmation_delay,close_position,288,0
confirmation_delay,confirm_open,288,0
confirmation_delay,confirm_high,288,0
confirmation_delay,confirm_low,288,0
confirmation_delay,confirm_close,288,0
confirmation_delay,confirm_volume,288,0
confirmation_delay,atr_14,288,0
confirmation_delay,range_atr_ratio,288,0
confirmation_delay,body_atr_ratio,288,0
confirmation_delay,price_to_confirm_close,288,0
confirmation_delay,volume_mean_20,288,0
confirmation_delay,volume_std_20,288,0
confirmation_delay,volume_ratio_20,288,0
confirmation_delay,volume_zscore_20,288,0
confirmation_delay,previous_pivot_price,288,0
confirmation_delay,distance_previous_pivot,288,0
confirmation_delay,bars_previous_pivot,288,0
confirmation_delay,swing_size_atr,288,0
confirmation_delay,swept_index,288,0
confirmation_delay,resolved_index,288,0
confirmation_delay,bars_since_structure_event,288,0
confirmation_delay,distance_last_structure_event_atr,288,0
confirmation_delay,bos_count_previous_20,288,0
confirmation_delay,choch_count_previous_20,288,0
confirmation_delay,near_equal_level,288,0
confirmation_delay,distance_equal_level_atr,288,0
confirmation_delay,bars_since_equal_level,288,0
confirmation_delay,inside_fvg,288,0
confirmation_delay,distance_fvg_atr,288,0
confirmation_delay,fvg_size_atr,288,0
confirmation_delay,bars_since_fvg,288,0
confirmation_delay,fvg_mitigated,288,0
confirmation_delay,active_fvg_count_50,288,0
confirmation_delay,inside_order_block,288,0
confirmation_delay,distance_ob_atr,288,0
confirmation_delay,ob_size_atr,288,0
confirmation_delay,bars_since_ob,288,0
confirmation_delay,ob_invalidated,288,0
confirmation_delay,active_ob_count_50,288,0
confirmation_delay,bsl_count_previous_100,288,0
confirmation_delay,ssl_count_previous_100,288,0
confirmation_delay,active_bsl_count,288,0
confirmation_delay,active_ssl_count,288,0
confirmation_delay,distance_nearest_bsl_atr,288,0
confirmation_delay,distance_nearest_ssl_atr,288,0
confirmation_delay,equal_levels_previous_100,288,0
confirmation_delay,liquidity_imbalance_100,288,0
pivot_open,pivot_open,288,4822287.71354771
pivot_open,pivot_high,288,4821980.78685758
pivot_open,pivot_low,288,4816858.33153371
pivot_open,pivot_close,288,4821617.94066674
pivot_open,pivot_price,288,4814356.77320158
pivot_open,pivot_volume,288,163293.729481223
pivot_open,pivot_range,288,5122.45532387243
pivot_open,pivot_body,288,3178.85774474932
pivot_open,upper_wick,288,-1561.46912202381
pivot_open,lower_wick,288,3505.06670114692
pivot_open,close_position,288,28.7748967357787
pivot_open,confirm_open,288,4822287.71354771
pivot_open,confirm_high,288,4821980.78685758
pivot_open,confirm_low,288,4816858.33153371
pivot_open,confirm_close,288,4821617.94066674
pivot_open,confirm_volume,288,163293.729481223
pivot_open,atr_14,288,7400.4147115696
pivot_open,range_atr_ratio,288,-454.362682469991
pivot_open,body_atr_ratio,288,-178.243208943829
pivot_open,price_to_confirm_close,288,-381.767484247472
pivot_open,volume_mean_20,288,220828.940641938
pivot_open,volume_std_20,288,97448.8633573245
pivot_open,volume_ratio_20,288,-1279.96711455525
pivot_open,volume_zscore_20,288,-1895.88431037457
pivot_open,previous_pivot_price,288,4835434.6068646
pivot_open,distance_previous_pivot,288,95335.6636511565
pivot_open,bars_previous_pivot,288,-2233.41992111884
pivot_open,swing_size_atr,288,-2278.48457202699
pivot_open,swept_index,288,2266021.23171941
pivot_open,resolved_index,288,2265999.56121758
pivot_open,bars_since_structure_event,288,-12195.3055555556
pivot_open,distance_last_structure_event_atr,288,-7806.32361633428
pivot_open,bos_count_previous_20,288,44.8749637049942
pivot_open,choch_count_previous_20,288,-12.7191008517228
pivot_open,near_equal_level,288,122.282254161827
pivot_open,distance_equal_level_atr,288,-289.857806397398
pivot_open,bars_since_equal_level,288,3640439.8175813
pivot_open,inside_fvg,288,183.961926538908
pivot_open,distance_fvg_atr,288,-200.326075509026
pivot_open,fvg_size_atr,288,-1366.98959932318
pivot_open,bars_since_fvg,288,936342.915674602
pivot_open,fvg_mitigated,288,22.1596254355401
pivot_open,active_fvg_count_50,288,265.072989256678
pivot_open,inside_order_block,288,188.918699186992
pivot_open,distance_ob_atr,288,-9552.36323229076
pivot_open,ob_size_atr,288,351.192925800079
pivot_open,bars_since_ob,288,3319188.9382259
pivot_open,ob_invalidated,288,-41.1063685636856
pivot_open,active_ob_count_50,288,65.0885598141696
pivot_open,bsl_count_previous_100,288,17.7618079752226
pivot_open,ssl_count_previous_100,288,78.2133541424699
pivot_open,active_bsl_count,288,2303.46422522261
pivot_open,active_ssl_count,288,-3053.78497628726
pivot_open,distance_nearest_bsl_atr,288,624.454318445093
pivot_open,distance_nearest_ssl_atr,288,-2902.31259097965
pivot_open,equal_levels_previous_100,288,-308.011590205188
pivot_open,liquidity_imbalance_100,288,402.834649909677
pivot_high,pivot_high,288,4821956.3486226
pivot_high,pivot_low,288,4816546.89986662
pivot_high,pivot_close,288,4821492.83472616
pivot_high,pivot_price,288,4814245.38122006
pivot_high,pivot_volume,288,172957.898954704
pivot_high,pivot_range,288,5409.44875598868
pivot_high,pivot_body,288,3311.66780542247
pivot_high,upper_wick,288,-1436.296071973
pivot_high,lower_wick,288,3534.0770225392
pivot_high,close_position,288,29.2394022454402
pivot_high,confirm_open,288,4821980.78685758
pivot_high,confirm_high,288,4821956.3486226
pivot_high,confirm_low,288,4816546.89986662
pivot_high,confirm_close,288,4821492.83472616
pivot_high,confirm_volume,288,172957.898954704
pivot_high,atr_14,288,7477.77667163801
pivot_high,range_atr_ratio,288,-444.443848782652
pivot_high,body_atr_ratio,288,-174.366524864404
pivot_high,price_to_confirm_close,288,-376.632025766171
pivot_high,volume_mean_20,288,223554.80715919
pivot_high,volume_std_20,288,99416.2649191027
pivot_high,volume_ratio_20,288,-1257.65143651842
pivot_high,volume_zscore_20,288,-1861.94227366706
pivot_high,previous_pivot_price,288,4834872.94038545
pivot_high,distance_previous_pivot,288,95949.255838959
pivot_high,bars_previous_pivot,288,-2278.95268945993
pivot_high,swing_size_atr,288,-2310.87268813411
pivot_high,swept_index,288,2251507.18287238
pivot_high,resolved_index,288,2251485.47931184
pivot_high,bars_since_structure_event,288,-12751.118466899
pivot_high,distance_last_structure_event_atr,288,-7852.9690523995
pivot_high,bos_count_previous_20,288,45.3187608885017
pivot_high,choch_count_previous_20,288,-12.3306837979094
pivot_high,near_equal_level,288,121.912783101045
pivot_high,distance_equal_level_atr,288,-290.993335192496
pivot_high,bars_since_equal_level,288,3649192.31652875
pivot_high,inside_fvg,288,183.511051829268
pivot_high,distance_fvg_atr,288,-198.120594805708
pivot_high,fvg_size_atr,288,-1359.66385821803
pivot_high,bars_since_fvg,288,940097.307600173
pivot_high,fvg_mitigated,288,22.0852569686411
pivot_high,active_fvg_count_50,288,259.322245209059
pivot_high,inside_order_block,288,189.246515679442
pivot_high,distance_ob_atr,288,-9584.92126023971
pivot_high,ob_size_atr,288,348.760514091946
pivot_high,bars_since_ob,288,3323008.38556185
pivot_high,ob_invalidated,288,-40.9202961672473
pivot_high,active_ob_count_50,288,65.7691637630662
pivot_high,bsl_count_previous_100,288,19.1228222996516
pivot_high,ssl_count_previous_100,288,77.5804115853658
pivot_high,active_bsl_count,288,2306.34609102787
pivot_high,active_ssl_count,288,-3074.03859973868
pivot_high,distance_nearest_bsl_atr,288,594.557984806665
pivot_high,distance_nearest_ssl_atr,288,-2903.11727732095
pivot_high,equal_levels_previous_100,288,-307.744446864112
pivot_high,liquidity_imbalance_100,288,404.388267341156
pivot_low,pivot_low,288,4811802.81803423
pivot_low,pivot_close,288,4816398.5954536
pivot_low,pivot_price,288,4809339.51471536
pivot_low,pivot_volume,288,150686.440427797
pivot_low,pivot_range,288,4744.08183238361
pivot_low,pivot_body,288,2995.39680498088
pivot_low,upper_wick,288,-1579.26202952599
pivot_low,lower_wick,288,3327.94705692872
pivot_low,close_position,288,29.4945379035798
pivot_low,confirm_open,288,4816858.33153371
pivot_low,confirm_high,288,4816546.89986662
pivot_low,confirm_low,288,4811802.81803423
pivot_low,confirm_close,288,4816398.5954536
pivot_low,confirm_volume,288,150686.440427797
pivot_low,atr_14,288,7300.66644780118
pivot_low,range_atr_ratio,288,-463.09525109097
pivot_low,body_atr_ratio,288,-182.424176934757
pivot_low,price_to_confirm_close,288,-373.392882417593
pivot_low,volume_mean_20,288,217461.242972984
pivot_low,volume_std_20,288,96190.0656704142
pivot_low,volume_ratio_20,288,-1294.69210360169
pivot_low,volume_zscore_20,288,-1927.84499207374
pivot_low,previous_pivot_price,288,4828182.40498271
pivot_low,distance_previous_pivot,288,94986.9768747883
pivot_low,bars_previous_pivot,288,-1817.26509569783
pivot_low,swing_size_atr,288,-2210.919087337
pivot_low,swept_index,288,2265350.70650346
pivot_low,resolved_index,288,2265326.84108836
pivot_low,bars_since_structure_event,288,-11670.6663279133
pivot_low,distance_last_structure_event_atr,288,-7755.68415671771
pivot_low,bos_count_previous_20,288,44.9082552990708
pivot_low,choch_count_previous_20,288,-12.9921663279133
pivot_low,near_equal_level,288,120.524505178087
pivot_low,distance_equal_level_atr,288,-284.753887749835
pivot_low,bars_since_equal_level,288,3623591.82340665
pivot_low,inside_fvg,288,182.869238167828
pivot_low,distance_fvg_atr,288,-198.295262487601
pivot_low,fvg_size_atr,288,-1356.04523970757
pivot_low,bars_since_fvg,288,931058.082250533
pivot_low,fvg_mitigated,288,21.8599194250869
pivot_low,active_fvg_count_50,288,267.916385380372
pivot_low,inside_order_block,288,188.369483159117
pivot_low,distance_ob_atr,288,-9511.24018039683
pivot_low,ob_size_atr,288,354.986751159041
pivot_low,bars_since_ob,288,3305008.89450857
pivot_low,ob_invalidated,288,-41.2199719318622
pivot_low,active_ob_count_50,288,64.8416085946573
pivot_low,bsl_count_previous_100,288,18.5142760356175
pivot_low,ssl_count_previous_100,288,74.5637370547813
pivot_low,active_bsl_count,288,2295.22837120112
pivot_low,active_ssl_count,288,-3041.81596314847
pivot_low,distance_nearest_bsl_atr,288,584.333619358055
pivot_low,distance_nearest_ssl_atr,288,-2793.72182712778
pivot_low,equal_levels_previous_100,288,-304.349696331785
pivot_low,liquidity_imbalance_100,288,401.568836459009
pivot_close,pivot_close,288,4821281.80057028
pivot_close,pivot_price,288,4813992.8516918
pivot_close,pivot_volume,288,162199.369483159
pivot_close,pivot_range,288,5094.23927255735
pivot_close,pivot_body,288,3167.23090202163
pivot_close,upper_wick,288,-1540.6513433689
pivot_close,lower_wick,288,3467.65971390462
pivot_close,close_position,288,31.3821000122581
pivot_close,confirm_open,288,4821617.94066674
pivot_close,confirm_high,288,4821492.83472616
pivot_close,confirm_low,288,4816398.5954536
pivot_close,confirm_close,288,4821281.80057028
pivot_close,confirm_volume,288,162199.369483159
pivot_close,atr_14,288,7397.39167497538
pivot_close,range_atr_ratio,288,-454.61247847294
pivot_close,body_atr_ratio,288,-178.393795656813
pivot_close,price_to_confirm_close,288,-380.800808229662
pivot_close,volume_mean_20,288,220694.365990672
pivot_close,volume_std_20,288,98322.3161967134
pivot_close,volume_ratio_20,288,-1280.1862993867
pivot_close,volume_zscore_20,288,-1902.61038188389
pivot_close,previous_pivot_price,288,4834098.01038944
pivot_close,distance_previous_pivot,288,95622.5333210838
pivot_close,bars_previous_pivot,288,-1911.0209694396
pivot_close,swing_size_atr,288,-2257.97711065907
pivot_close,swept_index,288,2257328.62074441
pivot_close,resolved_index,288,2257305.5479457
pivot_close,bars_since_structure_event,288,-12140.1212253194
pivot_close,distance_last_structure_event_atr,288,-7809.87943025886
pivot_close,bos_count_previous_20,288,45.1052101480836
pivot_close,choch_count_previous_20,288,-12.5024862078978
pivot_close,near_equal_level,288,121.373893002323
pivot_close,distance_equal_level_atr,288,-288.534781560077
pivot_close,bars_since_equal_level,288,3639918.0403419
pivot_close,inside_fvg,288,183.486416594077
pivot_close,distance_fvg_atr,288,-198.976377242171
pivot_close,fvg_size_atr,288,-1358.51671554691
pivot_close,bars_since_fvg,288,937218.399045443
pivot_close,fvg_mitigated,288,22.127232142857
pivot_close,active_fvg_count_50,288,262.614792029616
pivot_close,inside_order_block,288,188.623257839721
pivot_close,distance_ob_atr,288,-9556.81145322944
pivot_close,ob_size_atr,288,351.569197604245
pivot_close,bars_since_ob,288,3315429.07943162
pivot_close,ob_invalidated,288,-40.5887775842044
pivot_close,active_ob_count_50,288,65.3532229965156
pivot_close,bsl_count_previous_100,288,18.1017711962834
pivot_close,ssl_count_previous_100,288,76.2930549506388
pivot_close,active_bsl_count,288,2301.88103404471
pivot_close,active_ssl_count,288,-3059.82296203543
pivot_close,distance_nearest_bsl_atr,288,601.230070494433
pivot_close,distance_nearest_ssl_atr,288,-2856.38661118839
pivot_close,equal_levels_previous_100,288,-305.581464140534
pivot_close,liquidity_imbalance_100,288,403.24707206557
pivot_price,pivot_price,288,4807199.65542655
pivot_price,pivot_volume,288,157561.721399535
pivot_price,pivot_range,288,4905.8665047002
pivot_price,pivot_body,288,3062.72409670805
pivot_price,upper_wick,288,-1460.79327498911
pivot_price,lower_wick,288,3303.93568298128
pivot_price,close_position,288,28.7535724378107
pivot_price,confirm_open,288,4814356.77320158
pivot_price,confirm_high,288,4814245.38122006
pivot_price,confirm_low,288,4809339.51471536
pivot_price,confirm_close,288,4813992.8516918
pivot_price,confirm_volume,288,157561.721399535
pivot_price,atr_14,288,7336.25339396572
pivot_price,range_atr_ratio,288,-454.569430756419
pivot_price,body_atr_ratio,288,-179.326077326198
pivot_price,price_to_confirm_close,288,-358.328391270511
pivot_price,volume_mean_20,288,219670.177989801
pivot_price,volume_std_20,288,97636.49678057
pivot_price,volume_ratio_20,288,-1275.45125981886
pivot_price,volume_zscore_20,288,-1901.21646176129
pivot_price,previous_pivot_price,288,4823066.83573788
pivot_price,distance_previous_pivot,288,95314.9899304044
pivot_price,bars_previous_pivot,288,-1989.25637884727
pivot_price,swing_size_atr,288,-2222.62924923597
pivot_price,swept_index,288,2248786.69064859
pivot_price,resolved_index,288,2248763.81362514
pivot_price,bars_since_structure_event,288,-12052.9217479675
pivot_price,distance_last_structure_event_atr,288,-7790.96654064877
pivot_price,bos_count_previous_20,288,44.9373094512194
pivot_price,choch_count_previous_20,288,-12.4567545005807
pivot_price,near_equal_level,288,120.052899970964
pivot_price,distance_equal_level_atr,288,-286.060433813277
pivot_price,bars_since_equal_level,288,3620475.98415723
pivot_price,inside_fvg,288,182.255798127178
pivot_price,distance_fvg_atr,288,-195.700904861998
pivot_price,fvg_size_atr,288,-1351.32412209143
pivot_price,bars_since_fvg,288,929730.060630807
pivot_price,fvg_mitigated,288,21.8184342334493
pivot_price,active_fvg_count_50,288,262.012222343205
pivot_price,inside_order_block,288,189.019599303136
pivot_price,distance_ob_atr,288,-9533.09080588358
pivot_price,ob_size_atr,288,354.375041079752
pivot_price,bars_since_ob,288,3303519.91784625
pivot_price,ob_invalidated,288,-41.396268873403
pivot_price,active_ob_count_50,288,65.3122822299651
pivot_price,bsl_count_previous_100,288,22.9632694541231
pivot_price,ssl_count_previous_100,288,71.5306420586527
pivot_price,active_bsl_count,288,2297.7728023374
pivot_price,active_ssl_count,288,-3057.90375471835
pivot_price,distance_nearest_bsl_atr,288,501.126586974785
pivot_price,distance_nearest_ssl_atr,288,-2722.06778657002
pivot_price,equal_levels_previous_100,288,-303.432944976771
pivot_price,liquidity_imbalance_100,288,402.960081676461
pivot_volume,pivot_volume,288,1512539.13511421
pivot_volume,pivot_range,288,22271.4585269067
pivot_volume,pivot_body,288,9254.4617208672
pivot_volume,upper_wick,288,5584.11861207899
pivot_volume,lower_wick,288,7432.87819396051
pivot_volume,close_position,288,-11.430203883628
pivot_volume,confirm_open,288,163293.729481223
pivot_volume,confirm_high,288,172957.898954704
pivot_volume,confirm_low,288,150686.440427797
pivot_volume,confirm_close,288,162199.369483159
pivot_volume,confirm_volume,288,1512539.13511421
pivot_volume,atr_14,288,7385.59017596277
pivot_volume,range_atr_ratio,288,517.693927196067
pivot_volume,body_atr_ratio,288,144.383486740545
pivot_volume,price_to_confirm_close,288,-30.4011335758704
pivot_volume,volume_mean_20,288,465897.300619435
pivot_volume,volume_std_20,288,274689.132058437
pivot_volume,volume_ratio_20,288,1502.03562455852
pivot_volume,volume_zscore_20,288,2411.85583684104
pivot_volume,previous_pivot_price,288,200830.089624468
pivot_volume,distance_previous_pivot,288,24724.0766066589
pivot_volume,bars_previous_pivot,288,-31192.8859852884
pivot_volume,swing_size_atr,288,-5264.09957318551
pivot_volume,swept_index,288,-268532.982384824
pivot_volume,resolved_index,288,-268447.208672087
pivot_volume,bars_since_structure_event,288,-66269.2791327913
pivot_volume,distance_last_structure_event_atr,288,-5221.26390355551
pivot_volume,bos_count_previous_20,288,16.9157955865273
pivot_volume,choch_count_previous_20,288,40.1494386372435
pivot_volume,near_equal_level,288,1.11188540456834
pivot_volume,distance_equal_level_atr,288,-199.982931200628
pivot_volume,bars_since_equal_level,288,661609.795586528
pivot_volume,inside_fvg,288,-29.4001161440186
pivot_volume,distance_fvg_atr,288,112.020825022337
pivot_volume,fvg_size_atr,288,-161.156991131046
pivot_volume,bars_since_fvg,288,291758.807588076
pivot_volume,fvg_mitigated,288,-14.0069686411151
pivot_volume,active_fvg_count_50,288,-374.863530778165
pivot_volume,inside_order_block,288,-4.2137049941928
pivot_volume,distance_ob_atr,288,-3001.01303281706
pivot_volume,ob_size_atr,288,-361.580919367562
pivot_volume,bars_since_ob,288,297921.109175377
pivot_volume,ob_invalidated,288,-0.32210607820364
pivot_volume,active_ob_count_50,288,49.1521486643437
pivot_volume,bsl_count_previous_100,288,92.289972899729
pivot_volume,ssl_count_previous_100,288,104.169763840495
pivot_volume,active_bsl_count,288,-12.58633372048
pivot_volume,active_ssl_count,288,-444.294812233837
pivot_volume,distance_nearest_bsl_atr,288,-935.84180465054
pivot_volume,distance_nearest_ssl_atr,288,-4324.38583745821
pivot_volume,equal_levels_previous_100,288,-178.725512969415
pivot_volume,liquidity_imbalance_100,288,9.3348720494626
pivot_range,pivot_range,288,665.366923605062
pivot_range,pivot_body,288,316.271000441589
pivot_range,upper_wick,288,142.965957552991
pivot_range,lower_wick,288,206.129965610482
pivot_range,close_position,288,-0.255135658139642
pivot_range,confirm_open,288,5122.45532387243
pivot_range,confirm_high,288,5409.44875598868
pivot_range,confirm_low,288,4744.08183238361
pivot_range,confirm_close,288,5094.23927255735
pivot_range,confirm_volume,288,22271.4585269067
pivot_range,atr_14,288,177.110223836826
pivot_range,range_atr_ratio,288,18.6514023083186
pivot_range,body_atr_ratio,288,8.05765207035272
pivot_range,price_to_confirm_close,288,-3.23914334857787
pivot_range,volume_mean_20,288,6093.56418620548
pivot_range,volume_std_20,288,3226.19924868862
pivot_range,volume_ratio_20,288,37.0406670832708
pivot_range,volume_zscore_20,288,65.9027184066802
pivot_range,previous_pivot_price,288,6690.53540275358
pivot_range,distance_previous_pivot,288,962.27896417078
pivot_range,bars_previous_pivot,288,-461.687593762099
pivot_range,swing_size_atr,288,-99.9536007971049
pivot_range,swept_index,288,-13843.5236310734
pivot_range,resolved_index,288,-13841.3617765196
pivot_range,bars_since_structure_event,288,-1080.45213898568
pivot_range,distance_last_structure_event_atr,288,-97.2848956817812
pivot_range,bos_count_previous_20,288,0.410505589430895
pivot_range,choch_count_previous_20,288,0.661482530003871
pivot_range,near_equal_level,288,1.3882779229578
pivot_range,distance_equal_level_atr,288,-6.23944744266105
pivot_range,bars_since_equal_level,288,25600.4931220964
pivot_range,inside_fvg,288,0.641813661440185
pivot_range,distance_fvg_atr,288,0.174667681893309
pivot_range,fvg_size_atr,288,-3.61861851045951
pivot_range,bars_since_fvg,288,9039.22534964188
pivot_range,fvg_mitigated,288,0.225337543554009
pivot_range,active_fvg_count_50,288,-8.59414017131244
pivot_range,inside_order_block,288,0.877032520325203
pivot_range,distance_ob_atr,288,-73.6810798428886
pivot_range,ob_size_atr,288,-6.22623706709536
pivot_range,bars_since_ob,288,17999.4910532811
pivot_range,ob_invalidated,288,0.299675764614789
pivot_range,active_ob_count_50,288,0.927555168408827
pivot_range,bsl_count_previous_100,288,0.60854626403407
pivot_range,ssl_count_previous_100,288,3.01667453058459
pivot_range,active_bsl_count,288,11.1177198267518
pivot_range,active_ssl_count,288,-32.2226365902052
pivot_range,distance_nearest_bsl_atr,288,10.2243654486112
pivot_range,distance_nearest_ssl_atr,288,-109.39545019317
pivot_range,equal_levels_previous_100,288,-3.39475053232675
pivot_range,liquidity_imbalance_100,288,2.81943088214765
pivot_body,pivot_body,288,206.258020440137
pivot_body,upper_wick,288,35.494471816928
pivot_body,lower_wick,288,74.5185081845239
pivot_body,close_position,288,-0.0104522202116955
pivot_body,confirm_open,288,3178.85774474932
pivot_body,confirm_high,288,3311.66780542247
pivot_body,confirm_low,288,2995.39680498088
pivot_body,confirm_close,288,3167.23090202163
pivot_body,confirm_volume,288,9254.4617208672
pivot_body,atr_14,288,85.6282733886256
pivot_body,range_atr_ratio,288,7.94615486948622
pivot_body,body_atr_ratio,288,6.36340741141605
pivot_body,price_to_confirm_close,288,-2.37706092837111
pivot_body,volume_mean_20,288,3168.97998360676
pivot_body,volume_std_20,288,1761.37375283339
pivot_body,volume_ratio_20,288,9.03233174875868
pivot_body,volume_zscore_20,288,19.0403573689274
pivot_body,previous_pivot_price,288,3884.2330472077
pivot_body,distance_previous_pivot,288,619.86105893704
pivot_body,bars_previous_pivot,288,-82.9191740466512
pivot_body,swing_size_atr,288,-35.1880268958165
pivot_body,swept_index,288,-8288.91668783875
pivot_body,resolved_index,288,-8287.69285956251
pivot_body,bars_since_structure_event,288,-590.081639566395
pivot_body,distance_last_structure_event_atr,288,-37.9154145375885
pivot_body,bos_count_previous_20,288,0.347297836817654
pivot_body,choch_count_previous_20,288,0.169939266356949
pivot_body,near_equal_level,288,0.654429200542005
pivot_body,distance_equal_level_atr,288,-2.51200006171794
pivot_body,bars_since_equal_level,288,10960.9838668699
pivot_body,inside_fvg,288,0.358875943670151
pivot_body,distance_fvg_atr,288,-0.525566031560392
pivot_body,fvg_size_atr,288,-0.458544430728597
pivot_body,bars_since_fvg,288,4570.63370475223
pivot_body,fvg_mitigated,288,0.140733885017421
pivot_body,active_fvg_count_50,288,-3.76274862078978
pivot_body,inside_order_block,288,0.366579558652729
pivot_body,distance_ob_atr,288,-33.6771960488969
pivot_body,ob_size_atr,288,-2.90427289717718
pivot_body,bars_since_ob,288,10211.8278346399
pivot_body,ob_invalidated,288,0.113119434765776
pivot_body,active_ob_count_50,288,0.571283391405343
pivot_body,bsl_count_previous_100,288,0.509533488192024
pivot_body,ssl_count_previous_100,288,1.43056462930701
pivot_body,active_bsl_count,288,5.5429339672861
pivot_body,active_ssl_count,288,-17.23960450542
pivot_body,distance_nearest_bsl_atr,288,9.32679703673937
pivot_body,distance_nearest_ssl_atr,288,-43.34623735859
pivot_body,equal_levels_previous_100,288,-1.56718810491676
pivot_body,liquidity_imbalance_100,288,1.53419445968708
upper_wick,upper_wick,288,97.0169248148953
upper_wick,lower_wick,288,10.4545609211672
upper_wick,close_position,288,-0.833870018472392
upper_wick,confirm_open,288,-1561.46912202381
upper_wick,confirm_high,288,-1436.296071973
upper_wick,confirm_low,288,-1579.26202952599
upper_wick,confirm_close,288,-1540.6513433689
upper_wick,confirm_volume,288,5584.11861207899
upper_wick,atr_14,288,36.0593416712054
upper_wick,range_atr_ratio,288,6.07065425407005
upper_wick,body_atr_ratio,288,0.770273730208862
upper_wick,price_to_confirm_close,288,5.84065093658195
upper_wick,volume_mean_20,288,1208.66385108159
upper_wick,volume_std_20,288,649.988265667205
upper_wick,volume_ratio_20,288,17.909104578178
upper_wick,volume_zscore_20,288,27.7848937777058
upper_wick,previous_pivot_price,288,-1835.48476517131
upper_wick,distance_previous_pivot,288,160.226823370354
upper_wick,bars_previous_pivot,288,-165.272657157375
upper_wick,swing_size_atr,288,-25.047833343168
upper_wick,swept_index,288,-6023.28501560684
upper_wick,resolved_index,288,-6023.22884001162
upper_wick,bars_since_structure_event,288,-288.364256678281
upper_wick,distance_last_structure_event_atr,288,-25.9098218341272
upper_wick,bos_count_previous_20,288,0.155025043554007
upper_wick,choch_count_previous_20,288,0.195140098722416
upper_wick,near_equal_level,288,-0.242505081300813
upper_wick,distance_equal_level_atr,288,-0.541041182900031
upper_wick,bars_since_equal_level,288,3532.8956337108
upper_wick,inside_fvg,288,-0.392557709059234
upper_wick,distance_fvg_atr,288,1.79341458567048
upper_wick,fvg_size_atr,288,3.31857143237747
upper_wick,bars_since_fvg,288,1031.33338777584
upper_wick,fvg_mitigated,288,-0.128538763066202
upper_wick,active_fvg_count_50,288,-2.64027112369337
upper_wick,inside_order_block,288,0.292247386759582
upper_wick,distance_ob_atr,288,-13.4953194551673
upper_wick,ob_size_atr,288,-1.16841116162754
upper_wick,bars_since_ob,288,593.46281576655
upper_wick,ob_invalidated,288,-0.12928281068525
upper_wick,active_ob_count_50,288,0.262630662020906
upper_wick,bsl_count_previous_100,288,0.936265969802556
upper_wick,ssl_count_previous_100,288,-0.388075275842045
upper_wick,active_bsl_count,288,0.901994410569106
upper_wick,active_ssl_count,288,-8.61482832462252
upper_wick,distance_nearest_bsl_atr,288,-22.9476081814673
upper_wick,distance_nearest_ssl_atr,288,-2.09455755763893
upper_wick,equal_levels_previous_100,288,-0.164325638792102
upper_wick,liquidity_imbalance_100,288,0.580309123689692
lower_wick,lower_wick,288,121.156896504791
lower_wick,close_position,288,0.589186580544445
lower_wick,confirm_open,288,3505.06670114692
lower_wick,confirm_high,288,3534.0770225392
lower_wick,confirm_low,288,3327.94705692872
lower_wick,confirm_close,288,3467.65971390462
lower_wick,confirm_volume,288,7432.87819396051
lower_wick,atr_14,288,55.4226087769948
lower_wick,range_atr_ratio,288,4.6345931847623
lower_wick,body_atr_ratio,288,0.92397092872781
lower_wick,price_to_confirm_close,288,-6.70273335678871
lower_wick,volume_mean_20,288,1715.92035151713
lower_wick,volume_std_20,288,814.83723018802
lower_wick,volume_ratio_20,288,10.0992307563341
lower_wick,volume_zscore_20,288,19.077467260047
lower_wick,previous_pivot_price,288,4641.78712071719
lower_wick,distance_previous_pivot,288,182.191081863386
lower_wick,bars_previous_pivot,288,-213.495762558072
lower_wick,swing_size_atr,288,-39.7177405581203
lower_wick,swept_index,288,468.678072372242
lower_wick,resolved_index,288,469.559923054587
lower_wick,bars_since_structure_event,288,-202.006242740999
lower_wick,distance_last_structure_event_atr,288,-33.4596593100655
lower_wick,bos_count_previous_20,288,-0.0918172909407665
lower_wick,choch_count_previous_20,288,0.296403164924507
lower_wick,near_equal_level,288,0.976353803716608
lower_wick,distance_equal_level_atr,288,-3.18640619804307
lower_wick,bars_since_equal_level,288,11106.6136215157
lower_wick,inside_fvg,288,0.67549542682927
lower_wick,distance_fvg_atr,288,-1.09318087221677
lower_wick,fvg_size_atr,288,-6.47864551210839
lower_wick,bars_since_fvg,288,3437.25825711382
lower_wick,fvg_mitigated,288,0.213142421602789
lower_wick,active_fvg_count_50,288,-2.19112042682927
lower_wick,inside_order_block,288,0.218205574912892
lower_wick,distance_ob_atr,288,-26.5085643388244
lower_wick,ob_size_atr,288,-2.15355300829064
lower_wick,bars_since_ob,288,7194.20040287457
lower_wick,ob_invalidated,288,0.315839140534262
lower_wick,active_ob_count_50,288,0.0936411149825782
lower_wick,bsl_count_previous_100,288,-0.837253193960511
lower_wick,ssl_count_previous_100,288,1.97418517711963
lower_wick,active_bsl_count,288,4.67279144889663
lower_wick,active_ssl_count,288,-6.36820376016261
lower_wick,distance_nearest_bsl_atr,288,23.8451765933391
lower_wick,distance_nearest_ssl_atr,288,-63.9546552769409
lower_wick,equal_levels_previous_100,288,-1.66323678861789
lower_wick,liquidity_imbalance_100,288,0.70492729877088
close_position,close_position,288,0.0766061734659488
close_position,confirm_open,288,28.7748967357787
close_position,confirm_high,288,29.2394022454402
close_position,confirm_low,288,29.4945379035798
close_position,confirm_close,288,31.3821000122581
close_position,confirm_volume,288,-11.430203883628
close_position,atr_14,288,-0.000477642953536137
close_position,range_atr_ratio,288,-0.0291965620773668
close_position,body_atr_ratio,288,-0.00512615730780564
close_position,price_to_confirm_close,288,-0.158755264331295
close_position,volume_mean_20,288,1.50754351052643
close_position,volume_std_20,288,5.71401854310516
close_position,volume_ratio_20,288,-0.119252660565932
close_position,volume_zscore_20,288,-0.184582524152562
close_position,previous_pivot_price,288,46.0039044957466
close_position,distance_previous_pivot,288,-1.60156225129107
close_position,bars_previous_pivot,288,2.27105597571857
close_position,swing_size_atr,288,-0.0261889952368213
close_position,swept_index,288,-21.1152937944404
close_position,resolved_index,288,-21.120659338798
close_position,bars_since_structure_event,288,2.51748636980892
close_position,distance_last_structure_event_atr,288,0.0292980835577157
close_position,bos_count_previous_20,288,-0.00263940421421033
close_position,choch_count_previous_20,288,-0.000581802846771201
close_position,near_equal_level,288,0.00315762593005178
close_position,distance_equal_level_atr,288,-0.0339971945798396
close_position,bars_since_equal_level,288,62.3907114794047
close_position,inside_fvg,288,0.0112876125326992
close_position,distance_fvg_atr,288,-0.0227920282345634
close_position,fvg_size_atr,288,-0.0451140612615903
close_position,bars_since_fvg,288,14.3287964409317
close_position,fvg_mitigated,288,0.0048705097280481
close_position,active_fvg_count_50,288,-0.0277833655161881
close_position,inside_order_block,288,-0.00186085547414932
close_position,distance_ob_atr,288,-0.12143069699609
close_position,ob_size_atr,288,0.0141998079243145
close_position,bars_since_ob,288,67.583901825345
close_position,ob_invalidated,288,0.0153933084236998
close_position,active_ob_count_50,288,-0.00555979086937058
close_position,bsl_count_previous_100,288,-0.0238183568723414
close_position,ssl_count_previous_100,288,0.0135846509209987
close_position,active_bsl_count,288,-0.0432153019991865
close_position,active_ssl_count,288,0.0267445577272011
close_position,distance_nearest_bsl_atr,288,0.54526840959522
close_position,distance_nearest_ssl_atr,288,-0.546792715341156
close_position,equal_levels_previous_100,288,0.030876137068021
close_position,liquidity_imbalance_100,288,-0.002939329840195
confirm_open,confirm_open,288,4822287.71354771
confirm_open,confirm_high,288,4821980.78685758
confirm_open,confirm_low,288,4816858.33153371
confirm_open,confirm_close,288,4821617.94066674
confirm_open,confirm_volume,288,163293.729481223
confirm_open,atr_14,288,7400.4147115696
confirm_open,range_atr_ratio,288,-454.362682469991
confirm_open,body_atr_ratio,288,-178.243208943829
confirm_open,price_to_confirm_close,288,-381.767484247472
confirm_open,volume_mean_20,288,220828.940641938
confirm_open,volume_std_20,288,97448.8633573245
confirm_open,volume_ratio_20,288,-1279.96711455525
confirm_open,volume_zscore_20,288,-1895.88431037457
confirm_open,previous_pivot_price,288,4835434.6068646
confirm_open,distance_previous_pivot,288,95335.6636511565
confirm_open,bars_previous_pivot,288,-2233.41992111884
confirm_open,swing_size_atr,288,-2278.48457202699
confirm_open,swept_index,288,2266021.23171941
confirm_open,resolved_index,288,2265999.56121758
confirm_open,bars_since_structure_event,288,-12195.3055555556
confirm_open,distance_last_structure_event_atr,288,-7806.32361633428
confirm_open,bos_count_previous_20,288,44.8749637049942
confirm_open,choch_count_previous_20,288,-12.7191008517228
confirm_open,near_equal_level,288,122.282254161827
confirm_open,distance_equal_level_atr,288,-289.857806397398
confirm_open,bars_since_equal_level,288,3640439.8175813
confirm_open,inside_fvg,288,183.961926538908
confirm_open,distance_fvg_atr,288,-200.326075509026
confirm_open,fvg_size_atr,288,-1366.98959932318
confirm_open,bars_since_fvg,288,936342.915674602
confirm_open,fvg_mitigated,288,22.1596254355401
confirm_open,active_fvg_count_50,288,265.072989256678
confirm_open,inside_order_block,288,188.918699186992
confirm_open,distance_ob_atr,288,-9552.36323229076
confirm_open,ob_size_atr,288,351.192925800079
confirm_open,bars_since_ob,288,3319188.9382259
confirm_open,ob_invalidated,288,-41.1063685636856
confirm_open,active_ob_count_50,288,65.0885598141696
confirm_open,bsl_count_previous_100,288,17.7618079752226
confirm_open,ssl_count_previous_100,288,78.2133541424699
confirm_open,active_bsl_count,288,2303.46422522261
confirm_open,active_ssl_count,288,-3053.78497628726
confirm_open,distance_nearest_bsl_atr,288,624.454318445093
confirm_open,distance_nearest_ssl_atr,288,-2902.31259097965
confirm_open,equal_levels_previous_100,288,-308.011590205188
confirm_open,liquidity_imbalance_100,288,402.834649909677
confirm_high,confirm_high,288,4821956.3486226
confirm_high,confirm_low,288,4816546.89986662
confirm_high,confirm_close,288,4821492.83472616
confirm_high,confirm_volume,288,172957.898954704
confirm_high,atr_14,288,7477.77667163801
confirm_high,range_atr_ratio,288,-444.443848782652
confirm_high,body_atr_ratio,288,-174.366524864404
confirm_high,price_to_confirm_close,288,-376.632025766171
confirm_high,volume_mean_20,288,223554.80715919
confirm_high,volume_std_20,288,99416.2649191027
confirm_high,volume_ratio_20,288,-1257.65143651842
confirm_high,volume_zscore_20,288,-1861.94227366706
confirm_high,previous_pivot_price,288,4834872.94038545
confirm_high,distance_previous_pivot,288,95949.255838959
confirm_high,bars_previous_pivot,288,-2278.95268945993
confirm_high,swing_size_atr,288,-2310.87268813411
confirm_high,swept_index,288,2251507.18287238
confirm_high,resolved_index,288,2251485.47931184
confirm_high,bars_since_structure_event,288,-12751.118466899
confirm_high,distance_last_structure_event_atr,288,-7852.9690523995
confirm_high,bos_count_previous_20,288,45.3187608885017
confirm_high,choch_count_previous_20,288,-12.3306837979094
confirm_high,near_equal_level,288,121.912783101045
confirm_high,distance_equal_level_atr,288,-290.993335192496
confirm_high,bars_since_equal_level,288,3649192.31652875
confirm_high,inside_fvg,288,183.511051829268
confirm_high,distance_fvg_atr,288,-198.120594805708
confirm_high,fvg_size_atr,288,-1359.66385821803
confirm_high,bars_since_fvg,288,940097.307600173
confirm_high,fvg_mitigated,288,22.0852569686411
confirm_high,active_fvg_count_50,288,259.322245209059
confirm_high,inside_order_block,288,189.246515679442
confirm_high,distance_ob_atr,288,-9584.92126023971
confirm_high,ob_size_atr,288,348.760514091946
confirm_high,bars_since_ob,288,3323008.38556185
confirm_high,ob_invalidated,288,-40.9202961672473
confirm_high,active_ob_count_50,288,65.7691637630662
confirm_high,bsl_count_previous_100,288,19.1228222996516
confirm_high,ssl_count_previous_100,288,77.5804115853658
confirm_high,active_bsl_count,288,2306.34609102787
confirm_high,active_ssl_count,288,-3074.03859973868
confirm_high,distance_nearest_bsl_atr,288,594.557984806665
confirm_high,distance_nearest_ssl_atr,288,-2903.11727732095
confirm_high,equal_levels_previous_100,288,-307.744446864112
confirm_high,liquidity_imbalance_100,288,404.388267341156
confirm_low,confirm_low,288,4811802.81803423
confirm_low,confirm_close,288,4816398.5954536
confirm_low,confirm_volume,288,150686.440427797
confirm_low,atr_14,288,7300.66644780118
confirm_low,range_atr_ratio,288,-463.09525109097
confirm_low,body_atr_ratio,288,-182.424176934757
confirm_low,price_to_confirm_close,288,-373.392882417593
confirm_low,volume_mean_20,288,217461.242972984
confirm_low,volume_std_20,288,96190.0656704142
confirm_low,volume_ratio_20,288,-1294.69210360169
confirm_low,volume_zscore_20,288,-1927.84499207374
confirm_low,previous_pivot_price,288,4828182.40498271
confirm_low,distance_previous_pivot,288,94986.9768747883
confirm_low,bars_previous_pivot,288,-1817.26509569783
confirm_low,swing_size_atr,288,-2210.919087337
confirm_low,swept_index,288,2265350.70650346
confirm_low,resolved_index,288,2265326.84108836
confirm_low,bars_since_structure_event,288,-11670.6663279133
confirm_low,distance_last_structure_event_atr,288,-7755.68415671771
confirm_low,bos_count_previous_20,288,44.9082552990708
confirm_low,choch_count_previous_20,288,-12.9921663279133
confirm_low,near_equal_level,288,120.524505178087
confirm_low,distance_equal_level_atr,288,-284.753887749835
confirm_low,bars_since_equal_level,288,3623591.82340665
confirm_low,inside_fvg,288,182.869238167828
confirm_low,distance_fvg_atr,288,-198.295262487601
confirm_low,fvg_size_atr,288,-1356.04523970757
confirm_low,bars_since_fvg,288,931058.082250533
confirm_low,fvg_mitigated,288,21.8599194250869
confirm_low,active_fvg_count_50,288,267.916385380372
confirm_low,inside_order_block,288,188.369483159117
confirm_low,distance_ob_atr,288,-9511.24018039683
confirm_low,ob_size_atr,288,354.986751159041
confirm_low,bars_since_ob,288,3305008.89450857
confirm_low,ob_invalidated,288,-41.2199719318622
confirm_low,active_ob_count_50,288,64.8416085946573
confirm_low,bsl_count_previous_100,288,18.5142760356175
confirm_low,ssl_count_previous_100,288,74.5637370547813
confirm_low,active_bsl_count,288,2295.22837120112
confirm_low,active_ssl_count,288,-3041.81596314847
confirm_low,distance_nearest_bsl_atr,288,584.333619358055
confirm_low,distance_nearest_ssl_atr,288,-2793.72182712778
confirm_low,equal_levels_previous_100,288,-304.349696331785
confirm_low,liquidity_imbalance_100,288,401.568836459009
confirm_close,confirm_close,288,4821281.80057028
confirm_close,confirm_volume,288,162199.369483159
confirm_close,atr_14,288,7397.39167497538
confirm_close,range_atr_ratio,288,-454.61247847294
confirm_close,body_atr_ratio,288,-178.393795656813
confirm_close,price_to_confirm_close,288,-380.800808229662
confirm_close,volume_mean_20,288,220694.365990672
confirm_close,volume_std_20,288,98322.3161967134
confirm_close,volume_ratio_20,288,-1280.1862993867
confirm_close,volume_zscore_20,288,-1902.61038188389
confirm_close,previous_pivot_price,288,4834098.01038944
confirm_close,distance_previous_pivot,288,95622.5333210838
confirm_close,bars_previous_pivot,288,-1911.0209694396
confirm_close,swing_size_atr,288,-2257.97711065907
confirm_close,swept_index,288,2257328.62074441
confirm_close,resolved_index,288,2257305.5479457
confirm_close,bars_since_structure_event,288,-12140.1212253194
confirm_close,distance_last_structure_event_atr,288,-7809.87943025886
confirm_close,bos_count_previous_20,288,45.1052101480836
confirm_close,choch_count_previous_20,288,-12.5024862078978
confirm_close,near_equal_level,288,121.373893002323
confirm_close,distance_equal_level_atr,288,-288.534781560077
confirm_close,bars_since_equal_level,288,3639918.0403419
confirm_close,inside_fvg,288,183.486416594077
confirm_close,distance_fvg_atr,288,-198.976377242171
confirm_close,fvg_size_atr,288,-1358.51671554691
confirm_close,bars_since_fvg,288,937218.399045443
confirm_close,fvg_mitigated,288,22.127232142857
confirm_close,active_fvg_count_50,288,262.614792029616
confirm_close,inside_order_block,288,188.623257839721
confirm_close,distance_ob_atr,288,-9556.81145322944
confirm_close,ob_size_atr,288,351.569197604245
confirm_close,bars_since_ob,288,3315429.07943162
confirm_close,ob_invalidated,288,-40.5887775842044
confirm_close,active_ob_count_50,288,65.3532229965156
confirm_close,bsl_count_previous_100,288,18.1017711962834
confirm_close,ssl_count_previous_100,288,76.2930549506388
confirm_close,active_bsl_count,288,2301.88103404471
confirm_close,active_ssl_count,288,-3059.82296203543
confirm_close,distance_nearest_bsl_atr,288,601.230070494433
confirm_close,distance_nearest_ssl_atr,288,-2856.38661118839
confirm_close,equal_levels_previous_100,288,-305.581464140534
confirm_close,liquidity_imbalance_100,288,403.24707206557
confirm_volume,confirm_volume,288,1512539.13511421
confirm_volume,atr_14,288,7385.59017596277
confirm_volume,range_atr_ratio,288,517.693927196067
confirm_volume,body_atr_ratio,288,144.383486740545
confirm_volume,price_to_confirm_close,288,-30.4011335758704
confirm_volume,volume_mean_20,288,465897.300619435
confirm_volume,volume_std_20,288,274689.132058437
confirm_volume,volume_ratio_20,288,1502.03562455852
confirm_volume,volume_zscore_20,288,2411.85583684104
confirm_volume,previous_pivot_price,288,200830.089624468
confirm_volume,distance_previous_pivot,288,24724.0766066589
confirm_volume,bars_previous_pivot,288,-31192.8859852884
confirm_volume,swing_size_atr,288,-5264.09957318551
confirm_volume,swept_index,288,-268532.982384824
confirm_volume,resolved_index,288,-268447.208672087
confirm_volume,bars_since_structure_event,288,-66269.2791327913
confirm_volume,distance_last_structure_event_atr,288,-5221.26390355551
confirm_volume,bos_count_previous_20,288,16.9157955865273
confirm_volume,choch_count_previous_20,288,40.1494386372435
confirm_volume,near_equal_level,288,1.11188540456834
confirm_volume,distance_equal_level_atr,288,-199.982931200628
confirm_volume,bars_since_equal_level,288,661609.795586528
confirm_volume,inside_fvg,288,-29.4001161440186
confirm_volume,distance_fvg_atr,288,112.020825022337
confirm_volume,fvg_size_atr,288,-161.156991131046
confirm_volume,bars_since_fvg,288,291758.807588076
confirm_volume,fvg_mitigated,288,-14.0069686411151
confirm_volume,active_fvg_count_50,288,-374.863530778165
confirm_volume,inside_order_block,288,-4.2137049941928
confirm_volume,distance_ob_atr,288,-3001.01303281706
confirm_volume,ob_size_atr,288,-361.580919367562
confirm_volume,bars_since_ob,288,297921.109175377
confirm_volume,ob_invalidated,288,-0.32210607820364
confirm_volume,active_ob_count_50,288,49.1521486643437
confirm_volume,bsl_count_previous_100,288,92.289972899729
confirm_volume,ssl_count_previous_100,288,104.169763840495
confirm_volume,active_bsl_count,288,-12.58633372048
confirm_volume,active_ssl_count,288,-444.294812233837
confirm_volume,distance_nearest_bsl_atr,288,-935.84180465054
confirm_volume,distance_nearest_ssl_atr,288,-4324.38583745821
confirm_volume,equal_levels_previous_100,288,-178.725512969415
confirm_volume,liquidity_imbalance_100,288,9.3348720494626
atr_14,atr_14,288,125.191827089449
atr_14,range_atr_ratio,288,-0.710409479323853
atr_14,body_atr_ratio,288,-0.244949662152227
atr_14,price_to_confirm_close,288,-1.99478809217169
atr_14,volume_mean_20,288,5527.27070720098
atr_14,volume_std_20,288,2451.06828953593
atr_14,volume_ratio_20,288,-5.45939796627027
atr_14,volume_zscore_20,288,-7.54427950678946
atr_14,previous_pivot_price,288,7963.90836188611
atr_14,distance_previous_pivot,288,890.87529331741
atr_14,bars_previous_pivot,288,-399.910202382708
atr_14,swing_size_atr,288,-55.0841127610955
atr_14,swept_index,288,7956.42477439892
atr_14,resolved_index,288,7956.84152693697
atr_14,bars_since_structure_event,288,-902.861026575661
atr_14,distance_last_structure_event_atr,288,-63.5902152877148
atr_14,bos_count_previous_20,288,0.412354437429316
atr_14,choch_count_previous_20,288,0.402526592950192
atr_14,near_equal_level,288,0.971510537585862
atr_14,distance_equal_level_atr,288,-4.04199138220411
atr_14,bars_since_equal_level,288,17766.9720637635
atr_14,inside_fvg,288,0.620138823054683
atr_14,distance_fvg_atr,288,-0.887467400320249
atr_14,fvg_size_atr,288,-6.65311071003054
atr_14,bars_since_fvg,288,7824.13526381398
atr_14,fvg_mitigated,288,0.0953368280552243
atr_14,active_fvg_count_50,288,0.0778009212226707
atr_14,inside_order_block,288,0.341670811950899
atr_14,distance_ob_atr,288,-47.4289775382935
atr_14,ob_size_atr,288,-3.91604984694571
atr_14,bars_since_ob,288,15195.53102722
atr_14,ob_invalidated,288,0.191302971270517
atr_14,active_ob_count_50,288,0.890738454754521
atr_14,bsl_count_previous_100,288,0.25297066360915
atr_14,ssl_count_previous_100,288,1.35243103389686
atr_14,active_bsl_count,288,9.36585927854898
atr_14,active_ssl_count,288,-16.9835818478481
atr_14,distance_nearest_bsl_atr,288,1.65711986687766
atr_14,distance_nearest_ssl_atr,288,-56.2797983159289
atr_14,equal_levels_previous_100,288,-1.47374720437876
atr_14,liquidity_imbalance_100,288,1.88835811270224
range_atr_ratio,range_atr_ratio,288,1.28658694601527
range_atr_ratio,body_atr_ratio,288,0.514187350166223
range_atr_ratio,price_to_confirm_close,288,0.248540159171209
range_atr_ratio,volume_mean_20,288,-115.148827469408
range_atr_ratio,volume_std_20,288,-43.8449401974398
range_atr_ratio,volume_ratio_20,288,3.57021457288016
range_atr_ratio,volume_zscore_20,288,5.60989375365724
range_atr_ratio,previous_pivot_price,288,-427.794254145539
range_atr_ratio,distance_previous_pivot,288,-22.8629038133319
range_atr_ratio,bars_previous_pivot,288,1.73252541292625
range_atr_ratio,swing_size_atr,288,-1.13606171129995
range_atr_ratio,swept_index,288,-1356.61876402533
range_atr_ratio,resolved_index,288,-1356.52180718496
range_atr_ratio,bars_since_structure_event,288,28.1864961632902
range_atr_ratio,distance_last_structure_event_atr,288,0.750783796401444
range_atr_ratio,bos_count_previous_20,288,-0.0122334189300344
range_atr_ratio,choch_count_previous_20,288,-0.00702180731684677
range_atr_ratio,near_equal_level,288,-0.00448302901393432
range_atr_ratio,distance_equal_level_atr,288,-0.0148391620849293
range_atr_ratio,bars_since_equal_level,288,-277.334649857871
range_atr_ratio,inside_fvg,288,-0.028672528045711
range_atr_ratio,distance_fvg_atr,288,0.113716911080381
range_atr_ratio,fvg_size_atr,288,0.769468900756611
range_atr_ratio,bars_since_fvg,288,-140.007246837811
range_atr_ratio,fvg_mitigated,288,0.00989547741611872
range_atr_ratio,active_fvg_count_50,288,-0.49701644018777
range_atr_ratio,inside_order_block,288,0.0318518612728655
range_atr_ratio,distance_ob_atr,288,0.688836380557217
range_atr_ratio,ob_size_atr,288,-0.0375099711784467
range_atr_ratio,bars_since_ob,288,-358.688900103376
range_atr_ratio,ob_invalidated,288,-0.00405348447104856
range_atr_ratio,active_ob_count_50,288,-0.0349100906654388
range_atr_ratio,bsl_count_previous_100,288,0.0139941052473883
range_atr_ratio,ssl_count_previous_100,288,0.0309921751046057
range_atr_ratio,active_bsl_count,288,-0.198632225573866
range_atr_ratio,active_ssl_count,288,-0.275787714245383
range_atr_ratio,distance_nearest_bsl_atr,288,0.0212901244665595
range_atr_ratio,distance_nearest_ssl_atr,288,-1.13944857214125
range_atr_ratio,equal_levels_previous_100,288,-0.0370485261688068
range_atr_ratio,liquidity_imbalance_100,288,-0.00423352389444029
body_atr_ratio,body_atr_ratio,288,0.419101264013127
body_atr_ratio,price_to_confirm_close,288,0.0164516912993084
body_atr_ratio,volume_mean_20,288,-42.7040515196252
body_atr_ratio,volume_std_20,288,-17.2597938330757
body_atr_ratio,volume_ratio_20,288,0.924231151683227
body_atr_ratio,volume_zscore_20,288,1.54632298778447
body_atr_ratio,previous_pivot_price,288,-168.216376142357
body_atr_ratio,distance_previous_pivot,288,0.0382268278114411
body_atr_ratio,bars_previous_pivot,288,8.80609372532655
body_atr_ratio,swing_size_atr,288,0.43623846812434
body_atr_ratio,swept_index,288,-775.169743739955
body_atr_ratio,resolved_index,288,-775.105129690822
body_atr_ratio,bars_since_structure_event,288,8.37285788417064
body_atr_ratio,distance_last_structure_event_atr,288,0.923478309952034
body_atr_ratio,bos_count_previous_20,288,0.000412588578731184
body_atr_ratio,choch_count_previous_20,288,-0.00616612502710192
body_atr_ratio,near_equal_level,288,0.00483576754546305
body_atr_ratio,distance_equal_level_atr,288,-0.0172214153297748
body_atr_ratio,bars_since_equal_level,288,-206.001109939923
body_atr_ratio,inside_fvg,288,-0.0113249922198812
body_atr_ratio,distance_fvg_atr,288,0.0004006582058019
body_atr_ratio,fvg_size_atr,288,0.460537439985928
body_atr_ratio,bars_since_fvg,288,-47.5556604739684
body_atr_ratio,fvg_mitigated,288,0.0038482065289687
body_atr_ratio,active_fvg_count_50,288,-0.226170797525024
body_atr_ratio,inside_order_block,288,0.0187541256418161
body_atr_ratio,distance_ob_atr,288,0.244558408140501
body_atr_ratio,ob_size_atr,288,-0.00559455561141526
body_atr_ratio,bars_since_ob,288,-107.664773617425
body_atr_ratio,ob_invalidated,288,-0.00362081188320938
body_atr_ratio,active_ob_count_50,288,-0.00548538251931057
body_atr_ratio,bsl_count_previous_100,288,0.0108023868106339
body_atr_ratio,ssl_count_previous_100,288,0.0211331442019223
body_atr_ratio,active_bsl_count,288,-0.040243242301946
body_atr_ratio,active_ssl_count,288,-0.316505693264523
body_atr_ratio,distance_nearest_bsl_atr,288,0.280183702346977
body_atr_ratio,distance_nearest_ssl_atr,288,0.200608817102637
body_atr_ratio,equal_levels_previous_100,288,0.00576707698024306
body_atr_ratio,liquidity_imbalance_100,288,0.0188719168790312
price_to_confirm_close,price_to_confirm_close,288,1.46315175577262
price_to_confirm_close,volume_mean_20,288,-30.7029803695941
price_to_confirm_close,volume_std_20,288,-19.911254039415
price_to_confirm_close,volume_ratio_20,288,1.22060231372066
price_to_confirm_close,volume_zscore_20,288,1.42291128147774
price_to_confirm_close,previous_pivot_price,288,-581.483776958117
price_to_confirm_close,distance_previous_pivot,288,-2.68228760955943
price_to_confirm_close,bars_previous_pivot,288,7.72927739610226
price_to_confirm_close,swing_size_atr,288,2.96586592849656
price_to_confirm_close,swept_index,288,-507.013356660579
price_to_confirm_close,resolved_index,288,-507.01890949041
price_to_confirm_close,bars_since_structure_event,288,6.05643855651153
price_to_confirm_close,distance_last_structure_event_atr,288,1.79661178447978
price_to_confirm_close,bos_count_previous_20,288,0.00197418105757665
price_to_confirm_close,choch_count_previous_20,288,0.0137661771783571
price_to_confirm_close,near_equal_level,288,-0.105175721029614
price_to_confirm_close,distance_equal_level_atr,288,0.255868391072904
price_to_confirm_close,bars_since_equal_level,288,-808.523219290373
price_to_confirm_close,inside_fvg,288,-0.0990288600704053
price_to_confirm_close,distance_fvg_atr,288,0.266555334964281
price_to_confirm_close,fvg_size_atr,288,1.04696743977991
price_to_confirm_close,bars_since_fvg,288,-229.539848434966
price_to_confirm_close,fvg_mitigated,288,-0.0218592563409689
price_to_confirm_close,active_fvg_count_50,288,-0.219308830286546
price_to_confirm_close,inside_order_block,288,0.0171995072314126
price_to_confirm_close,distance_ob_atr,288,2.32687754766189
price_to_confirm_close,ob_size_atr,288,0.10505577082676
price_to_confirm_close,bars_since_ob,288,-495.475403266906
price_to_confirm_close,ob_invalidated,288,-0.0453817511351089
price_to_confirm_close,active_ob_count_50,288,0.0143389870452296
price_to_confirm_close,bsl_count_previous_100,288,0.336475276509118
price_to_confirm_close,ssl_count_previous_100,288,-0.321514600917192
price_to_confirm_close,active_bsl_count,288,-0.143220408579904
price_to_confirm_close,active_ssl_count,288,-0.0566127257592153
price_to_confirm_close,distance_nearest_bsl_atr,288,-6.91071009641426
price_to_confirm_close,distance_nearest_ssl_atr,288,9.87174992289925
price_to_confirm_close,equal_levels_previous_100,288,0.0915784951045761
price_to_confirm_close,liquidity_imbalance_100,288,-0.00690756453629816
volume_mean_20,volume_mean_20,288,405207.291942387
volume_mean_20,volume_std_20,288,205560.792993952
volume_mean_20,volume_ratio_20,288,-503.06780955461
volume_mean_20,volume_zscore_20,288,-779.735961270388
volume_mean_20,previous_pivot_price,288,232189.344992499
volume_mean_20,distance_previous_pivot,288,33423.632641611
volume_mean_20,bars_previous_pivot,288,-22282.823779278
volume_mean_20,swing_size_atr,288,-2761.95539914503
volume_mean_20,swept_index,288,405821.152839479
volume_mean_20,resolved_index,288,405853.735273906
volume_mean_20,bars_since_structure_event,288,-51016.7786101433
volume_mean_20,distance_last_structure_event_atr,288,-3003.20032506521
volume_mean_20,bos_count_previous_20,288,25.149800377468
volume_mean_20,choch_count_previous_20,288,22.7281625048393
volume_mean_20,near_equal_level,288,22.0459228610143
volume_mean_20,distance_equal_level_atr,288,-172.147874561992
volume_mean_20,bars_since_equal_level,288,465452.861766841
volume_mean_20,inside_fvg,288,-0.103088704994194
volume_mean_20,distance_fvg_atr,288,9.60554097439124
volume_mean_20,fvg_size_atr,288,-427.323857428254
volume_mean_20,bars_since_fvg,288,308777.442191734
volume_mean_20,fvg_mitigated,288,-8.51944686411151
volume_mean_20,active_fvg_count_50,288,-12.831093931475
volume_mean_20,inside_order_block,288,-2.26823461091754
volume_mean_20,distance_ob_atr,288,-1822.33258205792
volume_mean_20,ob_size_atr,288,-230.809230546978
volume_mean_20,bars_since_ob,288,381948.178012486
volume_mean_20,ob_invalidated,288,-3.40790747193186
volume_mean_20,active_ob_count_50,288,53.5777584204414
volume_mean_20,bsl_count_previous_100,288,45.8711575687185
volume_mean_20,ssl_count_previous_100,288,41.0037468544328
volume_mean_20,active_bsl_count,288,112.342248596593
volume_mean_20,active_ssl_count,288,-159.318342286101
volume_mean_20,distance_nearest_bsl_atr,288,-563.232162235614
volume_mean_20,distance_nearest_ssl_atr,288,-2193.07658380217
volume_mean_20,equal_levels_previous_100,288,-21.6718762098335
volume_mean_20,liquidity_imbalance_100,288,21.3811711515694
volume_std_20,volume_std_20,288,187160.624189367
volume_std_20,volume_ratio_20,288,-233.260113204895
volume_std_20,volume_zscore_20,288,-465.972059733224
volume_std_20,previous_pivot_price,288,104119.885411829
volume_std_20,distance_previous_pivot,288,18112.9122906791
volume_std_20,bars_previous_pivot,288,-4256.38656077776
volume_std_20,swing_size_atr,288,-1296.94915632765
volume_std_20,swept_index,288,106276.996958976
volume_std_20,resolved_index,288,106304.431469207
volume_std_20,bars_since_structure_event,288,-14145.0079646921
volume_std_20,distance_last_structure_event_atr,288,-1261.14657010241
volume_std_20,bos_count_previous_20,288,7.83660986091919
volume_std_20,choch_count_previous_20,288,15.6705816336446
volume_std_20,near_equal_level,288,3.88589196287326
volume_std_20,distance_equal_level_atr,288,-89.0634478852861
volume_std_20,bars_since_equal_level,288,120683.655156619
volume_std_20,inside_fvg,288,-3.30020219363489
volume_std_20,distance_fvg_atr,288,12.9953497404108
volume_std_20,fvg_size_atr,288,-212.231190895118
volume_std_20,bars_since_fvg,288,139381.971577056
volume_std_20,fvg_mitigated,288,-13.7958526494095
volume_std_20,active_fvg_count_50,288,-69.36386870708
volume_std_20,inside_order_block,288,-6.01639742204583
volume_std_20,distance_ob_atr,288,-811.858882417789
volume_std_20,ob_size_atr,288,-116.941503012207
volume_std_20,bars_since_ob,288,75309.9872096747
volume_std_20,ob_invalidated,288,-1.83963317222781
volume_std_20,active_ob_count_50,288,19.94198430838
volume_std_20,bsl_count_previous_100,288,8.36311057967523
volume_std_20,ssl_count_previous_100,288,14.3447250853853
volume_std_20,active_bsl_count,288,-27.4315103165526
volume_std_20,active_ssl_count,288,2.48571998556995
volume_std_20,distance_nearest_bsl_atr,288,-121.416971785951
volume_std_20,distance_nearest_ssl_atr,288,-1175.87536867579
volume_std_20,equal_levels_previous_100,288,3.7723194998911
volume_std_20,liquidity_imbalance_100,288,0.516351271371409
volume_ratio_20,volume_ratio_20,288,15.5250470624656
volume_ratio_20,volume_zscore_20,288,22.9284298110828
volume_ratio_20,previous_pivot_price,288,-1237.64784491266
volume_ratio_20,distance_previous_pivot,288,-113.759827485211
volume_ratio_20,bars_previous_pivot,288,-2.15882058096505
volume_ratio_20,swing_size_atr,288,-4.17123904906861
volume_ratio_20,swept_index,288,-2213.96867035065
volume_ratio_20,resolved_index,288,-2213.98394062348
volume_ratio_20,bars_since_structure_event,288,152.967718089447
volume_ratio_20,distance_last_structure_event_atr,288,7.17821145874281
volume_ratio_20,bos_count_previous_20,288,-0.0668831928304387
volume_ratio_20,choch_count_previous_20,288,-0.0588981972408778
volume_ratio_20,near_equal_level,288,-0.0620341048992325
volume_ratio_20,distance_equal_level_atr,288,-0.29066004413138
volume_ratio_20,bars_since_equal_level,288,-198.763352272398
volume_ratio_20,inside_fvg,288,-0.0797325575226398
volume_ratio_20,distance_fvg_atr,288,0.388691541714647
volume_ratio_20,fvg_size_atr,288,2.84984554468402
volume_ratio_20,bars_since_fvg,288,-479.75145469134
volume_ratio_20,fvg_mitigated,288,0.0569096771020265
volume_ratio_20,active_fvg_count_50,288,-1.2519606454801
volume_ratio_20,inside_order_block,288,0.12318507643747
volume_ratio_20,distance_ob_atr,288,8.18556553532993
volume_ratio_20,ob_size_atr,288,-0.146337800965323
volume_ratio_20,bars_since_ob,288,-1105.79690217832
volume_ratio_20,ob_invalidated,288,0.06387152242831
volume_ratio_20,active_ob_count_50,288,-0.173774264671978
volume_ratio_20,bsl_count_previous_100,288,0.0471315730683561
volume_ratio_20,ssl_count_previous_100,288,-0.0364247580395016
volume_ratio_20,active_bsl_count,288,-0.551825714315836
volume_ratio_20,active_ssl_count,288,0.168497678026202
volume_ratio_20,distance_nearest_bsl_atr,288,-1.50927765856436
volume_ratio_20,distance_nearest_ssl_atr,288,-2.69389329748949
volume_ratio_20,equal_levels_previous_100,288,-0.035824725855654
volume_ratio_20,liquidity_imbalance_100,288,-0.108442937798441
volume_zscore_20,volume_zscore_20,288,37.0647469494728
volume_zscore_20,previous_pivot_price,288,-1814.87469757256
volume_zscore_20,distance_previous_pivot,288,-179.447737071951
volume_zscore_20,bars_previous_pivot,288,-21.9881605715619
volume_zscore_20,swing_size_atr,288,-6.66292951151096
volume_zscore_20,swept_index,288,-3635.45805207525
volume_zscore_20,resolved_index,288,-3635.51131808497
volume_zscore_20,bars_since_structure_event,288,168.421936019721
volume_zscore_20,distance_last_structure_event_atr,288,8.56038869079199
volume_zscore_20,bos_count_previous_20,288,-0.117639892308918
volume_zscore_20,choch_count_previous_20,288,-0.109902992138972
volume_zscore_20,near_equal_level,288,-0.0283368289328053
volume_zscore_20,distance_equal_level_atr,288,-0.535813529350473
volume_zscore_20,bars_since_equal_level,288,-173.265446175019
volume_zscore_20,inside_fvg,288,-0.0925094562427117
volume_zscore_20,distance_fvg_atr,288,0.547177786908153
volume_zscore_20,fvg_size_atr,288,3.6583675408092
volume_zscore_20,bars_since_fvg,288,-952.021926070519
volume_zscore_20,fvg_mitigated,288,0.0983232726478297
volume_zscore_20,active_fvg_count_50,288,-2.03934466693596
volume_zscore_20,inside_order_block,288,0.25048068583947
volume_zscore_20,distance_ob_atr,288,10.3664657669306
volume_zscore_20,ob_size_atr,288,-0.315525858889545
volume_zscore_20,bars_since_ob,288,-1213.68753197007
volume_zscore_20,ob_invalidated,288,0.107708654364402
volume_zscore_20,active_ob_count_50,288,-0.303690693457942
volume_zscore_20,bsl_count_previous_100,288,0.137154770887226
volume_zscore_20,ssl_count_previous_100,288,0.0453526947337768
volume_zscore_20,active_bsl_count,288,-0.764096065407902
volume_zscore_20,active_ssl_count,288,0.155002404633854
volume_zscore_20,distance_nearest_bsl_atr,288,-1.43320949311859
volume_zscore_20,distance_nearest_ssl_atr,288,-5.28623730162302
volume_zscore_20,equal_levels_previous_100,288,-0.189852005907788
volume_zscore_20,liquidity_imbalance_100,288,-0.170838572056066
previous_pivot_price,previous_pivot_price,288,4946823.37847222
previous_pivot_price,distance_previous_pivot,288,88280.2809445171
previous_pivot_price,bars_previous_pivot,288,-6785.47387969415
previous_pivot_price,swing_size_atr,288,-4094.21988580084
previous_pivot_price,swept_index,288,2203340.54477594
previous_pivot_price,resolved_index,288,2203319.45736546
previous_pivot_price,bars_since_structure_event,288,-12835.16686024
previous_pivot_price,distance_last_structure_event_atr,288,-8464.90435039352
previous_pivot_price,bos_count_previous_20,288,47.8181983159118
previous_pivot_price,choch_count_previous_20,288,-14.7572348044909
previous_pivot_price,near_equal_level,288,116.403140727836
previous_pivot_price,distance_equal_level_atr,288,-31.6646145699998
previous_pivot_price,bars_since_equal_level,288,3780782.80916086
previous_pivot_price,inside_fvg,288,190.066601335656
previous_pivot_price,distance_fvg_atr,288,-215.446339447829
previous_pivot_price,fvg_size_atr,288,-1426.06433656189
previous_pivot_price,bars_since_fvg,288,1035157.06501645
previous_pivot_price,fvg_mitigated,288,25.8416811846692
previous_pivot_price,active_fvg_count_50,288,298.499963704994
previous_pivot_price,inside_order_block,288,177.583914053426
previous_pivot_price,distance_ob_atr,288,-9811.99408309946
previous_pivot_price,ob_size_atr,288,304.638003857756
previous_pivot_price,bars_since_ob,288,3403140.60489257
previous_pivot_price,ob_invalidated,288,-39.6892179636082
previous_pivot_price,active_ob_count_50,288,65.0943670150988
previous_pivot_price,bsl_count_previous_100,288,-76.5025164537359
previous_pivot_price,ssl_count_previous_100,288,181.966015776229
previous_pivot_price,active_bsl_count,288,2273.12716560201
previous_pivot_price,active_ssl_count,288,-3085.11361546651
previous_pivot_price,distance_nearest_bsl_atr,288,3156.90231807267
previous_pivot_price,distance_nearest_ssl_atr,288,-7242.20118812114
previous_pivot_price,equal_levels_previous_100,288,-347.666255323267
previous_pivot_price,liquidity_imbalance_100,288,401.445456050687
distance_previous_pivot,distance_previous_pivot,288,40310.8652177398
distance_previous_pivot,bars_previous_pivot,288,17642.0381309282
distance_previous_pivot,swing_size_atr,288,2107.3652312152
distance_previous_pivot,swept_index,288,104775.100213536
distance_previous_pivot,resolved_index,288,104805.260150503
distance_previous_pivot,bars_since_structure_event,288,-3969.82863917925
distance_previous_pivot,distance_last_structure_event_atr,288,817.77548214106
distance_previous_pivot,bos_count_previous_20,288,0.00957280778164918
distance_previous_pivot,choch_count_previous_20,288,-1.9993164440573
distance_previous_pivot,near_equal_level,288,3.12115877855207
distance_previous_pivot,distance_equal_level_atr,288,249.563091039374
distance_previous_pivot,bars_since_equal_level,288,224119.569160134
distance_previous_pivot,inside_fvg,288,-8.36894780778165
distance_previous_pivot,distance_fvg_atr,288,14.0355354702323
distance_previous_pivot,fvg_size_atr,288,-81.2081508199303
distance_previous_pivot,bars_since_fvg,288,167583.494017373
distance_previous_pivot,fvg_mitigated,288,-3.39389155052264
distance_previous_pivot,active_fvg_count_50,288,33.5281558507549
distance_previous_pivot,inside_order_block,288,4.13603368176538
distance_previous_pivot,distance_ob_atr,288,318.368779679623
distance_previous_pivot,ob_size_atr,288,-14.4571599525164
distance_previous_pivot,bars_since_ob,288,187285.112169715
distance_previous_pivot,ob_invalidated,288,1.2401035617499
distance_previous_pivot,active_ob_count_50,288,2.84857723577236
distance_previous_pivot,bsl_count_previous_100,288,-8.17416763453349
distance_previous_pivot,ssl_count_previous_100,288,-21.5990641937669
distance_previous_pivot,active_bsl_count,288,81.994141381146
distance_previous_pivot,active_ssl_count,288,-285.859317532907
distance_previous_pivot,distance_nearest_bsl_atr,288,532.040871375273
distance_previous_pivot,distance_nearest_ssl_atr,288,1554.86011255628
distance_previous_pivot,equal_levels_previous_100,288,0.0723057007355826
distance_previous_pivot,liquidity_imbalance_100,288,29.5427129509188
bars_previous_pivot,bars_previous_pivot,288,28585.9729844173
bars_previous_pivot,swing_size_atr,288,2027.46401927955
bars_previous_pivot,swept_index,288,37933.3566226288
bars_previous_pivot,resolved_index,288,37954.6960414247
bars_previous_pivot,bars_since_structure_event,288,10784.514324429
bars_previous_pivot,distance_last_structure_event_atr,288,1189.73277516621
bars_previous_pivot,bos_count_previous_20,288,-5.96838704994193
bars_previous_pivot,choch_count_previous_20,288,-4.53249612853271
bars_previous_pivot,near_equal_level,288,-8.16131920247775
bars_previous_pivot,distance_equal_level_atr,288,164.07658492907
bars_previous_pivot,bars_since_equal_level,288,-5434.83892276423
bars_previous_pivot,inside_fvg,288,-12.0178934378629
bars_previous_pivot,distance_fvg_atr,288,15.7155291191417
bars_previous_pivot,fvg_size_atr,288,66.8247061325221
bars_previous_pivot,bars_since_fvg,288,49983.2383614015
bars_previous_pivot,fvg_mitigated,288,-5.96406794425089
bars_previous_pivot,active_fvg_count_50,288,-18.5096181765389
bars_previous_pivot,inside_order_block,288,-0.342044134727062
bars_previous_pivot,distance_ob_atr,288,690.812977638474
bars_previous_pivot,ob_size_atr,288,18.2760824387156
bars_previous_pivot,bars_since_ob,288,21107.8383420441
bars_previous_pivot,ob_invalidated,288,3.425764614789
bars_previous_pivot,active_ob_count_50,288,-13.0632984901277
bars_previous_pivot,bsl_count_previous_100,288,-23.7516453735966
bars_previous_pivot,ssl_count_previous_100,288,-34.4190016453735
bars_previous_pivot,active_bsl_count,288,-39.662904084398
bars_previous_pivot,active_ssl_count,288,20.9726214672861
bars_previous_pivot,distance_nearest_bsl_atr,288,416.628287993252
bars_previous_pivot,distance_nearest_ssl_atr,288,1594.72392698236
bars_previous_pivot,equal_levels_previous_100,288,12.7640582655827
bars_previous_pivot,liquidity_imbalance_100,288,-1.77743080260826
swing_size_atr,swing_size_atr,288,285.374210080723
swing_size_atr,swept_index,288,2043.09178854265
swing_size_atr,resolved_index,288,2045.01838845799
swing_size_atr,bars_since_structure_event,288,664.152092312872
swing_size_atr,distance_last_structure_event_atr,288,167.894511307834
swing_size_atr,bos_count_previous_20,288,-0.414548109914803
swing_size_atr,choch_count_previous_20,288,-0.559463098322595
swing_size_atr,near_equal_level,288,-0.770348682018714
swing_size_atr,distance_equal_level_atr,288,19.0567159438487
swing_size_atr,bars_since_equal_level,288,-2106.39866665373
swing_size_atr,inside_fvg,288,-1.55093048989511
swing_size_atr,distance_fvg_atr,288,2.27513084479388
swing_size_atr,fvg_size_atr,288,4.08575799115483
swing_size_atr,bars_since_fvg,288,3361.52684107293
swing_size_atr,fvg_mitigated,288,-0.639231758564288
swing_size_atr,active_fvg_count_50,288,1.51002860713435
swing_size_atr,inside_order_block,288,-0.0308861981345951
swing_size_atr,distance_ob_atr,288,104.983975619778
swing_size_atr,ob_size_atr,288,2.87159121803924
swing_size_atr,bars_since_ob,288,-129.921231247172
swing_size_atr,ob_invalidated,288,0.0894244842504558
swing_size_atr,active_ob_count_50,288,-0.799401871511802
swing_size_atr,bsl_count_previous_100,288,0.0806653432215517
swing_size_atr,ssl_count_previous_100,288,-3.78027544267012
swing_size_atr,active_bsl_count,288,-5.64887522850469
swing_size_atr,active_ssl_count,288,1.08247219840569
swing_size_atr,distance_nearest_bsl_atr,288,15.6305727731867
swing_size_atr,distance_nearest_ssl_atr,288,267.949850765019
swing_size_atr,equal_levels_previous_100,288,1.84718420617779
swing_size_atr,liquidity_imbalance_100,288,-0.352217677973157
swept_index,swept_index,288,70979347.7642155
swept_index,resolved_index,288,70979139.8775164
swept_index,bars_since_structure_event,288,-56745.7655826559
swept_index,distance_last_structure_event_atr,288,-13888.9712420085
swept_index,bos_count_previous_20,288,-99.9220020325204
swept_index,choch_count_previous_20,288,-45.8712011227255
swept_index,near_equal_level,288,867.890800425862
swept_index,distance_equal_level_atr,288,-6078.53554393433
swept_index,bars_since_equal_level,288,14662640.0221399
swept_index,inside_fvg,288,758.405669279907
swept_index,distance_fvg_atr,288,-1271.15477825575
swept_index,fvg_size_atr,288,2841.44254311756
swept_index,bars_since_fvg,288,3171781.01434863
swept_index,fvg_mitigated,288,166.142639372823
swept_index,active_fvg_count_50,288,1341.28241144019
swept_index,inside_order_block,288,-89.8960511033682
swept_index,distance_ob_atr,288,-15137.1276876225
swept_index,ob_size_atr,288,-1102.11746894624
swept_index,bars_since_ob,288,12151017.1724013
swept_index,ob_invalidated,288,483.652826171119
swept_index,active_ob_count_50,288,-135.14343786295
swept_index,bsl_count_previous_100,288,-46.5472319008904
swept_index,ssl_count_previous_100,288,-411.422123015873
swept_index,active_bsl_count,288,672.009932733254
swept_index,active_ssl_count,288,37001.7120959156
swept_index,distance_nearest_bsl_atr,288,-3500.81886410662
swept_index,distance_nearest_ssl_atr,288,5796.28637730144
swept_index,equal_levels_previous_100,288,443.215132597755
swept_index,liquidity_imbalance_100,288,-1808.52316344857
resolved_index,resolved_index,288,70978932.9614789
resolved_index,bars_since_structure_event,288,-56748.2489353464
resolved_index,distance_last_structure_event_atr,288,-13888.2914159991
resolved_index,bos_count_previous_20,288,-99.9443960511035
resolved_index,choch_count_previous_20,288,-45.8613046844754
resolved_index,near_equal_level,288,867.883952768099
resolved_index,distance_equal_level_atr,288,-6077.92059423178
resolved_index,bars_since_equal_level,288,14662524.6640534
resolved_index,inside_fvg,288,758.413908246225
resolved_index,distance_fvg_atr,288,-1271.2025329339
resolved_index,fvg_size_atr,288,2841.40620356697
resolved_index,bars_since_fvg,288,3171897.18418506
resolved_index,fvg_mitigated,288,166.154181184668
resolved_index,active_fvg_count_50,288,1341.09509291521
resolved_index,inside_order_block,288,-89.9140534262487
resolved_index,distance_ob_atr,288,-15136.1395426946
resolved_index,ob_size_atr,288,-1102.15004504485
resolved_index,bars_since_ob,288,12151128.561266
resolved_index,ob_invalidated,288,483.66279519938
resolved_index,active_ob_count_50,288,-135.157955865273
resolved_index,bsl_count_previous_100,288,-46.5683313975998
resolved_index,ssl_count_previous_100,288,-411.42939411537
resolved_index,active_bsl_count,288,671.838898567558
resolved_index,active_ssl_count,288,37001.7096883469
resolved_index,distance_nearest_bsl_atr,288,-3499.81039189575
resolved_index,distance_nearest_ssl_atr,288,5797.11422396368
resolved_index,equal_levels_previous_100,288,443.19289585753
resolved_index,liquidity_imbalance_100,288,-1808.53117590755
bars_since_structure_event,bars_since_structure_event,288,90532.9005032908
bars_since_structure_event,distance_last_structure_event_atr,288,2807.3899311682
bars_since_structure_event,bos_count_previous_20,288,-16.84262485482
bars_since_structure_event,choch_count_previous_20,288,-24.8834688346883
bars_since_structure_event,near_equal_level,288,-5.07820363917925
bars_since_structure_event,distance_equal_level_atr,288,-11.1204423072645
bars_since_structure_event,bars_since_equal_level,288,-55105.0255516841
bars_since_structure_event,inside_fvg,288,23.6091753774681
bars_since_structure_event,distance_fvg_atr,288,-47.4812166379486
bars_since_structure_event,fvg_size_atr,288,234.514949198753
bars_since_structure_event,bars_since_fvg,288,-75766.9202477739
bars_since_structure_event,fvg_mitigated,288,4.97560975609756
bars_since_structure_event,active_fvg_count_50,288,-29.5650406504065
bars_since_structure_event,inside_order_block,288,0.353077816492452
bars_since_structure_event,distance_ob_atr,288,1702.60631278031
bars_since_structure_event,ob_size_atr,288,51.259408793905
bars_since_structure_event,bars_since_ob,288,90265.9709639954
bars_since_structure_event,ob_invalidated,288,14.6438250096787
bars_since_structure_event,active_ob_count_50,288,-53.1869918699186
bars_since_structure_event,bsl_count_previous_100,288,-23.2051877661634
bars_since_structure_event,ssl_count_previous_100,288,-3.10240030971738
bars_since_structure_event,active_bsl_count,288,42.4759969028261
bars_since_structure_event,active_ssl_count,288,39.4457994579946
bars_since_structure_event,distance_nearest_bsl_atr,288,226.021353491591
bars_since_structure_event,distance_nearest_ssl_atr,288,412.878613845124
bars_since_structure_event,equal_levels_previous_100,288,39.6372435152923
bars_since_structure_event,liquidity_imbalance_100,288,2.46571173411174
distance_last_structure_event_atr,distance_last_structure_event_atr,288,410.870029842442
distance_last_structure_event_atr,bos_count_previous_20,288,-0.605203761665101
distance_last_structure_event_atr,choch_count_previous_20,288,-0.912140908218448
distance_last_structure_event_atr,near_equal_level,288,-1.1645395557044
distance_last_structure_event_atr,distance_equal_level_atr,288,15.9700602669022
distance_last_structure_event_atr,bars_since_equal_level,288,-10152.7361586918
distance_last_structure_event_atr,inside_fvg,288,-0.705653905224649
distance_last_structure_event_atr,distance_fvg_atr,288,0.896452268505615
distance_last_structure_event_atr,fvg_size_atr,288,10.5383426361298
distance_last_structure_event_atr,bars_since_fvg,288,-936.934481704658
distance_last_structure_event_atr,fvg_mitigated,288,-0.278997847754159
distance_last_structure_event_atr,active_fvg_count_50,288,0.367292522224231
distance_last_structure_event_atr,inside_order_block,288,-0.811748941894911
distance_last_structure_event_atr,distance_ob_atr,288,282.32158821233
distance_last_structure_event_atr,ob_size_atr,288,5.29692628081678
distance_last_structure_event_atr,bars_since_ob,288,722.637279182625
distance_last_structure_event_atr,ob_invalidated,288,0.637813665623572
distance_last_structure_event_atr,active_ob_count_50,288,-1.80499004092146
distance_last_structure_event_atr,bsl_count_previous_100,288,-0.55634671297256
distance_last_structure_event_atr,ssl_count_previous_100,288,-1.64146495147444
distance_last_structure_event_atr,active_bsl_count,288,-7.40446432678773
distance_last_structure_event_atr,active_ssl_count,288,-4.35024284185276
distance_last_structure_event_atr,distance_nearest_bsl_atr,288,20.8123811620781
distance_last_structure_event_atr,distance_nearest_ssl_atr,288,146.182154249705
distance_last_structure_event_atr,equal_levels_previous_100,288,3.94307508736687
distance_last_structure_event_atr,liquidity_imbalance_100,288,-0.633145788518742
bos_count_previous_20,bos_count_previous_20,288,0.0495426829268291
bos_count_previous_20,choch_count_previous_20,288,-0.0039924506387921
bos_count_previous_20,near_equal_level,288,-0.0112514518002323
bos_count_previous_20,distance_equal_level_atr,288,0.021695915762481
bos_count_previous_20,bars_since_equal_level,288,90.5564024390242
bos_count_previous_20,inside_fvg,288,-0.00141550522648085
bos_count_previous_20,distance_fvg_atr,288,0.0100665122153289
bos_count_previous_20,fvg_size_atr,288,0.040686654813275
bos_count_previous_20,bars_since_fvg,288,76.9926684088269
bos_count_previous_20,fvg_mitigated,288,-0.00370209059233447
bos_count_previous_20,active_fvg_count_50,288,0.0843858885017423
bos_count_previous_20,inside_order_block,288,-0.00174216027874564
bos_count_previous_20,distance_ob_atr,288,-0.316576223343761
bos_count_previous_20,ob_size_atr,288,-0.0072906224029206
bos_count_previous_20,bars_since_ob,288,20.783318815331
bos_count_previous_20,ob_invalidated,288,-0.0177119628339141
bos_count_previous_20,active_ob_count_50,288,0.0400696864111496
bos_count_previous_20,bsl_count_previous_100,288,0.0110336817653891
bos_count_previous_20,ssl_count_previous_100,288,0.0124491869918699
bos_count_previous_20,active_bsl_count,288,-0.0084567363530778
bos_count_previous_20,active_ssl_count,288,-0.143691927990709
bos_count_previous_20,distance_nearest_bsl_atr,288,-0.0702577901216546
bos_count_previous_20,distance_nearest_ssl_atr,288,-0.330084253167981
bos_count_previous_20,equal_levels_previous_100,288,-0.022575493612079
bos_count_previous_20,liquidity_imbalance_100,288,0.0030997129263996
choch_count_previous_20,choch_count_previous_20,288,0.0707994579945802
choch_count_previous_20,near_equal_level,288,0.0102109949670926
choch_count_previous_20,distance_equal_level_atr,288,-0.0847191374734335
choch_count_previous_20,bars_since_equal_level,288,21.8346399535424
choch_count_previous_20,inside_fvg,288,-0.00254065040650405
choch_count_previous_20,distance_fvg_atr,288,0.00869868352596566
choch_count_previous_20,fvg_size_atr,288,-0.0937522300491065
choch_count_previous_20,bars_since_fvg,288,-7.36057878435926
choch_count_previous_20,fvg_mitigated,288,0.00130662020905922
choch_count_previous_20,active_fvg_count_50,288,0.0157520325203252
choch_count_previous_20,inside_order_block,288,0.00116144018583042
choch_count_previous_20,distance_ob_atr,288,-0.481852243389482
choch_count_previous_20,ob_size_atr,288,-0.0195372195282418
choch_count_previous_20,bars_since_ob,288,-128.836962833914
choch_count_previous_20,ob_invalidated,288,-0.00251645373596596
choch_count_previous_20,active_ob_count_50,288,0.0603948896631822
choch_count_previous_20,bsl_count_previous_100,288,0.010840108401084
choch_count_previous_20,ssl_count_previous_100,288,0.0110578784359271
choch_count_previous_20,active_bsl_count,288,-0.00287940379403796
choch_count_previous_20,active_ssl_count,288,-0.036996709252807
choch_count_previous_20,distance_nearest_bsl_atr,288,-0.255337551027076
choch_count_previous_20,distance_nearest_ssl_atr,288,-0.311295882780674
choch_count_previous_20,equal_levels_previous_100,288,-0.0217286101432443
choch_count_previous_20,liquidity_imbalance_100,288,-0.00136484262753235
near_equal_level,near_equal_level,288,0.248499806426636
near_equal_level,distance_equal_level_atr,288,-0.97275551558882
near_equal_level,bars_since_equal_level,288,598.957171893147
near_equal_level,inside_fvg,288,0.100537166085947
near_equal_level,distance_fvg_atr,288,-0.177084700787555
near_equal_level,fvg_size_atr,288,-0.062713978576301
near_equal_level,bars_since_fvg,288,115.432878435927
near_equal_level,fvg_mitigated,288,0.0309233449477351
near_equal_level,active_fvg_count_50,288,-0.0344802555168409
near_equal_level,inside_order_block,288,0.0545876887340302
near_equal_level,distance_ob_atr,288,-2.09351177633219
near_equal_level,ob_size_atr,288,0.0832888854775578
near_equal_level,bars_since_ob,288,562.571283391406
near_equal_level,ob_invalidated,288,0.0443283004258616
near_equal_level,active_ob_count_50,288,-0.008130081300813
near_equal_level,bsl_count_previous_100,288,-0.00735578784359263
near_equal_level,ssl_count_previous_100,288,0.0163811459543167
near_equal_level,active_bsl_count,288,0.340422957801007
near_equal_level,active_ssl_count,288,-0.0148325590398759
near_equal_level,distance_nearest_bsl_atr,288,-0.157213744052326
near_equal_level,distance_nearest_ssl_atr,288,-0.641479756252257
near_equal_level,equal_levels_previous_100,288,0.043505613627565
near_equal_level,liquidity_imbalance_100,288,0.0175189500067221
distance_equal_level_atr,distance_equal_level_atr,288,16.3160033605701
distance_equal_level_atr,bars_since_equal_level,288,-4066.68511495061
distance_equal_level_atr,inside_fvg,288,-0.830074931777237
distance_equal_level_atr,distance_fvg_atr,288,1.4804118995105
distance_equal_level_atr,fvg_size_atr,288,-0.896761309411028
distance_equal_level_atr,bars_since_fvg,288,-1132.84934685588
distance_equal_level_atr,fvg_mitigated,288,-0.189458251009358
distance_equal_level_atr,active_fvg_count_50,288,0.954903333011655
distance_equal_level_atr,inside_order_block,288,-0.272900595188223
distance_equal_level_atr,distance_ob_atr,288,24.3360332118958
distance_equal_level_atr,ob_size_atr,288,-0.367515214635954
distance_equal_level_atr,bars_since_ob,288,-3432.47125063122
distance_equal_level_atr,ob_invalidated,288,-0.219414324262368
distance_equal_level_atr,active_ob_count_50,288,-0.0447621949731638
distance_equal_level_atr,bsl_count_previous_100,288,-0.177900429357478
distance_equal_level_atr,ssl_count_previous_100,288,-0.12659519152736
distance_equal_level_atr,active_bsl_count,288,-1.79549458160855
distance_equal_level_atr,active_ssl_count,288,-2.20605593865255
distance_equal_level_atr,distance_nearest_bsl_atr,288,15.3342785347539
distance_equal_level_atr,distance_nearest_ssl_atr,288,3.8174033236039
distance_equal_level_atr,equal_levels_previous_100,288,-0.529530134930571
distance_equal_level_atr,liquidity_imbalance_100,288,0.108876592545563
bars_since_equal_level,bars_since_equal_level,288,24412937.9577526
bars_since_equal_level,inside_fvg,288,617.572952961671
bars_since_equal_level,distance_fvg_atr,288,-993.168222457256
bars_since_equal_level,fvg_size_atr,288,-201.265976874554
bars_since_equal_level,bars_since_fvg,288,4775234.98243322
bars_since_equal_level,fvg_mitigated,288,173.844512195122
bars_since_equal_level,active_fvg_count_50,288,1010.94664634146
bars_since_equal_level,inside_order_block,288,508.940766550522
bars_since_equal_level,distance_ob_atr,288,-19290.8000500691
bars_since_equal_level,ob_size_atr,288,127.346751116554
bars_since_equal_level,bars_since_ob,288,15346874.5195993
bars_since_equal_level,ob_invalidated,288,320.892566782811
bars_since_equal_level,active_ob_count_50,288,107.780487804878
bars_since_equal_level,bsl_count_previous_100,288,-6.39140534262487
bars_since_equal_level,ssl_count_previous_100,288,99.9868612078977
bars_since_equal_level,active_bsl_count,288,2033.5443524971
bars_since_equal_level,active_ssl_count,288,-1257.78709349594
bars_since_equal_level,distance_nearest_bsl_atr,288,3073.61135198336
bars_since_equal_level,distance_nearest_ssl_atr,288,-4862.04736928307
bars_since_equal_level,equal_levels_previous_100,288,-144.152584204413
bars_since_equal_level,liquidity_imbalance_100,288,58.5027211975239
inside_fvg,inside_fvg,288,0.182817944250872
inside_fvg,distance_fvg_atr,288,-0.269657463581959
inside_fvg,fvg_size_atr,288,0.330191886232401
inside_fvg,bars_since_fvg,288,197.70550232288
inside_fvg,fvg_mitigated,288,0.0476916376306623
inside_fvg,active_fvg_count_50,288,-0.0223214285714285
inside_fvg,inside_order_block,288,0.04006968641115
inside_fvg,distance_ob_atr,288,-1.92148444869785
inside_fvg,ob_size_atr,288,0.0806253724373781
inside_fvg,bars_since_ob,288,520.20230836237
inside_fvg,ob_invalidated,288,0.0403600464576077
inside_fvg,active_ob_count_50,288,-0.0121951219512194
inside_fvg,bsl_count_previous_100,288,-0.0180023228803717
inside_fvg,ssl_count_previous_100,288,0.025660569105691
inside_fvg,active_bsl_count,288,0.356671022067363
inside_fvg,active_ssl_count,288,0.0846762485481996
inside_fvg,distance_nearest_bsl_atr,288,0.0337224148804546
inside_fvg,distance_nearest_ssl_atr,288,-1.61378417608705
inside_fvg,equal_levels_previous_100,288,-0.0257694541231127
inside_fvg,liquidity_imbalance_100,288,0.0273914500614219
distance_fvg_atr,distance_fvg_atr,288,0.658980018256022
distance_fvg_atr,fvg_size_atr,288,-0.497992048437825
distance_fvg_atr,bars_since_fvg,288,-377.087418837196
distance_fvg_atr,fvg_mitigated,288,-0.104451851551739
distance_fvg_atr,active_fvg_count_50,288,-0.0832513940525987
distance_fvg_atr,inside_order_block,288,-0.0591030057165942
distance_fvg_atr,distance_ob_atr,288,3.05748059764044
distance_fvg_atr,ob_size_atr,288,-0.140778857031163
distance_fvg_atr,bars_since_ob,288,-843.448362839567
distance_fvg_atr,ob_invalidated,288,-0.0794448863293816
distance_fvg_atr,active_ob_count_50,288,0.0311629587379095
distance_fvg_atr,bsl_count_previous_100,288,0.0465803498324223
distance_fvg_atr,ssl_count_previous_100,288,-0.061290226550295
distance_fvg_atr,active_bsl_count,288,-0.686672369650629
distance_fvg_atr,active_ssl_count,288,-0.102366026634681
distance_fvg_atr,distance_nearest_bsl_atr,288,-0.44963429320122
distance_fvg_atr,distance_nearest_ssl_atr,288,2.77448640820679
distance_fvg_atr,equal_levels_previous_100,288,0.0545608437985967
distance_fvg_atr,liquidity_imbalance_100,288,-0.0555265320786825
fvg_size_atr,fvg_size_atr,288,33.4496577489994
fvg_size_atr,bars_since_fvg,288,29.7965119249302
fvg_size_atr,fvg_mitigated,288,0.0857917141216126
fvg_size_atr,active_fvg_count_50,288,-0.871875331526667
fvg_size_atr,inside_order_block,288,-0.119326249935296
fvg_size_atr,distance_ob_atr,288,5.45526302024658
fvg_size_atr,ob_size_atr,288,-0.248919379062498
fvg_size_atr,bars_since_ob,288,-977.953092173009
fvg_size_atr,ob_invalidated,288,0.0222871248705437
fvg_size_atr,active_ob_count_50,288,-0.141614365423656
fvg_size_atr,bsl_count_previous_100,288,0.267289957697422
fvg_size_atr,ssl_count_previous_100,288,-0.348493910688684
fvg_size_atr,active_bsl_count,288,-0.0321643326075458
fvg_size_atr,active_ssl_count,288,4.04622880260165
fvg_size_atr,distance_nearest_bsl_atr,288,-4.74362108062082
fvg_size_atr,distance_nearest_ssl_atr,288,8.92756436066099
fvg_size_atr,equal_levels_previous_100,288,0.261206663379572
fvg_size_atr,liquidity_imbalance_100,288,-0.200051050704776
bars_since_fvg,bars_since_fvg,288,4356213.50053233
bars_since_fvg,fvg_mitigated,288,67.2652439024392
bars_since_fvg,active_fvg_count_50,288,555.16456155633
bars_since_fvg,inside_order_block,288,6.75145180023226
bars_since_fvg,distance_ob_atr,288,-6033.42055556364
bars_since_fvg,ob_size_atr,288,-65.7669563299639
bars_since_fvg,bars_since_ob,288,4245270.78295587
bars_since_fvg,ob_invalidated,288,68.6935733643051
bars_since_fvg,active_ob_count_50,288,112.915214866434
bars_since_fvg,bsl_count_previous_100,288,-121.490514905149
bars_since_fvg,ssl_count_previous_100,288,65.6808701122726
bars_since_fvg,active_bsl_count,288,647.126863143632
bars_since_fvg,active_ssl_count,288,-993.544594463802
bars_since_fvg,distance_nearest_bsl_atr,288,3367.76840480027
bars_since_fvg,distance_nearest_ssl_atr,288,-27.82722351281
bars_since_fvg,equal_levels_previous_100,288,24.8411246612467
bars_since_fvg,liquidity_imbalance_100,288,78.3032005404443
fvg_mitigated,fvg_mitigated,288,0.0587979094076655
fvg_mitigated,active_fvg_count_50,288,-0.0246080139372821
fvg_mitigated,inside_order_block,288,0.0104529616724739
fvg_mitigated,distance_ob_atr,288,-0.586536683787144
fvg_mitigated,ob_size_atr,288,0.0325899979375636
fvg_mitigated,bars_since_ob,288,149.556184668989
fvg_mitigated,ob_invalidated,288,0.0156794425087108
fvg_mitigated,active_ob_count_50,288,-0.00696864111498254
fvg_mitigated,bsl_count_previous_100,288,2.9738116731031e-17
fvg_mitigated,ssl_count_previous_100,288,0.00457317073170736
fvg_mitigated,active_bsl_count,288,0.143945993031359
fvg_mitigated,active_ssl_count,288,-0.00457317073170717
fvg_mitigated,distance_nearest_bsl_atr,288,0.109269501491816
fvg_mitigated,distance_nearest_ssl_atr,288,-0.742634621931888
fvg_mitigated,equal_levels_previous_100,288,-0.0265679442508708
fvg_mitigated,liquidity_imbalance_100,288,0.0130826262988546
active_fvg_count_50,active_fvg_count_50,288,3.12271341463415
active_fvg_count_50,inside_order_block,288,0.0191637630662021
active_fvg_count_50,distance_ob_atr,288,1.04750972528914
active_fvg_count_50,ob_size_atr,288,0.000434164777649867
active_fvg_count_50,bars_since_ob,288,731.264155052264
active_fvg_count_50,ob_invalidated,288,-0.0328106852497097
active_fvg_count_50,active_ob_count_50,288,0.116724738675958
active_fvg_count_50,bsl_count_previous_100,288,-0.056329849012776
active_fvg_count_50,ssl_count_previous_100,288,0.091427119628339
active_fvg_count_50,active_bsl_count,288,0.25519018583043
active_fvg_count_50,active_ssl_count,288,-0.144853368176539
active_fvg_count_50,distance_nearest_bsl_atr,288,2.74280403487137
active_fvg_count_50,distance_nearest_ssl_atr,288,-1.28238321683333
active_fvg_count_50,equal_levels_previous_100,288,-0.136396631823461
active_fvg_count_50,liquidity_imbalance_100,288,0.0233921944778799
inside_order_block,inside_order_block,288,0.139372822299652
inside_order_block,distance_ob_atr,288,-1.36211336328446
inside_order_block,ob_size_atr,288,0.102163218233784
inside_order_block,bars_since_ob,288,308.675958188153
inside_order_block,ob_invalidated,288,-0.00232288037166087
inside_order_block,active_ob_count_50,288,-0.0034843205574913
inside_order_block,bsl_count_previous_100,288,0.0185830429732869
inside_order_block,ssl_count_previous_100,288,-0.021486643437863
inside_order_block,active_bsl_count,288,0.194541231126597
inside_order_block,active_ssl_count,288,-0.397793263646923
inside_order_block,distance_nearest_bsl_atr,288,-0.308545137840438
inside_order_block,distance_nearest_ssl_atr,288,0.285165798845758
inside_order_block,equal_levels_previous_100,288,-0.0255516840882694
inside_order_block,liquidity_imbalance_100,288,0.0362956819222639
distance_ob_atr,distance_ob_atr,288,291.071858711348
distance_ob_atr,ob_size_atr,288,1.23876685742769
distance_ob_atr,bars_since_ob,288,-13659.9844953884
distance_ob_atr,ob_invalidated,288,-0.00187224238230247
distance_ob_atr,active_ob_count_50,288,-0.939493411396209
distance_ob_atr,bsl_count_previous_100,288,-0.138138562032519
distance_ob_atr,ssl_count_previous_100,288,-1.28860894633635
distance_ob_atr,active_bsl_count,288,-8.3104448928646
distance_ob_atr,active_ssl_count,288,1.6059115026276
distance_ob_atr,distance_nearest_bsl_atr,288,13.0229946434538
distance_ob_atr,distance_nearest_ssl_atr,288,91.566306490903
distance_ob_atr,equal_levels_previous_100,288,3.04454627763122
distance_ob_atr,liquidity_imbalance_100,288,-1.00278005117127
ob_size_atr,ob_size_atr,288,1.32024830317082
ob_size_atr,bars_since_ob,288,-65.938302231639
ob_size_atr,ob_invalidated,288,0.00324705689218619
ob_size_atr,active_ob_count_50,288,-0.0331878570361062
ob_size_atr,bsl_count_previous_100,288,-0.00637504446764413
ob_size_atr,ssl_count_previous_100,288,-0.0826911150694126
ob_size_atr,active_bsl_count,288,0.444835495417511
ob_size_atr,active_ssl_count,288,-0.880036669405067
ob_size_atr,distance_nearest_bsl_atr,288,-0.858927095958885
ob_size_atr,distance_nearest_ssl_atr,288,3.66335552287211
ob_size_atr,equal_levels_previous_100,288,0.0148706582606628
ob_size_atr,liquidity_imbalance_100,288,0.0902372765602833
bars_since_ob,bars_since_ob,288,20421965.9647212
bars_since_ob,ob_invalidated,288,468.035423925667
bars_since_ob,active_ob_count_50,288,-51.9686411149826
bars_since_ob,bsl_count_previous_100,288,98.6991869918698
bars_since_ob,ssl_count_previous_100,288,102.977714866434
bars_since_ob,active_bsl_count,288,1780.7512340302
bars_since_ob,active_ssl_count,288,-2292.49223286876
bars_since_ob,distance_nearest_bsl_atr,288,2245.06867262199
bars_since_ob,distance_nearest_ssl_atr,288,-2083.05301546202
bars_since_ob,equal_levels_previous_100,288,25.7681475029036
bars_since_ob,liquidity_imbalance_100,288,84.3560849403125
ob_invalidated,ob_invalidated,288,0.157181571815719
ob_invalidated,active_ob_count_50,288,-0.0371660859465735
ob_invalidated,bsl_count_previous_100,288,-0.019357336430507
ob_invalidated,ssl_count_previous_100,288,-0.00977545489740611
ob_invalidated,active_bsl_count,288,0.077332559039876
ob_invalidated,active_ssl_count,288,0.0697831978319784
ob_invalidated,distance_nearest_bsl_atr,288,0.0657465901370605
ob_invalidated,distance_nearest_ssl_atr,288,-0.00969039362113363
ob_invalidated,equal_levels_previous_100,288,0.000193573364305045
ob_invalidated,liquidity_imbalance_100,288,-0.0039036902923973
active_ob_count_50,active_ob_count_50,288,0.139372822299652
active_ob_count_50,bsl_count_previous_100,288,0.0220673635307781
active_ob_count_50,ssl_count_previous_100,288,0.0342624854819977
active_ob_count_50,active_bsl_count,288,-0.0145180023228804
active_ob_count_50,active_ssl_count,288,-0.206155632984902
active_ob_count_50,distance_nearest_bsl_atr,288,-0.261021011603157
active_ob_count_50,distance_nearest_ssl_atr,288,-0.534930296511214
active_ob_count_50,equal_levels_previous_100,288,-0.0464576074332171
active_ob_count_50,liquidity_imbalance_100,288,0.00627354764040828
bsl_count_previous_100,bsl_count_previous_100,288,0.319783197831979
bsl_count_previous_100,ssl_count_previous_100,288,-0.0965931087882305
bsl_count_previous_100,active_bsl_count,288,0.0149051490514905
bsl_count_previous_100,active_ssl_count,288,-0.00483933410762678
bsl_count_previous_100,distance_nearest_bsl_atr,288,-3.78729069785023
bsl_count_previous_100,distance_nearest_ssl_atr,288,3.97285756229183
bsl_count_previous_100,equal_levels_previous_100,288,-0.00619434765776229
bsl_count_previous_100,liquidity_imbalance_100,288,-0.00429074079092941
ssl_count_previous_100,ssl_count_previous_100,288,0.276120305845915
ssl_count_previous_100,active_bsl_count,288,0.0426708284939993
ssl_count_previous_100,active_ssl_count,288,-0.374068428184282
ssl_count_previous_100,distance_nearest_bsl_atr,288,2.75627765529473
ssl_count_previous_100,distance_nearest_ssl_atr,288,-6.55329924434744
ssl_count_previous_100,equal_levels_previous_100,288,-0.107021873790167
ssl_count_previous_100,liquidity_imbalance_100,288,0.0125233376387413
active_bsl_count,active_bsl_count,288,5.5653189121177
active_bsl_count,active_ssl_count,288,-4.52389421215641
active_bsl_count,distance_nearest_bsl_atr,288,-1.32599499060279
active_bsl_count,distance_nearest_ssl_atr,288,-4.39124643507213
active_bsl_count,equal_levels_previous_100,288,-0.242910375532327
active_bsl_count,liquidity_imbalance_100,288,0.839614382312942
active_ssl_count,active_ssl_count,288,36.0275721060782
active_ssl_count,distance_nearest_bsl_atr,288,-3.57874612542152
active_ssl_count,distance_nearest_ssl_atr,288,4.85492016274423
active_ssl_count,equal_levels_previous_100,288,0.664900309717382
active_ssl_count,liquidity_imbalance_100,288,-2.16441171295718
distance_nearest_bsl_atr,distance_nearest_bsl_atr,288,108.335224519352
distance_nearest_bsl_atr,distance_nearest_ssl_atr,288,-93.1872490936391
distance_nearest_bsl_atr,equal_levels_previous_100,288,-1.09962191295995
distance_nearest_bsl_atr,liquidity_imbalance_100,288,0.232901109877978
distance_nearest_ssl_atr,distance_nearest_ssl_atr,288,360.840350079729
distance_nearest_ssl_atr,equal_levels_previous_100,288,2.90781920334023
distance_nearest_ssl_atr,liquidity_imbalance_100,288,-0.610716341450269
equal_levels_previous_100,equal_levels_previous_100,288,1.07892953929539
equal_levels_previous_100,liquidity_imbalance_100,288,-0.0632531471640291
liquidity_imbalance_100,liquidity_imbalance_100,288,0.228915736288093
