feature_a,feature_b,n,correlation,abs_correlation,high_correlation
pivot_id,pivot_id,288,1,1,0
pivot_id,timeframe,288,0,0,0
pivot_id,pivot_index,288,0.995903549299821,0.995903549299821,1
pivot_id,confirmation_index,288,0.995903549299821,0.995903549299821,1
pivot_id,confirmation_delay,288,0,0,0
pivot_id,pivot_open,288,0.045096687725084,0.045096687725084,0
pivot_id,pivot_high,288,0.0442331149990284,0.0442331149990284,0
pivot_id,pivot_low,288,0.0453510079541657,0.0453510079541657,0
pivot_id,pivot_close,288,0.0447988334717435,0.0447988334717435,0
pivot_id,pivot_price,288,0.0444663877980763,0.0444663877980763,0
pivot_id,pivot_volume,288,-0.0448751719020637,0.0448751719020637,0
pivot_id,pivot_range,288,-0.0910990038586064,0.0910990038586064,0
pivot_id,pivot_body,288,-0.0956413189672692,0.0956413189672692,0
pivot_id,upper_wick,288,-0.0894200723862654,0.0894200723862654,0
pivot_id,lower_wick,288,-0.00867975212150018,0.00867975212150018,0
pivot_id,close_position,288,-0.00114776922292677,0.00114776922292677,0
pivot_id,confirm_open,288,0.045096687725084,0.045096687725084,0
pivot_id,confirm_high,288,0.0442331149990284,0.0442331149990284,0
pivot_id,confirm_low,288,0.0453510079541657,0.0453510079541657,0
pivot_id,confirm_close,288,0.0447988334717435,0.0447988334717435,0
pivot_id,confirm_volume,288,-0.0448751719020637,0.0448751719020637,0
pivot_id,atr_14,288,0.0304648809409224,0.0304648809409224,0
pivot_id,range_atr_ratio,288,-0.124957421755658,0.124957421755658,0
pivot_id,body_atr_ratio,288,-0.132329412118455,0.132329412118455,0
pivot_id,price_to_confirm_close,288,-0.0396532630907818,0.0396532630907818,0
pivot_id,volume_mean_20,288,0.0399069267372187,0.0399069267372187,0
pivot_id,volume_std_20,288,0.00473637812354025,0.00473637812354025,0
pivot_id,volume_ratio_20,288,-0.0447113703721633,0.0447113703721633,0
pivot_id,volume_zscore_20,288,-0.0488793906969102,0.0488793906969102,0
pivot_id,previous_pivot_price,288,0.0384331341664957,0.0384331341664957,0
pivot_id,distance_previous_pivot,288,0.0320114396408872,0.0320114396408872,0
pivot_id,bars_previous_pivot,288,0.0285534089738612,0.0285534089738612,0
pivot_id,swing_size_atr,288,0.02451877880207,0.02451877880207,0
pivot_id,swept_index,288,0.977504757763414,0.977504757763414,1
pivot_id,resolved_index,288,0.977505664725708,0.977505664725708,1
pivot_id,bars_since_structure_event,288,-0.0137547429585767,0.0137547429585767,0
pivot_id,distance_last_structure_event_atr,288,-0.0612368518526525,0.0612368518526525,0
pivot_id,bos_count_previous_20,288,-0.0695733522476839,0.0695733522476839,0
pivot_id,choch_count_previous_20,288,-0.0186885333246676,0.0186885333246676,0
pivot_id,near_equal_level,288,0.184553688301857,0.184553688301857,0
pivot_id,distance_equal_level_atr,288,-0.173783860637081,0.173783860637081,0
pivot_id,bars_since_equal_level,288,0.315101448105671,0.315101448105671,0
pivot_id,inside_fvg,288,0.188614491528527,0.188614491528527,0
pivot_id,distance_fvg_atr,288,-0.167265948156428,0.167265948156428,0
pivot_id,fvg_size_atr,288,0.0820160888399831,0.0820160888399831,0
pivot_id,bars_since_fvg,288,0.152137399732797,0.152137399732797,0
pivot_id,fvg_mitigated,288,0.0614631980494132,0.0614631980494132,0
pivot_id,active_fvg_count_50,288,0.0878158705661124,0.0878158705661124,0
pivot_id,inside_order_block,288,-0.0545847142507545,0.0545847142507545,0
pivot_id,distance_ob_atr,288,-0.0730522098033944,0.0730522098033944,0
pivot_id,ob_size_atr,288,-0.121208028734194,0.121208028734194,0
pivot_id,bars_since_ob,288,0.285328460708549,0.285328460708549,0
pivot_id,ob_invalidated,288,0.130357255247781,0.130357255247781,0
pivot_id,active_ob_count_50,288,-0.0445004843261923,0.0445004843261923,0
pivot_id,bsl_count_previous_100,288,-0.0124657937005713,0.0124657937005713,0
pivot_id,ssl_count_previous_100,288,-0.108216944083863,0.108216944083863,0
pivot_id,active_bsl_count,288,0.00309708485210409,0.00309708485210409,0
pivot_id,active_ssl_count,288,0.778899720455844,0.778899720455844,0
pivot_id,distance_nearest_bsl_atr,288,-0.0516365383610927,0.0516365383610927,0
pivot_id,distance_nearest_ssl_atr,288,0.0519453145241158,0.0519453145241158,0
pivot_id,equal_levels_previous_100,288,0.0749035433781579,0.0749035433781579,0
pivot_id,liquidity_imbalance_100,288,-0.49140418264844,0.49140418264844,0
timeframe,timeframe,288,0,0,0
timeframe,pivot_index,288,0,0,0
timeframe,confirmation_index,288,0,0,0
timeframe,confirmation_delay,288,0,0,0
timeframe,pivot_open,288,0,0,0
timeframe,pivot_high,288,0,0,0
timeframe,pivot_low,288,0,0,0
timeframe,pivot_close,288,0,0,0
timeframe,pivot_price,288,0,0,0
timeframe,pivot_volume,288,0,0,0
timeframe,pivot_range,288,0,0,0
timeframe,pivot_body,288,0,0,0
timeframe,upper_wick,288,0,0,0
timeframe,lower_wick,288,0,0,0
timeframe,close_position,288,0,0,0
timeframe,confirm_open,288,0,0,0
timeframe,confirm_high,288,0,0,0
timeframe,confirm_low,288,0,0,0
timeframe,confirm_close,288,0,0,0
timeframe,confirm_volume,288,0,0,0
timeframe,atr_14,288,0,0,0
timeframe,range_atr_ratio,288,0,0,0
timeframe,body_atr_ratio,288,0,0,0
timeframe,price_to_confirm_close,288,0,0,0
timeframe,volume_mean_20,288,0,0,0
timeframe,volume_std_20,288,0,0,0
timeframe,volume_ratio_20,288,0,0,0
timeframe,volume_zscore_20,288,0,0,0
timeframe,previous_pivot_price,288,0,0,0
timeframe,distance_previous_pivot,288,0,0,0
timeframe,bars_previous_pivot,288,0,0,0
timeframe,swing_size_atr,288,0,0,0
timeframe,swept_index,288,0,0,0
timeframe,resolved_index,288,0,0,0
timeframe,bars_since_structure_event,288,0,0,0
timeframe,distance_last_structure_event_atr,288,0,0,0
timeframe,bos_count_previous_20,288,0,0,0
timeframe,choch_count_previous_20,288,0,0,0
timeframe,near_equal_level,288,0,0,0
timeframe,distance_equal_level_atr,288,0,0,0
timeframe,bars_since_equal_level,288,0,0,0
timeframe,inside_fvg,288,0,0,0
timeframe,distance_fvg_atr,288,0,0,0
timeframe,fvg_size_atr,288,0,0,0
timeframe,bars_since_fvg,288,0,0,0
timeframe,fvg_mitigated,288,0,0,0
timeframe,active_fvg_count_50,288,0,0,0
timeframe,inside_order_block,288,0,0,0
timeframe,distance_ob_atr,288,0,0,0
timeframe,ob_size_atr,288,0,0,0
timeframe,bars_since_ob,288,0,0,0
timeframe,ob_invalidated,288,0,0,0
timeframe,active_ob_count_50,288,0,0,0
timeframe,bsl_count_previous_100,288,0,0,0
timeframe,ssl_count_previous_100,288,0,0,0
timeframe,active_bsl_count,288,0,0,0
timeframe,active_ssl_count,288,0,0,0
timeframe,distance_nearest_bsl_atr,288,0,0,0
timeframe,distance_nearest_ssl_atr,288,0,0,0
timeframe,equal_levels_previous_100,288,0,0,0
timeframe,liquidity_imbalance_100,288,0,0,0
pivot_index,pivot_index,288,1,1,0
pivot_index,confirmation_index,288,1,1,1
pivot_index,confirmation_delay,288,0,0,0
pivot_index,pivot_open,288,0.0996614453312926,0.0996614453312926,0
pivot_index,pivot_high,288,0.0989085922323803,0.0989085922323803,0
pivot_index,pivot_low,288,0.0998531244298622,0.0998531244298622,0
pivot_index,pivot_close,288,0.0994046691518196,0.0994046691518196,0
pivot_index,pivot_price,288,0.0990181076792951,0.0990181076792951,0
pivot_index,pivot_volume,288,-0.0409392754298921,0.0409392754298921,0
pivot_index,pivot_range,288,-0.0714533541749233,0.0714533541749233,0
pivot_index,pivot_body,288,-0.0764918487386297,0.0764918487386297,0
pivot_index,upper_wick,288,-0.0830591753831153,0.0830591753831153,0
pivot_index,lower_wick,288,0.00668138942886497,0.00668138942886497,0
pivot_index,close_position,288,0.00653277013281671,0.00653277013281671,0
pivot_index,confirm_open,288,0.0996614453312926,0.0996614453312926,0
pivot_index,confirm_high,288,0.0989085922323803,0.0989085922323803,0
pivot_index,confirm_low,288,0.0998531244298622,0.0998531244298622,0
pivot_index,confirm_close,288,0.0994046691518196,0.0994046691518196,0
pivot_index,confirm_volume,288,-0.0409392754298921,0.0409392754298921,0
pivot_index,atr_14,288,0.0595841132611016,0.0595841132611016,0
pivot_index,range_atr_ratio,288,-0.129383330029774,0.129383330029774,0
pivot_index,body_atr_ratio,288,-0.13235742604254,0.13235742604254,0
pivot_index,price_to_confirm_close,288,-0.0531415104801667,0.0531415104801667,0
pivot_index,volume_mean_20,288,0.0456578198261314,0.0456578198261314,0
pivot_index,volume_std_20,288,0.00571566065155353,0.00571566065155353,0
pivot_index,volume_ratio_20,288,-0.0514644537620644,0.0514644537620644,0
pivot_index,volume_zscore_20,288,-0.0543289182800251,0.0543289182800251,0
pivot_index,previous_pivot_price,288,0.0934226760545575,0.0934226760545575,0
pivot_index,distance_previous_pivot,288,0.0553582417800112,0.0553582417800112,0
pivot_index,bars_previous_pivot,288,0.0323670151749884,0.0323670151749884,0
pivot_index,swing_size_atr,288,0.0222829490808354,0.0222829490808354,0
pivot_index,swept_index,288,0.981451737491264,0.981451737491264,1
pivot_index,resolved_index,288,0.981452486669438,0.981452486669438,1
pivot_index,bars_since_structure_event,288,-0.00869801747275827,0.00869801747275827,0
pivot_index,distance_last_structure_event_atr,288,-0.0689904824526268,0.0689904824526268,0
pivot_index,bos_count_previous_20,288,-0.0611699931396885,0.0611699931396885,0
pivot_index,choch_count_previous_20,288,-0.0191793293609961,0.0191793293609961,0
pivot_index,near_equal_level,288,0.204985415614837,0.204985415614837,0
pivot_index,distance_equal_level_atr,288,-0.186597453649863,0.186597453649863,0
pivot_index,bars_since_equal_level,288,0.361038635883204,0.361038635883204,0
pivot_index,inside_fvg,288,0.215959955579902,0.215959955579902,0
pivot_index,distance_fvg_atr,288,-0.189105225909784,0.189105225909784,0
pivot_index,fvg_size_atr,288,0.0674691104948267,0.0674691104948267,0
pivot_index,bars_since_fvg,288,0.183080779273605,0.183080779273605,0
pivot_index,fvg_mitigated,288,0.0770846917274021,0.0770846917274021,0
pivot_index,active_fvg_count_50,288,0.0904348519570625,0.0904348519570625,0
pivot_index,inside_order_block,288,-0.0360700854810367,0.0360700854810367,0
pivot_index,distance_ob_atr,288,-0.0960768217837918,0.0960768217837918,0
pivot_index,ob_size_atr,288,-0.106493439647804,0.106493439647804,0
pivot_index,bars_since_ob,288,0.333332887012152,0.333332887012152,0
pivot_index,ob_invalidated,288,0.136310647121496,0.136310647121496,0
pivot_index,active_ob_count_50,288,-0.0398403616074982,0.0398403616074982,0
pivot_index,bsl_count_previous_100,288,-0.015163029273508,0.015163029273508,0
pivot_index,ssl_count_previous_100,288,-0.0961236620385371,0.0961236620385371,0
pivot_index,active_bsl_count,288,0.0382077395927476,0.0382077395927476,0
pivot_index,active_ssl_count,288,0.740959183140448,0.740959183140448,0
pivot_index,distance_nearest_bsl_atr,288,-0.0413415326030935,0.0413415326030935,0
pivot_index,distance_nearest_ssl_atr,288,0.0442409696460703,0.0442409696460703,0
pivot_index,equal_levels_previous_100,288,0.0671438803212006,0.0671438803212006,0
pivot_index,liquidity_imbalance_100,288,-0.454368831376167,0.454368831376167,0
confirmation_index,confirmation_index,288,1,1,0
confirmation_index,confirmation_delay,288,0,0,0
confirmation_index,pivot_open,288,0.0996614453312926,0.0996614453312926,0
confirmation_index,pivot_high,288,0.0989085922323803,0.0989085922323803,0
confirmation_index,pivot_low,288,0.0998531244298622,0.0998531244298622,0
confirmation_index,pivot_close,288,0.0994046691518196,0.0994046691518196,0
confirmation_index,pivot_price,288,0.0990181076792951,0.0990181076792951,0
confirmation_index,pivot_volume,288,-0.0409392754298921,0.0409392754298921,0
confirmation_index,pivot_range,288,-0.0714533541749233,0.0714533541749233,0
confirmation_index,pivot_body,288,-0.0764918487386297,0.0764918487386297,0
confirmation_index,upper_wick,288,-0.0830591753831153,0.0830591753831153,0
confirmation_index,lower_wick,288,0.00668138942886497,0.00668138942886497,0
confirmation_index,close_position,288,0.00653277013281671,0.00653277013281671,0
confirmation_index,confirm_open,288,0.0996614453312926,0.0996614453312926,0
confirmation_index,confirm_high,288,0.0989085922323803,0.0989085922323803,0
confirmation_index,confirm_low,288,0.0998531244298622,0.0998531244298622,0
confirmation_index,confirm_close,288,0.0994046691518196,0.0994046691518196,0
confirmation_index,confirm_volume,288,-0.0409392754298921,0.0409392754298921,0
confirmation_index,atr_14,288,0.0595841132611016,0.0595841132611016,0
confirmation_index,range_atr_ratio,288,-0.129383330029774,0.129383330029774,0
confirmation_index,body_atr_ratio,288,-0.13235742604254,0.13235742604254,0
confirmation_index,price_to_confirm_close,288,-0.0531415104801667,0.0531415104801667,0
confirmation_index,volume_mean_20,288,0.0456578198261314,0.0456578198261314,0
confirmation_index,volume_std_20,288,0.00571566065155353,0.00571566065155353,0
confirmation_index,volume_ratio_20,288,-0.0514644537620644,0.0514644537620644,0
confirmation_index,volume_zscore_20,288,-0.0543289182800251,0.0543289182800251,0
confirmation_index,previous_pivot_price,288,0.0934226760545575,0.0934226760545575,0
confirmation_index,distance_previous_pivot,288,0.0553582417800112,0.0553582417800112,0
confirmation_index,bars_previous_pivot,288,0.0323670151749884,0.0323670151749884,0
confirmation_index,swing_size_atr,288,0.0222829490808354,0.0222829490808354,0
confirmation_index,swept_index,288,0.981451737491264,0.981451737491264,1
confirmation_index,resolved_index,288,0.981452486669438,0.981452486669438,1
confirmation_index,bars_since_structure_event,288,-0.00869801747275827,0.00869801747275827,0
confirmation_index,distance_last_structure_event_atr,288,-0.0689904824526268,0.0689904824526268,0
confirmation_index,bos_count_previous_20,288,-0.0611699931396885,0.0611699931396885,0
confirmation_index,choch_count_previous_20,288,-0.0191793293609961,0.0191793293609961,0
confirmation_index,near_equal_level,288,0.204985415614837,0.204985415614837,0
confirmation_index,distance_equal_level_atr,288,-0.186597453649863,0.186597453649863,0
confirmation_index,bars_since_equal_level,288,0.361038635883204,0.361038635883204,0
confirmation_index,inside_fvg,288,0.215959955579902,0.215959955579902,0
confirmation_index,distance_fvg_atr,288,-0.189105225909784,0.189105225909784,0
confirmation_index,fvg_size_atr,288,0.0674691104948267,0.0674691104948267,0
confirmation_index,bars_since_fvg,288,0.183080779273605,0.183080779273605,0
confirmation_index,fvg_mitigated,288,0.0770846917274021,0.0770846917274021,0
confirmation_index,active_fvg_count_50,288,0.0904348519570625,0.0904348519570625,0
confirmation_index,inside_order_block,288,-0.0360700854810367,0.0360700854810367,0
confirmation_index,distance_ob_atr,288,-0.0960768217837918,0.0960768217837918,0
confirmation_index,ob_size_atr,288,-0.106493439647804,0.106493439647804,0
confirmation_index,bars_since_ob,288,0.333332887012152,0.333332887012152,0
confirmation_index,ob_invalidated,288,0.136310647121496,0.136310647121496,0
confirmation_index,active_ob_count_50,288,-0.0398403616074982,0.0398403616074982,0
confirmation_index,bsl_count_previous_100,288,-0.015163029273508,0.015163029273508,0
confirmation_index,ssl_count_previous_100,288,-0.0961236620385371,0.0961236620385371,0
confirmation_index,active_bsl_count,288,0.0382077395927476,0.0382077395927476,0
confirmation_index,active_ssl_count,288,0.740959183140448,0.740959183140448,0
confirmation_index,distance_nearest_bsl_atr,288,-0.0413415326030935,0.0413415326030935,0
confirmation_index,distance_nearest_ssl_atr,288,0.0442409696460703,0.0442409696460703,0
confirmation_index,equal_levels_previous_100,288,0.0671438803212006,0.0671438803212006,0
confirmation_index,liquidity_imbalance_100,288,-0.454368831376167,0.454368831376167,0
confirmation_delay,confirmation_delay,288,0,0,0
confirmation_delay,pivot_open,288,0,0,0
confirmation_delay,pivot_high,288,0,0,0
confirmation_delay,pivot_low,288,0,0,0
confirmation_delay,pivot_close,288,0,0,0
confirmation_delay,pivot_price,288,0,0,0
confirmation_delay,pivot_volume,288,0,0,0
confirmation_delay,pivot_range,288,0,0,0
confirmation_delay,pivot_body,288,0,0,0
confirmation_delay,upper_wick,288,0,0,0
confirmation_delay,lower_wick,288,0,0,0
confirmation_delay,close_position,288,0,0,0
confirmation_delay,confirm_open,288,0,0,0
confirmation_delay,confirm_high,288,0,0,0
confirmation_delay,confirm_low,288,0,0,0
confirmation_delay,confirm_close,288,0,0,0
confirmation_delay,confirm_volume,288,0,0,0
confirmation_delay,atr_14,288,0,0,0
confirmation_delay,range_atr_ratio,288,0,0,0
confirmation_delay,body_atr_ratio,288,0,0,0
confirmation_delay,price_to_confirm_close,288,0,0,0
confirmation_delay,volume_mean_20,288,0,0,0
confirmation_delay,volume_std_20,288,0,0,0
confirmation_delay,volume_ratio_20,288,0,0,0
confirmation_delay,volume_zscore_20,288,0,0,0
confirmation_delay,previous_pivot_price,288,0,0,0
confirmation_delay,distance_previous_pivot,288,0,0,0
confirmation_delay,bars_previous_pivot,288,0,0,0
confirmation_delay,swing_size_atr,288,0,0,0
confirmation_delay,swept_index,288,0,0,0
confirmation_delay,resolved_index,288,0,0,0
confirmation_delay,bars_since_structure_event,288,0,0,0
confirmation_delay,distance_last_structure_event_atr,288,0,0,0
confirmation_delay,bos_count_previous_20,288,0,0,0
confirmation_delay,choch_count_previous_20,288,0,0,0
confirmation_delay,near_equal_level,288,0,0,0
confirmation_delay,distance_equal_level_atr,288,0,0,0
confirmation_delay,bars_since_equal_level,288,0,0,0
confirmation_delay,inside_fvg,288,0,0,0
confirmation_delay,distance_fvg_atr,288,0,0,0
confirmation_delay,fvg_size_atr,288,0,0,0
confirmation_delay,bars_since_fvg,288,0,0,0
confirmation_delay,fvg_mitigated,288,0,0,0
confirmation_delay,active_fvg_count_50,288,0,0,0
confirmation_delay,inside_order_block,288,0,0,0
confirmation_delay,distance_ob_atr,288,0,0,0
confirmation_delay,ob_size_atr,288,0,0,0
confirmation_delay,bars_since_ob,288,0,0,0
confirmation_delay,ob_invalidated,288,0,0,0
confirmation_delay,active_ob_count_50,288,0,0,0
confirmation_delay,bsl_count_previous_100,288,0,0,0
confirmation_delay,ssl_count_previous_100,288,0,0,0
confirmation_delay,active_bsl_count,288,0,0,0
confirmation_delay,active_ssl_count,288,0,0,0
confirmation_delay,distance_nearest_bsl_atr,288,0,0,0
confirmation_delay,distance_nearest_ssl_atr,288,0,0,0
confirmation_delay,equal_levels_previous_100,288,0,0,0
confirmation_delay,liquidity_imbalance_100,288,0,0,0
pivot_open,pivot_open,288,1,1,0
pivot_open,pivot_high,288,0.999970709704062,0.999970709704062,1
pivot_open,pivot_low,288,0.999961785358847,0.999961785358847,1
pivot_open,pivot_close,288,0.999965409040412,0.999965409040412,1
pivot_open,pivot_price,288,0.999920867743733,0.999920867743733,1
pivot_open,pivot_volume,288,0.0604629926133459,0.0604629926133459,0
pivot_open,pivot_range,288,0.0904317669024654,0.0904317669024654,0
pivot_open,pivot_body,288,0.100795028435786,0.100795028435786,0
pivot_open,upper_wick,288,-0.0721910052127883,0.0721910052127883,0
pivot_open,lower_wick,288,0.145009233784774,0.145009233784774,0
pivot_open,close_position,288,0.0473429515227445,0.0473429515227445,0
pivot_open,confirm_open,288,1,1,1
pivot_open,confirm_high,288,0.999970709704062,0.999970709704062,1
pivot_open,confirm_low,288,0.999961785358847,0.999961785358847,1
pivot_open,confirm_close,288,0.999965409040412,0.999965409040412,1
pivot_open,confirm_volume,288,0.0604629926133459,0.0604629926133459,0
pivot_open,atr_14,288,0.301190666720919,0.301190666720919,0
pivot_open,range_atr_ratio,288,-0.182413310618088,0.182413310618088,0
pivot_open,body_atr_ratio,288,-0.12537961957705,0.12537961957705,0
pivot_open,price_to_confirm_close,288,-0.143723468829348,0.143723468829348,0
pivot_open,volume_mean_20,288,0.157975887493118,0.157975887493118,0
pivot_open,volume_std_20,288,0.10257534262714,0.10257534262714,0
pivot_open,volume_ratio_20,288,-0.147929840813314,0.147929840813314,0
pivot_open,volume_zscore_20,288,-0.141809313200674,0.141809313200674,0
pivot_open,previous_pivot_price,288,0.990024068721221,0.990024068721221,1
pivot_open,distance_previous_pivot,288,0.216230909538723,0.216230909538723,0
pivot_open,bars_previous_pivot,288,-0.00601543913548727,0.00601543913548727,0
pivot_open,swing_size_atr,288,-0.0614203337402238,0.0614203337402238,0
pivot_open,swept_index,288,0.122481758627888,0.122481758627888,0
pivot_open,resolved_index,288,0.122480945194951,0.122480945194951,0
pivot_open,bars_since_structure_event,288,-0.0184570763910063,0.0184570763910063,0
pivot_open,distance_last_structure_event_atr,288,-0.175375030819006,0.175375030819006,0
pivot_open,bos_count_previous_20,288,0.0918095355564346,0.0918095355564346,0
pivot_open,choch_count_previous_20,288,-0.0217678173811446,0.0217678173811446,0
pivot_open,near_equal_level,288,0.111705318051631,0.111705318051631,0
pivot_open,distance_equal_level_atr,288,-0.0326777050899315,0.0326777050899315,0
pivot_open,bars_since_equal_level,288,0.335519119193992,0.335519119193992,0
pivot_open,inside_fvg,288,0.195925958193438,0.195925958193438,0
pivot_open,distance_fvg_atr,288,-0.112376318659784,0.112376318659784,0
pivot_open,fvg_size_atr,288,-0.107632347350605,0.107632347350605,0
pivot_open,bars_since_fvg,288,0.204293143729768,0.204293143729768,0
pivot_open,fvg_mitigated,288,0.0416154805268583,0.0416154805268583,0
pivot_open,active_fvg_count_50,288,0.0683082016973395,0.0683082016973395,0
pivot_open,inside_order_block,288,0.230440781890163,0.230440781890163,0
pivot_open,distance_ob_atr,288,-0.254967108969617,0.254967108969617,0
pivot_open,ob_size_atr,288,0.139184665823753,0.139184665823753,0
pivot_open,bars_since_ob,288,0.334469592690036,0.334469592690036,0
pivot_open,ob_invalidated,288,-0.0472151897104303,0.0472151897104303,0
pivot_open,active_ob_count_50,288,0.0793942509673739,0.0793942509673739,0
pivot_open,bsl_count_previous_100,288,0.0143031861503207,0.0143031861503207,0
pivot_open,ssl_count_previous_100,288,0.0677805640817367,0.0677805640817367,0
pivot_open,active_bsl_count,288,0.444641387415419,0.444641387415419,0
pivot_open,active_ssl_count,288,-0.231683122111685,0.231683122111685,0
pivot_open,distance_nearest_bsl_atr,288,0.027320539451315,0.027320539451315,0
pivot_open,distance_nearest_ssl_atr,288,-0.069576099644307,0.069576099644307,0
pivot_open,equal_levels_previous_100,288,-0.135034256654483,0.135034256654483,0
pivot_open,liquidity_imbalance_100,288,0.383409117440979,0.383409117440979,0
pivot_high,pivot_high,288,1,1,0
pivot_high,pivot_low,288,0.999931489192888,0.999931489192888,1
pivot_high,pivot_close,288,0.999973820396754,0.999973820396754,1
pivot_high,pivot_price,288,0.99993208802049,0.99993208802049,1
pivot_high,pivot_volume,288,0.0640435582894328,0.0640435582894328,0
pivot_high,pivot_range,288,0.0955016268935242,0.0955016268935242,0
pivot_high,pivot_body,288,0.105009769729615,0.105009769729615,0
pivot_high,upper_wick,288,-0.0664061929909478,0.0664061929909478,0
pivot_high,lower_wick,288,0.146214452726077,0.146214452726077,0
pivot_high,close_position,288,0.0481088491407459,0.0481088491407459,0
pivot_high,confirm_open,288,0.999970709704062,0.999970709704062,1
pivot_high,confirm_high,288,1,1,1
pivot_high,confirm_low,288,0.999931489192888,0.999931489192888,1
pivot_high,confirm_close,288,0.999973820396754,0.999973820396754,1
pivot_high,confirm_volume,288,0.0640435582894328,0.0640435582894328,0
pivot_high,atr_14,288,0.304349690475791,0.304349690475791,0
pivot_high,range_atr_ratio,288,-0.178437320165926,0.178437320165926,0
pivot_high,body_atr_ratio,288,-0.122656901488249,0.122656901488249,0
pivot_high,price_to_confirm_close,288,-0.141795001811006,0.141795001811006,0
pivot_high,volume_mean_20,288,0.159931403955156,0.159931403955156,0
pivot_high,volume_std_20,288,0.104649838602768,0.104649838602768,0
pivot_high,volume_ratio_20,288,-0.145355741609959,0.145355741609959,0
pivot_high,volume_zscore_20,288,-0.139275284831417,0.139275284831417,0
pivot_high,previous_pivot_price,288,0.989943083829928,0.989943083829928,1
pivot_high,distance_previous_pivot,288,0.217630075950294,0.217630075950294,0
pivot_high,bars_previous_pivot,288,-0.00613828689192804,0.00613828689192804,0
pivot_high,swing_size_atr,288,-0.0622955495368767,0.0622955495368767,0
pivot_high,swept_index,288,0.121701434526992,0.121701434526992,0
pivot_high,resolved_index,288,0.121700616986756,0.121700616986756,0
pivot_high,bars_since_structure_event,288,-0.0192989386756421,0.0192989386756421,0
pivot_high,distance_last_structure_event_atr,288,-0.176429018007827,0.176429018007827,0
pivot_high,bos_count_previous_20,288,0.0927206844234886,0.0927206844234886,0
pivot_high,choch_count_previous_20,288,-0.0211037948915961,0.0211037948915961,0
pivot_high,near_equal_level,288,0.111371631323719,0.111371631323719,0
pivot_high,distance_equal_level_atr,288,-0.0328068484070307,0.0328068484070307,0
pivot_high,bars_since_equal_level,288,0.336337344369625,0.336337344369625,0
pivot_high,inside_fvg,288,0.195452476083665,0.195452476083665,0
pivot_high,distance_fvg_atr,288,-0.111142935429845,0.111142935429845,0
pivot_high,fvg_size_atr,288,-0.107059220515322,0.107059220515322,0
pivot_high,bars_since_fvg,288,0.205119331902248,0.205119331902248,0
pivot_high,fvg_mitigated,288,0.0414772426245191,0.0414772426245191,0
pivot_high,active_fvg_count_50,288,0.0668285550977298,0.0668285550977298,0
pivot_high,inside_order_block,288,0.2308485800984,0.2308485800984,0
pivot_high,distance_ob_atr,288,-0.255844922654645,0.255844922654645,0
pivot_high,ob_size_atr,288,0.138225402390102,0.138225402390102,0
pivot_high,bars_since_ob,288,0.334865977961295,0.334865977961295,0
pivot_high,ob_invalidated,288,-0.0470030800213525,0.0470030800213525,0
pivot_high,active_ob_count_50,288,0.0802272000330001,0.0802272000330001,0
pivot_high,bsl_count_previous_100,288,0.0153997096099632,0.0153997096099632,0
pivot_high,ssl_count_previous_100,288,0.0672343590641908,0.0672343590641908,0
pivot_high,active_bsl_count,288,0.445212975319253,0.445212975319253,0
pivot_high,active_ssl_count,288,-0.233227727782374,0.233227727782374,0
pivot_high,distance_nearest_bsl_atr,288,0.0260134368878189,0.0260134368878189,0
pivot_high,distance_nearest_ssl_atr,288,-0.0695977813587273,0.0695977813587273,0
pivot_high,equal_levels_previous_100,288,-0.134921774974819,0.134921774974819,0
pivot_high,liquidity_imbalance_100,288,0.384901040700039,0.384901040700039,0
pivot_low,pivot_low,288,1,1,0
pivot_low,pivot_close,288,0.999970646561154,0.999970646561154,1
pivot_low,pivot_price,288,0.999966488973393,0.999966488973393,1
pivot_low,pivot_volume,288,0.0558556297527922,0.0558556297527922,0
pivot_low,pivot_range,288,0.0838431635852638,0.0838431635852638,0
pivot_low,pivot_body,288,0.0950812819374358,0.0950812819374358,0
pivot_low,upper_wick,288,-0.0730931250642663,0.0730931250642663,0
pivot_low,lower_wick,288,0.137831482531316,0.137831482531316,0
pivot_low,close_position,288,0.0485798087270284,0.0485798087270284,0
pivot_low,confirm_open,288,0.999961785358847,0.999961785358847,1
pivot_low,confirm_high,288,0.999931489192888,0.999931489192888,1
pivot_low,confirm_low,288,1,1,1
pivot_low,confirm_close,288,0.999970646561154,0.999970646561154,1
pivot_low,confirm_volume,288,0.0558556297527922,0.0558556297527922,0
pivot_low,atr_14,288,0.297454543475362,0.297454543475362,0
pivot_low,range_atr_ratio,288,-0.186121629462235,0.186121629462235,0
pivot_low,body_atr_ratio,288,-0.128460319860694,0.128460319860694,0
pivot_low,price_to_confirm_close,288,-0.140723762335246,0.140723762335246,0
pivot_low,volume_mean_20,288,0.155736112253966,0.155736112253966,0
pivot_low,volume_std_20,288,0.101360575499727,0.101360575499727,0
pivot_low,volume_ratio_20,288,-0.149794588912557,0.149794588912557,0
pivot_low,volume_zscore_20,288,-0.144356944415351,0.144356944415351,0
pivot_low,previous_pivot_price,288,0.989615652211291,0.989615652211291,1
pivot_low,distance_previous_pivot,288,0.215674646430431,0.215674646430431,0
pivot_low,bars_previous_pivot,288,-0.00489990753460125,0.00489990753460125,0
pivot_low,swing_size_atr,288,-0.0596638915760006,0.0596638915760006,0
pivot_low,swept_index,288,0.122578847266536,0.122578847266536,0
pivot_low,resolved_index,288,0.122577914074029,0.122577914074029,0
pivot_low,bars_since_structure_event,288,-0.0176822906159069,0.0176822906159069,0
pivot_low,distance_last_structure_event_atr,288,-0.17442710453714,0.17442710453714,0
pivot_low,bos_count_previous_20,288,0.0919776927233577,0.0919776927233577,0
pivot_low,choch_count_previous_20,288,-0.0222593610721811,0.0222593610721811,0
pivot_low,near_equal_level,288,0.110219495459273,0.110219495459273,0
pivot_low,distance_equal_level_atr,288,-0.0321372608678346,0.0321372608678346,0
pivot_low,bars_since_equal_level,288,0.334329990677288,0.334329990677288,0
pivot_low,inside_fvg,288,0.194974283927491,0.194974283927491,0
pivot_low,distance_fvg_atr,288,-0.1113582261693,0.1113582261693,0
pivot_low,fvg_size_atr,288,-0.106886886853027,0.106886886853027,0
pivot_low,bars_since_fvg,288,0.203361288563499,0.203361288563499,0
pivot_low,fvg_mitigated,288,0.0410973390550557,0.0410973390550557,0
pivot_low,active_fvg_count_50,288,0.0691161119983489,0.0691161119983489,0
pivot_low,inside_order_block,288,0.230021053292822,0.230021053292822,0
pivot_low,distance_ob_atr,288,-0.254145911823697,0.254145911823697,0
pivot_low,ob_size_atr,288,0.140841429541454,0.140841429541454,0
pivot_low,bars_since_ob,288,0.333403340970502,0.333403340970502,0
pivot_low,ob_invalidated,288,-0.0473972306175676,0.0473972306175676,0
pivot_low,active_ob_count_50,288,0.0791791475774514,0.0791791475774514,0
pivot_low,bsl_count_previous_100,288,0.0149253664510712,0.0149253664510712,0
pivot_low,ssl_count_previous_100,288,0.0646881278457294,0.0646881278457294,0
pivot_low,active_bsl_count,288,0.44353404833654,0.44353404833654,0
pivot_low,active_ssl_count,288,-0.231026354719773,0.231026354719773,0
pivot_low,distance_nearest_bsl_atr,288,0.0255930543537567,0.0255930543537567,0
pivot_low,distance_nearest_ssl_atr,288,-0.0670458192798991,0.0670458192798991,0
pivot_low,equal_levels_previous_100,288,-0.133574150214989,0.133574150214989,0
pivot_low,liquidity_imbalance_100,288,0.382620528306109,0.382620528306109,0
pivot_close,pivot_close,288,1,1,0
pivot_close,pivot_price,288,0.999949581333105,0.999949581333105,1
pivot_close,pivot_volume,288,0.0600640473454227,0.0600640473454227,0
pivot_close,pivot_range,288,0.0899430224547131,0.0899430224547131,0
pivot_close,pivot_body,288,0.100436841152001,0.100436841152001,0
pivot_close,upper_wick,288,-0.0712359723206492,0.0712359723206492,0
pivot_close,lower_wick,288,0.143476622520802,0.143476622520802,0
pivot_close,close_position,288,0.0516379341228138,0.0516379341228138,0
pivot_close,confirm_open,288,0.999965409040412,0.999965409040412,1
pivot_close,confirm_high,288,0.999973820396754,0.999973820396754,1
pivot_close,confirm_low,288,0.999970646561154,0.999970646561154,1
pivot_close,confirm_close,288,1,1,1
pivot_close,confirm_volume,288,0.0600640473454227,0.0600640473454227,0
pivot_close,atr_14,288,0.301099037429605,0.301099037429605,0
pivot_close,range_atr_ratio,288,-0.182532635237202,0.182532635237202,0
pivot_close,body_atr_ratio,288,-0.125498635077125,0.125498635077125,0
pivot_close,price_to_confirm_close,288,-0.143374500164902,0.143374500164902,0
pivot_close,volume_mean_20,288,0.157896085072611,0.157896085072611,0
pivot_close,volume_std_20,288,0.103505541099454,0.103505541099454,0
pivot_close,volume_ratio_20,288,-0.147970606586361,0.147970606586361,0
pivot_close,volume_zscore_20,288,-0.142327258565734,0.142327258565734,0
pivot_close,previous_pivot_price,288,0.989853654661933,0.989853654661933,1
pivot_close,distance_previous_pivot,288,0.216904182831266,0.216904182831266,0
pivot_close,bars_previous_pivot,288,-0.00514763452322052,0.00514763452322052,0
pivot_close,swing_size_atr,288,-0.0608738704516341,0.0608738704516341,0
pivot_close,swept_index,288,0.122024637931303,0.122024637931303,0
pivot_close,resolved_index,288,0.122023747236146,0.122023747236146,0
pivot_close,bars_since_structure_event,288,-0.0183754738846766,0.0183754738846766,0
pivot_close,distance_last_structure_event_atr,288,-0.17547321741416,0.17547321741416,0
pivot_close,bos_count_previous_20,288,0.0922902221877351,0.0922902221877351,0
pivot_close,choch_count_previous_20,288,-0.0213993291803143,0.0213993291803143,0
pivot_close,near_equal_level,288,0.110887092515374,0.110887092515374,0
pivot_close,distance_equal_level_atr,288,-0.0325319444174095,0.0325319444174095,0
pivot_close,bars_since_equal_level,288,0.335506024422207,0.335506024422207,0
pivot_close,inside_fvg,288,0.195439908400676,0.195439908400676,0
pivot_close,distance_fvg_atr,288,-0.111630825979397,0.111630825979397,0
pivot_close,fvg_size_atr,288,-0.106976377877083,0.106976377877083,0
pivot_close,bars_since_fvg,288,0.204505489108598,0.204505489108598,0
pivot_close,fvg_mitigated,288,0.0415589811137755,0.0415589811137755,0
pivot_close,active_fvg_count_50,288,0.067681794009066,0.067681794009066,0
pivot_close,inside_order_block,288,0.230104406803196,0.230104406803196,0
pivot_close,distance_ob_atr,288,-0.255112447941094,0.255112447941094,0
pivot_close,ob_size_atr,288,0.139348324296064,0.139348324296064,0
pivot_close,bars_since_ob,288,0.334125568021607,0.334125568021607,0
pivot_close,ob_invalidated,288,-0.0466255427079393,0.0466255427079393,0
pivot_close,active_ob_count_50,288,0.0797253996273805,0.0797253996273805,0
pivot_close,bsl_count_previous_100,288,0.0145784715073996,0.0145784715073996,0
pivot_close,ssl_count_previous_100,288,0.0661233083172786,0.0661233083172786,0
pivot_close,active_bsl_count,288,0.444382132212954,0.444382132212954,0
pivot_close,active_ssl_count,288,-0.23216542490001,0.23216542490001,0
pivot_close,distance_nearest_bsl_atr,288,0.0263071978844882,0.0263071978844882,0
pivot_close,distance_nearest_ssl_atr,288,-0.068482275547772,0.068482275547772,0
pivot_close,equal_levels_previous_100,288,-0.133982848715862,0.133982848715862,0
pivot_close,liquidity_imbalance_100,288,0.383841687864426,0.383841687864426,0
pivot_price,pivot_price,288,1,1,0
pivot_price,pivot_volume,288,0.0584320774065554,0.0584320774065554,0
pivot_price,pivot_range,288,0.0867439196598801,0.0867439196598801,0
pivot_price,pivot_body,288,0.0972649511205842,0.0972649511205842,0
pivot_price,upper_wick,288,-0.067642387599909,0.067642387599909,0
pivot_price,lower_wick,288,0.136902517487779,0.136902517487779,0
pivot_price,close_position,288,0.0473820499062447,0.0473820499062447,0
pivot_price,confirm_open,288,0.999920867743733,0.999920867743733,1
pivot_price,confirm_high,288,0.99993208802049,0.99993208802049,1
pivot_price,confirm_low,288,0.999966488973393,0.999966488973393,1
pivot_price,confirm_close,288,0.999949581333105,0.999949581333105,1
pivot_price,confirm_volume,288,0.0584320774065554,0.0584320774065554,0
pivot_price,atr_14,288,0.299047554075091,0.299047554075091,0
pivot_price,range_atr_ratio,288,-0.182782484536387,0.182782484536387,0
pivot_price,body_atr_ratio,288,-0.126339130409522,0.126339130409522,0
pivot_price,price_to_confirm_close,288,-0.13511092070088,0.13511092070088,0
pivot_price,volume_mean_20,288,0.157393356089965,0.157393356089965,0
pivot_price,volume_std_20,288,0.102934003868774,0.102934003868774,0
pivot_price,volume_ratio_20,288,-0.147639078034767,0.147639078034767,0
pivot_price,volume_zscore_20,288,-0.142431145249316,0.142431145249316,0
pivot_price,previous_pivot_price,288,0.989040322801546,0.989040322801546,1
pivot_price,distance_previous_pivot,288,0.216523015323025,0.216523015323025,0
pivot_price,bars_previous_pivot,288,-0.00536621649577898,0.00536621649577898,0
pivot_price,swing_size_atr,288,-0.0600086123437376,0.0600086123437376,0
pivot_price,swept_index,288,0.121740808091092,0.121740808091092,0
pivot_price,resolved_index,288,0.121739925339639,0.121739925339639,0
pivot_price,bars_since_structure_event,288,-0.0182701889880825,0.0182701889880825,0
pivot_price,distance_last_structure_event_atr,288,-0.175304485090958,0.175304485090958,0
pivot_price,bos_count_previous_20,288,0.092081254080747,0.092081254080747,0
pivot_price,choch_count_previous_20,288,-0.0213522604865434,0.0213522604865434,0
pivot_price,near_equal_level,288,0.109840764741954,0.109840764741954,0
pivot_price,distance_equal_level_atr,288,-0.0323001708809364,0.0323001708809364,0
pivot_price,bars_since_equal_level,288,0.334202402305676,0.334202402305676,0
pivot_price,inside_fvg,288,0.194413251155816,0.194413251155816,0
pivot_price,distance_fvg_atr,288,-0.109953898132634,0.109953898132634,0
pivot_price,fvg_size_atr,288,-0.106565741238516,0.106565741238516,0
pivot_price,bars_since_fvg,288,0.203168425441734,0.203168425441734,0
pivot_price,fvg_mitigated,288,0.041038980044254,0.041038980044254,0
pivot_price,active_fvg_count_50,288,0.0676253313951209,0.0676253313951209,0
pivot_price,inside_order_block,288,0.230925403395025,0.230925403395025,0
pivot_price,distance_ob_atr,288,-0.254851703165299,0.254851703165299,0
pivot_price,ob_size_atr,288,0.140666032285471,0.140666032285471,0
pivot_price,bars_since_ob,288,0.333412651771587,0.333412651771587,0
pivot_price,ob_invalidated,288,-0.0476227319162289,0.0476227319162289,0
pivot_price,active_ob_count_50,288,0.0797920701144676,0.0797920701144676,0
pivot_price,bsl_count_previous_100,288,0.0185208033878251,0.0185208033878251,0
pivot_price,ssl_count_previous_100,288,0.0620864560253467,0.0620864560253467,0
pivot_price,active_bsl_count,288,0.444238277649898,0.444238277649898,0
pivot_price,active_ssl_count,288,-0.232359393503931,0.232359393503931,0
pivot_price,distance_nearest_bsl_atr,288,0.0219592003335967,0.0219592003335967,0
pivot_price,distance_nearest_ssl_atr,288,-0.0653574814602755,0.0653574814602755,0
pivot_price,equal_levels_previous_100,288,-0.133235547369475,0.133235547369475,0
pivot_price,liquidity_imbalance_100,288,0.384129907602287,0.384129907602287,0
pivot_volume,pivot_volume,288,1,1,0
pivot_volume,pivot_range,288,0.702044668140566,0.702044668140566,0
pivot_volume,pivot_body,288,0.523953119739825,0.523953119739825,0
pivot_volume,upper_wick,288,0.460975211387612,0.460975211387612,0
pivot_volume,lower_wick,288,0.549072427688588,0.549072427688588,0
pivot_volume,close_position,288,-0.0335790791493107,0.0335790791493107,0
pivot_volume,confirm_open,288,0.0604629926133459,0.0604629926133459,0
pivot_volume,confirm_high,288,0.0640435582894328,0.0640435582894328,0
pivot_volume,confirm_low,288,0.0558556297527922,0.0558556297527922,0
pivot_volume,confirm_close,288,0.0600640473454227,0.0600640473454227,0
pivot_volume,confirm_volume,288,1,1,1
pivot_volume,atr_14,288,0.536715213899503,0.536715213899503,0
pivot_volume,range_atr_ratio,288,0.371107891889259,0.371107891889259,0
pivot_volume,body_atr_ratio,288,0.18134464262564,0.18134464262564,0
pivot_volume,price_to_confirm_close,288,-0.0204358064616411,0.0204358064616411,0
pivot_volume,volume_mean_20,288,0.595111383870789,0.595111383870789,0
pivot_volume,volume_std_20,288,0.516274796878269,0.516274796878269,0
pivot_volume,volume_ratio_20,288,0.309963431617117,0.309963431617117,0
pivot_volume,volume_zscore_20,288,0.322119870197434,0.322119870197434,0
pivot_volume,previous_pivot_price,288,0.0734196432018023,0.0734196432018023,0
pivot_volume,distance_previous_pivot,288,0.100128038974901,0.100128038974901,0
pivot_volume,bars_previous_pivot,288,-0.150011916051152,0.150011916051152,0
pivot_volume,swing_size_atr,288,-0.253374803125185,0.253374803125185,0
pivot_volume,swept_index,288,-0.0259166177316305,0.0259166177316305,0
pivot_volume,resolved_index,288,-0.0259084152554291,0.0259084152554291,0
pivot_volume,bars_since_structure_event,288,-0.17908355993984,0.17908355993984,0
pivot_volume,distance_last_structure_event_atr,288,-0.209445050980315,0.209445050980315,0
pivot_volume,bos_count_previous_20,288,0.0617944338211434,0.0617944338211434,0
pivot_volume,choch_count_previous_20,288,0.122690574707076,0.122690574707076,0
pivot_volume,near_equal_level,288,0.00181360912342064,0.00181360912342064,0
pivot_volume,distance_equal_level_atr,288,-0.0402561953063936,0.0402561953063936,0
pivot_volume,bars_since_equal_level,288,0.108877613449467,0.108877613449467,0
pivot_volume,inside_fvg,288,-0.0559095923054368,0.0559095923054368,0
pivot_volume,distance_fvg_atr,288,0.11220425686179,0.11220425686179,0
pivot_volume,fvg_size_atr,288,-0.0226568745983215,0.0226568745983215,0
pivot_volume,bars_since_fvg,288,0.113662207607311,0.113662207607311,0
pivot_volume,fvg_mitigated,288,-0.0469688475015346,0.0469688475015346,0
pivot_volume,active_fvg_count_50,288,-0.172485986461658,0.172485986461658,0
pivot_volume,inside_order_block,288,-0.00917744455631466,0.00917744455631466,0
pivot_volume,distance_ob_atr,288,-0.143025825064865,0.143025825064865,0
pivot_volume,ob_size_atr,288,-0.255872955490485,0.255872955490485,0
pivot_volume,bars_since_ob,288,0.0536042460536332,0.0536042460536332,0
pivot_volume,ob_invalidated,288,-0.00066060947173483,0.00066060947173483,0
pivot_volume,active_ob_count_50,288,0.107053322387882,0.107053322387882,0
pivot_volume,bsl_count_previous_100,288,0.132700753149249,0.132700753149249,0
pivot_volume,ssl_count_previous_100,288,0.161190408738093,0.161190408738093,0
pivot_volume,active_bsl_count,288,-0.00433811344069406,0.00433811344069406,0
pivot_volume,active_ssl_count,288,-0.0601866864481557,0.0601866864481557,0
pivot_volume,distance_nearest_bsl_atr,288,-0.0731078963583978,0.0731078963583978,0
pivot_volume,distance_nearest_ssl_atr,288,-0.185103051546266,0.185103051546266,0
pivot_volume,equal_levels_previous_100,288,-0.139906116068244,0.139906116068244,0
pivot_volume,liquidity_imbalance_100,288,0.0158641656225654,0.0158641656225654,0
pivot_range,pivot_range,288,1,1,0
pivot_range,pivot_body,288,0.853735510378138,0.853735510378138,0
pivot_range,upper_wick,288,0.562701770134431,0.562701770134431,0
pivot_range,lower_wick,288,0.725999726217548,0.725999726217548,0
pivot_range,close_position,288,-0.0357362248397165,0.0357362248397165,0
pivot_range,confirm_open,288,0.0904317669024654,0.0904317669024654,0
pivot_range,confirm_high,288,0.0955016268935242,0.0955016268935242,0
pivot_range,confirm_low,288,0.0838431635852638,0.0838431635852638,0
pivot_range,confirm_close,288,0.0899430224547131,0.0899430224547131,0
pivot_range,confirm_volume,288,0.702044668140566,0.702044668140566,0
pivot_range,atr_14,288,0.61365607684198,0.61365607684198,0
pivot_range,range_atr_ratio,288,0.63747229640481,0.63747229640481,0
pivot_range,body_atr_ratio,288,0.482523446807998,0.482523446807998,0
pivot_range,price_to_confirm_close,288,-0.103813749733385,0.103813749733385,0
pivot_range,volume_mean_20,288,0.371109575420201,0.371109575420201,0
pivot_range,volume_std_20,288,0.289103493347857,0.289103493347857,0
pivot_range,volume_ratio_20,288,0.364444779041779,0.364444779041779,0
pivot_range,volume_zscore_20,288,0.419654810265376,0.419654810265376,0
pivot_range,previous_pivot_price,288,0.116618396876884,0.116618396876884,0
pivot_range,distance_previous_pivot,288,0.185805826432479,0.185805826432479,0
pivot_range,bars_previous_pivot,288,-0.105862247809546,0.105862247809546,0
pivot_range,swing_size_atr,288,-0.229382604223689,0.229382604223689,0
pivot_range,swept_index,288,-0.063701555959742,0.063701555959742,0
pivot_range,resolved_index,288,-0.0636917942025681,0.0636917942025681,0
pivot_range,bars_since_structure_event,288,-0.139210409987715,0.139210409987715,0
pivot_range,distance_last_structure_event_atr,288,-0.186064098001583,0.186064098001583,0
pivot_range,bos_count_previous_20,288,0.0714987929759748,0.0714987929759748,0
pivot_range,choch_count_previous_20,288,0.0963768679464779,0.0963768679464779,0
pivot_range,near_equal_level,288,0.107964949550826,0.107964949550826,0
pivot_range,distance_equal_level_atr,288,-0.0598837010977404,0.0598837010977404,0
pivot_range,bars_since_equal_level,288,0.200866588371168,0.200866588371168,0
pivot_range,inside_fvg,288,0.0581927582713672,0.0581927582713672,0
pivot_range,distance_fvg_atr,288,0.00834153218289774,0.00834153218289774,0
pivot_range,fvg_size_atr,288,-0.0242558421308423,0.0242558421308423,0
pivot_range,bars_since_fvg,288,0.167898196619502,0.167898196619502,0
pivot_range,fvg_mitigated,288,0.0360264948009135,0.0360264948009135,0
pivot_range,active_fvg_count_50,288,-0.188540981905117,0.188540981905117,0
pivot_range,inside_order_block,288,0.0910743428313001,0.0910743428313001,0
pivot_range,distance_ob_atr,288,-0.167426912556791,0.167426912556791,0
pivot_range,ob_size_atr,288,-0.210071549981953,0.210071549981953,0
pivot_range,bars_since_ob,288,0.154411928655761,0.154411928655761,0
pivot_range,ob_invalidated,288,0.0293035478482155,0.0293035478482155,0
pivot_range,active_ob_count_50,288,0.0963208038982248,0.0963208038982248,0
pivot_range,bsl_count_previous_100,288,0.0417191235627316,0.0417191235627316,0
pivot_range,ssl_count_previous_100,288,0.222560803167558,0.222560803167558,0
pivot_range,active_bsl_count,288,0.182700650461816,0.182700650461816,0
pivot_range,active_ssl_count,288,-0.208119594705421,0.208119594705421,0
pivot_range,distance_nearest_bsl_atr,288,0.0380821023895828,0.0380821023895828,0
pivot_range,distance_nearest_ssl_atr,288,-0.223260096593936,0.223260096593936,0
pivot_range,equal_levels_previous_100,288,-0.126701197480686,0.126701197480686,0
pivot_range,liquidity_imbalance_100,288,0.228450979489461,0.228450979489461,0
pivot_body,pivot_body,288,1,1,0
pivot_body,upper_wick,288,0.250917841586904,0.250917841586904,0
pivot_body,lower_wick,288,0.471394660863034,0.471394660863034,0
pivot_body,close_position,288,-0.00262948830530419,0.00262948830530419,0
pivot_body,confirm_open,288,0.100795028435786,0.100795028435786,0
pivot_body,confirm_high,288,0.105009769729615,0.105009769729615,0
pivot_body,confirm_low,288,0.0950812819374358,0.0950812819374358,0
pivot_body,confirm_close,288,0.100436841152001,0.100436841152001,0
pivot_body,confirm_volume,288,0.523953119739825,0.523953119739825,0
pivot_body,atr_14,288,0.532873073412866,0.532873073412866,0
pivot_body,range_atr_ratio,288,0.487789033408713,0.487789033408713,0
pivot_body,body_atr_ratio,288,0.684423356000261,0.684423356000261,0
pivot_body,price_to_confirm_close,288,-0.136832797035194,0.136832797035194,0
pivot_body,volume_mean_20,288,0.346637422961902,0.346637422961902,0
pivot_body,volume_std_20,288,0.283490725457282,0.283490725457282,0
pivot_body,volume_ratio_20,288,0.15961657774493,0.15961657774493,0
pivot_body,volume_zscore_20,288,0.217765538248153,0.217765538248153,0
pivot_body,previous_pivot_price,288,0.121600862121219,0.121600862121219,0
pivot_body,distance_previous_pivot,288,0.214970007352268,0.214970007352268,0
pivot_body,bars_previous_pivot,288,-0.0341486119404727,0.0341486119404727,0
pivot_body,swing_size_atr,288,-0.145038109869967,0.145038109869967,0
pivot_body,swept_index,288,-0.0685056434362998,0.0685056434362998,0
pivot_body,resolved_index,288,-0.0684957289727789,0.0684957289727789,0
pivot_body,bars_since_structure_event,288,-0.136553696768188,0.136553696768188,0
pivot_body,distance_last_structure_event_atr,288,-0.130244128509954,0.130244128509954,0
pivot_body,bos_count_previous_20,288,0.108644287174766,0.108644287174766,0
pivot_body,choch_count_previous_20,288,0.0444706369541358,0.0444706369541358,0
pivot_body,near_equal_level,288,0.0914101074039188,0.0914101074039188,0
pivot_body,distance_equal_level_atr,288,-0.0433019376194875,0.0433019376194875,0
pivot_body,bars_since_equal_level,288,0.154466423895839,0.154466423895839,0
pivot_body,inside_fvg,288,0.0584425980721641,0.0584425980721641,0
pivot_body,distance_fvg_atr,288,-0.0450801904807899,0.0450801904807899,0
pivot_body,fvg_size_atr,288,-0.00552052220634398,0.00552052220634398,0
pivot_body,bars_since_fvg,288,0.15248124065436,0.15248124065436,0
pivot_body,fvg_mitigated,288,0.0404121830675747,0.0404121830675747,0
pivot_body,active_fvg_count_50,288,-0.148263319062409,0.148263319062409,0
pivot_body,inside_order_block,288,0.0683712900009599,0.0683712900009599,0
pivot_body,distance_ob_atr,288,-0.137445458030694,0.137445458030694,0
pivot_body,ob_size_atr,288,-0.175996564503411,0.175996564503411,0
pivot_body,bars_since_ob,288,0.15734367427936,0.15734367427936,0
pivot_body,ob_invalidated,288,0.0198669404509387,0.0198669404509387,0
pivot_body,active_ob_count_50,288,0.106550901447041,0.106550901447041,0
pivot_body,bsl_count_previous_100,288,0.0627392740627179,0.0627392740627179,0
pivot_body,ssl_count_previous_100,288,0.189562700665016,0.189562700665016,0
pivot_body,active_bsl_count,288,0.163602243253676,0.163602243253676,0
pivot_body,active_ssl_count,288,-0.199988202866338,0.199988202866338,0
pivot_body,distance_nearest_bsl_atr,288,0.0623939182469391,0.0623939182469391,0
pivot_body,distance_nearest_ssl_atr,288,-0.158887025374081,0.158887025374081,0
pivot_body,equal_levels_previous_100,288,-0.105055589063367,0.105055589063367,0
pivot_body,liquidity_imbalance_100,288,0.223273491223618,0.223273491223618,0
upper_wick,upper_wick,288,1,1,0
upper_wick,lower_wick,288,0.0964290693579482,0.0964290693579482,0
upper_wick,close_position,288,-0.305874112446838,0.305874112446838,0
upper_wick,confirm_open,288,-0.0721910052127883,0.0721910052127883,0
upper_wick,confirm_high,288,-0.0664061929909478,0.0664061929909478,0
upper_wick,confirm_low,288,-0.0730931250642663,0.0730931250642663,0
upper_wick,confirm_close,288,-0.0712359723206492,0.0712359723206492,0
upper_wick,confirm_volume,288,0.460975211387612,0.460975211387612,0
upper_wick,atr_14,288,0.327194543519128,0.327194543519128,0
upper_wick,range_atr_ratio,288,0.543365645292528,0.543365645292528,0
upper_wick,body_atr_ratio,288,0.120798585562922,0.120798585562922,0
upper_wick,price_to_confirm_close,288,0.490222017529277,0.490222017529277,0
upper_wick,volume_mean_20,288,0.192771645725477,0.192771645725477,0
upper_wick,volume_std_20,288,0.15253676148534,0.15253676148534,0
upper_wick,volume_ratio_20,288,0.461459570524312,0.461459570524312,0
upper_wick,volume_zscore_20,288,0.463344987169562,0.463344987169562,0
upper_wick,previous_pivot_price,288,-0.0837845284233409,0.0837845284233409,0
upper_wick,distance_previous_pivot,288,0.0810215244583377,0.0810215244583377,0
upper_wick,bars_previous_pivot,288,-0.0992432019507797,0.0992432019507797,0
upper_wick,swing_size_atr,288,-0.150535542351227,0.150535542351227,0
upper_wick,swept_index,288,-0.0725844615791257,0.0725844615791257,0
upper_wick,resolved_index,288,-0.0725839967174995,0.0725839967174995,0
upper_wick,bars_since_structure_event,288,-0.0973003624816256,0.0973003624816256,0
upper_wick,distance_last_structure_event_atr,288,-0.129774224574863,0.129774224574863,0
upper_wick,bos_count_previous_20,288,0.0707112230402096,0.0707112230402096,0
upper_wick,choch_count_previous_20,288,0.07445738881274,0.07445738881274,0
upper_wick,near_equal_level,288,-0.0493894356076107,0.0493894356076107,0
upper_wick,distance_equal_level_atr,288,-0.0135987715702056,0.0135987715702056,0
upper_wick,bars_since_equal_level,288,0.0725933823579473,0.0725933823579473,0
upper_wick,inside_fvg,288,-0.0932116826027146,0.0932116826027146,0
upper_wick,distance_fvg_atr,288,0.224295635186818,0.224295635186818,0
upper_wick,fvg_size_atr,288,0.0582547816506063,0.0582547816506063,0
upper_wick,bars_since_fvg,288,0.0501673021997495,0.0501673021997495,0
upper_wick,fvg_mitigated,288,-0.0538182314066979,0.0538182314066979,0
upper_wick,active_fvg_count_50,288,-0.151690613990109,0.151690613990109,0
upper_wick,inside_order_block,288,0.0794763359529895,0.0794763359529895,0
upper_wick,distance_ob_atr,288,-0.0803080919541886,0.0803080919541886,0
upper_wick,ob_size_atr,288,-0.103239082395923,0.103239082395923,0
upper_wick,bars_since_ob,288,0.0133327883972925,0.0133327883972925,0
upper_wick,ob_invalidated,288,-0.0331067248491703,0.0331067248491703,0
upper_wick,active_ob_count_50,288,0.0714221022051453,0.0714221022051453,0
upper_wick,bsl_count_previous_100,288,0.168092240397731,0.168092240397731,0
upper_wick,ssl_count_previous_100,288,-0.0749795880003246,0.0749795880003246,0
upper_wick,active_bsl_count,288,0.0388181707560428,0.0388181707560428,0
upper_wick,active_ssl_count,288,-0.145715374570692,0.145715374570692,0
upper_wick,distance_nearest_bsl_atr,288,-0.223835429727878,0.223835429727878,0
upper_wick,distance_nearest_ssl_atr,288,-0.0111946623514801,0.0111946623514801,0
upper_wick,equal_levels_previous_100,288,-0.016061460545067,0.016061460545067,0
upper_wick,liquidity_imbalance_100,288,0.123139623743474,0.123139623743474,0
lower_wick,lower_wick,288,1,1,0
lower_wick,close_position,288,0.193395734815716,0.193395734815716,0
lower_wick,confirm_open,288,0.145009233784774,0.145009233784774,0
lower_wick,confirm_high,288,0.146214452726077,0.146214452726077,0
lower_wick,confirm_low,288,0.137831482531316,0.137831482531316,0
lower_wick,confirm_close,288,0.143476622520802,0.143476622520802,0
lower_wick,confirm_volume,288,0.549072427688588,0.549072427688588,0
lower_wick,atr_14,288,0.450012840055374,0.450012840055374,0
lower_wick,range_atr_ratio,288,0.371208556463035,0.371208556463035,0
lower_wick,body_atr_ratio,288,0.129665593330496,0.129665593330496,0
lower_wick,price_to_confirm_close,288,-0.503423154304405,0.503423154304405,0
lower_wick,volume_mean_20,288,0.244897543604681,0.244897543604681,0
lower_wick,volume_std_20,288,0.17111557907528,0.17111557907528,0
lower_wick,volume_ratio_20,288,0.232861538623656,0.232861538623656,0
lower_wick,volume_zscore_20,288,0.284686010981319,0.284686010981319,0
lower_wick,previous_pivot_price,288,0.189604197156396,0.189604197156396,0
lower_wick,distance_previous_pivot,288,0.0824407596176694,0.0824407596176694,0
lower_wick,bars_previous_pivot,288,-0.114719884236819,0.114719884236819,0
lower_wick,swing_size_atr,288,-0.213600912353138,0.213600912353138,0
lower_wick,swept_index,288,0.0050539921479303,0.0050539921479303,0
lower_wick,resolved_index,288,0.00506351638441332,0.00506351638441332,0
lower_wick,bars_since_structure_event,288,-0.0609940545192663,0.0609940545192663,0
lower_wick,distance_last_structure_event_atr,288,-0.149966830447942,0.149966830447942,0
lower_wick,bos_count_previous_20,288,-0.0374766397428632,0.0374766397428632,0
lower_wick,choch_count_previous_20,288,0.101203096340478,0.101203096340478,0
lower_wick,near_equal_level,288,0.177938581900684,0.177938581900684,0
lower_wick,distance_equal_level_atr,288,-0.0716671567507571,0.0716671567507571,0
lower_wick,bars_since_equal_level,288,0.204219669988823,0.204219669988823,0
lower_wick,inside_fvg,288,0.143528759904937,0.143528759904937,0
lower_wick,distance_fvg_atr,288,-0.122343762094025,0.122343762094025,0
lower_wick,fvg_size_atr,288,-0.101768719079175,0.101768719079175,0
lower_wick,bars_since_fvg,288,0.149617886473831,0.149617886473831,0
lower_wick,fvg_mitigated,288,0.0798573479463548,0.0798573479463548,0
lower_wick,active_fvg_count_50,288,-0.112648681553991,0.112648681553991,0
lower_wick,inside_order_block,288,0.0531010030531776,0.0531010030531776,0
lower_wick,distance_ob_atr,288,-0.141160122970405,0.141160122970405,0
lower_wick,ob_size_atr,288,-0.17027609705742,0.17027609705742,0
lower_wick,bars_since_ob,288,0.144630433308,0.144630433308,0
lower_wick,ob_invalidated,288,0.07237541473879,0.07237541473879,0
lower_wick,active_ob_count_50,288,0.022787855601663,0.022787855601663,0
lower_wick,bsl_count_previous_100,288,-0.134510108289521,0.134510108289521,0
lower_wick,ssl_count_previous_100,288,0.341322284546127,0.341322284546127,0
lower_wick,active_bsl_count,288,0.179952257992941,0.179952257992941,0
lower_wick,active_ssl_count,288,-0.096388535718417,0.096388535718417,0
lower_wick,distance_nearest_bsl_atr,288,0.208133328300913,0.208133328300913,0
lower_wick,distance_nearest_ssl_atr,288,-0.305872578762398,0.305872578762398,0
lower_wick,equal_levels_previous_100,288,-0.145473360258911,0.145473360258911,0
lower_wick,liquidity_imbalance_100,288,0.13385433322328,0.13385433322328,0
close_position,close_position,288,1,1,0
close_position,confirm_open,288,0.0473429515227445,0.0473429515227445,0
close_position,confirm_high,288,0.0481088491407459,0.0481088491407459,0
close_position,confirm_low,288,0.0485798087270284,0.0485798087270284,0
close_position,confirm_close,288,0.0516379341228138,0.0516379341228138,0
close_position,confirm_volume,288,-0.0335790791493107,0.0335790791493107,0
close_position,atr_14,288,-0.000154235200203738,0.000154235200203738,0
close_position,range_atr_ratio,288,-0.0929994244398995,0.0929994244398995,0
close_position,body_atr_ratio,288,-0.0286088604466926,0.0286088604466926,0
close_position,price_to_confirm_close,288,-0.474189097217899,0.474189097217899,0
close_position,volume_mean_20,288,0.00855656285001664,0.00855656285001664,0
close_position,volume_std_20,288,0.047720228899634,0.047720228899634,0
close_position,volume_ratio_20,288,-0.109350237244025,0.109350237244025,0
close_position,volume_zscore_20,288,-0.109541372000491,0.109541372000491,0
close_position,previous_pivot_price,288,0.0747307956416,0.0747307956416,0
close_position,distance_previous_pivot,288,-0.0288204580778196,0.0288204580778196,0
close_position,bars_previous_pivot,288,0.0485310250467894,0.0485310250467894,0
close_position,swing_size_atr,288,-0.00560118079042209,0.00560118079042209,0
close_position,swept_index,288,-0.00905522490954031,0.00905522490954031,0
close_position,resolved_index,288,-0.00905755237191706,0.00905755237191706,0
close_position,bars_since_structure_event,288,0.030229573912002,0.030229573912002,0
close_position,distance_last_structure_event_atr,288,0.00522221919434839,0.00522221919434839,0
close_position,bos_count_previous_20,288,-0.0428434327115881,0.0428434327115881,0
close_position,choch_count_previous_20,288,-0.00790003455056058,0.00790003455056058,0
close_position,near_equal_level,288,0.022885782573956,0.022885782573956,0
close_position,distance_equal_level_atr,288,-0.0304091515551917,0.0304091515551917,0
close_position,bars_since_equal_level,288,0.0456223896810289,0.0456223896810289,0
close_position,inside_fvg,288,0.0953807642071736,0.0953807642071736,0
close_position,distance_fvg_atr,288,-0.101441337433362,0.101441337433362,0
close_position,fvg_size_atr,288,-0.0281828040395238,0.0281828040395238,0
close_position,bars_since_fvg,288,0.0248040872258548,0.0248040872258548,0
close_position,fvg_mitigated,288,0.072570746077464,0.072570746077464,0
close_position,active_fvg_count_50,288,-0.0568050443534893,0.0568050443534893,0
close_position,inside_order_block,288,-0.0180090876712389,0.0180090876712389,0
close_position,distance_ob_atr,288,-0.0257155900315064,0.0257155900315064,0
close_position,ob_size_atr,288,0.044650134977935,0.044650134977935,0
close_position,bars_since_ob,288,0.054033438138506,0.054033438138506,0
close_position,ob_invalidated,288,0.140281135499544,0.140281135499544,0
close_position,active_ob_count_50,288,-0.0538068445353181,0.0538068445353181,0
close_position,bsl_count_previous_100,288,-0.152178077300526,0.152178077300526,0
close_position,ssl_count_previous_100,288,0.0934044194293148,0.0934044194293148,0
close_position,active_bsl_count,288,-0.066185162507782,0.066185162507782,0
close_position,active_ssl_count,288,0.0160985231921294,0.0160985231921294,0
close_position,distance_nearest_bsl_atr,288,0.189275154215511,0.189275154215511,0
close_position,distance_nearest_ssl_atr,288,-0.10399998759863,0.10399998759863,0
close_position,equal_levels_previous_100,288,0.107397589448309,0.107397589448309,0
close_position,liquidity_imbalance_100,288,-0.022196199250685,0.022196199250685,0
confirm_open,confirm_open,288,1,1,0
confirm_open,confirm_high,288,0.999970709704062,0.999970709704062,1
confirm_open,confirm_low,288,0.999961785358847,0.999961785358847,1
confirm_open,confirm_close,288,0.999965409040412,0.999965409040412,1
confirm_open,confirm_volume,288,0.0604629926133459,0.0604629926133459,0
confirm_open,atr_14,288,0.301190666720919,0.301190666720919,0
confirm_open,range_atr_ratio,288,-0.182413310618088,0.182413310618088,0
confirm_open,body_atr_ratio,288,-0.12537961957705,0.12537961957705,0
confirm_open,price_to_confirm_close,288,-0.143723468829348,0.143723468829348,0
confirm_open,volume_mean_20,288,0.157975887493118,0.157975887493118,0
confirm_open,volume_std_20,288,0.10257534262714,0.10257534262714,0
confirm_open,volume_ratio_20,288,-0.147929840813314,0.147929840813314,0
confirm_open,volume_zscore_20,288,-0.141809313200674,0.141809313200674,0
confirm_open,previous_pivot_price,288,0.990024068721221,0.990024068721221,1
confirm_open,distance_previous_pivot,288,0.216230909538723,0.216230909538723,0
confirm_open,bars_previous_pivot,288,-0.00601543913548727,0.00601543913548727,0
confirm_open,swing_size_atr,288,-0.0614203337402238,0.0614203337402238,0
confirm_open,swept_index,288,0.122481758627888,0.122481758627888,0
confirm_open,resolved_index,288,0.122480945194951,0.122480945194951,0
confirm_open,bars_since_structure_event,288,-0.0184570763910063,0.0184570763910063,0
confirm_open,distance_last_structure_event_atr,288,-0.175375030819006,0.175375030819006,0
confirm_open,bos_count_previous_20,288,0.0918095355564346,0.0918095355564346,0
confirm_open,choch_count_previous_20,288,-0.0217678173811446,0.0217678173811446,0
confirm_open,near_equal_level,288,0.111705318051631,0.111705318051631,0
confirm_open,distance_equal_level_atr,288,-0.0326777050899315,0.0326777050899315,0
confirm_open,bars_since_equal_level,288,0.335519119193992,0.335519119193992,0
confirm_open,inside_fvg,288,0.195925958193438,0.195925958193438,0
confirm_open,distance_fvg_atr,288,-0.112376318659784,0.112376318659784,0
confirm_open,fvg_size_atr,288,-0.107632347350605,0.107632347350605,0
confirm_open,bars_since_fvg,288,0.204293143729768,0.204293143729768,0
confirm_open,fvg_mitigated,288,0.0416154805268583,0.0416154805268583,0
confirm_open,active_fvg_count_50,288,0.0683082016973395,0.0683082016973395,0
confirm_open,inside_order_block,288,0.230440781890163,0.230440781890163,0
confirm_open,distance_ob_atr,288,-0.254967108969617,0.254967108969617,0
confirm_open,ob_size_atr,288,0.139184665823753,0.139184665823753,0
confirm_open,bars_since_ob,288,0.334469592690036,0.334469592690036,0
confirm_open,ob_invalidated,288,-0.0472151897104303,0.0472151897104303,0
confirm_open,active_ob_count_50,288,0.0793942509673739,0.0793942509673739,0
confirm_open,bsl_count_previous_100,288,0.0143031861503207,0.0143031861503207,0
confirm_open,ssl_count_previous_100,288,0.0677805640817367,0.0677805640817367,0
confirm_open,active_bsl_count,288,0.444641387415419,0.444641387415419,0
confirm_open,active_ssl_count,288,-0.231683122111685,0.231683122111685,0
confirm_open,distance_nearest_bsl_atr,288,0.027320539451315,0.027320539451315,0
confirm_open,distance_nearest_ssl_atr,288,-0.069576099644307,0.069576099644307,0
confirm_open,equal_levels_previous_100,288,-0.135034256654483,0.135034256654483,0
confirm_open,liquidity_imbalance_100,288,0.383409117440979,0.383409117440979,0
confirm_high,confirm_high,288,1,1,0
confirm_high,confirm_low,288,0.999931489192888,0.999931489192888,1
confirm_high,confirm_close,288,0.999973820396754,0.999973820396754,1
confirm_high,confirm_volume,288,0.0640435582894328,0.0640435582894328,0
confirm_high,atr_14,288,0.304349690475791,0.304349690475791,0
confirm_high,range_atr_ratio,288,-0.178437320165926,0.178437320165926,0
confirm_high,body_atr_ratio,288,-0.122656901488249,0.122656901488249,0
confirm_high,price_to_confirm_close,288,-0.141795001811006,0.141795001811006,0
confirm_high,volume_mean_20,288,0.159931403955156,0.159931403955156,0
confirm_high,volume_std_20,288,0.104649838602768,0.104649838602768,0
confirm_high,volume_ratio_20,288,-0.145355741609959,0.145355741609959,0
confirm_high,volume_zscore_20,288,-0.139275284831417,0.139275284831417,0
confirm_high,previous_pivot_price,288,0.989943083829928,0.989943083829928,1
confirm_high,distance_previous_pivot,288,0.217630075950294,0.217630075950294,0
confirm_high,bars_previous_pivot,288,-0.00613828689192804,0.00613828689192804,0
confirm_high,swing_size_atr,288,-0.0622955495368767,0.0622955495368767,0
confirm_high,swept_index,288,0.121701434526992,0.121701434526992,0
confirm_high,resolved_index,288,0.121700616986756,0.121700616986756,0
confirm_high,bars_since_structure_event,288,-0.0192989386756421,0.0192989386756421,0
confirm_high,distance_last_structure_event_atr,288,-0.176429018007827,0.176429018007827,0
confirm_high,bos_count_previous_20,288,0.0927206844234886,0.0927206844234886,0
confirm_high,choch_count_previous_20,288,-0.0211037948915961,0.0211037948915961,0
confirm_high,near_equal_level,288,0.111371631323719,0.111371631323719,0
confirm_high,distance_equal_level_atr,288,-0.0328068484070307,0.0328068484070307,0
confirm_high,bars_since_equal_level,288,0.336337344369625,0.336337344369625,0
confirm_high,inside_fvg,288,0.195452476083665,0.195452476083665,0
confirm_high,distance_fvg_atr,288,-0.111142935429845,0.111142935429845,0
confirm_high,fvg_size_atr,288,-0.107059220515322,0.107059220515322,0
confirm_high,bars_since_fvg,288,0.205119331902248,0.205119331902248,0
confirm_high,fvg_mitigated,288,0.0414772426245191,0.0414772426245191,0
confirm_high,active_fvg_count_50,288,0.0668285550977298,0.0668285550977298,0
confirm_high,inside_order_block,288,0.2308485800984,0.2308485800984,0
confirm_high,distance_ob_atr,288,-0.255844922654645,0.255844922654645,0
confirm_high,ob_size_atr,288,0.138225402390102,0.138225402390102,0
confirm_high,bars_since_ob,288,0.334865977961295,0.334865977961295,0
confirm_high,ob_invalidated,288,-0.0470030800213525,0.0470030800213525,0
confirm_high,active_ob_count_50,288,0.0802272000330001,0.0802272000330001,0
confirm_high,bsl_count_previous_100,288,0.0153997096099632,0.0153997096099632,0
confirm_high,ssl_count_previous_100,288,0.0672343590641908,0.0672343590641908,0
confirm_high,active_bsl_count,288,0.445212975319253,0.445212975319253,0
confirm_high,active_ssl_count,288,-0.233227727782374,0.233227727782374,0
confirm_high,distance_nearest_bsl_atr,288,0.0260134368878189,0.0260134368878189,0
confirm_high,distance_nearest_ssl_atr,288,-0.0695977813587273,0.0695977813587273,0
confirm_high,equal_levels_previous_100,288,-0.134921774974819,0.134921774974819,0
confirm_high,liquidity_imbalance_100,288,0.384901040700039,0.384901040700039,0
confirm_low,confirm_low,288,1,1,0
confirm_low,confirm_close,288,0.999970646561154,0.999970646561154,1
confirm_low,confirm_volume,288,0.0558556297527922,0.0558556297527922,0
confirm_low,atr_14,288,0.297454543475362,0.297454543475362,0
confirm_low,range_atr_ratio,288,-0.186121629462235,0.186121629462235,0
confirm_low,body_atr_ratio,288,-0.128460319860694,0.128460319860694,0
confirm_low,price_to_confirm_close,288,-0.140723762335246,0.140723762335246,0
confirm_low,volume_mean_20,288,0.155736112253966,0.155736112253966,0
confirm_low,volume_std_20,288,0.101360575499727,0.101360575499727,0
confirm_low,volume_ratio_20,288,-0.149794588912557,0.149794588912557,0
confirm_low,volume_zscore_20,288,-0.144356944415351,0.144356944415351,0
confirm_low,previous_pivot_price,288,0.989615652211291,0.989615652211291,1
confirm_low,distance_previous_pivot,288,0.215674646430431,0.215674646430431,0
confirm_low,bars_previous_pivot,288,-0.00489990753460125,0.00489990753460125,0
confirm_low,swing_size_atr,288,-0.0596638915760006,0.0596638915760006,0
confirm_low,swept_index,288,0.122578847266536,0.122578847266536,0
confirm_low,resolved_index,288,0.122577914074029,0.122577914074029,0
confirm_low,bars_since_structure_event,288,-0.0176822906159069,0.0176822906159069,0
confirm_low,distance_last_structure_event_atr,288,-0.17442710453714,0.17442710453714,0
confirm_low,bos_count_previous_20,288,0.0919776927233577,0.0919776927233577,0
confirm_low,choch_count_previous_20,288,-0.0222593610721811,0.0222593610721811,0
confirm_low,near_equal_level,288,0.110219495459273,0.110219495459273,0
confirm_low,distance_equal_level_atr,288,-0.0321372608678346,0.0321372608678346,0
confirm_low,bars_since_equal_level,288,0.334329990677288,0.334329990677288,0
confirm_low,inside_fvg,288,0.194974283927491,0.194974283927491,0
confirm_low,distance_fvg_atr,288,-0.1113582261693,0.1113582261693,0
confirm_low,fvg_size_atr,288,-0.106886886853027,0.106886886853027,0
confirm_low,bars_since_fvg,288,0.203361288563499,0.203361288563499,0
confirm_low,fvg_mitigated,288,0.0410973390550557,0.0410973390550557,0
confirm_low,active_fvg_count_50,288,0.0691161119983489,0.0691161119983489,0
confirm_low,inside_order_block,288,0.230021053292822,0.230021053292822,0
confirm_low,distance_ob_atr,288,-0.254145911823697,0.254145911823697,0
confirm_low,ob_size_atr,288,0.140841429541454,0.140841429541454,0
confirm_low,bars_since_ob,288,0.333403340970502,0.333403340970502,0
confirm_low,ob_invalidated,288,-0.0473972306175676,0.0473972306175676,0
confirm_low,active_ob_count_50,288,0.0791791475774514,0.0791791475774514,0
confirm_low,bsl_count_previous_100,288,0.0149253664510712,0.0149253664510712,0
confirm_low,ssl_count_previous_100,288,0.0646881278457294,0.0646881278457294,0
confirm_low,active_bsl_count,288,0.44353404833654,0.44353404833654,0
confirm_low,active_ssl_count,288,-0.231026354719773,0.231026354719773,0
confirm_low,distance_nearest_bsl_atr,288,0.0255930543537567,0.0255930543537567,0
confirm_low,distance_nearest_ssl_atr,288,-0.0670458192798991,0.0670458192798991,0
confirm_low,equal_levels_previous_100,288,-0.133574150214989,0.133574150214989,0
confirm_low,liquidity_imbalance_100,288,0.382620528306109,0.382620528306109,0
confirm_close,confirm_close,288,1,1,0
confirm_close,confirm_volume,288,0.0600640473454227,0.0600640473454227,0
confirm_close,atr_14,288,0.301099037429605,0.301099037429605,0
confirm_close,range_atr_ratio,288,-0.182532635237202,0.182532635237202,0
confirm_close,body_atr_ratio,288,-0.125498635077125,0.125498635077125,0
confirm_close,price_to_confirm_close,288,-0.143374500164902,0.143374500164902,0
confirm_close,volume_mean_20,288,0.157896085072611,0.157896085072611,0
confirm_close,volume_std_20,288,0.103505541099454,0.103505541099454,0
confirm_close,volume_ratio_20,288,-0.147970606586361,0.147970606586361,0
confirm_close,volume_zscore_20,288,-0.142327258565734,0.142327258565734,0
confirm_close,previous_pivot_price,288,0.989853654661933,0.989853654661933,1
confirm_close,distance_previous_pivot,288,0.216904182831266,0.216904182831266,0
confirm_close,bars_previous_pivot,288,-0.00514763452322052,0.00514763452322052,0
confirm_close,swing_size_atr,288,-0.0608738704516341,0.0608738704516341,0
confirm_close,swept_index,288,0.122024637931303,0.122024637931303,0
confirm_close,resolved_index,288,0.122023747236146,0.122023747236146,0
confirm_close,bars_since_structure_event,288,-0.0183754738846766,0.0183754738846766,0
confirm_close,distance_last_structure_event_atr,288,-0.17547321741416,0.17547321741416,0
confirm_close,bos_count_previous_20,288,0.0922902221877351,0.0922902221877351,0
confirm_close,choch_count_previous_20,288,-0.0213993291803143,0.0213993291803143,0
confirm_close,near_equal_level,288,0.110887092515374,0.110887092515374,0
confirm_close,distance_equal_level_atr,288,-0.0325319444174095,0.0325319444174095,0
confirm_close,bars_since_equal_level,288,0.335506024422207,0.335506024422207,0
confirm_close,inside_fvg,288,0.195439908400676,0.195439908400676,0
confirm_close,distance_fvg_atr,288,-0.111630825979397,0.111630825979397,0
confirm_close,fvg_size_atr,288,-0.106976377877083,0.106976377877083,0
confirm_close,bars_since_fvg,288,0.204505489108598,0.204505489108598,0
confirm_close,fvg_mitigated,288,0.0415589811137755,0.0415589811137755,0
confirm_close,active_fvg_count_50,288,0.067681794009066,0.067681794009066,0
confirm_close,inside_order_block,288,0.230104406803196,0.230104406803196,0
confirm_close,distance_ob_atr,288,-0.255112447941094,0.255112447941094,0
confirm_close,ob_size_atr,288,0.139348324296064,0.139348324296064,0
confirm_close,bars_since_ob,288,0.334125568021607,0.334125568021607,0
confirm_close,ob_invalidated,288,-0.0466255427079393,0.0466255427079393,0
confirm_close,active_ob_count_50,288,0.0797253996273805,0.0797253996273805,0
confirm_close,bsl_count_previous_100,288,0.0145784715073996,0.0145784715073996,0
confirm_close,ssl_count_previous_100,288,0.0661233083172786,0.0661233083172786,0
confirm_close,active_bsl_count,288,0.444382132212954,0.444382132212954,0
confirm_close,active_ssl_count,288,-0.23216542490001,0.23216542490001,0
confirm_close,distance_nearest_bsl_atr,288,0.0263071978844882,0.0263071978844882,0
confirm_close,distance_nearest_ssl_atr,288,-0.068482275547772,0.068482275547772,0
confirm_close,equal_levels_previous_100,288,-0.133982848715862,0.133982848715862,0
confirm_close,liquidity_imbalance_100,288,0.383841687864426,0.383841687864426,0
confirm_volume,confirm_volume,288,1,1,0
confirm_volume,atr_14,288,0.536715213899503,0.536715213899503,0
confirm_volume,range_atr_ratio,288,0.371107891889259,0.371107891889259,0
confirm_volume,body_atr_ratio,288,0.18134464262564,0.18134464262564,0
confirm_volume,price_to_confirm_close,288,-0.0204358064616411,0.0204358064616411,0
confirm_volume,volume_mean_20,288,0.595111383870789,0.595111383870789,0
confirm_volume,volume_std_20,288,0.516274796878269,0.516274796878269,0
confirm_volume,volume_ratio_20,288,0.309963431617117,0.309963431617117,0
confirm_volume,volume_zscore_20,288,0.322119870197434,0.322119870197434,0
confirm_volume,previous_pivot_price,288,0.0734196432018023,0.0734196432018023,0
confirm_volume,distance_previous_pivot,288,0.100128038974901,0.100128038974901,0
confirm_volume,bars_previous_pivot,288,-0.150011916051152,0.150011916051152,0
confirm_volume,swing_size_atr,288,-0.253374803125185,0.253374803125185,0
confirm_volume,swept_index,288,-0.0259166177316305,0.0259166177316305,0
confirm_volume,resolved_index,288,-0.0259084152554291,0.0259084152554291,0
confirm_volume,bars_since_structure_event,288,-0.17908355993984,0.17908355993984,0
confirm_volume,distance_last_structure_event_atr,288,-0.209445050980315,0.209445050980315,0
confirm_volume,bos_count_previous_20,288,0.0617944338211434,0.0617944338211434,0
confirm_volume,choch_count_previous_20,288,0.122690574707076,0.122690574707076,0
confirm_volume,near_equal_level,288,0.00181360912342064,0.00181360912342064,0
confirm_volume,distance_equal_level_atr,288,-0.0402561953063936,0.0402561953063936,0
confirm_volume,bars_since_equal_level,288,0.108877613449467,0.108877613449467,0
confirm_volume,inside_fvg,288,-0.0559095923054368,0.0559095923054368,0
confirm_volume,distance_fvg_atr,288,0.11220425686179,0.11220425686179,0
confirm_volume,fvg_size_atr,288,-0.0226568745983215,0.0226568745983215,0
confirm_volume,bars_since_fvg,288,0.113662207607311,0.113662207607311,0
confirm_volume,fvg_mitigated,288,-0.0469688475015346,0.0469688475015346,0
confirm_volume,active_fvg_count_50,288,-0.172485986461658,0.172485986461658,0
confirm_volume,inside_order_block,288,-0.00917744455631466,0.00917744455631466,0
confirm_volume,distance_ob_atr,288,-0.143025825064865,0.143025825064865,0
confirm_volume,ob_size_atr,288,-0.255872955490485,0.255872955490485,0
confirm_volume,bars_since_ob,288,0.0536042460536332,0.0536042460536332,0
confirm_volume,ob_invalidated,288,-0.00066060947173483,0.00066060947173483,0
confirm_volume,active_ob_count_50,288,0.107053322387882,0.107053322387882,0
confirm_volume,bsl_count_previous_100,288,0.132700753149249,0.132700753149249,0
confirm_volume,ssl_count_previous_100,288,0.161190408738093,0.161190408738093,0
confirm_volume,active_bsl_count,288,-0.00433811344069406,0.00433811344069406,0
confirm_volume,active_ssl_count,288,-0.0601866864481557,0.0601866864481557,0
confirm_volume,distance_nearest_bsl_atr,288,-0.0731078963583978,0.0731078963583978,0
confirm_volume,distance_nearest_ssl_atr,288,-0.185103051546266,0.185103051546266,0
confirm_volume,equal_levels_previous_100,288,-0.139906116068244,0.139906116068244,0
confirm_volume,liquidity_imbalance_100,288,0.0158641656225654,0.0158641656225654,0
atr_14,atr_14,288,1,1,0
atr_14,range_atr_ratio,288,-0.0559759133504989,0.0559759133504989,0
atr_14,body_atr_ratio,288,-0.0338165556263848,0.0338165556263848,0
atr_14,price_to_confirm_close,288,-0.147388667248034,0.147388667248034,0
atr_14,volume_mean_20,288,0.776040024070834,0.776040024070834,0
atr_14,volume_std_20,288,0.50636091975147,0.50636091975147,0
atr_14,volume_ratio_20,288,-0.123834114244483,0.123834114244483,0
atr_14,volume_zscore_20,288,-0.110751409372054,0.110751409372054,0
atr_14,previous_pivot_price,288,0.320018483575465,0.320018483575465,0
atr_14,distance_previous_pivot,288,0.396568181712411,0.396568181712411,0
atr_14,bars_previous_pivot,288,-0.211396603644675,0.211396603644675,0
atr_14,swing_size_atr,288,-0.291427820671056,0.291427820671056,0
atr_14,swept_index,288,0.0844041829221997,0.0844041829221997,0
atr_14,resolved_index,288,0.0844088506030304,0.0844088506030304,0
atr_14,bars_since_structure_event,288,-0.268182046327844,0.268182046327844,0
atr_14,distance_last_structure_event_atr,288,-0.280381964722181,0.280381964722181,0
atr_14,bos_count_previous_20,288,0.165574298149551,0.165574298149551,0
atr_14,choch_count_previous_20,288,0.135204648058237,0.135204648058237,0
atr_14,near_equal_level,288,0.174179283349953,0.174179283349953,0
atr_14,distance_equal_level_atr,288,-0.0894335564318128,0.0894335564318128,0
atr_14,bars_since_equal_level,288,0.3213774547564,0.3213774547564,0
atr_14,inside_fvg,288,0.129625821367641,0.129625821367641,0
atr_14,distance_fvg_atr,288,-0.0977075890317687,0.0977075890317687,0
atr_14,fvg_size_atr,288,-0.102811316944568,0.102811316944568,0
atr_14,bars_since_fvg,288,0.33503778034407,0.33503778034407,0
atr_14,fvg_mitigated,288,0.0351391916942382,0.0351391916942382,0
atr_14,active_fvg_count_50,288,0.00393487269411927,0.00393487269411927,0
atr_14,inside_order_block,288,0.0817957697189659,0.0817957697189659,0
atr_14,distance_ob_atr,288,-0.24845953259924,0.24845953259924,0
atr_14,ob_size_atr,288,-0.304601763523607,0.304601763523607,0
atr_14,bars_since_ob,288,0.300523970983731,0.300523970983731,0
atr_14,ob_invalidated,288,0.0431253778140429,0.0431253778140429,0
atr_14,active_ob_count_50,288,0.213242205586466,0.213242205586466,0
atr_14,bsl_count_previous_100,288,0.0399810642720492,0.0399810642720492,0
atr_14,ssl_count_previous_100,288,0.230026550161173,0.230026550161173,0
atr_14,active_bsl_count,288,0.354825326780619,0.354825326780619,0
atr_14,active_ssl_count,288,-0.252885426203905,0.252885426203905,0
atr_14,distance_nearest_bsl_atr,288,0.0142292199078989,0.0142292199078989,0
atr_14,distance_nearest_ssl_atr,288,-0.26479330229792,0.26479330229792,0
atr_14,equal_levels_previous_100,288,-0.126805608857188,0.126805608857188,0
atr_14,liquidity_imbalance_100,288,0.352743114722573,0.352743114722573,0
range_atr_ratio,range_atr_ratio,288,1,1,0
range_atr_ratio,body_atr_ratio,288,0.700232610551829,0.700232610551829,0
range_atr_ratio,price_to_confirm_close,288,0.181147487762465,0.181147487762465,0
range_atr_ratio,volume_mean_20,288,-0.15947819941376,0.15947819941376,0
range_atr_ratio,volume_std_20,288,-0.0893496116607524,0.0893496116607524,0
range_atr_ratio,volume_ratio_20,288,0.798837208451667,0.798837208451667,0
range_atr_ratio,volume_zscore_20,288,0.812371251731699,0.812371251731699,0
range_atr_ratio,previous_pivot_price,288,-0.169571231612697,0.169571231612697,0
range_atr_ratio,distance_previous_pivot,288,-0.100392382044803,0.100392382044803,0
range_atr_ratio,bars_previous_pivot,288,0.0090340721319029,0.0090340721319029,0
range_atr_ratio,swing_size_atr,288,-0.0592891182501919,0.0592891182501919,0
range_atr_ratio,swept_index,288,-0.141962045132189,0.141962045132189,0
range_atr_ratio,resolved_index,288,-0.141952313963052,0.141952313963052,0
range_atr_ratio,bars_since_structure_event,288,0.0825882578229062,0.0825882578229062,0
range_atr_ratio,distance_last_structure_event_atr,288,0.032654503802385,0.032654503802385,0
range_atr_ratio,bos_count_previous_20,288,-0.048454990990974,0.048454990990974,0
range_atr_ratio,choch_count_previous_20,288,-0.0232656061102143,0.0232656061102143,0
range_atr_ratio,near_equal_level,288,-0.00792846205258746,0.00792846205258746,0
range_atr_ratio,distance_equal_level_atr,288,-0.00323879093593056,0.00323879093593056,0
range_atr_ratio,bars_since_equal_level,288,-0.049485109905825,0.049485109905825,0
range_atr_ratio,inside_fvg,288,-0.0591203512081289,0.0591203512081289,0
range_atr_ratio,distance_fvg_atr,288,0.123500683457461,0.123500683457461,0
range_atr_ratio,fvg_size_atr,288,0.117293963617371,0.117293963617371,0
range_atr_ratio,bars_since_fvg,288,-0.0591393254903776,0.0591393254903776,0
range_atr_ratio,fvg_mitigated,288,0.0359779355329506,0.0359779355329506,0
range_atr_ratio,active_fvg_count_50,288,-0.247961993761696,0.247961993761696,0
range_atr_ratio,inside_order_block,288,0.0752187648889429,0.0752187648889429,0
range_atr_ratio,distance_ob_atr,288,0.0355956064239235,0.0355956064239235,0
range_atr_ratio,ob_size_atr,288,-0.0287805673647906,0.0287805673647906,0
range_atr_ratio,bars_since_ob,288,-0.0699760772512515,0.0699760772512515,0
range_atr_ratio,ob_invalidated,288,-0.00901380439833873,0.00901380439833873,0
range_atr_ratio,active_ob_count_50,288,-0.0824408306792516,0.0824408306792516,0
range_atr_ratio,bsl_count_previous_100,288,0.0218171363054058,0.0218171363054058,0
range_atr_ratio,ssl_count_previous_100,288,0.0519976018095843,0.0519976018095843,0
range_atr_ratio,active_bsl_count,288,-0.0742309656787671,0.0742309656787671,0
range_atr_ratio,active_ssl_count,288,-0.040507724446231,0.040507724446231,0
range_atr_ratio,distance_nearest_bsl_atr,288,0.00180332409798367,0.00180332409798367,0
range_atr_ratio,distance_nearest_ssl_atr,288,-0.0528831858394844,0.0528831858394844,0
range_atr_ratio,equal_levels_previous_100,288,-0.0314452334918237,0.0314452334918237,0
range_atr_ratio,liquidity_imbalance_100,288,-0.00780089838616493,0.00780089838616493,0
body_atr_ratio,body_atr_ratio,288,1,1,0
body_atr_ratio,price_to_confirm_close,288,0.0210090483257583,0.0210090483257583,0
body_atr_ratio,volume_mean_20,288,-0.103626533152606,0.103626533152606,0
body_atr_ratio,volume_std_20,288,-0.061626694798606,0.061626694798606,0
body_atr_ratio,volume_ratio_20,288,0.362330300787801,0.362330300787801,0
body_atr_ratio,volume_zscore_20,288,0.392337849381109,0.392337849381109,0
body_atr_ratio,previous_pivot_price,288,-0.116827635010222,0.116827635010222,0
body_atr_ratio,distance_previous_pivot,288,0.000294101822042562,0.000294101822042562,0
body_atr_ratio,bars_previous_pivot,288,0.0804539421051784,0.0804539421051784,0
body_atr_ratio,swing_size_atr,288,0.039889364108567,0.039889364108567,0
body_atr_ratio,swept_index,288,-0.142125277487352,0.142125277487352,0
body_atr_ratio,resolved_index,288,-0.142113845932766,0.142113845932766,0
body_atr_ratio,bars_since_structure_event,288,0.0429844146685346,0.0429844146685346,0
body_atr_ratio,distance_last_structure_event_atr,288,0.0703744449151229,0.0703744449151229,0
body_atr_ratio,bos_count_previous_20,288,0.00286330726724894,0.00286330726724894,0
body_atr_ratio,choch_count_previous_20,288,-0.0357962781965559,0.0357962781965559,0
body_atr_ratio,near_equal_level,288,0.0149845223387384,0.0149845223387384,0
body_atr_ratio,distance_equal_level_atr,288,-0.00658570787140259,0.00658570787140259,0
body_atr_ratio,bars_since_equal_level,288,-0.0644021033236441,0.0644021033236441,0
body_atr_ratio,inside_fvg,288,-0.0409137245014285,0.0409137245014285,0
body_atr_ratio,distance_fvg_atr,288,0.000762392180897069,0.000762392180897069,0
body_atr_ratio,fvg_size_atr,288,0.12300127632061,0.12300127632061,0
body_atr_ratio,bars_since_fvg,288,-0.0351955822359255,0.0351955822359255,0
body_atr_ratio,fvg_mitigated,288,0.0245142123836704,0.0245142123836704,0
body_atr_ratio,active_fvg_count_50,288,-0.197701962167545,0.197701962167545,0
body_atr_ratio,inside_order_block,288,0.0775975998765016,0.0775975998765016,0
body_atr_ratio,distance_ob_atr,288,0.022142313934768,0.022142313934768,0
body_atr_ratio,ob_size_atr,288,-0.00752104696937929,0.00752104696937929,0
body_atr_ratio,bars_since_ob,288,-0.036801487429999,0.036801487429999,0
body_atr_ratio,ob_invalidated,288,-0.0141073572007385,0.0141073572007385,0
body_atr_ratio,active_ob_count_50,288,-0.0226964736203931,0.0226964736203931,0
body_atr_ratio,bsl_count_previous_100,288,0.029507500182441,0.029507500182441,0
body_atr_ratio,ssl_count_previous_100,288,0.0621234345720477,0.0621234345720477,0
body_atr_ratio,active_bsl_count,288,-0.0263504751147685,0.0263504751147685,0
body_atr_ratio,active_ssl_count,288,-0.0814525233615298,0.0814525233615298,0
body_atr_ratio,distance_nearest_bsl_atr,288,0.0415813457225976,0.0415813457225976,0
body_atr_ratio,distance_nearest_ssl_atr,288,0.016312967990579,0.016312967990579,0
body_atr_ratio,equal_levels_previous_100,288,0.00857629520382309,0.00857629520382309,0
body_atr_ratio,liquidity_imbalance_100,288,0.0609282501685032,0.0609282501685032,0
price_to_confirm_close,price_to_confirm_close,288,1,1,0
price_to_confirm_close,volume_mean_20,288,-0.0398746810704965,0.0398746810704965,0
price_to_confirm_close,volume_std_20,288,-0.0380493011513093,0.0380493011513093,0
price_to_confirm_close,volume_ratio_20,288,0.256102041110582,0.256102041110582,0
price_to_confirm_close,volume_zscore_20,288,0.193220239707031,0.193220239707031,0
price_to_confirm_close,previous_pivot_price,288,-0.216137296050251,0.216137296050251,0
price_to_confirm_close,distance_previous_pivot,288,-0.0110445899651923,0.0110445899651923,0
price_to_confirm_close,bars_previous_pivot,288,0.0377935526454922,0.0377935526454922,0
price_to_confirm_close,swing_size_atr,288,0.145144126924823,0.145144126924823,0
price_to_confirm_close,swept_index,288,-0.0497517901436952,0.0497517901436952,0
price_to_confirm_close,resolved_index,288,-0.0497524804039789,0.0497524804039789,0
price_to_confirm_close,bars_since_structure_event,288,0.0166406164985009,0.0166406164985009,0
price_to_confirm_close,distance_last_structure_event_atr,288,0.0732752528644574,0.0732752528644574,0
price_to_confirm_close,bos_count_previous_20,288,0.00733250779437946,0.00733250779437946,0
price_to_confirm_close,choch_count_previous_20,288,0.0427714232527836,0.0427714232527836,0
price_to_confirm_close,near_equal_level,288,-0.174424619482499,0.174424619482499,0
price_to_confirm_close,distance_equal_level_atr,288,0.0523678879604171,0.0523678879604171,0
price_to_confirm_close,bars_since_equal_level,288,-0.135281305743113,0.135281305743113,0
price_to_confirm_close,inside_fvg,288,-0.191473062196035,0.191473062196035,0
price_to_confirm_close,distance_fvg_atr,288,0.271460453144001,0.271460453144001,0
price_to_confirm_close,fvg_size_atr,288,0.149655488841707,0.149655488841707,0
price_to_confirm_close,bars_since_fvg,288,-0.0909198741333432,0.0909198741333432,0
price_to_confirm_close,fvg_mitigated,288,-0.0745263332659697,0.0745263332659697,0
price_to_confirm_close,active_fvg_count_50,288,-0.102599529141614,0.102599529141614,0
price_to_confirm_close,inside_order_block,288,0.0380874827718986,0.0380874827718986,0
price_to_confirm_close,distance_ob_atr,288,0.112753162827987,0.112753162827987,0
price_to_confirm_close,ob_size_atr,288,0.0755870538597042,0.0755870538597042,0
price_to_confirm_close,bars_since_ob,288,-0.0906418246387386,0.0906418246387386,0
price_to_confirm_close,ob_invalidated,288,-0.0946315055921258,0.0946315055921258,0
price_to_confirm_close,active_ob_count_50,288,0.031752998193705,0.031752998193705,0
price_to_confirm_close,bsl_count_previous_100,288,0.491904337088851,0.491904337088851,0
price_to_confirm_close,ssl_count_previous_100,288,-0.50583262981933,0.50583262981933,0
price_to_confirm_close,active_bsl_count,288,-0.0501897686690642,0.0501897686690642,0
price_to_confirm_close,active_ssl_count,288,-0.00779743711876766,0.00779743711876766,0
price_to_confirm_close,distance_nearest_bsl_atr,288,-0.548899890932731,0.548899890932731,0
price_to_confirm_close,distance_nearest_ssl_atr,288,0.429627340301785,0.429627340301785,0
price_to_confirm_close,equal_levels_previous_100,288,0.0728873690877737,0.0728873690877737,0
price_to_confirm_close,liquidity_imbalance_100,288,-0.0119355501144254,0.0119355501144254,0
volume_mean_20,volume_mean_20,288,1,1,0
volume_mean_20,volume_std_20,288,0.746439160682876,0.746439160682876,0
volume_mean_20,volume_ratio_20,288,-0.200572524006166,0.200572524006166,0
volume_mean_20,volume_zscore_20,288,-0.201200204811794,0.201200204811794,0
volume_mean_20,previous_pivot_price,288,0.16399871985243,0.16399871985243,0
volume_mean_20,distance_previous_pivot,288,0.261519431431252,0.261519431431252,0
volume_mean_20,bars_previous_pivot,288,-0.207040405792063,0.207040405792063,0
volume_mean_20,swing_size_atr,288,-0.256844738714433,0.256844738714433,0
volume_mean_20,swept_index,288,0.0756711008506784,0.0756711008506784,0
volume_mean_20,resolved_index,288,0.0756773974363565,0.0756773974363565,0
volume_mean_20,bars_since_structure_event,288,-0.266361338621124,0.266361338621124,0
volume_mean_20,distance_last_structure_event_atr,288,-0.232752012283536,0.232752012283536,0
volume_mean_20,bos_count_previous_20,288,0.177503187139724,0.177503187139724,0
volume_mean_20,choch_count_previous_20,288,0.134187089545142,0.134187089545142,0
volume_mean_20,near_equal_level,288,0.0694746919861672,0.0694746919861672,0
volume_mean_20,distance_equal_level_atr,288,-0.0669508578264264,0.0669508578264264,0
volume_mean_20,bars_since_equal_level,288,0.147988188832136,0.147988188832136,0
volume_mean_20,inside_fvg,288,-0.000378759075141059,0.000378759075141059,0
volume_mean_20,distance_fvg_atr,288,0.0185886170227619,0.0185886170227619,0
volume_mean_20,fvg_size_atr,288,-0.116070719022216,0.116070719022216,0
volume_mean_20,bars_since_fvg,288,0.23240868904386,0.23240868904386,0
volume_mean_20,fvg_mitigated,288,-0.0551939950263964,0.0551939950263964,0
volume_mean_20,active_fvg_count_50,288,-0.0114066730562915,0.0114066730562915,0
volume_mean_20,inside_order_block,288,-0.00954465642014535,0.00954465642014535,0
volume_mean_20,distance_ob_atr,288,-0.167798820780209,0.167798820780209,0
volume_mean_20,ob_size_atr,288,-0.315563480979392,0.315563480979392,0
volume_mean_20,bars_since_ob,288,0.132775223939287,0.132775223939287,0
volume_mean_20,ob_invalidated,288,-0.0135035623784717,0.0135035623784717,0
volume_mean_20,active_ob_count_50,288,0.225453440055656,0.225453440055656,0
volume_mean_20,bsl_count_previous_100,288,0.127430460678146,0.127430460678146,0
volume_mean_20,ssl_count_previous_100,288,0.122584552134589,0.122584552134589,0
volume_mean_20,active_bsl_count,288,0.0748099661499559,0.0748099661499559,0
volume_mean_20,active_ssl_count,288,-0.0416974651915426,0.0416974651915426,0
volume_mean_20,distance_nearest_bsl_atr,288,-0.0850088177699841,0.0850088177699841,0
volume_mean_20,distance_nearest_ssl_atr,288,-0.181366730483263,0.181366730483263,0
volume_mean_20,equal_levels_previous_100,288,-0.0327764069763134,0.0327764069763134,0
volume_mean_20,liquidity_imbalance_100,288,0.070202897906935,0.070202897906935,0
volume_std_20,volume_std_20,288,1,1,0
volume_std_20,volume_ratio_20,288,-0.136841169416234,0.136841169416234,0
volume_std_20,volume_zscore_20,288,-0.176918038003851,0.176918038003851,0
volume_std_20,previous_pivot_price,288,0.108208963411822,0.108208963411822,0
volume_std_20,distance_previous_pivot,288,0.208530690722789,0.208530690722789,0
volume_std_20,bars_previous_pivot,288,-0.0581912024355846,0.0581912024355846,0
volume_std_20,swing_size_atr,288,-0.177463215906931,0.177463215906931,0
volume_std_20,swept_index,288,0.0291585571200669,0.0291585571200669,0
volume_std_20,resolved_index,288,0.029166169379165,0.029166169379165,0
volume_std_20,bars_since_structure_event,288,-0.108665763708,0.108665763708,0
volume_std_20,distance_last_structure_event_atr,288,-0.143815630244664,0.143815630244664,0
volume_std_20,bos_count_previous_20,288,0.081382536763295,0.081382536763295,0
volume_std_20,choch_count_previous_20,288,0.136132840743237,0.136132840743237,0
volume_std_20,near_equal_level,288,0.0180185754299468,0.0180185754299468,0
volume_std_20,distance_equal_level_atr,288,-0.0509665654630973,0.0509665654630973,0
volume_std_20,bars_since_equal_level,288,0.0564587409565795,0.0564587409565795,0
volume_std_20,inside_fvg,288,-0.0178411931781899,0.0178411931781899,0
volume_std_20,distance_fvg_atr,288,0.0370036535839885,0.0370036535839885,0
volume_std_20,fvg_size_atr,288,-0.0848215353485207,0.0848215353485207,0
volume_std_20,bars_since_fvg,288,0.154363558829356,0.154363558829356,0
volume_std_20,fvg_mitigated,288,-0.131510479809246,0.131510479809246,0
volume_std_20,active_fvg_count_50,288,-0.0907318989885158,0.0907318989885158,0
volume_std_20,inside_order_block,288,-0.0372511964994354,0.0372511964994354,0
volume_std_20,distance_ob_atr,288,-0.109995063441261,0.109995063441261,0
volume_std_20,ob_size_atr,288,-0.235252160152928,0.235252160152928,0
volume_std_20,bars_since_ob,288,0.0385209117039629,0.0385209117039629,0
volume_std_20,ob_invalidated,288,-0.0107256390115848,0.0107256390115848,0
volume_std_20,active_ob_count_50,288,0.123473022799002,0.123473022799002,0
volume_std_20,bsl_count_previous_100,288,0.0341847789669549,0.0341847789669549,0
volume_std_20,ssl_count_previous_100,288,0.0631009378574769,0.0631009378574769,0
volume_std_20,active_bsl_count,288,-0.0268780309126441,0.0268780309126441,0
volume_std_20,active_ssl_count,288,0.000957254603642341,0.000957254603642341,0
volume_std_20,distance_nearest_bsl_atr,288,-0.0269641857844031,0.0269641857844031,0
volume_std_20,distance_nearest_ssl_atr,288,-0.143085789121969,0.143085789121969,0
volume_std_20,equal_levels_previous_100,288,0.0083946904109039,0.0083946904109039,0
volume_std_20,liquidity_imbalance_100,288,0.0024945957843594,0.0024945957843594,0
volume_ratio_20,volume_ratio_20,288,1,1,0
volume_ratio_20,volume_zscore_20,288,0.955822681236219,0.955822681236219,1
volume_ratio_20,previous_pivot_price,288,-0.141226899587655,0.141226899587655,0
volume_ratio_20,distance_previous_pivot,288,-0.143800833132606,0.143800833132606,0
volume_ratio_20,bars_previous_pivot,288,-0.00324058634435357,0.00324058634435357,0
volume_ratio_20,swing_size_atr,288,-0.0626673392425919,0.0626673392425919,0
volume_ratio_20,swept_index,288,-0.0666943441369147,0.0666943441369147,0
volume_ratio_20,resolved_index,288,-0.0666949990266029,0.0666949990266029,0
volume_ratio_20,bars_since_structure_event,288,0.129026853979164,0.129026853979164,0
volume_ratio_20,distance_last_structure_event_atr,288,0.0898767900774496,0.0898767900774496,0
volume_ratio_20,bos_count_previous_20,288,-0.076262453559652,0.076262453559652,0
volume_ratio_20,choch_count_previous_20,288,-0.0561785561177308,0.0561785561177308,0
volume_ratio_20,near_equal_level,288,-0.031582829082034,0.031582829082034,0
volume_ratio_20,distance_equal_level_atr,288,-0.0182625736096098,0.0182625736096098,0
volume_ratio_20,bars_since_equal_level,288,-0.010209625838632,0.010209625838632,0
volume_ratio_20,inside_fvg,288,-0.0473270921582531,0.0473270921582531,0
volume_ratio_20,distance_fvg_atr,288,0.121521327298057,0.121521327298057,0
volume_ratio_20,fvg_size_atr,288,0.125057292205051,0.125057292205051,0
volume_ratio_20,bars_since_fvg,288,-0.0583371568459981,0.0583371568459981,0
volume_ratio_20,fvg_mitigated,288,0.0595646667589323,0.0595646667589323,0
volume_ratio_20,active_fvg_count_50,288,-0.179807643852013,0.179807643852013,0
volume_ratio_20,inside_order_block,288,0.0837437852653983,0.0837437852653983,0
volume_ratio_20,distance_ob_atr,288,0.121767704107651,0.121767704107651,0
volume_ratio_20,ob_size_atr,288,-0.0323230439604762,0.0323230439604762,0
volume_ratio_20,bars_since_ob,288,-0.0621026499664171,0.0621026499664171,0
volume_ratio_20,ob_invalidated,288,0.0408874467614458,0.0408874467614458,0
volume_ratio_20,active_ob_count_50,288,-0.118135370989761,0.118135370989761,0
volume_ratio_20,bsl_count_previous_100,288,0.0211527897058247,0.0211527897058247,0
volume_ratio_20,ssl_count_previous_100,288,-0.0175926409804473,0.0175926409804473,0
volume_ratio_20,active_bsl_count,288,-0.0593663630265506,0.0593663630265506,0
volume_ratio_20,active_ssl_count,288,0.00712459135807714,0.00712459135807714,0
volume_ratio_20,distance_nearest_bsl_atr,288,-0.0368016962781922,0.0368016962781922,0
volume_ratio_20,distance_nearest_ssl_atr,288,-0.0359920330799499,0.0359920330799499,0
volume_ratio_20,equal_levels_previous_100,288,-0.00875326085961452,0.00875326085961452,0
volume_ratio_20,liquidity_imbalance_100,288,-0.0575237231705934,0.0575237231705934,0
volume_zscore_20,volume_zscore_20,288,1,1,0
volume_zscore_20,previous_pivot_price,288,-0.13403027969553,0.13403027969553,0
volume_zscore_20,distance_previous_pivot,288,-0.14680687914092,0.14680687914092,0
volume_zscore_20,bars_previous_pivot,288,-0.0213615071381308,0.0213615071381308,0
volume_zscore_20,swing_size_atr,288,-0.0647854288441251,0.0647854288441251,0
volume_zscore_20,swept_index,288,-0.0708781895909292,0.0708781895909292,0
volume_zscore_20,resolved_index,288,-0.0708794351938202,0.0708794351938202,0
volume_zscore_20,bars_since_structure_event,288,0.0919422056986021,0.0919422056986021,0
volume_zscore_20,distance_last_structure_event_atr,288,0.0693682491494415,0.0693682491494415,0
volume_zscore_20,bos_count_previous_20,288,-0.0868129147136826,0.0868129147136826,0
volume_zscore_20,choch_count_previous_20,288,-0.0678444037736547,0.0678444037736547,0
volume_zscore_20,near_equal_level,288,-0.00933700736295695,0.00933700736295695,0
volume_zscore_20,distance_equal_level_atr,288,-0.0217884463070945,0.0217884463070945,0
volume_zscore_20,bars_since_equal_level,288,-0.00575998586723432,0.00575998586723432,0
volume_zscore_20,inside_fvg,288,-0.0355382630789933,0.0355382630789933,0
volume_zscore_20,distance_fvg_atr,288,0.110716364258675,0.110716364258675,0
volume_zscore_20,fvg_size_atr,288,0.103898906338766,0.103898906338766,0
volume_zscore_20,bars_since_fvg,288,-0.0749224296706673,0.0749224296706673,0
volume_zscore_20,fvg_mitigated,288,0.0666031643675676,0.0666031643675676,0
volume_zscore_20,active_fvg_count_50,288,-0.189558842165822,0.189558842165822,0
volume_zscore_20,inside_order_block,288,0.11020585715135,0.11020585715135,0
volume_zscore_20,distance_ob_atr,288,0.0998044920232872,0.0998044920232872,0
volume_zscore_20,ob_size_atr,288,-0.0451052016651661,0.0451052016651661,0
volume_zscore_20,bars_since_ob,288,-0.0441141176177966,0.0441141176177966,0
volume_zscore_20,ob_invalidated,288,0.0446240790993883,0.0446240790993883,0
volume_zscore_20,active_ob_count_50,288,-0.133617061408359,0.133617061408359,0
volume_zscore_20,bsl_count_previous_100,288,0.0398384633737185,0.0398384633737185,0
volume_zscore_20,ssl_count_previous_100,288,0.0141766430386816,0.0141766430386816,0
volume_zscore_20,active_bsl_count,288,-0.0532013209519993,0.0532013209519993,0
volume_zscore_20,active_ssl_count,288,0.0042417045779464,0.0042417045779464,0
volume_zscore_20,distance_nearest_bsl_atr,288,-0.0226174850830836,0.0226174850830836,0
volume_zscore_20,distance_nearest_ssl_atr,288,-0.0457097227864287,0.0457097227864287,0
volume_zscore_20,equal_levels_previous_100,288,-0.0300218968612176,0.0300218968612176,0
volume_zscore_20,liquidity_imbalance_100,288,-0.0586499422594735,0.0586499422594735,0
previous_pivot_price,previous_pivot_price,288,1,1,0
previous_pivot_price,distance_previous_pivot,288,0.197692159017425,0.197692159017425,0
previous_pivot_price,bars_previous_pivot,288,-0.0180443187935395,0.0180443187935395,0
previous_pivot_price,swing_size_atr,288,-0.108968406458855,0.108968406458855,0
previous_pivot_price,swept_index,288,0.117585134907943,0.117585134907943,0
previous_pivot_price,resolved_index,288,0.117584353122784,0.117584353122784,0
previous_pivot_price,bars_since_structure_event,288,-0.0191794036493509,0.0191794036493509,0
previous_pivot_price,distance_last_structure_event_atr,288,-0.187761532393771,0.187761532393771,0
previous_pivot_price,bos_count_previous_20,288,0.0965917969901259,0.0965917969901259,0
previous_pivot_price,choch_count_previous_20,288,-0.0249360016891174,0.0249360016891174,0
previous_pivot_price,near_equal_level,288,0.104987711388267,0.104987711388267,0
previous_pivot_price,distance_equal_level_atr,288,-0.0035245535284328,0.0035245535284328,0
previous_pivot_price,bars_since_equal_level,288,0.344039655087608,0.344039655087608,0
previous_pivot_price,inside_fvg,288,0.199863365463703,0.199863365463703,0
previous_pivot_price,distance_fvg_atr,288,-0.119327294577492,0.119327294577492,0
previous_pivot_price,fvg_size_atr,288,-0.110861328214993,0.110861328214993,0
previous_pivot_price,bars_since_fvg,288,0.222991582692588,0.222991582692588,0
previous_pivot_price,fvg_mitigated,288,0.0479155656591887,0.0479155656591887,0
previous_pivot_price,active_fvg_count_50,288,0.0759477681472127,0.0759477681472127,0
previous_pivot_price,inside_order_block,288,0.213870741067456,0.213870741067456,0
previous_pivot_price,distance_ob_atr,288,-0.258579425223361,0.258579425223361,0
previous_pivot_price,ob_size_atr,288,0.119204615081288,0.119204615081288,0
previous_pivot_price,bars_since_ob,288,0.338585157854619,0.338585157854619,0
previous_pivot_price,ob_invalidated,288,-0.0450099494989678,0.0450099494989678,0
previous_pivot_price,active_ob_count_50,288,0.0783955043847481,0.0783955043847481,0
previous_pivot_price,bsl_count_previous_100,288,-0.0608253614112205,0.0608253614112205,0
previous_pivot_price,ssl_count_previous_100,288,0.155696163383806,0.155696163383806,0
previous_pivot_price,active_bsl_count,288,0.43322698658522,0.43322698658522,0
previous_pivot_price,active_ssl_count,288,-0.231094953693886,0.231094953693886,0
previous_pivot_price,distance_nearest_bsl_atr,288,0.13636819680509,0.13636819680509,0
previous_pivot_price,distance_nearest_ssl_atr,288,-0.171415399542955,0.171415399542955,0
previous_pivot_price,equal_levels_previous_100,288,-0.150488320662732,0.150488320662732,0
previous_pivot_price,liquidity_imbalance_100,288,0.377246761369729,0.377246761369729,0
distance_previous_pivot,distance_previous_pivot,288,1,1,0
distance_previous_pivot,bars_previous_pivot,288,0.519710159956221,0.519710159956221,0
distance_previous_pivot,swing_size_atr,288,0.621328663780811,0.621328663780811,0
distance_previous_pivot,swept_index,288,0.0619414008285235,0.0619414008285235,0
distance_previous_pivot,resolved_index,288,0.0619594119570503,0.0619594119570503,0
distance_previous_pivot,bars_since_structure_event,288,-0.0657139364327867,0.0657139364327867,0
distance_previous_pivot,distance_last_structure_event_atr,288,0.200942034021775,0.200942034021775,0
distance_previous_pivot,bos_count_previous_20,288,0.000214209396587937,0.000214209396587937,0
distance_previous_pivot,choch_count_previous_20,288,-0.0374244573315021,0.0374244573315021,0
distance_previous_pivot,near_equal_level,288,0.0311847147044611,0.0311847147044611,0
distance_previous_pivot,distance_equal_level_atr,288,0.307724732712675,0.307724732712675,0
distance_previous_pivot,bars_since_equal_level,288,0.225922089103529,0.225922089103529,0
distance_previous_pivot,inside_fvg,288,-0.0974878267527539,0.0974878267527539,0
distance_previous_pivot,distance_fvg_atr,288,0.0861155943169191,0.0861155943169191,0
distance_previous_pivot,fvg_size_atr,288,-0.0699347009618212,0.0699347009618212,0
distance_previous_pivot,bars_since_fvg,288,0.399913074357008,0.399913074357008,0
distance_previous_pivot,fvg_mitigated,288,-0.0697117456999418,0.0697117456999418,0
distance_previous_pivot,active_fvg_count_50,288,0.0945001596541347,0.0945001596541347,0
distance_previous_pivot,inside_order_block,288,0.0551802875856829,0.0551802875856829,0
distance_previous_pivot,distance_ob_atr,288,0.0929435600242033,0.0929435600242033,0
distance_previous_pivot,ob_size_atr,288,-0.0626677521523315,0.0626677521523315,0
distance_previous_pivot,bars_since_ob,288,0.206416030237382,0.206416030237382,0
distance_previous_pivot,ob_invalidated,288,0.0155792333109798,0.0155792333109798,0
distance_previous_pivot,active_ob_count_50,288,0.0380038759773486,0.0380038759773486,0
distance_previous_pivot,bsl_count_previous_100,288,-0.0719953851609116,0.0719953851609116,0
distance_previous_pivot,ssl_count_previous_100,288,-0.204726801991623,0.204726801991623,0
distance_previous_pivot,active_bsl_count,288,0.173111824869892,0.173111824869892,0
distance_previous_pivot,active_ssl_count,288,-0.237204975644202,0.237204975644202,0
distance_previous_pivot,distance_nearest_bsl_atr,288,0.254594543941917,0.254594543941917,0
distance_previous_pivot,distance_nearest_ssl_atr,288,0.407683105865434,0.407683105865434,0
distance_previous_pivot,equal_levels_previous_100,288,0.000346708858147022,0.000346708858147022,0
distance_previous_pivot,liquidity_imbalance_100,288,0.307539915480808,0.307539915480808,0
bars_previous_pivot,bars_previous_pivot,288,1,1,0
bars_previous_pivot,swing_size_atr,288,0.709854443130652,0.709854443130652,0
bars_previous_pivot,swept_index,288,0.0266304669970112,0.0266304669970112,0
bars_previous_pivot,resolved_index,288,0.0266455258307911,0.0266455258307911,0
bars_previous_pivot,bars_since_structure_event,288,0.211992689595114,0.211992689595114,0
bars_previous_pivot,distance_last_structure_event_atr,288,0.34715282566988,0.34715282566988,0
bars_previous_pivot,bos_count_previous_20,288,-0.158595452034844,0.158595452034844,0
bars_previous_pivot,choch_count_previous_20,288,-0.100750215990084,0.100750215990084,0
bars_previous_pivot,near_equal_level,288,-0.0968324337308449,0.0968324337308449,0
bars_previous_pivot,distance_equal_level_atr,288,0.240249905537274,0.240249905537274,0
bars_previous_pivot,bars_since_equal_level,288,-0.0065057918462455,0.0065057918462455,0
bars_previous_pivot,inside_fvg,288,-0.166242648334707,0.166242648334707,0
bars_previous_pivot,distance_fvg_atr,288,0.114502876022023,0.114502876022023,0
bars_previous_pivot,fvg_size_atr,288,0.0683383877853596,0.0683383877853596,0
bars_previous_pivot,bars_since_fvg,288,0.141642414850168,0.141642414850168,0
bars_previous_pivot,fvg_mitigated,288,-0.145473922975621,0.145473922975621,0
bars_previous_pivot,active_fvg_count_50,288,-0.0619519393503161,0.0619519393503161,0
bars_previous_pivot,inside_order_block,288,-0.00541896830534964,0.00541896830534964,0
bars_previous_pivot,distance_ob_atr,288,0.239488072477328,0.239488072477328,0
bars_previous_pivot,ob_size_atr,288,0.0940759927381729,0.0940759927381729,0
bars_previous_pivot,bars_since_ob,288,0.0276260310692801,0.0276260310692801,0
bars_previous_pivot,ob_invalidated,288,0.0511069797048973,0.0511069797048973,0
bars_previous_pivot,active_ob_count_50,288,-0.206960427892767,0.206960427892767,0
bars_previous_pivot,bsl_count_previous_100,288,-0.248421620429115,0.248421620429115,0
bars_previous_pivot,ssl_count_previous_100,288,-0.387411587827125,0.387411587827125,0
bars_previous_pivot,active_bsl_count,288,-0.09944042968949,0.09944042968949,0
bars_previous_pivot,active_ssl_count,288,0.0206661097238712,0.0206661097238712,0
bars_previous_pivot,distance_nearest_bsl_atr,288,0.236748600687964,0.236748600687964,0
bars_previous_pivot,distance_nearest_ssl_atr,288,0.496536836709715,0.496536836709715,0
bars_previous_pivot,equal_levels_previous_100,288,0.0726801385900951,0.0726801385900951,0
bars_previous_pivot,liquidity_imbalance_100,288,-0.021972445126388,0.021972445126388,0
swing_size_atr,swing_size_atr,288,1,1,0
swing_size_atr,swept_index,288,0.0143553741111476,0.0143553741111476,0
swing_size_atr,resolved_index,288,0.0143689529645923,0.0143689529645923,0
swing_size_atr,bars_since_structure_event,288,0.130664306171998,0.130664306171998,0
swing_size_atr,distance_last_structure_event_atr,288,0.49031694874425,0.49031694874425,0
swing_size_atr,bos_count_previous_20,288,-0.110249801797381,0.110249801797381,0
swing_size_atr,choch_count_previous_20,288,-0.124465537367505,0.124465537367505,0
swing_size_atr,near_equal_level,288,-0.0914780619957878,0.0914780619957878,0
swing_size_atr,distance_equal_level_atr,288,0.27927612263779,0.27927612263779,0
swing_size_atr,bars_since_equal_level,288,-0.0252361550071819,0.0252361550071819,0
swing_size_atr,inside_fvg,288,-0.21472151472478,0.21472151472478,0
swing_size_atr,distance_fvg_atr,288,0.165906306216795,0.165906306216795,0
swing_size_atr,fvg_size_atr,288,0.0418185950810528,0.0418185950810528,0
swing_size_atr,bars_since_fvg,288,0.0953398894157488,0.0953398894157488,0
swing_size_atr,fvg_mitigated,288,-0.156052251886954,0.156052251886954,0
swing_size_atr,active_fvg_count_50,288,0.050583834669149,0.050583834669149,0
swing_size_atr,inside_order_block,288,-0.00489742782791082,0.00489742782791082,0
swing_size_atr,distance_ob_atr,288,0.36426340607893,0.36426340607893,0
swing_size_atr,ob_size_atr,288,0.147940624044778,0.147940624044778,0
swing_size_atr,bars_since_ob,288,-0.00170186063317089,0.00170186063317089,0
swing_size_atr,ob_invalidated,288,0.0133520598130535,0.0133520598130535,0
swing_size_atr,active_ob_count_50,288,-0.126756066064368,0.126756066064368,0
swing_size_atr,bsl_count_previous_100,288,0.00844406959902899,0.00844406959902899,0
swing_size_atr,ssl_count_previous_100,288,-0.425860060027898,0.425860060027898,0
swing_size_atr,active_bsl_count,288,-0.14174560210016,0.14174560210016,0
swing_size_atr,active_ssl_count,288,0.0106755901374866,0.0106755901374866,0
swing_size_atr,distance_nearest_bsl_atr,288,0.0888960957982216,0.0888960957982216,0
swing_size_atr,distance_nearest_ssl_atr,288,0.835004105050743,0.835004105050743,0
swing_size_atr,equal_levels_previous_100,288,0.105270407399349,0.105270407399349,0
swing_size_atr,liquidity_imbalance_100,288,-0.0435778665208249,0.0435778665208249,0
swept_index,swept_index,288,1,1,0
swept_index,resolved_index,288,0.999999993166616,0.999999993166616,1
swept_index,bars_since_structure_event,288,-0.0223853681008775,0.0223853681008775,0
swept_index,distance_last_structure_event_atr,288,-0.0813302008362854,0.0813302008362854,0
swept_index,bos_count_previous_20,288,-0.0532850483304801,0.0532850483304801,0
swept_index,choch_count_previous_20,288,-0.0204625212549909,0.0204625212549909,0
swept_index,near_equal_level,288,0.206650307278406,0.206650307278406,0
swept_index,distance_equal_level_atr,288,-0.178618346774497,0.178618346774497,0
swept_index,bars_since_equal_level,288,0.35223795141046,0.35223795141046,0
swept_index,inside_fvg,288,0.21053589852344,0.21053589852344,0
swept_index,distance_fvg_atr,288,-0.185864440702373,0.185864440702373,0
swept_index,fvg_size_atr,288,0.0583145645802836,0.0583145645802836,0
swept_index,bars_since_fvg,288,0.18037760439553,0.18037760439553,0
swept_index,fvg_mitigated,288,0.0813268892651138,0.0813268892651138,0
swept_index,active_fvg_count_50,288,0.0900924013795073,0.0900924013795073,0
swept_index,inside_order_block,288,-0.0285815360537872,0.0285815360537872,0
swept_index,distance_ob_atr,288,-0.105311879252096,0.105311879252096,0
swept_index,ob_size_atr,288,-0.113850272658849,0.113850272658849,0
swept_index,bars_since_ob,288,0.319152211750635,0.319152211750635,0
swept_index,ob_invalidated,288,0.144799450592914,0.144799450592914,0
swept_index,active_ob_count_50,288,-0.0429674829350534,0.0429674829350534,0
swept_index,bsl_count_previous_100,288,-0.00977012311773786,0.00977012311773786,0
swept_index,ssl_count_previous_100,288,-0.0929335368733586,0.0929335368733586,0
swept_index,active_bsl_count,288,0.0338115174451249,0.0338115174451249,0
swept_index,active_ssl_count,288,0.731708869626951,0.731708869626951,0
swept_index,distance_nearest_bsl_atr,288,-0.0399225978966262,0.0399225978966262,0
swept_index,distance_nearest_ssl_atr,288,0.0362181518010051,0.0362181518010051,0
swept_index,equal_levels_previous_100,288,0.0506468029653452,0.0506468029653452,0
swept_index,liquidity_imbalance_100,288,-0.448662993117775,0.448662993117775,0
resolved_index,resolved_index,288,1,1,0
resolved_index,bars_since_structure_event,288,-0.0223864131600144,0.0223864131600144,0
resolved_index,distance_last_structure_event_atr,288,-0.0813264575880358,0.0813264575880358,0
resolved_index,bos_count_previous_20,288,-0.0532971460428791,0.0532971460428791,0
resolved_index,choch_count_previous_20,288,-0.0204581663667538,0.0204581663667538,0
resolved_index,near_equal_level,288,0.206649280636885,0.206649280636885,0
resolved_index,distance_equal_level_atr,288,-0.178600798290405,0.178600798290405,0
resolved_index,bars_since_equal_level,288,0.352236209418284,0.352236209418284,0
resolved_index,inside_fvg,288,0.21053880088191,0.21053880088191,0
resolved_index,distance_fvg_atr,288,-0.185871966366171,0.185871966366171,0
resolved_index,fvg_size_atr,288,0.0583139891817908,0.0583139891817908,0
resolved_index,bars_since_fvg,288,0.180384738000438,0.180384738000438,0
resolved_index,fvg_mitigated,288,0.0813327766410802,0.0813327766410802,0
resolved_index,active_fvg_count_50,288,0.090080082623027,0.090080082623027,0
resolved_index,inside_order_block,288,-0.0285873432416572,0.0285873432416572,0
resolved_index,distance_ob_atr,288,-0.105305312241849,0.105305312241849,0
resolved_index,ob_size_atr,288,-0.113853970496628,0.113853970496628,0
resolved_index,bars_since_ob,288,0.319156070005951,0.319156070005951,0
resolved_index,ob_invalidated,288,0.144802858306054,0.144802858306054,0
resolved_index,active_ob_count_50,288,-0.0429722243512307,0.0429722243512307,0
resolved_index,bsl_count_previous_100,288,-0.0097745803995735,0.0097745803995735,0
resolved_index,ssl_count_previous_100,288,-0.0929354508533691,0.0929354508533691,0
resolved_index,active_bsl_count,288,0.0338030108020517,0.0338030108020517,0
resolved_index,active_ssl_count,288,0.731710960076881,0.731710960076881,0
resolved_index,distance_nearest_bsl_atr,288,-0.0399112141134045,0.0399112141134045,0
resolved_index,distance_nearest_ssl_atr,288,0.036223430453798,0.036223430453798,0
resolved_index,equal_levels_previous_100,288,0.0506444099254251,0.0506444099254251,0
resolved_index,liquidity_imbalance_100,288,-0.448666291871845,0.448666291871845,0
bars_since_structure_event,bars_since_structure_event,288,1,1,0
bars_since_structure_event,distance_last_structure_event_atr,288,0.460306692109387,0.460306692109387,0
bars_since_structure_event,bos_count_previous_20,288,-0.251487728006102,0.251487728006102,0
bars_since_structure_event,choch_count_previous_20,288,-0.310808393449846,0.310808393449846,0
bars_since_structure_event,near_equal_level,288,-0.0338566409382108,0.0338566409382108,0
bars_since_structure_event,distance_equal_level_atr,288,-0.00914980736982165,0.00914980736982165,0
bars_since_structure_event,bars_since_equal_level,288,-0.0370661916659514,0.0370661916659514,0
bars_since_structure_event,inside_fvg,288,0.183513572773883,0.183513572773883,0
bars_since_structure_event,distance_fvg_atr,288,-0.194393839788271,0.194393839788271,0
bars_since_structure_event,fvg_size_atr,288,0.134763249857087,0.134763249857087,0
bars_since_structure_event,bars_since_fvg,288,-0.120648475596062,0.120648475596062,0
bars_since_structure_event,fvg_mitigated,288,0.0681965101742575,0.0681965101742575,0
bars_since_structure_event,active_fvg_count_50,288,-0.0556044051055422,0.0556044051055422,0
bars_since_structure_event,inside_order_block,288,0.00314324452366015,0.00314324452366015,0
bars_since_structure_event,distance_ob_atr,288,0.331673605934425,0.331673605934425,0
bars_since_structure_event,ob_size_atr,288,0.148266339868284,0.148266339868284,0
bars_since_structure_event,bars_since_ob,288,0.0663853220985826,0.0663853220985826,0
bars_since_structure_event,ob_invalidated,288,0.122758196544926,0.122758196544926,0
bars_since_structure_event,active_ob_count_50,288,-0.473492564856882,0.473492564856882,0
bars_since_structure_event,bsl_count_previous_100,288,-0.136381056051007,0.136381056051007,0
bars_since_structure_event,ssl_count_previous_100,288,-0.0196220982039751,0.0196220982039751,0
bars_since_structure_event,active_bsl_count,288,0.0598405167488286,0.0598405167488286,0
bars_since_structure_event,active_ssl_count,288,0.0218413786059285,0.0218413786059285,0
bars_since_structure_event,distance_nearest_bsl_atr,288,0.0721707818456338,0.0721707818456338,0
bars_since_structure_event,distance_nearest_ssl_atr,288,0.072237319612974,0.072237319612974,0
bars_since_structure_event,equal_levels_previous_100,288,0.126824653885306,0.126824653885306,0
bars_since_structure_event,liquidity_imbalance_100,288,0.0171277872782181,0.0171277872782181,0
distance_last_structure_event_atr,distance_last_structure_event_atr,288,1,1,0
distance_last_structure_event_atr,bos_count_previous_20,288,-0.13414040898078,0.13414040898078,0
distance_last_structure_event_atr,choch_count_previous_20,288,-0.169119908645685,0.169119908645685,0
distance_last_structure_event_atr,near_equal_level,288,-0.115249482915253,0.115249482915253,0
distance_last_structure_event_atr,distance_equal_level_atr,288,0.195050662702849,0.195050662702849,0
distance_last_structure_event_atr,bars_since_equal_level,288,-0.101372660527759,0.101372660527759,0
distance_last_structure_event_atr,inside_fvg,288,-0.0814198142028912,0.0814198142028912,0
distance_last_structure_event_atr,distance_fvg_atr,288,0.0544802153691174,0.0544802153691174,0
distance_last_structure_event_atr,fvg_size_atr,288,0.0898926624823135,0.0898926624823135,0
distance_last_structure_event_atr,bars_since_fvg,288,-0.0221463629077918,0.0221463629077918,0
distance_last_structure_event_atr,fvg_mitigated,288,-0.0567633056375559,0.0567633056375559,0
distance_last_structure_event_atr,active_fvg_count_50,288,0.0102540112668036,0.0102540112668036,0
distance_last_structure_event_atr,inside_order_block,288,-0.107270536352787,0.107270536352787,0
distance_last_structure_event_atr,distance_ob_atr,288,0.816378854172456,0.816378854172456,0
distance_last_structure_event_atr,ob_size_atr,288,0.227427976831001,0.227427976831001,0
distance_last_structure_event_atr,bars_since_ob,288,0.00788895277383857,0.00788895277383857,0
distance_last_structure_event_atr,ob_invalidated,288,0.0793671480081015,0.0793671480081015,0
distance_last_structure_event_atr,active_ob_count_50,288,-0.238524794807985,0.238524794807985,0
distance_last_structure_event_atr,bsl_count_previous_100,288,-0.0485361667620855,0.0485361667620855,0
distance_last_structure_event_atr,ssl_count_previous_100,288,-0.154109783181745,0.154109783181745,0
distance_last_structure_event_atr,active_bsl_count,288,-0.154844714386696,0.154844714386696,0
distance_last_structure_event_atr,active_ssl_count,288,-0.0357555753908466,0.0357555753908466,0
distance_last_structure_event_atr,distance_nearest_bsl_atr,288,0.0986471846980574,0.0986471846980574,0
distance_last_structure_event_atr,distance_nearest_ssl_atr,288,0.379651026215449,0.379651026215449,0
distance_last_structure_event_atr,equal_levels_previous_100,288,0.187277789150625,0.187277789150625,0
distance_last_structure_event_atr,liquidity_imbalance_100,288,-0.0652850387898363,0.0652850387898363,0
bos_count_previous_20,bos_count_previous_20,288,1,1,0
bos_count_previous_20,choch_count_previous_20,288,-0.067411629950614,0.067411629950614,0
bos_count_previous_20,near_equal_level,288,-0.101404160941842,0.101404160941842,0
bos_count_previous_20,distance_equal_level_atr,288,0.0241313340778544,0.0241313340778544,0
bos_count_previous_20,bars_since_equal_level,288,0.0823416141631493,0.0823416141631493,0
bos_count_previous_20,inside_fvg,288,-0.0148734701402681,0.0148734701402681,0
bos_count_previous_20,distance_fvg_atr,288,0.0557125633676342,0.0557125633676342,0
bos_count_previous_20,fvg_size_atr,288,0.0316057706528563,0.0316057706528563,0
bos_count_previous_20,bars_since_fvg,288,0.165731489106574,0.165731489106574,0
bos_count_previous_20,fvg_mitigated,288,-0.068592453702464,0.068592453702464,0
bos_count_previous_20,active_fvg_count_50,288,0.214542828597599,0.214542828597599,0
bos_count_previous_20,inside_order_block,288,-0.0209656967344383,0.0209656967344383,0
bos_count_previous_20,distance_ob_atr,288,-0.0833658962211218,0.0833658962211218,0
bos_count_previous_20,ob_size_atr,288,-0.0285067059510445,0.0285067059510445,0
bos_count_previous_20,bars_since_ob,288,0.020662190670382,0.020662190670382,0
bos_count_previous_20,ob_invalidated,288,-0.200713284442841,0.200713284442841,0
bos_count_previous_20,active_ob_count_50,288,0.48221102489208,0.48221102489208,0
bos_count_previous_20,bsl_count_previous_100,288,0.087660283822665,0.087660283822665,0
bos_count_previous_20,ssl_count_previous_100,288,0.106439311480311,0.106439311480311,0
bos_count_previous_20,active_bsl_count,288,-0.0161052697194383,0.0161052697194383,0
bos_count_previous_20,active_ssl_count,288,-0.107553640024473,0.107553640024473,0
bos_count_previous_20,distance_nearest_bsl_atr,288,-0.0303263316953892,0.0303263316953892,0
bos_count_previous_20,distance_nearest_ssl_atr,288,-0.0780687989563204,0.0780687989563204,0
bos_count_previous_20,equal_levels_previous_100,288,-0.0976452119309265,0.0976452119309265,0
bos_count_previous_20,liquidity_imbalance_100,288,0.0291067616442534,0.0291067616442534,0
choch_count_previous_20,choch_count_previous_20,288,1,1,0
choch_count_previous_20,near_equal_level,288,0.0769821556942879,0.0769821556942879,0
choch_count_previous_20,distance_equal_level_atr,288,-0.078824217119345,0.078824217119345,0
choch_count_previous_20,bars_since_equal_level,288,0.0166081418214222,0.0166081418214222,0
choch_count_previous_20,inside_fvg,288,-0.0223316356334932,0.0223316356334932,0
choch_count_previous_20,distance_fvg_atr,288,0.0402719298046025,0.0402719298046025,0
choch_count_previous_20,fvg_size_atr,288,-0.0609215299158081,0.0609215299158081,0
choch_count_previous_20,bars_since_fvg,288,-0.013253861279273,0.013253861279273,0
choch_count_previous_20,fvg_mitigated,288,0.0202513258723934,0.0202513258723934,0
choch_count_previous_20,active_fvg_count_50,288,0.0335008301362793,0.0335008301362793,0
choch_count_previous_20,inside_order_block,288,0.0116921084438732,0.0116921084438732,0
choch_count_previous_20,distance_ob_atr,288,-0.106144821054989,0.106144821054989,0
choch_count_previous_20,ob_size_atr,288,-0.0639028136999198,0.0639028136999198,0
choch_count_previous_20,bars_since_ob,288,-0.107146191283313,0.107146191283313,0
choch_count_previous_20,ob_invalidated,288,-0.023854656668063,0.023854656668063,0
choch_count_previous_20,active_ob_count_50,288,0.607989639081411,0.607989639081411,0
choch_count_previous_20,bsl_count_previous_100,288,0.0720428422083265,0.0720428422083265,0
choch_count_previous_20,ssl_count_previous_100,288,0.0790874680242446,0.0790874680242446,0
choch_count_previous_20,active_bsl_count,288,-0.00458714615835984,0.00458714615835984,0
choch_count_previous_20,active_ssl_count,288,-0.0231649107920273,0.0231649107920273,0
choch_count_previous_20,distance_nearest_bsl_atr,288,-0.0921965942252018,0.0921965942252018,0
choch_count_previous_20,distance_nearest_ssl_atr,288,-0.0615886752235541,0.0615886752235541,0
choch_count_previous_20,equal_levels_previous_100,288,-0.0786177190852616,0.0786177190852616,0
choch_count_previous_20,liquidity_imbalance_100,288,-0.0107208640187462,0.0107208640187462,0
near_equal_level,near_equal_level,288,1,1,0
near_equal_level,distance_equal_level_atr,288,-0.483096378155979,0.483096378155979,0
near_equal_level,bars_since_equal_level,288,0.243177124312349,0.243177124312349,0
near_equal_level,inside_fvg,288,0.471687319739179,0.471687319739179,0
near_equal_level,distance_fvg_atr,288,-0.437604613141838,0.437604613141838,0
near_equal_level,fvg_size_atr,288,-0.0217523151466977,0.0217523151466977,0
near_equal_level,bars_since_fvg,288,0.110946069150664,0.110946069150664,0
near_equal_level,fvg_mitigated,288,0.255824712790088,0.255824712790088,0
near_equal_level,active_fvg_count_50,288,-0.0391418531884806,0.0391418531884806,0
near_equal_level,inside_order_block,288,0.293320645324719,0.293320645324719,0
near_equal_level,distance_ob_atr,288,-0.246157045828099,0.246157045828099,0
near_equal_level,ob_size_atr,288,0.145410649493518,0.145410649493518,0
near_equal_level,bars_since_ob,288,0.249727148543339,0.249727148543339,0
near_equal_level,ob_invalidated,288,0.224293784802194,0.224293784802194,0
near_equal_level,active_ob_count_50,288,-0.0436860535590006,0.0436860535590006,0
near_equal_level,bsl_count_previous_100,288,-0.0260938611334013,0.0260938611334013,0
near_equal_level,ssl_count_previous_100,288,0.0625362852019014,0.0625362852019014,0
near_equal_level,active_bsl_count,288,0.289474815259801,0.289474815259801,0
near_equal_level,active_ssl_count,288,-0.00495718994684613,0.00495718994684613,0
near_equal_level,distance_nearest_bsl_atr,288,-0.0303000007549943,0.0303000007549943,0
near_equal_level,distance_nearest_ssl_atr,288,-0.0677426809987829,0.0677426809987829,0
near_equal_level,equal_levels_previous_100,288,0.0840205904946692,0.0840205904946692,0
near_equal_level,liquidity_imbalance_100,288,0.0734526082301802,0.0734526082301802,0
distance_equal_level_atr,distance_equal_level_atr,288,1,1,0
distance_equal_level_atr,bars_since_equal_level,288,-0.203762203911395,0.203762203911395,0
distance_equal_level_atr,inside_fvg,288,-0.48061906563233,0.48061906563233,0
distance_equal_level_atr,distance_fvg_atr,288,0.451481075807367,0.451481075807367,0
distance_equal_level_atr,fvg_size_atr,288,-0.0383861123556095,0.0383861123556095,0
distance_equal_level_atr,bars_since_fvg,288,-0.134372589712583,0.134372589712583,0
distance_equal_level_atr,fvg_mitigated,288,-0.193430826881959,0.193430826881959,0
distance_equal_level_atr,active_fvg_count_50,288,0.133778539927282,0.133778539927282,0
distance_equal_level_atr,inside_order_block,288,-0.180970815113636,0.180970815113636,0
distance_equal_level_atr,distance_ob_atr,288,0.353136645085244,0.353136645085244,0
distance_equal_level_atr,ob_size_atr,288,-0.0791845806235108,0.0791845806235108,0
distance_equal_level_atr,bars_since_ob,288,-0.188040432461938,0.188040432461938,0
distance_equal_level_atr,ob_invalidated,288,-0.137011578531864,0.137011578531864,0
distance_equal_level_atr,active_ob_count_50,288,-0.0296835223279077,0.0296835223279077,0
distance_equal_level_atr,bsl_count_previous_100,288,-0.0778829301902275,0.0778829301902275,0
distance_equal_level_atr,ssl_count_previous_100,288,-0.0596432285502866,0.0596432285502866,0
distance_equal_level_atr,active_bsl_count,288,-0.188422246666592,0.188422246666592,0
distance_equal_level_atr,active_ssl_count,288,-0.0909896782910634,0.0909896782910634,0
distance_equal_level_atr,distance_nearest_bsl_atr,288,0.364730104179425,0.364730104179425,0
distance_equal_level_atr,distance_nearest_ssl_atr,288,0.049751205280054,0.049751205280054,0
distance_equal_level_atr,equal_levels_previous_100,288,-0.126208104888688,0.126208104888688,0
distance_equal_level_atr,liquidity_imbalance_100,288,0.056336492361944,0.056336492361944,0
bars_since_equal_level,bars_since_equal_level,288,1,1,0
bars_since_equal_level,inside_fvg,288,0.292326935115072,0.292326935115072,0
bars_since_equal_level,distance_fvg_atr,288,-0.247614839696433,0.247614839696433,0
bars_since_equal_level,fvg_size_atr,288,-0.00704311050701337,0.00704311050701337,0
bars_since_equal_level,bars_since_fvg,288,0.463052406326562,0.463052406326562,0
bars_since_equal_level,fvg_mitigated,288,0.145100871077873,0.145100871077873,0
bars_since_equal_level,active_fvg_count_50,288,0.115784959407284,0.115784959407284,0
bars_since_equal_level,inside_order_block,288,0.275910462108174,0.275910462108174,0
bars_since_equal_level,distance_ob_atr,288,-0.228844303516407,0.228844303516407,0
bars_since_equal_level,ob_size_atr,288,0.022431072391833,0.022431072391833,0
bars_since_equal_level,bars_since_ob,288,0.687323423281263,0.687323423281263,0
bars_since_equal_level,ob_invalidated,288,0.163813171941453,0.163813171941453,0
bars_since_equal_level,active_ob_count_50,288,0.058430697933757,0.058430697933757,0
bars_since_equal_level,bsl_count_previous_100,288,-0.00228748638091092,0.00228748638091092,0
bars_since_equal_level,ssl_count_previous_100,288,0.0385109062427769,0.0385109062427769,0
bars_since_equal_level,active_bsl_count,288,0.174461096332356,0.174461096332356,0
bars_since_equal_level,active_ssl_count,288,-0.04241110737577,0.04241110737577,0
bars_since_equal_level,distance_nearest_bsl_atr,288,0.0597659853408701,0.0597659853408701,0
bars_since_equal_level,distance_nearest_ssl_atr,288,-0.0518026067382528,0.0518026067382528,0
bars_since_equal_level,equal_levels_previous_100,288,-0.0280876798866709,0.0280876798866709,0
bars_since_equal_level,liquidity_imbalance_100,288,0.0247473225869632,0.0247473225869632,0
inside_fvg,inside_fvg,288,1,1,0
inside_fvg,distance_fvg_atr,288,-0.776903202455165,0.776903202455165,0
inside_fvg,fvg_size_atr,288,0.133524557500952,0.133524557500952,0
inside_fvg,bars_since_fvg,288,0.221541334493691,0.221541334493691,0
inside_fvg,fvg_mitigated,288,0.459993698759615,0.459993698759615,0
inside_fvg,active_fvg_count_50,288,-0.0295424501249059,0.0295424501249059,0
inside_fvg,inside_order_block,288,0.251025294801414,0.251025294801414,0
inside_fvg,distance_ob_atr,288,-0.263407025279934,0.263407025279934,0
inside_fvg,ob_size_atr,288,0.164109799268573,0.164109799268573,0
inside_fvg,bars_since_ob,288,0.269224197095714,0.269224197095714,0
inside_fvg,ob_invalidated,288,0.238090152521064,0.238090152521064,0
inside_fvg,active_ob_count_50,288,-0.076399002765647,0.076399002765647,0
inside_fvg,bsl_count_previous_100,288,-0.0744545624267023,0.0744545624267023,0
inside_fvg,ssl_count_previous_100,288,0.114210938590257,0.114210938590257,0
inside_fvg,active_bsl_count,288,0.353600921189984,0.353600921189984,0
inside_fvg,active_ssl_count,288,0.0329939795170081,0.0329939795170081,0
inside_fvg,distance_nearest_bsl_atr,288,0.00757747326455712,0.00757747326455712,0
inside_fvg,distance_nearest_ssl_atr,288,-0.19869113672544,0.19869113672544,0
inside_fvg,equal_levels_previous_100,288,-0.0580228780197267,0.0580228780197267,0
inside_fvg,liquidity_imbalance_100,288,0.133896057327567,0.133896057327567,0
distance_fvg_atr,distance_fvg_atr,288,1,1,0
distance_fvg_atr,fvg_size_atr,288,-0.106069481542904,0.106069481542904,0
distance_fvg_atr,bars_since_fvg,288,-0.222562167143804,0.222562167143804,0
distance_fvg_atr,fvg_mitigated,288,-0.530638891989805,0.530638891989805,0
distance_fvg_atr,active_fvg_count_50,288,-0.0580349115767861,0.0580349115767861,0
distance_fvg_atr,inside_order_block,288,-0.195022355428473,0.195022355428473,0
distance_fvg_atr,distance_ob_atr,288,0.220763604896791,0.220763604896791,0
distance_fvg_atr,ob_size_atr,288,-0.15092928090868,0.15092928090868,0
distance_fvg_atr,bars_since_ob,288,-0.229918333293854,0.229918333293854,0
distance_fvg_atr,ob_invalidated,288,-0.246847658070538,0.246847658070538,0
distance_fvg_atr,active_ob_count_50,288,0.102828503246174,0.102828503246174,0
distance_fvg_atr,bsl_count_previous_100,288,0.101470266806226,0.101470266806226,0
distance_fvg_atr,ssl_count_previous_100,288,-0.143683179842314,0.143683179842314,0
distance_fvg_atr,active_bsl_count,288,-0.358565434572832,0.358565434572832,0
distance_fvg_atr,active_ssl_count,288,-0.0210088473412217,0.0210088473412217,0
distance_fvg_atr,distance_nearest_bsl_atr,288,-0.0532155383741497,0.0532155383741497,0
distance_fvg_atr,distance_nearest_ssl_atr,288,0.17992393092034,0.17992393092034,0
distance_fvg_atr,equal_levels_previous_100,288,0.0647065751097584,0.0647065751097584,0
distance_fvg_atr,liquidity_imbalance_100,288,-0.142963971161061,0.142963971161061,0
fvg_size_atr,fvg_size_atr,288,1,1,0
fvg_size_atr,bars_since_fvg,288,0.00246839699811023,0.00246839699811023,0
fvg_size_atr,fvg_mitigated,288,0.0611742373110514,0.0611742373110514,0
fvg_size_atr,active_fvg_count_50,288,-0.0853085354882789,0.0853085354882789,0
fvg_size_atr,inside_order_block,288,-0.0552651185184174,0.0552651185184174,0
fvg_size_atr,distance_ob_atr,288,0.0552865825640424,0.0552865825640424,0
fvg_size_atr,ob_size_atr,288,-0.0374571785092576,0.0374571785092576,0
fvg_size_atr,bars_since_ob,288,-0.0374173831371743,0.0374173831371743,0
fvg_size_atr,ob_invalidated,288,0.00971980144709271,0.00971980144709271,0
fvg_size_atr,active_ob_count_50,288,-0.065587703403841,0.065587703403841,0
fvg_size_atr,bsl_count_previous_100,288,0.0817257627272529,0.0817257627272529,0
fvg_size_atr,ssl_count_previous_100,288,-0.114670097518374,0.114670097518374,0
fvg_size_atr,active_bsl_count,288,-0.00235740216052575,0.00235740216052575,0
fvg_size_atr,active_ssl_count,288,0.116556661604946,0.116556661604946,0
fvg_size_atr,distance_nearest_bsl_atr,288,-0.0788005606264195,0.0788005606264195,0
fvg_size_atr,distance_nearest_ssl_atr,288,0.0812605210616565,0.0812605210616565,0
fvg_size_atr,equal_levels_previous_100,288,0.0434802337891548,0.0434802337891548,0
fvg_size_atr,liquidity_imbalance_100,288,-0.0722948187634627,0.0722948187634627,0
bars_since_fvg,bars_since_fvg,288,1,1,0
bars_since_fvg,fvg_mitigated,288,0.132909247939888,0.132909247939888,0
bars_since_fvg,active_fvg_count_50,288,0.150522385600608,0.150522385600608,0
bars_since_fvg,inside_order_block,288,0.00866470030453924,0.00866470030453924,0
bars_since_fvg,distance_ob_atr,288,-0.169437256451032,0.169437256451032,0
bars_since_fvg,ob_size_atr,288,-0.0274236562213388,0.0274236562213388,0
bars_since_fvg,bars_since_ob,288,0.450092777935128,0.450092777935128,0
bars_since_fvg,ob_invalidated,288,0.0830157921698462,0.0830157921698462,0
bars_since_fvg,active_ob_count_50,288,0.144913497954122,0.144913497954122,0
bars_since_fvg,bsl_count_previous_100,288,-0.102934266427205,0.102934266427205,0
bars_since_fvg,ssl_count_previous_100,288,0.0598873569241425,0.0598873569241425,0
bars_since_fvg,active_bsl_count,288,0.131428581941944,0.131428581941944,0
bars_since_fvg,active_ssl_count,288,-0.0793076878392162,0.0793076878392162,0
bars_since_fvg,distance_nearest_bsl_atr,288,0.155025376961156,0.155025376961156,0
bars_since_fvg,distance_nearest_ssl_atr,288,-0.000701871730086883,0.000701871730086883,0
bars_since_fvg,equal_levels_previous_100,288,0.0114582985616138,0.0114582985616138,0
bars_since_fvg,liquidity_imbalance_100,288,0.0784128269139131,0.0784128269139131,0
fvg_mitigated,fvg_mitigated,288,1,1,0
fvg_mitigated,active_fvg_count_50,288,-0.0574287756225635,0.0574287756225635,0
fvg_mitigated,inside_order_block,288,0.115470053837925,0.115470053837925,0
fvg_mitigated,distance_ob_atr,288,-0.141779724272604,0.141779724272604,0
fvg_mitigated,ob_size_atr,288,0.116970294029919,0.116970294029919,0
fvg_mitigated,bars_since_ob,288,0.136481774647814,0.136481774647814,0
fvg_mitigated,ob_invalidated,288,0.163098084665868,0.163098084665868,0
fvg_mitigated,active_ob_count_50,288,-0.0769800358919495,0.0769800358919495,0
fvg_mitigated,bsl_count_previous_100,288,2.16872606400616e-16,2.16872606400616e-16,0
fvg_mitigated,ssl_count_previous_100,288,0.0358911438968801,0.0358911438968801,0
fvg_mitigated,active_bsl_count,288,0.25163648479254,0.25163648479254,0
fvg_mitigated,active_ssl_count,288,-0.0031420925640555,0.0031420925640555,0
fvg_mitigated,distance_nearest_bsl_atr,288,0.0432945445692467,0.0432945445692467,0
fvg_mitigated,distance_nearest_ssl_atr,288,-0.161226602481547,0.161226602481547,0
fvg_mitigated,equal_levels_previous_100,288,-0.105482512836562,0.105482512836562,0
fvg_mitigated,liquidity_imbalance_100,288,0.112765479139045,0.112765479139045,0
active_fvg_count_50,active_fvg_count_50,288,1,1,0
active_fvg_count_50,inside_order_block,288,0.0290486317471404,0.0290486317471404,0
active_fvg_count_50,distance_ob_atr,288,0.0347449658919306,0.0347449658919306,0
active_fvg_count_50,ob_size_atr,288,0.000213826099677827,0.000213826099677827,0
active_fvg_count_50,bars_since_ob,288,0.0915713142483938,0.0915713142483938,0
active_fvg_count_50,ob_invalidated,288,-0.0468326165437304,0.0468326165437304,0
active_fvg_count_50,active_ob_count_50,288,0.176932575187128,0.176932575187128,0
active_fvg_count_50,bsl_count_previous_100,288,-0.0563695674278837,0.0563695674278837,0
active_fvg_count_50,ssl_count_previous_100,288,0.0984599929602737,0.0984599929602737,0
active_fvg_count_50,active_bsl_count,288,0.0612142983261001,0.0612142983261001,0
active_fvg_count_50,active_ssl_count,288,-0.0136566769271736,0.0136566769271736,0
active_fvg_count_50,distance_nearest_bsl_atr,288,0.149122738796242,0.149122738796242,0
active_fvg_count_50,distance_nearest_ssl_atr,288,-0.0382027136632376,0.0382027136632376,0
active_fvg_count_50,equal_levels_previous_100,288,-0.0743089354718687,0.0743089354718687,0
active_fvg_count_50,liquidity_imbalance_100,288,0.0276673189913066,0.0276673189913066,0
inside_order_block,inside_order_block,288,1,1,0
inside_order_block,distance_ob_atr,288,-0.213857308540711,0.213857308540711,0
inside_order_block,ob_size_atr,288,0.238164873650094,0.238164873650094,0
inside_order_block,bars_since_ob,288,0.182963720801705,0.182963720801705,0
inside_order_block,ob_invalidated,288,-0.0156941205143587,0.0156941205143587,0
inside_order_block,active_ob_count_50,288,-0.025,0.025,0
inside_order_block,bsl_count_previous_100,288,0.0880237696271321,0.0880237696271321,0
inside_order_block,ssl_count_previous_100,288,-0.109529311263475,0.109529311263475,0
inside_order_block,active_bsl_count,288,0.220890777903281,0.220890777903281,0
inside_order_block,active_ssl_count,288,-0.177521467365459,0.177521467365459,0
inside_order_block,distance_nearest_bsl_atr,288,-0.0794044452392845,0.0794044452392845,0
inside_order_block,distance_nearest_ssl_atr,288,0.0402115526540103,0.0402115526540103,0
inside_order_block,equal_levels_previous_100,288,-0.0658921897368063,0.0658921897368063,0
inside_order_block,liquidity_imbalance_100,288,0.203202051818166,0.203202051818166,0
distance_ob_atr,distance_ob_atr,288,1,1,0
distance_ob_atr,ob_size_atr,288,0.0631919357022998,0.0631919357022998,0
distance_ob_atr,bars_since_ob,288,-0.177174543633891,0.177174543633891,0
distance_ob_atr,ob_invalidated,288,-0.000276796853484271,0.000276796853484271,0
distance_ob_atr,active_ob_count_50,288,-0.147504266361834,0.147504266361834,0
distance_ob_atr,bsl_count_previous_100,288,-0.0143181530603277,0.0143181530603277,0
distance_ob_atr,ssl_count_previous_100,288,-0.143738086710462,0.143738086710462,0
distance_ob_atr,active_bsl_count,288,-0.206480544325561,0.206480544325561,0
distance_ob_atr,active_ssl_count,288,0.0156820921393868,0.0156820921393868,0
distance_ob_atr,distance_nearest_bsl_atr,288,0.0733374674510564,0.0733374674510564,0
distance_ob_atr,distance_nearest_ssl_atr,288,0.282538762771029,0.282538762771029,0
distance_ob_atr,equal_levels_previous_100,288,0.171801095352951,0.171801095352951,0
distance_ob_atr,liquidity_imbalance_100,288,-0.122847904264009,0.122847904264009,0
ob_size_atr,ob_size_atr,288,1,1,0
ob_size_atr,bars_since_ob,288,-0.0126987559781525,0.0126987559781525,0
ob_size_atr,ob_invalidated,288,0.00712789470112932,0.00712789470112932,0
ob_size_atr,active_ob_count_50,288,-0.0773681753019389,0.0773681753019389,0
ob_size_atr,bsl_count_previous_100,288,-0.00981132334898306,0.00981132334898306,0
ob_size_atr,ssl_count_previous_100,288,-0.136956253270332,0.136956253270332,0
ob_size_atr,active_bsl_count,288,0.164106807648716,0.164106807648716,0
ob_size_atr,active_ssl_count,288,-0.127601406569782,0.127601406569782,0
ob_size_atr,distance_nearest_bsl_atr,288,-0.0718197105491661,0.0718197105491661,0
ob_size_atr,distance_nearest_ssl_atr,288,0.167839320097111,0.167839320097111,0
ob_size_atr,equal_levels_previous_100,288,0.0124596499910831,0.0124596499910831,0
ob_size_atr,liquidity_imbalance_100,288,0.164142236409811,0.164142236409811,0
bars_since_ob,bars_since_ob,288,1,1,0
bars_since_ob,ob_invalidated,288,0.261233660996346,0.261233660996346,0
bars_since_ob,active_ob_count_50,288,-0.0308037464246239,0.0308037464246239,0
bars_since_ob,bsl_count_previous_100,288,0.0386221975313083,0.0386221975313083,0
bars_since_ob,ssl_count_previous_100,288,0.0433655943926502,0.0433655943926502,0
bars_since_ob,active_bsl_count,288,0.167035757899029,0.167035757899029,0
bars_since_ob,active_ssl_count,288,-0.0845165189021373,0.0845165189021373,0
bars_since_ob,distance_nearest_bsl_atr,288,0.0477305030892516,0.0477305030892516,0
bars_since_ob,distance_nearest_ssl_atr,288,-0.0242657657869319,0.0242657657869319,0
bars_since_ob,equal_levels_previous_100,288,0.00548956437122584,0.00548956437122584,0
bars_since_ob,liquidity_imbalance_100,288,0.0390148388377845,0.0390148388377845,0
ob_invalidated,ob_invalidated,288,1,1,0
ob_invalidated,active_ob_count_50,288,-0.251105928229735,0.251105928229735,0
ob_invalidated,bsl_count_previous_100,288,-0.0863409780410212,0.0863409780410212,0
ob_invalidated,ssl_count_previous_100,288,-0.0469231317008622,0.0469231317008622,0
ob_invalidated,active_bsl_count,288,0.0826830598403187,0.0826830598403187,0
ob_invalidated,active_ssl_count,288,0.0293246309673082,0.0293246309673082,0
ob_invalidated,distance_nearest_bsl_atr,288,0.0159326338640731,0.0159326338640731,0
ob_invalidated,distance_nearest_ssl_atr,288,-0.0012867170534017,0.0012867170534017,0
ob_invalidated,equal_levels_previous_100,288,0.000470054530311036,0.000470054530311036,0
ob_invalidated,liquidity_imbalance_100,288,-0.0205795899348176,0.0205795899348176,0
active_ob_count_50,active_ob_count_50,288,1,1,0
active_ob_count_50,bsl_count_previous_100,288,0.104528226432219,0.104528226432219,0
active_ob_count_50,ssl_count_previous_100,288,0.174654847690406,0.174654847690406,0
active_ob_count_50,active_bsl_count,288,-0.0164843864106926,0.0164843864106926,0
active_ob_count_50,active_ssl_count,288,-0.0920001765178657,0.0920001765178657,0
active_ob_count_50,distance_nearest_bsl_atr,288,-0.067174056824269,0.067174056824269,0
active_ob_count_50,distance_nearest_ssl_atr,288,-0.0754311276859,0.0754311276859,0
active_ob_count_50,equal_levels_previous_100,288,-0.119803981339647,0.119803981339647,0
active_ob_count_50,liquidity_imbalance_100,288,0.0351225734080508,0.0351225734080508,0
bsl_count_previous_100,bsl_count_previous_100,288,1,1,0
bsl_count_previous_100,ssl_count_previous_100,288,-0.325064205957783,0.325064205957783,0
bsl_count_previous_100,active_bsl_count,288,0.0111728373053176,0.0111728373053176,0
bsl_count_previous_100,active_ssl_count,288,-0.00142573984920142,0.00142573984920142,0
bsl_count_previous_100,distance_nearest_bsl_atr,288,-0.643451735733983,0.643451735733983,0
bsl_count_previous_100,distance_nearest_ssl_atr,288,0.369843190021069,0.369843190021069,0
bsl_count_previous_100,equal_levels_previous_100,288,-0.0105455980538544,0.0105455980538544,0
bsl_count_previous_100,liquidity_imbalance_100,288,-0.0158586653360865,0.0158586653360865,0
ssl_count_previous_100,ssl_count_previous_100,288,1,1,0
ssl_count_previous_100,active_bsl_count,288,0.0344220613503186,0.0344220613503186,0
ssl_count_previous_100,active_ssl_count,288,-0.11859991666545,0.11859991666545,0
ssl_count_previous_100,distance_nearest_bsl_atr,288,0.50395173835399,0.50395173835399,0
ssl_count_previous_100,distance_nearest_ssl_atr,288,-0.656528039556511,0.656528039556511,0
ssl_count_previous_100,equal_levels_previous_100,288,-0.196077082331285,0.196077082331285,0
ssl_count_previous_100,liquidity_imbalance_100,288,0.0498118982875301,0.0498118982875301,0
active_bsl_count,active_bsl_count,288,1,1,0
active_bsl_count,active_ssl_count,288,-0.319484589593543,0.319484589593543,0
active_bsl_count,distance_nearest_bsl_atr,288,-0.0540022694581867,0.0540022694581867,0
active_bsl_count,distance_nearest_ssl_atr,288,-0.0979907844816935,0.0979907844816935,0
active_bsl_count,equal_levels_previous_100,288,-0.0991298606458869,0.0991298606458869,0
active_bsl_count,liquidity_imbalance_100,288,0.743869953826271,0.743869953826271,0
active_ssl_count,active_ssl_count,288,1,1,0
active_ssl_count,distance_nearest_bsl_atr,288,-0.0572833685765107,0.0572833685765107,0
active_ssl_count,distance_nearest_ssl_atr,288,0.0425801362447613,0.0425801362447613,0
active_ssl_count,equal_levels_previous_100,288,0.106645490355879,0.106645490355879,0
active_ssl_count,liquidity_imbalance_100,288,-0.753675770026153,0.753675770026153,0
distance_nearest_bsl_atr,distance_nearest_bsl_atr,288,1,1,0
distance_nearest_bsl_atr,distance_nearest_ssl_atr,288,-0.471318080025069,0.471318080025069,0
distance_nearest_bsl_atr,equal_levels_previous_100,288,-0.10170961260015,0.10170961260015,0
distance_nearest_bsl_atr,liquidity_imbalance_100,288,0.0467680099218301,0.0467680099218301,0
distance_nearest_ssl_atr,distance_nearest_ssl_atr,288,1,1,0
distance_nearest_ssl_atr,equal_levels_previous_100,288,0.147371434462676,0.147371434462676,0
distance_nearest_ssl_atr,liquidity_imbalance_100,288,-0.0671961156760436,0.0671961156760436,0
equal_levels_previous_100,equal_levels_previous_100,288,1,1,0
equal_levels_previous_100,liquidity_imbalance_100,288,-0.127276367761492,0.127276367761492,0
liquidity_imbalance_100,liquidity_imbalance_100,288,1,1,0
