split,source_file,line,timestamp,pivot_index,confirmation_index,target,feature,value,q1,q3,iqr,lower_bound,upper_bound
TRAIN,2026_03.csv,23,2026-04-06T09:00:00-05:00,4209,4209,RUN,pivot_volume,4318,217,1298.25,1081.25,-1404.875,2920.125
TRAIN,2026_03.csv,29,2026-04-07T08:30:00-05:00,5559,5559,GRAB,pivot_volume,5201,217,1298.25,1081.25,-1404.875,2920.125
TRAIN,2026_03.csv,36,2026-04-08T09:56:00-05:00,7025,7025,SWEEP,pivot_volume,4285,217,1298.25,1081.25,-1404.875,2920.125
TRAIN,2026_03.csv,45,2026-04-09T11:03:00-05:00,8472,8472,SWEEP,pivot_volume,3299,217,1298.25,1081.25,-1404.875,2920.125
TRAIN,2026_03.csv,73,2026-04-17T12:24:00-05:00,16833,16833,RUN,pivot_volume,6755,217,1298.25,1081.25,-1404.875,2920.125
TRAIN,2026_03.csv,77,2026-04-20T08:30:00-05:00,17979,17979,SWEEP,pivot_volume,5341,217,1298.25,1081.25,-1404.875,2920.125
TRAIN,2026_03.csv,103,2026-04-24T12:54:00-05:00,23762,23762,SWEEP,pivot_volume,3833,217,1298.25,1081.25,-1404.875,2920.125
TRAIN,2026_03.csv,113,2026-04-28T08:49:00-05:00,26277,26277,RUN,pivot_volume,3018,217,1298.25,1081.25,-1404.875,2920.125
TRAIN,2026_06_29.csv,130,2026-06-01T12:43:00-05:00,763,763,SWEEP,pivot_volume,5300,217,1298.25,1081.25,-1404.875,2920.125
TRAIN,2026_06_29.csv,150,2026-06-04T08:37:00-05:00,4657,4657,RUN,pivot_volume,3556,217,1298.25,1081.25,-1404.875,2920.125
TRAIN,2026_06_29.csv,161,2026-06-08T09:00:00-05:00,7440,7440,GRAB,pivot_volume,3002,217,1298.25,1081.25,-1404.875,2920.125
TRAIN,2026_06_29.csv,168,2026-06-09T08:30:00-05:00,8790,8790,RUN,pivot_volume,6579,217,1298.25,1081.25,-1404.875,2920.125
TRAIN,2026_06_29.csv,169,2026-06-09T08:34:00-05:00,8794,8794,SWEEP,pivot_volume,2938,217,1298.25,1081.25,-1404.875,2920.125
TRAIN,2026_06_29.csv,170,2026-06-09T08:50:00-05:00,8810,8810,RUN,pivot_volume,3449,217,1298.25,1081.25,-1404.875,2920.125
TRAIN,2026_06_29.csv,191,2026-06-15T15:00:00-05:00,14688,14688,SWEEP,pivot_volume,3287,217,1298.25,1081.25,-1404.875,2920.125
TRAIN,2026_06_29.csv,200,2026-06-17T09:47:00-05:00,17135,17135,RUN,pivot_volume,5671,217,1298.25,1081.25,-1404.875,2920.125
TRAIN,2026_06_29.csv,219,2026-06-23T08:31:00-05:00,22339,22339,RUN,pivot_volume,5440,217,1298.25,1081.25,-1404.875,2920.125
TRAIN,2026_06_29.csv,231,2026-06-24T09:20:00-05:00,23768,23768,RUN,pivot_volume,3173,217,1298.25,1081.25,-1404.875,2920.125
TRAIN,2026_06_29.csv,248,2026-06-29T08:30:00-05:00,27858,27858,SWEEP,pivot_volume,5346,217,1298.25,1081.25,-1404.875,2920.125
TRAIN,2026_07_06.csv,250,2026-07-01T08:35:00-05:00,515,515,RUN,pivot_volume,3177,217,1298.25,1081.25,-1404.875,2920.125
VALIDATION,2026_07_13.csv,2,2026-07-06T08:30:00-05:00,4409,4409,RUN,pivot_volume,4841,217,1298.25,1081.25,-1404.875,2920.125
VALIDATION,2026_07_13.csv,28,2026-07-10T09:33:00-05:00,9992,9992,SWEEP,pivot_volume,4372,217,1298.25,1081.25,-1404.875,2920.125
VALIDATION,2026_07_13.csv,30,2026-07-13T09:16:00-05:00,11355,11355,RUN,pivot_volume,3341,217,1298.25,1081.25,-1404.875,2920.125
TRAIN,2026_03.csv,2,2026-04-01T07:44:00-05:00,464,464,SWEEP,pivot_range,140.25,10.9375,31.0625,20.125,-19.25,61.25
TRAIN,2026_03.csv,13,2026-04-03T07:30:00-05:00,3204,3204,RUN,pivot_range,93.75,10.9375,31.0625,20.125,-19.25,61.25
TRAIN,2026_03.csv,16,2026-04-05T22:19:00-05:00,3568,3568,RUN,pivot_range,75.25,10.9375,31.0625,20.125,-19.25,61.25
TRAIN,2026_03.csv,23,2026-04-06T09:00:00-05:00,4209,4209,RUN,pivot_range,79.5,10.9375,31.0625,20.125,-19.25,61.25
TRAIN,2026_03.csv,28,2026-04-07T07:06:00-05:00,5475,5475,RUN,pivot_range,98.25,10.9375,31.0625,20.125,-19.25,61.25
TRAIN,2026_03.csv,29,2026-04-07T08:30:00-05:00,5559,5559,GRAB,pivot_range,65.75,10.9375,31.0625,20.125,-19.25,61.25
TRAIN,2026_03.csv,73,2026-04-17T12:24:00-05:00,16833,16833,RUN,pivot_range,83.75,10.9375,31.0625,20.125,-19.25,61.25
TRAIN,2026_06_29.csv,130,2026-06-01T12:43:00-05:00,763,763,SWEEP,pivot_range,70.5,10.9375,31.0625,20.125,-19.25,61.25
TRAIN,2026_06_29.csv,184,2026-06-12T08:45:00-05:00,12933,12933,GRAB,pivot_range,95.25,10.9375,31.0625,20.125,-19.25,61.25
TRAIN,2026_06_29.csv,200,2026-06-17T09:47:00-05:00,17135,17135,RUN,pivot_range,171.25,10.9375,31.0625,20.125,-19.25,61.25
TRAIN,2026_06_29.csv,201,2026-06-17T13:06:00-05:00,17334,17334,SWEEP,pivot_range,101.25,10.9375,31.0625,20.125,-19.25,61.25
TRAIN,2026_06_29.csv,219,2026-06-23T08:31:00-05:00,22339,22339,RUN,pivot_range,123.5,10.9375,31.0625,20.125,-19.25,61.25
TRAIN,2026_06_29.csv,238,2026-06-25T08:59:00-05:00,25127,25127,SWEEP,pivot_range,85.75,10.9375,31.0625,20.125,-19.25,61.25
TRAIN,2026_06_29.csv,248,2026-06-29T08:30:00-05:00,27858,27858,SWEEP,pivot_range,116.75,10.9375,31.0625,20.125,-19.25,61.25
TRAIN,2026_07_06.csv,257,2026-07-05T17:00:00-05:00,3479,3479,RUN,pivot_range,74.25,10.9375,31.0625,20.125,-19.25,61.25
VALIDATION,2026_07_13.csv,2,2026-07-06T08:30:00-05:00,4409,4409,RUN,pivot_range,100.75,10.9375,31.0625,20.125,-19.25,61.25
VALIDATION,2026_07_13.csv,28,2026-07-10T09:33:00-05:00,9992,9992,SWEEP,pivot_range,160,10.9375,31.0625,20.125,-19.25,61.25
VALIDATION,2026_07_13.csv,30,2026-07-13T09:16:00-05:00,11355,11355,RUN,pivot_range,165.75,10.9375,31.0625,20.125,-19.25,61.25
TRAIN,2026_03.csv,2,2026-04-01T07:44:00-05:00,464,464,SWEEP,pivot_body,70,3,13.6875,10.6875,-13.03125,29.71875
TRAIN,2026_03.csv,13,2026-04-03T07:30:00-05:00,3204,3204,RUN,pivot_body,44.75,3,13.6875,10.6875,-13.03125,29.71875
TRAIN,2026_03.csv,16,2026-04-05T22:19:00-05:00,3568,3568,RUN,pivot_body,39.5,3,13.6875,10.6875,-13.03125,29.71875
TRAIN,2026_03.csv,21,2026-04-06T08:35:00-05:00,4184,4184,SWEEP,pivot_body,29.75,3,13.6875,10.6875,-13.03125,29.71875
TRAIN,2026_03.csv,73,2026-04-17T12:24:00-05:00,16833,16833,RUN,pivot_body,62.5,3,13.6875,10.6875,-13.03125,29.71875
TRAIN,2026_06_29.csv,150,2026-06-04T08:37:00-05:00,4657,4657,RUN,pivot_body,39,3,13.6875,10.6875,-13.03125,29.71875
TRAIN,2026_06_29.csv,156,2026-06-05T04:14:00-05:00,5774,5774,RUN,pivot_body,33.25,3,13.6875,10.6875,-13.03125,29.71875
TRAIN,2026_06_29.csv,163,2026-06-08T17:15:00-05:00,7875,7875,GRAB,pivot_body,35.5,3,13.6875,10.6875,-13.03125,29.71875
TRAIN,2026_06_29.csv,170,2026-06-09T08:50:00-05:00,8810,8810,RUN,pivot_body,38,3,13.6875,10.6875,-13.03125,29.71875
TRAIN,2026_06_29.csv,171,2026-06-09T15:04:00-05:00,9184,9184,GRAB,pivot_body,58.25,3,13.6875,10.6875,-13.03125,29.71875
TRAIN,2026_06_29.csv,184,2026-06-12T08:45:00-05:00,12933,12933,GRAB,pivot_body,43.75,3,13.6875,10.6875,-13.03125,29.71875
TRAIN,2026_06_29.csv,197,2026-06-17T09:02:00-05:00,17090,17090,SWEEP,pivot_body,33.5,3,13.6875,10.6875,-13.03125,29.71875
TRAIN,2026_06_29.csv,200,2026-06-17T09:47:00-05:00,17135,17135,RUN,pivot_body,110.75,3,13.6875,10.6875,-13.03125,29.71875
TRAIN,2026_06_29.csv,201,2026-06-17T13:06:00-05:00,17334,17334,SWEEP,pivot_body,76,3,13.6875,10.6875,-13.03125,29.71875
TRAIN,2026_06_29.csv,219,2026-06-23T08:31:00-05:00,22339,22339,RUN,pivot_body,77.5,3,13.6875,10.6875,-13.03125,29.71875
TRAIN,2026_06_29.csv,238,2026-06-25T08:59:00-05:00,25127,25127,SWEEP,pivot_body,40.5,3,13.6875,10.6875,-13.03125,29.71875
TRAIN,2026_06_29.csv,247,2026-06-29T06:31:00-05:00,27739,27739,GRAB,pivot_body,31,3,13.6875,10.6875,-13.03125,29.71875
TRAIN,2026_07_06.csv,254,2026-07-02T19:00:00-05:00,2460,2460,RUN,pivot_body,30,3,13.6875,10.6875,-13.03125,29.71875
VALIDATION,2026_07_13.csv,24,2026-07-10T04:01:00-05:00,9660,9660,SWEEP,pivot_body,35.75,3,13.6875,10.6875,-13.03125,29.71875
VALIDATION,2026_07_13.csv,27,2026-07-10T08:52:00-05:00,9951,9951,SWEEP,pivot_body,29.75,3,13.6875,10.6875,-13.03125,29.71875
VALIDATION,2026_07_13.csv,28,2026-07-10T09:33:00-05:00,9992,9992,SWEEP,pivot_body,71.25,3,13.6875,10.6875,-13.03125,29.71875
VALIDATION,2026_07_13.csv,30,2026-07-13T09:16:00-05:00,11355,11355,RUN,pivot_body,86.5,3,13.6875,10.6875,-13.03125,29.71875
TRAIN,2026_03.csv,2,2026-04-01T07:44:00-05:00,464,464,SWEEP,upper_wick,63.75,1.5,7.8125,6.3125,-7.96875,17.28125
TRAIN,2026_03.csv,13,2026-04-03T07:30:00-05:00,3204,3204,RUN,upper_wick,32.75,1.5,7.8125,6.3125,-7.96875,17.28125
TRAIN,2026_03.csv,14,2026-04-05T17:11:00-05:00,3260,3260,SWEEP,upper_wick,20.25,1.5,7.8125,6.3125,-7.96875,17.28125
TRAIN,2026_03.csv,17,2026-04-06T01:50:00-05:00,3779,3779,RUN,upper_wick,35.5,1.5,7.8125,6.3125,-7.96875,17.28125
TRAIN,2026_03.csv,21,2026-04-06T08:35:00-05:00,4184,4184,SWEEP,upper_wick,19.25,1.5,7.8125,6.3125,-7.96875,17.28125
TRAIN,2026_03.csv,23,2026-04-06T09:00:00-05:00,4209,4209,RUN,upper_wick,41.25,1.5,7.8125,6.3125,-7.96875,17.28125
TRAIN,2026_03.csv,28,2026-04-07T07:06:00-05:00,5475,5475,RUN,upper_wick,43.25,1.5,7.8125,6.3125,-7.96875,17.28125
TRAIN,2026_03.csv,29,2026-04-07T08:30:00-05:00,5559,5559,GRAB,upper_wick,56.5,1.5,7.8125,6.3125,-7.96875,17.28125
TRAIN,2026_03.csv,30,2026-04-07T12:36:00-05:00,5805,5805,RUN,upper_wick,20.25,1.5,7.8125,6.3125,-7.96875,17.28125
TRAIN,2026_03.csv,55,2026-04-13T06:00:00-05:00,10929,10929,RUN,upper_wick,23.25,1.5,7.8125,6.3125,-7.96875,17.28125
TRAIN,2026_03.csv,61,2026-04-15T00:00:00-05:00,13329,13329,SWEEP,upper_wick,39.75,1.5,7.8125,6.3125,-7.96875,17.28125
TRAIN,2026_03.csv,77,2026-04-20T08:30:00-05:00,17979,17979,SWEEP,upper_wick,28.5,1.5,7.8125,6.3125,-7.96875,17.28125
TRAIN,2026_03.csv,103,2026-04-24T12:54:00-05:00,23762,23762,SWEEP,upper_wick,26.5,1.5,7.8125,6.3125,-7.96875,17.28125
TRAIN,2026_03.csv,122,2026-04-29T15:03:00-05:00,28031,28031,RUN,upper_wick,32.25,1.5,7.8125,6.3125,-7.96875,17.28125
TRAIN,2026_06_29.csv,130,2026-06-01T12:43:00-05:00,763,763,SWEEP,upper_wick,53.25,1.5,7.8125,6.3125,-7.96875,17.28125
TRAIN,2026_06_29.csv,183,2026-06-12T04:36:00-05:00,12684,12684,SWEEP,upper_wick,33.75,1.5,7.8125,6.3125,-7.96875,17.28125
TRAIN,2026_06_29.csv,184,2026-06-12T08:45:00-05:00,12933,12933,GRAB,upper_wick,42.5,1.5,7.8125,6.3125,-7.96875,17.28125
TRAIN,2026_06_29.csv,196,2026-06-17T08:45:00-05:00,17073,17073,SWEEP,upper_wick,21.5,1.5,7.8125,6.3125,-7.96875,17.28125
TRAIN,2026_06_29.csv,201,2026-06-17T13:06:00-05:00,17334,17334,SWEEP,upper_wick,21.75,1.5,7.8125,6.3125,-7.96875,17.28125
TRAIN,2026_06_29.csv,203,2026-06-17T14:53:00-05:00,17441,17441,SWEEP,upper_wick,30.5,1.5,7.8125,6.3125,-7.96875,17.28125
TRAIN,2026_06_29.csv,238,2026-06-25T08:59:00-05:00,25127,25127,SWEEP,upper_wick,27.5,1.5,7.8125,6.3125,-7.96875,17.28125
TRAIN,2026_06_29.csv,239,2026-06-25T13:28:00-05:00,25396,25396,GRAB,upper_wick,20.5,1.5,7.8125,6.3125,-7.96875,17.28125
TRAIN,2026_06_29.csv,247,2026-06-29T06:31:00-05:00,27739,27739,GRAB,upper_wick,26.75,1.5,7.8125,6.3125,-7.96875,17.28125
TRAIN,2026_06_29.csv,248,2026-06-29T08:30:00-05:00,27858,27858,SWEEP,upper_wick,30.75,1.5,7.8125,6.3125,-7.96875,17.28125
TRAIN,2026_07_06.csv,250,2026-07-01T08:35:00-05:00,515,515,RUN,upper_wick,19.75,1.5,7.8125,6.3125,-7.96875,17.28125
TRAIN,2026_07_06.csv,257,2026-07-05T17:00:00-05:00,3479,3479,RUN,upper_wick,49.25,1.5,7.8125,6.3125,-7.96875,17.28125
VALIDATION,2026_07_13.csv,2,2026-07-06T08:30:00-05:00,4409,4409,RUN,upper_wick,21.5,1.5,7.8125,6.3125,-7.96875,17.28125
VALIDATION,2026_07_13.csv,11,2026-07-07T19:00:00-05:00,6359,6359,SWEEP,upper_wick,20,1.5,7.8125,6.3125,-7.96875,17.28125
TRAIN,2026_03.csv,16,2026-04-05T22:19:00-05:00,3568,3568,RUN,lower_wick,32,1.25,8,6.75,-8.875,18.125
TRAIN,2026_03.csv,23,2026-04-06T09:00:00-05:00,4209,4209,RUN,lower_wick,26.25,1.25,8,6.75,-8.875,18.125
TRAIN,2026_03.csv,28,2026-04-07T07:06:00-05:00,5475,5475,RUN,lower_wick,34.25,1.25,8,6.75,-8.875,18.125
TRAIN,2026_03.csv,73,2026-04-17T12:24:00-05:00,16833,16833,RUN,lower_wick,21.25,1.25,8,6.75,-8.875,18.125
TRAIN,2026_03.csv,100,2026-04-24T04:22:00-05:00,23250,23250,SWEEP,lower_wick,22.75,1.25,8,6.75,-8.875,18.125
TRAIN,2026_03.csv,102,2026-04-24T08:56:00-05:00,23524,23524,SWEEP,lower_wick,23.75,1.25,8,6.75,-8.875,18.125
TRAIN,2026_03.csv,119,2026-04-29T08:35:00-05:00,27643,27643,SWEEP,lower_wick,22.25,1.25,8,6.75,-8.875,18.125
TRAIN,2026_06_29.csv,133,2026-06-02T08:41:00-05:00,1901,1901,SWEEP,lower_wick,26,1.25,8,6.75,-8.875,18.125
TRAIN,2026_06_29.csv,145,2026-06-03T17:51:00-05:00,3771,3771,RUN,lower_wick,22.75,1.25,8,6.75,-8.875,18.125
TRAIN,2026_06_29.csv,161,2026-06-08T09:00:00-05:00,7440,7440,GRAB,lower_wick,18.75,1.25,8,6.75,-8.875,18.125
TRAIN,2026_06_29.csv,167,2026-06-09T03:01:00-05:00,8461,8461,RUN,lower_wick,22,1.25,8,6.75,-8.875,18.125
TRAIN,2026_06_29.csv,168,2026-06-09T08:30:00-05:00,8790,8790,RUN,lower_wick,33.5,1.25,8,6.75,-8.875,18.125
TRAIN,2026_06_29.csv,177,2026-06-10T09:35:00-05:00,10223,10223,SWEEP,lower_wick,21.5,1.25,8,6.75,-8.875,18.125
TRAIN,2026_06_29.csv,179,2026-06-11T07:34:00-05:00,11482,11482,GRAB,lower_wick,41,1.25,8,6.75,-8.875,18.125
TRAIN,2026_06_29.csv,197,2026-06-17T09:02:00-05:00,17090,17090,SWEEP,lower_wick,20.75,1.25,8,6.75,-8.875,18.125
TRAIN,2026_06_29.csv,200,2026-06-17T09:47:00-05:00,17135,17135,RUN,lower_wick,53,1.25,8,6.75,-8.875,18.125
TRAIN,2026_06_29.csv,213,2026-06-19T07:37:00-05:00,19765,19765,SWEEP,lower_wick,20.75,1.25,8,6.75,-8.875,18.125
TRAIN,2026_06_29.csv,219,2026-06-23T08:31:00-05:00,22339,22339,RUN,lower_wick,42.25,1.25,8,6.75,-8.875,18.125
TRAIN,2026_06_29.csv,231,2026-06-24T09:20:00-05:00,23768,23768,RUN,lower_wick,39.25,1.25,8,6.75,-8.875,18.125
TRAIN,2026_06_29.csv,240,2026-06-25T14:50:00-05:00,25478,25478,GRAB,lower_wick,23.25,1.25,8,6.75,-8.875,18.125
TRAIN,2026_06_29.csv,248,2026-06-29T08:30:00-05:00,27858,27858,SWEEP,lower_wick,66.25,1.25,8,6.75,-8.875,18.125
TRAIN,2026_07_06.csv,258,2026-07-05T17:05:00-05:00,3484,3484,SWEEP,lower_wick,28.25,1.25,8,6.75,-8.875,18.125
VALIDATION,2026_07_13.csv,2,2026-07-06T08:30:00-05:00,4409,4409,RUN,lower_wick,59.5,1.25,8,6.75,-8.875,18.125
VALIDATION,2026_07_13.csv,20,2026-07-09T09:21:00-05:00,8600,8600,GRAB,lower_wick,26.75,1.25,8,6.75,-8.875,18.125
VALIDATION,2026_07_13.csv,24,2026-07-10T04:01:00-05:00,9660,9660,SWEEP,lower_wick,18.75,1.25,8,6.75,-8.875,18.125
VALIDATION,2026_07_13.csv,28,2026-07-10T09:33:00-05:00,9992,9992,SWEEP,lower_wick,86.25,1.25,8,6.75,-8.875,18.125
VALIDATION,2026_07_13.csv,29,2026-07-13T00:30:00-05:00,10829,10829,SWEEP,lower_wick,29.5,1.25,8,6.75,-8.875,18.125
VALIDATION,2026_07_13.csv,30,2026-07-13T09:16:00-05:00,11355,11355,RUN,lower_wick,68.75,1.25,8,6.75,-8.875,18.125
TRAIN,2026_03.csv,23,2026-04-06T09:00:00-05:00,4209,4209,RUN,confirm_volume,4318,217,1298.25,1081.25,-1404.875,2920.125
TRAIN,2026_03.csv,29,2026-04-07T08:30:00-05:00,5559,5559,GRAB,confirm_volume,5201,217,1298.25,1081.25,-1404.875,2920.125
TRAIN,2026_03.csv,36,2026-04-08T09:56:00-05:00,7025,7025,SWEEP,confirm_volume,4285,217,1298.25,1081.25,-1404.875,2920.125
TRAIN,2026_03.csv,45,2026-04-09T11:03:00-05:00,8472,8472,SWEEP,confirm_volume,3299,217,1298.25,1081.25,-1404.875,2920.125
TRAIN,2026_03.csv,73,2026-04-17T12:24:00-05:00,16833,16833,RUN,confirm_volume,6755,217,1298.25,1081.25,-1404.875,2920.125
TRAIN,2026_03.csv,77,2026-04-20T08:30:00-05:00,17979,17979,SWEEP,confirm_volume,5341,217,1298.25,1081.25,-1404.875,2920.125
TRAIN,2026_03.csv,103,2026-04-24T12:54:00-05:00,23762,23762,SWEEP,confirm_volume,3833,217,1298.25,1081.25,-1404.875,2920.125
TRAIN,2026_03.csv,113,2026-04-28T08:49:00-05:00,26277,26277,RUN,confirm_volume,3018,217,1298.25,1081.25,-1404.875,2920.125
TRAIN,2026_06_29.csv,130,2026-06-01T12:43:00-05:00,763,763,SWEEP,confirm_volume,5300,217,1298.25,1081.25,-1404.875,2920.125
TRAIN,2026_06_29.csv,150,2026-06-04T08:37:00-05:00,4657,4657,RUN,confirm_volume,3556,217,1298.25,1081.25,-1404.875,2920.125
TRAIN,2026_06_29.csv,161,2026-06-08T09:00:00-05:00,7440,7440,GRAB,confirm_volume,3002,217,1298.25,1081.25,-1404.875,2920.125
TRAIN,2026_06_29.csv,168,2026-06-09T08:30:00-05:00,8790,8790,RUN,confirm_volume,6579,217,1298.25,1081.25,-1404.875,2920.125
TRAIN,2026_06_29.csv,169,2026-06-09T08:34:00-05:00,8794,8794,SWEEP,confirm_volume,2938,217,1298.25,1081.25,-1404.875,2920.125
TRAIN,2026_06_29.csv,170,2026-06-09T08:50:00-05:00,8810,8810,RUN,confirm_volume,3449,217,1298.25,1081.25,-1404.875,2920.125
TRAIN,2026_06_29.csv,191,2026-06-15T15:00:00-05:00,14688,14688,SWEEP,confirm_volume,3287,217,1298.25,1081.25,-1404.875,2920.125
TRAIN,2026_06_29.csv,200,2026-06-17T09:47:00-05:00,17135,17135,RUN,confirm_volume,5671,217,1298.25,1081.25,-1404.875,2920.125
TRAIN,2026_06_29.csv,219,2026-06-23T08:31:00-05:00,22339,22339,RUN,confirm_volume,5440,217,1298.25,1081.25,-1404.875,2920.125
TRAIN,2026_06_29.csv,231,2026-06-24T09:20:00-05:00,23768,23768,RUN,confirm_volume,3173,217,1298.25,1081.25,-1404.875,2920.125
TRAIN,2026_06_29.csv,248,2026-06-29T08:30:00-05:00,27858,27858,SWEEP,confirm_volume,5346,217,1298.25,1081.25,-1404.875,2920.125
TRAIN,2026_07_06.csv,250,2026-07-01T08:35:00-05:00,515,515,RUN,confirm_volume,3177,217,1298.25,1081.25,-1404.875,2920.125
VALIDATION,2026_07_13.csv,2,2026-07-06T08:30:00-05:00,4409,4409,RUN,confirm_volume,4841,217,1298.25,1081.25,-1404.875,2920.125
VALIDATION,2026_07_13.csv,28,2026-07-10T09:33:00-05:00,9992,9992,SWEEP,confirm_volume,4372,217,1298.25,1081.25,-1404.875,2920.125
VALIDATION,2026_07_13.csv,30,2026-07-13T09:16:00-05:00,11355,11355,RUN,confirm_volume,3341,217,1298.25,1081.25,-1404.875,2920.125
TRAIN,2026_06_29.csv,151,2026-06-04T09:07:00-05:00,4687,4687,SWEEP,atr_14,35.1093406000589,8.50518276728284,18.6260302541307,10.1208474868479,-6.67608846298898,33.8073014844026
TRAIN,2026_06_29.csv,161,2026-06-08T09:00:00-05:00,7440,7440,GRAB,atr_14,45.3008981969717,8.50518276728284,18.6260302541307,10.1208474868479,-6.67608846298898,33.8073014844026
TRAIN,2026_06_29.csv,171,2026-06-09T15:04:00-05:00,9184,9184,GRAB,atr_14,41.8294948591991,8.50518276728284,18.6260302541307,10.1208474868479,-6.67608846298898,33.8073014844026
TRAIN,2026_06_29.csv,177,2026-06-10T09:35:00-05:00,10223,10223,SWEEP,atr_14,56.4251852403354,8.50518276728284,18.6260302541307,10.1208474868479,-6.67608846298898,33.8073014844026
TRAIN,2026_06_29.csv,179,2026-06-11T07:34:00-05:00,11482,11482,GRAB,atr_14,36.6773938040272,8.50518276728284,18.6260302541307,10.1208474868479,-6.67608846298898,33.8073014844026
TRAIN,2026_06_29.csv,180,2026-06-11T09:04:00-05:00,11572,11572,RUN,atr_14,53.2693868812502,8.50518276728284,18.6260302541307,10.1208474868479,-6.67608846298898,33.8073014844026
TRAIN,2026_06_29.csv,184,2026-06-12T08:45:00-05:00,12933,12933,GRAB,atr_14,58.5225134869182,8.50518276728284,18.6260302541307,10.1208474868479,-6.67608846298898,33.8073014844026
TRAIN,2026_06_29.csv,197,2026-06-17T09:02:00-05:00,17090,17090,SWEEP,atr_14,36.0353398239906,8.50518276728284,18.6260302541307,10.1208474868479,-6.67608846298898,33.8073014844026
TRAIN,2026_06_29.csv,198,2026-06-17T09:24:00-05:00,17112,17112,SWEEP,atr_14,33.975968092118,8.50518276728284,18.6260302541307,10.1208474868479,-6.67608846298898,33.8073014844026
TRAIN,2026_06_29.csv,199,2026-06-17T09:24:00-05:00,17112,17112,SWEEP,atr_14,33.975968092118,8.50518276728284,18.6260302541307,10.1208474868479,-6.67608846298898,33.8073014844026
TRAIN,2026_06_29.csv,200,2026-06-17T09:47:00-05:00,17135,17135,RUN,atr_14,41.5181328814292,8.50518276728284,18.6260302541307,10.1208474868479,-6.67608846298898,33.8073014844026
TRAIN,2026_06_29.csv,201,2026-06-17T13:06:00-05:00,17334,17334,SWEEP,atr_14,47.6256044497495,8.50518276728284,18.6260302541307,10.1208474868479,-6.67608846298898,33.8073014844026
TRAIN,2026_06_29.csv,202,2026-06-17T13:44:00-05:00,17372,17372,GRAB,atr_14,53.800995738279,8.50518276728284,18.6260302541307,10.1208474868479,-6.67608846298898,33.8073014844026
TRAIN,2026_06_29.csv,203,2026-06-17T14:53:00-05:00,17441,17441,SWEEP,atr_14,49.5137636717135,8.50518276728284,18.6260302541307,10.1208474868479,-6.67608846298898,33.8073014844026
TRAIN,2026_06_29.csv,220,2026-06-23T09:20:00-05:00,22388,22388,RUN,atr_14,36.7242403436942,8.50518276728284,18.6260302541307,10.1208474868479,-6.67608846298898,33.8073014844026
TRAIN,2026_06_29.csv,231,2026-06-24T09:20:00-05:00,23768,23768,RUN,atr_14,48.8345431549184,8.50518276728284,18.6260302541307,10.1208474868479,-6.67608846298898,33.8073014844026
TRAIN,2026_06_29.csv,232,2026-06-24T10:01:00-05:00,23809,23809,SWEEP,atr_14,34.2556476379998,8.50518276728284,18.6260302541307,10.1208474868479,-6.67608846298898,33.8073014844026
TRAIN,2026_06_29.csv,238,2026-06-25T08:59:00-05:00,25127,25127,SWEEP,atr_14,77.3239552394654,8.50518276728284,18.6260302541307,10.1208474868479,-6.67608846298898,33.8073014844026
TRAIN,2026_06_29.csv,244,2026-06-26T10:44:00-05:00,26612,26612,GRAB,atr_14,33.9038592428469,8.50518276728284,18.6260302541307,10.1208474868479,-6.67608846298898,33.8073014844026
TRAIN,2026_07_06.csv,250,2026-07-01T08:35:00-05:00,515,515,RUN,atr_14,39.7964225540101,8.50518276728284,18.6260302541307,10.1208474868479,-6.67608846298898,33.8073014844026
VALIDATION,2026_07_13.csv,15,2026-07-08T08:47:00-05:00,7186,7186,RUN,atr_14,39.5151030530586,8.50518276728284,18.6260302541307,10.1208474868479,-6.67608846298898,33.8073014844026
VALIDATION,2026_07_13.csv,20,2026-07-09T09:21:00-05:00,8600,8600,GRAB,atr_14,38.1984340617457,8.50518276728284,18.6260302541307,10.1208474868479,-6.67608846298898,33.8073014844026
VALIDATION,2026_07_13.csv,28,2026-07-10T09:33:00-05:00,9992,9992,SWEEP,atr_14,50.3415930777691,8.50518276728284,18.6260302541307,10.1208474868479,-6.67608846298898,33.8073014844026
VALIDATION,2026_07_13.csv,30,2026-07-13T09:16:00-05:00,11355,11355,RUN,atr_14,41.3970100421405,8.50518276728284,18.6260302541307,10.1208474868479,-6.67608846298898,33.8073014844026
TRAIN,2026_03.csv,2,2026-04-01T07:44:00-05:00,464,464,SWEEP,range_atr_ratio,6.49473354038774,0.992434543356918,1.82251469507936,0.830080151722442,-0.252685684226744,3.06763492266302
TRAIN,2026_03.csv,9,2026-04-02T19:01:00-05:00,2460,2460,RUN,range_atr_ratio,4.27960423015345,0.992434543356918,1.82251469507936,0.830080151722442,-0.252685684226744,3.06763492266302
TRAIN,2026_03.csv,13,2026-04-03T07:30:00-05:00,3204,3204,RUN,range_atr_ratio,6.45307725836409,0.992434543356918,1.82251469507936,0.830080151722442,-0.252685684226744,3.06763492266302
TRAIN,2026_03.csv,16,2026-04-05T22:19:00-05:00,3568,3568,RUN,range_atr_ratio,5.19662357339725,0.992434543356918,1.82251469507936,0.830080151722442,-0.252685684226744,3.06763492266302
TRAIN,2026_03.csv,17,2026-04-06T01:50:00-05:00,3779,3779,RUN,range_atr_ratio,5.4798932773389,0.992434543356918,1.82251469507936,0.830080151722442,-0.252685684226744,3.06763492266302
TRAIN,2026_03.csv,28,2026-04-07T07:06:00-05:00,5475,5475,RUN,range_atr_ratio,5.72843747285607,0.992434543356918,1.82251469507936,0.830080151722442,-0.252685684226744,3.06763492266302
TRAIN,2026_03.csv,29,2026-04-07T08:30:00-05:00,5559,5559,GRAB,range_atr_ratio,3.98010065092405,0.992434543356918,1.82251469507936,0.830080151722442,-0.252685684226744,3.06763492266302
TRAIN,2026_03.csv,55,2026-04-13T06:00:00-05:00,10929,10929,RUN,range_atr_ratio,4.25658288397993,0.992434543356918,1.82251469507936,0.830080151722442,-0.252685684226744,3.06763492266302
TRAIN,2026_03.csv,61,2026-04-15T00:00:00-05:00,13329,13329,SWEEP,range_atr_ratio,7.63765323596737,0.992434543356918,1.82251469507936,0.830080151722442,-0.252685684226744,3.06763492266302
TRAIN,2026_03.csv,66,2026-04-16T00:02:00-05:00,14711,14711,GRAB,range_atr_ratio,3.82279447254654,0.992434543356918,1.82251469507936,0.830080151722442,-0.252685684226744,3.06763492266302
TRAIN,2026_03.csv,73,2026-04-17T12:24:00-05:00,16833,16833,RUN,range_atr_ratio,4.23349884224416,0.992434543356918,1.82251469507936,0.830080151722442,-0.252685684226744,3.06763492266302
TRAIN,2026_03.csv,81,2026-04-20T19:47:00-05:00,18596,18596,SWEEP,range_atr_ratio,4.67598720776308,0.992434543356918,1.82251469507936,0.830080151722442,-0.252685684226744,3.06763492266302
TRAIN,2026_03.csv,88,2026-04-21T21:29:00-05:00,20077,20077,SWEEP,range_atr_ratio,3.28315493376529,0.992434543356918,1.82251469507936,0.830080151722442,-0.252685684226744,3.06763492266302
TRAIN,2026_03.csv,100,2026-04-24T04:22:00-05:00,23250,23250,SWEEP,range_atr_ratio,3.99129874842644,0.992434543356918,1.82251469507936,0.830080151722442,-0.252685684226744,3.06763492266302
TRAIN,2026_03.csv,103,2026-04-24T12:54:00-05:00,23762,23762,SWEEP,range_atr_ratio,3.1866172397564,0.992434543356918,1.82251469507936,0.830080151722442,-0.252685684226744,3.06763492266302
TRAIN,2026_06_29.csv,130,2026-06-01T12:43:00-05:00,763,763,SWEEP,range_atr_ratio,3.63976221013392,0.992434543356918,1.82251469507936,0.830080151722442,-0.252685684226744,3.06763492266302
TRAIN,2026_06_29.csv,168,2026-06-09T08:30:00-05:00,8790,8790,RUN,range_atr_ratio,3.33916486657211,0.992434543356918,1.82251469507936,0.830080151722442,-0.252685684226744,3.06763492266302
TRAIN,2026_06_29.csv,200,2026-06-17T09:47:00-05:00,17135,17135,RUN,range_atr_ratio,4.12470378880162,0.992434543356918,1.82251469507936,0.830080151722442,-0.252685684226744,3.06763492266302
TRAIN,2026_06_29.csv,213,2026-06-19T07:37:00-05:00,19765,19765,SWEEP,range_atr_ratio,3.49384508245451,0.992434543356918,1.82251469507936,0.830080151722442,-0.252685684226744,3.06763492266302
TRAIN,2026_06_29.csv,219,2026-06-23T08:31:00-05:00,22339,22339,RUN,range_atr_ratio,3.73880378139977,0.992434543356918,1.82251469507936,0.830080151722442,-0.252685684226744,3.06763492266302
TRAIN,2026_06_29.csv,247,2026-06-29T06:31:00-05:00,27739,27739,GRAB,range_atr_ratio,4.33014632624843,0.992434543356918,1.82251469507936,0.830080151722442,-0.252685684226744,3.06763492266302
TRAIN,2026_06_29.csv,248,2026-06-29T08:30:00-05:00,27858,27858,SWEEP,range_atr_ratio,5.36996532332676,0.992434543356918,1.82251469507936,0.830080151722442,-0.252685684226744,3.06763492266302
TRAIN,2026_07_06.csv,254,2026-07-02T19:00:00-05:00,2460,2460,RUN,range_atr_ratio,3.35988541339686,0.992434543356918,1.82251469507936,0.830080151722442,-0.252685684226744,3.06763492266302
TRAIN,2026_07_06.csv,257,2026-07-05T17:00:00-05:00,3479,3479,RUN,range_atr_ratio,6.52741108660913,0.992434543356918,1.82251469507936,0.830080151722442,-0.252685684226744,3.06763492266302
VALIDATION,2026_07_13.csv,2,2026-07-06T08:30:00-05:00,4409,4409,RUN,range_atr_ratio,4.89759022302436,0.992434543356918,1.82251469507936,0.830080151722442,-0.252685684226744,3.06763492266302
VALIDATION,2026_07_13.csv,11,2026-07-07T19:00:00-05:00,6359,6359,SWEEP,range_atr_ratio,3.66761066473538,0.992434543356918,1.82251469507936,0.830080151722442,-0.252685684226744,3.06763492266302
VALIDATION,2026_07_13.csv,24,2026-07-10T04:01:00-05:00,9660,9660,SWEEP,range_atr_ratio,4.29280241289682,0.992434543356918,1.82251469507936,0.830080151722442,-0.252685684226744,3.06763492266302
VALIDATION,2026_07_13.csv,28,2026-07-10T09:33:00-05:00,9992,9992,SWEEP,range_atr_ratio,3.17828638741781,0.992434543356918,1.82251469507936,0.830080151722442,-0.252685684226744,3.06763492266302
VALIDATION,2026_07_13.csv,30,2026-07-13T09:16:00-05:00,11355,11355,RUN,range_atr_ratio,4.00391235577819,0.992434543356918,1.82251469507936,0.830080151722442,-0.252685684226744,3.06763492266302
TRAIN,2026_03.csv,2,2026-04-01T07:44:00-05:00,464,464,SWEEP,body_atr_ratio,3.24157823762668,0.270592867590736,0.979336452677904,0.708743585087168,-0.792522510040017,2.04245183030866
TRAIN,2026_03.csv,9,2026-04-02T19:01:00-05:00,2460,2460,RUN,body_atr_ratio,3.28348945244532,0.270592867590736,0.979336452677904,0.708743585087168,-0.792522510040017,2.04245183030866
TRAIN,2026_03.csv,13,2026-04-03T07:30:00-05:00,3204,3204,RUN,body_atr_ratio,3.08026887799246,0.270592867590736,0.979336452677904,0.708743585087168,-0.792522510040017,2.04245183030866
TRAIN,2026_03.csv,16,2026-04-05T22:19:00-05:00,3568,3568,RUN,body_atr_ratio,2.72779576277995,0.270592867590736,0.979336452677904,0.708743585087168,-0.792522510040017,2.04245183030866
TRAIN,2026_03.csv,17,2026-04-06T01:50:00-05:00,3779,3779,RUN,body_atr_ratio,2.07469210500074,0.270592867590736,0.979336452677904,0.708743585087168,-0.792522510040017,2.04245183030866
TRAIN,2026_03.csv,40,2026-04-09T00:10:00-05:00,7819,7819,GRAB,body_atr_ratio,2.61227213552107,0.270592867590736,0.979336452677904,0.708743585087168,-0.792522510040017,2.04245183030866
TRAIN,2026_03.csv,66,2026-04-16T00:02:00-05:00,14711,14711,GRAB,body_atr_ratio,2.79883166740014,0.270592867590736,0.979336452677904,0.708743585087168,-0.792522510040017,2.04245183030866
TRAIN,2026_03.csv,73,2026-04-17T12:24:00-05:00,16833,16833,RUN,body_atr_ratio,3.15932749421206,0.270592867590736,0.979336452677904,0.708743585087168,-0.792522510040017,2.04245183030866
TRAIN,2026_03.csv,81,2026-04-20T19:47:00-05:00,18596,18596,SWEEP,body_atr_ratio,2.55620634024381,0.270592867590736,0.979336452677904,0.708743585087168,-0.792522510040017,2.04245183030866
TRAIN,2026_06_29.csv,200,2026-06-17T09:47:00-05:00,17135,17135,RUN,body_atr_ratio,2.66750916560455,0.270592867590736,0.979336452677904,0.708743585087168,-0.792522510040017,2.04245183030866
TRAIN,2026_06_29.csv,219,2026-06-23T08:31:00-05:00,22339,22339,RUN,body_atr_ratio,2.34621289925896,0.270592867590736,0.979336452677904,0.708743585087168,-0.792522510040017,2.04245183030866
TRAIN,2026_06_29.csv,247,2026-06-29T06:31:00-05:00,27739,27739,GRAB,body_atr_ratio,2.3244075517524,0.270592867590736,0.979336452677904,0.708743585087168,-0.792522510040017,2.04245183030866
TRAIN,2026_07_06.csv,254,2026-07-02T19:00:00-05:00,2460,2460,RUN,body_atr_ratio,2.09992838337304,0.270592867590736,0.979336452677904,0.708743585087168,-0.792522510040017,2.04245183030866
VALIDATION,2026_07_13.csv,24,2026-07-10T04:01:00-05:00,9660,9660,SWEEP,body_atr_ratio,2.81592084882682,0.270592867590736,0.979336452677904,0.708743585087168,-0.792522510040017,2.04245183030866
VALIDATION,2026_07_13.csv,30,2026-07-13T09:16:00-05:00,11355,11355,RUN,body_atr_ratio,2.08952288853583,0.270592867590736,0.979336452677904,0.708743585087168,-0.792522510040017,2.04245183030866
TRAIN,2026_03.csv,2,2026-04-01T07:44:00-05:00,464,464,SWEEP,price_to_confirm_close,2.95215160926716,-0.7461994735451,0.637050418537274,1.38324989208237,-2.82107431166866,2.71192525666084
TRAIN,2026_03.csv,17,2026-04-06T01:50:00-05:00,3779,3779,RUN,price_to_confirm_close,3.20224216206635,-0.7461994735451,0.637050418537274,1.38324989208237,-2.82107431166866,2.71192525666084
TRAIN,2026_03.csv,29,2026-04-07T08:30:00-05:00,5559,5559,GRAB,price_to_confirm_close,3.4201625365355,-0.7461994735451,0.637050418537274,1.38324989208237,-2.82107431166866,2.71192525666084
TRAIN,2026_03.csv,61,2026-04-15T00:00:00-05:00,13329,13329,SWEEP,price_to_confirm_close,6.82239811527422,-0.7461994735451,0.637050418537274,1.38324989208237,-2.82107431166866,2.71192525666084
TRAIN,2026_06_29.csv,130,2026-06-01T12:43:00-05:00,763,763,SWEEP,price_to_confirm_close,2.74918209488839,-0.7461994735451,0.637050418537274,1.38324989208237,-2.82107431166866,2.71192525666084
TRAIN,2026_06_29.csv,219,2026-06-23T08:31:00-05:00,22339,22339,RUN,price_to_confirm_close,-3.62527735079046,-0.7461994735451,0.637050418537274,1.38324989208237,-2.82107431166866,2.71192525666084
TRAIN,2026_06_29.csv,248,2026-06-29T08:30:00-05:00,27858,27858,SWEEP,price_to_confirm_close,-3.04719659674859,-0.7461994735451,0.637050418537274,1.38324989208237,-2.82107431166866,2.71192525666084
TRAIN,2026_07_06.csv,257,2026-07-05T17:00:00-05:00,3479,3479,RUN,price_to_confirm_close,5.89005444852271,-0.7461994735451,0.637050418537274,1.38324989208237,-2.82107431166866,2.71192525666084
VALIDATION,2026_07_13.csv,2,2026-07-06T08:30:00-05:00,4409,4409,RUN,price_to_confirm_close,-3.85244689999683,-0.7461994735451,0.637050418537274,1.38324989208237,-2.82107431166866,2.71192525666084
VALIDATION,2026_07_13.csv,28,2026-07-10T09:33:00-05:00,9992,9992,SWEEP,price_to_confirm_close,-3.1286256626144,-0.7461994735451,0.637050418537274,1.38324989208237,-2.82107431166866,2.71192525666084
TRAIN,2026_03.csv,78,2026-04-20T10:07:00-05:00,18076,18076,SWEEP,volume_mean_20,1876.65,115.3875,777.125,661.7375,-877.21875,1769.73125
TRAIN,2026_03.csv,92,2026-04-22T15:08:00-05:00,21136,21136,SWEEP,volume_mean_20,1881.05,115.3875,777.125,661.7375,-877.21875,1769.73125
TRAIN,2026_03.csv,108,2026-04-27T08:52:00-05:00,24900,24900,GRAB,volume_mean_20,2032.45,115.3875,777.125,661.7375,-877.21875,1769.73125
TRAIN,2026_03.csv,113,2026-04-28T08:49:00-05:00,26277,26277,RUN,volume_mean_20,2753.05,115.3875,777.125,661.7375,-877.21875,1769.73125
TRAIN,2026_06_29.csv,133,2026-06-02T08:41:00-05:00,1901,1901,SWEEP,volume_mean_20,1810.25,115.3875,777.125,661.7375,-877.21875,1769.73125
TRAIN,2026_06_29.csv,150,2026-06-04T08:37:00-05:00,4657,4657,RUN,volume_mean_20,2045.7,115.3875,777.125,661.7375,-877.21875,1769.73125
TRAIN,2026_06_29.csv,151,2026-06-04T09:07:00-05:00,4687,4687,SWEEP,volume_mean_20,2588.25,115.3875,777.125,661.7375,-877.21875,1769.73125
TRAIN,2026_06_29.csv,161,2026-06-08T09:00:00-05:00,7440,7440,GRAB,volume_mean_20,2555.55,115.3875,777.125,661.7375,-877.21875,1769.73125
TRAIN,2026_06_29.csv,170,2026-06-09T08:50:00-05:00,8810,8810,RUN,volume_mean_20,2966.15,115.3875,777.125,661.7375,-877.21875,1769.73125
TRAIN,2026_06_29.csv,171,2026-06-09T15:04:00-05:00,9184,9184,GRAB,volume_mean_20,2607.55,115.3875,777.125,661.7375,-877.21875,1769.73125
TRAIN,2026_06_29.csv,177,2026-06-10T09:35:00-05:00,10223,10223,SWEEP,volume_mean_20,1823.6,115.3875,777.125,661.7375,-877.21875,1769.73125
TRAIN,2026_06_29.csv,180,2026-06-11T09:04:00-05:00,11572,11572,RUN,volume_mean_20,2251.6,115.3875,777.125,661.7375,-877.21875,1769.73125
TRAIN,2026_06_29.csv,220,2026-06-23T09:20:00-05:00,22388,22388,RUN,volume_mean_20,1962.75,115.3875,777.125,661.7375,-877.21875,1769.73125
TRAIN,2026_06_29.csv,238,2026-06-25T08:59:00-05:00,25127,25127,SWEEP,volume_mean_20,3551.45,115.3875,777.125,661.7375,-877.21875,1769.73125
VALIDATION,2026_07_13.csv,15,2026-07-08T08:47:00-05:00,7186,7186,RUN,volume_mean_20,2179.1,115.3875,777.125,661.7375,-877.21875,1769.73125
VALIDATION,2026_07_13.csv,19,2026-07-09T08:58:00-05:00,8577,8577,RUN,volume_mean_20,1862.65,115.3875,777.125,661.7375,-877.21875,1769.73125
VALIDATION,2026_07_13.csv,20,2026-07-09T09:21:00-05:00,8600,8600,GRAB,volume_mean_20,1779.95,115.3875,777.125,661.7375,-877.21875,1769.73125
TRAIN,2026_03.csv,21,2026-04-06T08:35:00-05:00,4184,4184,SWEEP,volume_std_20,1129.99314599691,60.5444052574451,334.657732920329,274.113327662884,-350.625586236881,745.827724414654
TRAIN,2026_03.csv,22,2026-04-06T08:37:00-05:00,4186,4186,RUN,volume_std_20,1231.61228781626,60.5444052574451,334.657732920329,274.113327662884,-350.625586236881,745.827724414654
TRAIN,2026_03.csv,43,2026-04-09T08:45:00-05:00,8334,8334,RUN,volume_std_20,995.526473781587,60.5444052574451,334.657732920329,274.113327662884,-350.625586236881,745.827724414654
TRAIN,2026_03.csv,73,2026-04-17T12:24:00-05:00,16833,16833,RUN,volume_std_20,807.248628057057,60.5444052574451,334.657732920329,274.113327662884,-350.625586236881,745.827724414654
TRAIN,2026_03.csv,74,2026-04-17T15:16:00-05:00,17005,17005,RUN,volume_std_20,1794.2969904673,60.5444052574451,334.657732920329,274.113327662884,-350.625586236881,745.827724414654
TRAIN,2026_03.csv,78,2026-04-20T10:07:00-05:00,18076,18076,SWEEP,volume_std_20,1603.81935625556,60.5444052574451,334.657732920329,274.113327662884,-350.625586236881,745.827724414654
TRAIN,2026_03.csv,86,2026-04-21T12:20:00-05:00,19588,19588,RUN,volume_std_20,1057.55956215241,60.5444052574451,334.657732920329,274.113327662884,-350.625586236881,745.827724414654
TRAIN,2026_03.csv,87,2026-04-21T14:32:00-05:00,19720,19720,SWEEP,volume_std_20,849.243220461606,60.5444052574451,334.657732920329,274.113327662884,-350.625586236881,745.827724414654
TRAIN,2026_03.csv,92,2026-04-22T15:08:00-05:00,21136,21136,SWEEP,volume_std_20,2131.32279289178,60.5444052574451,334.657732920329,274.113327662884,-350.625586236881,745.827724414654
TRAIN,2026_03.csv,112,2026-04-28T07:31:00-05:00,26199,26199,GRAB,volume_std_20,751.311826074899,60.5444052574451,334.657732920329,274.113327662884,-350.625586236881,745.827724414654
TRAIN,2026_03.csv,113,2026-04-28T08:49:00-05:00,26277,26277,RUN,volume_std_20,1321.45330886112,60.5444052574451,334.657732920329,274.113327662884,-350.625586236881,745.827724414654
TRAIN,2026_03.csv,119,2026-04-29T08:35:00-05:00,27643,27643,SWEEP,volume_std_20,1359.72811252838,60.5444052574451,334.657732920329,274.113327662884,-350.625586236881,745.827724414654
TRAIN,2026_03.csv,122,2026-04-29T15:03:00-05:00,28031,28031,RUN,volume_std_20,1359.26867377278,60.5444052574451,334.657732920329,274.113327662884,-350.625586236881,745.827724414654
TRAIN,2026_06_29.csv,130,2026-06-01T12:43:00-05:00,763,763,SWEEP,volume_std_20,857.100955255564,60.5444052574451,334.657732920329,274.113327662884,-350.625586236881,745.827724414654
TRAIN,2026_06_29.csv,133,2026-06-02T08:41:00-05:00,1901,1901,SWEEP,volume_std_20,1570.397079563,60.5444052574451,334.657732920329,274.113327662884,-350.625586236881,745.827724414654
TRAIN,2026_06_29.csv,136,2026-06-02T15:05:00-05:00,2285,2285,SWEEP,volume_std_20,1354.78605229756,60.5444052574451,334.657732920329,274.113327662884,-350.625586236881,745.827724414654
TRAIN,2026_06_29.csv,142,2026-06-03T08:32:00-05:00,3272,3272,GRAB,volume_std_20,1539.58959141714,60.5444052574451,334.657732920329,274.113327662884,-350.625586236881,745.827724414654
TRAIN,2026_06_29.csv,150,2026-06-04T08:37:00-05:00,4657,4657,RUN,volume_std_20,2048.83479324225,60.5444052574451,334.657732920329,274.113327662884,-350.625586236881,745.827724414654
TRAIN,2026_06_29.csv,169,2026-06-09T08:34:00-05:00,8794,8794,SWEEP,volume_std_20,1607.45814564486,60.5444052574451,334.657732920329,274.113327662884,-350.625586236881,745.827724414654
TRAIN,2026_06_29.csv,170,2026-06-09T08:50:00-05:00,8810,8810,RUN,volume_std_20,978.271346559839,60.5444052574451,334.657732920329,274.113327662884,-350.625586236881,745.827724414654
TRAIN,2026_06_29.csv,171,2026-06-09T15:04:00-05:00,9184,9184,GRAB,volume_std_20,2903.03254330708,60.5444052574451,334.657732920329,274.113327662884,-350.625586236881,745.827724414654
TRAIN,2026_06_29.csv,179,2026-06-11T07:34:00-05:00,11482,11482,GRAB,volume_std_20,757.150520042085,60.5444052574451,334.657732920329,274.113327662884,-350.625586236881,745.827724414654
TRAIN,2026_06_29.csv,180,2026-06-11T09:04:00-05:00,11572,11572,RUN,volume_std_20,904.222284618113,60.5444052574451,334.657732920329,274.113327662884,-350.625586236881,745.827724414654
TRAIN,2026_06_29.csv,184,2026-06-12T08:45:00-05:00,12933,12933,GRAB,volume_std_20,947.232298594173,60.5444052574451,334.657732920329,274.113327662884,-350.625586236881,745.827724414654
TRAIN,2026_06_29.csv,191,2026-06-15T15:00:00-05:00,14688,14688,SWEEP,volume_std_20,1578.7392842075,60.5444052574451,334.657732920329,274.113327662884,-350.625586236881,745.827724414654
TRAIN,2026_06_29.csv,193,2026-06-16T15:19:00-05:00,16087,16087,RUN,volume_std_20,2077.78175225407,60.5444052574451,334.657732920329,274.113327662884,-350.625586236881,745.827724414654
TRAIN,2026_06_29.csv,196,2026-06-17T08:45:00-05:00,17073,17073,SWEEP,volume_std_20,914.846703005482,60.5444052574451,334.657732920329,274.113327662884,-350.625586236881,745.827724414654
TRAIN,2026_06_29.csv,201,2026-06-17T13:06:00-05:00,17334,17334,SWEEP,volume_std_20,904.440394664015,60.5444052574451,334.657732920329,274.113327662884,-350.625586236881,745.827724414654
TRAIN,2026_06_29.csv,219,2026-06-23T08:31:00-05:00,22339,22339,RUN,volume_std_20,1681.94751998985,60.5444052574451,334.657732920329,274.113327662884,-350.625586236881,745.827724414654
TRAIN,2026_06_29.csv,238,2026-06-25T08:59:00-05:00,25127,25127,SWEEP,volume_std_20,844.312707176671,60.5444052574451,334.657732920329,274.113327662884,-350.625586236881,745.827724414654
TRAIN,2026_07_06.csv,250,2026-07-01T08:35:00-05:00,515,515,RUN,volume_std_20,1974.63650515734,60.5444052574451,334.657732920329,274.113327662884,-350.625586236881,745.827724414654
VALIDATION,2026_07_13.csv,15,2026-07-08T08:47:00-05:00,7186,7186,RUN,volume_std_20,1078.41916247812,60.5444052574451,334.657732920329,274.113327662884,-350.625586236881,745.827724414654
VALIDATION,2026_07_13.csv,20,2026-07-09T09:21:00-05:00,8600,8600,GRAB,volume_std_20,878.413255535229,60.5444052574451,334.657732920329,274.113327662884,-350.625586236881,745.827724414654
TRAIN,2026_03.csv,2,2026-04-01T07:44:00-05:00,464,464,SWEEP,volume_ratio_20,5.32091398631931,1.19527858806416,2.63003354482844,1.43475495676428,-0.956853847082261,4.78216597997487
TRAIN,2026_03.csv,9,2026-04-02T19:01:00-05:00,2460,2460,RUN,volume_ratio_20,6.27133872416891,1.19527858806416,2.63003354482844,1.43475495676428,-0.956853847082261,4.78216597997487
TRAIN,2026_03.csv,13,2026-04-03T07:30:00-05:00,3204,3204,RUN,volume_ratio_20,13.1045003813883,1.19527858806416,2.63003354482844,1.43475495676428,-0.956853847082261,4.78216597997487
TRAIN,2026_03.csv,16,2026-04-05T22:19:00-05:00,3568,3568,RUN,volume_ratio_20,8.15844336344684,1.19527858806416,2.63003354482844,1.43475495676428,-0.956853847082261,4.78216597997487
TRAIN,2026_03.csv,17,2026-04-06T01:50:00-05:00,3779,3779,RUN,volume_ratio_20,16.2647754137116,1.19527858806416,2.63003354482844,1.43475495676428,-0.956853847082261,4.78216597997487
TRAIN,2026_03.csv,28,2026-04-07T07:06:00-05:00,5475,5475,RUN,volume_ratio_20,18.720456397718,1.19527858806416,2.63003354482844,1.43475495676428,-0.956853847082261,4.78216597997487
TRAIN,2026_03.csv,29,2026-04-07T08:30:00-05:00,5559,5559,GRAB,volume_ratio_20,14.06816337571,1.19527858806416,2.63003354482844,1.43475495676428,-0.956853847082261,4.78216597997487
TRAIN,2026_03.csv,41,2026-04-09T01:03:00-05:00,7872,7872,SWEEP,volume_ratio_20,7.65591397849462,1.19527858806416,2.63003354482844,1.43475495676428,-0.956853847082261,4.78216597997487
TRAIN,2026_03.csv,49,2026-04-09T22:39:00-05:00,9108,9108,RUN,volume_ratio_20,6.4952380952381,1.19527858806416,2.63003354482844,1.43475495676428,-0.956853847082261,4.78216597997487
TRAIN,2026_03.csv,53,2026-04-10T15:59:00-05:00,10148,10148,SWEEP,volume_ratio_20,4.81561822125813,1.19527858806416,2.63003354482844,1.43475495676428,-0.956853847082261,4.78216597997487
TRAIN,2026_03.csv,55,2026-04-13T06:00:00-05:00,10929,10929,RUN,volume_ratio_20,12.1358428805237,1.19527858806416,2.63003354482844,1.43475495676428,-0.956853847082261,4.78216597997487
TRAIN,2026_03.csv,61,2026-04-15T00:00:00-05:00,13329,13329,SWEEP,volume_ratio_20,45.0374064837905,1.19527858806416,2.63003354482844,1.43475495676428,-0.956853847082261,4.78216597997487
TRAIN,2026_03.csv,66,2026-04-16T00:02:00-05:00,14711,14711,GRAB,volume_ratio_20,10.3038674033149,1.19527858806416,2.63003354482844,1.43475495676428,-0.956853847082261,4.78216597997487
TRAIN,2026_03.csv,73,2026-04-17T12:24:00-05:00,16833,16833,RUN,volume_ratio_20,5.28126343770767,1.19527858806416,2.63003354482844,1.43475495676428,-0.956853847082261,4.78216597997487
TRAIN,2026_03.csv,77,2026-04-20T08:30:00-05:00,17979,17979,SWEEP,volume_ratio_20,14.7950138504155,1.19527858806416,2.63003354482844,1.43475495676428,-0.956853847082261,4.78216597997487
TRAIN,2026_03.csv,81,2026-04-20T19:47:00-05:00,18596,18596,SWEEP,volume_ratio_20,12.8663686040735,1.19527858806416,2.63003354482844,1.43475495676428,-0.956853847082261,4.78216597997487
TRAIN,2026_03.csv,88,2026-04-21T21:29:00-05:00,20077,20077,SWEEP,volume_ratio_20,7.15859030837004,1.19527858806416,2.63003354482844,1.43475495676428,-0.956853847082261,4.78216597997487
TRAIN,2026_03.csv,89,2026-04-22T00:00:00-05:00,20228,20228,SWEEP,volume_ratio_20,5.04417670682731,1.19527858806416,2.63003354482844,1.43475495676428,-0.956853847082261,4.78216597997487
TRAIN,2026_03.csv,100,2026-04-24T04:22:00-05:00,23250,23250,SWEEP,volume_ratio_20,7.83180026281209,1.19527858806416,2.63003354482844,1.43475495676428,-0.956853847082261,4.78216597997487
TRAIN,2026_03.csv,103,2026-04-24T12:54:00-05:00,23762,23762,SWEEP,volume_ratio_20,7.34572633192794,1.19527858806416,2.63003354482844,1.43475495676428,-0.956853847082261,4.78216597997487
TRAIN,2026_06_29.csv,130,2026-06-01T12:43:00-05:00,763,763,SWEEP,volume_ratio_20,4.95813648907807,1.19527858806416,2.63003354482844,1.43475495676428,-0.956853847082261,4.78216597997487
TRAIN,2026_06_29.csv,167,2026-06-09T03:01:00-05:00,8461,8461,RUN,volume_ratio_20,5.20288548241659,1.19527858806416,2.63003354482844,1.43475495676428,-0.956853847082261,4.78216597997487
TRAIN,2026_06_29.csv,168,2026-06-09T08:30:00-05:00,8790,8790,RUN,volume_ratio_20,13.3937296416938,1.19527858806416,2.63003354482844,1.43475495676428,-0.956853847082261,4.78216597997487
TRAIN,2026_06_29.csv,200,2026-06-17T09:47:00-05:00,17135,17135,RUN,volume_ratio_20,5.04156109703516,1.19527858806416,2.63003354482844,1.43475495676428,-0.956853847082261,4.78216597997487
TRAIN,2026_06_29.csv,211,2026-06-19T00:42:00-05:00,19350,19350,GRAB,volume_ratio_20,5.27868852459016,1.19527858806416,2.63003354482844,1.43475495676428,-0.956853847082261,4.78216597997487
TRAIN,2026_06_29.csv,212,2026-06-19T04:00:00-05:00,19548,19548,SWEEP,volume_ratio_20,6.3013698630137,1.19527858806416,2.63003354482844,1.43475495676428,-0.956853847082261,4.78216597997487
TRAIN,2026_06_29.csv,213,2026-06-19T07:37:00-05:00,19765,19765,SWEEP,volume_ratio_20,13.8409090909091,1.19527858806416,2.63003354482844,1.43475495676428,-0.956853847082261,4.78216597997487
TRAIN,2026_06_29.csv,219,2026-06-23T08:31:00-05:00,22339,22339,RUN,volume_ratio_20,5.26213967885471,1.19527858806416,2.63003354482844,1.43475495676428,-0.956853847082261,4.78216597997487
TRAIN,2026_06_29.csv,247,2026-06-29T06:31:00-05:00,27739,27739,GRAB,volume_ratio_20,8.40918942349371,1.19527858806416,2.63003354482844,1.43475495676428,-0.956853847082261,4.78216597997487
TRAIN,2026_06_29.csv,248,2026-06-29T08:30:00-05:00,27858,27858,SWEEP,volume_ratio_20,21.2649164677804,1.19527858806416,2.63003354482844,1.43475495676428,-0.956853847082261,4.78216597997487
TRAIN,2026_07_06.csv,254,2026-07-02T19:00:00-05:00,2460,2460,RUN,volume_ratio_20,6.62973222530009,1.19527858806416,2.63003354482844,1.43475495676428,-0.956853847082261,4.78216597997487
TRAIN,2026_07_06.csv,257,2026-07-05T17:00:00-05:00,3479,3479,RUN,volume_ratio_20,8.86204704386522,1.19527858806416,2.63003354482844,1.43475495676428,-0.956853847082261,4.78216597997487
VALIDATION,2026_07_13.csv,2,2026-07-06T08:30:00-05:00,4409,4409,RUN,volume_ratio_20,12.7027027027027,1.19527858806416,2.63003354482844,1.43475495676428,-0.956853847082261,4.78216597997487
VALIDATION,2026_07_13.csv,8,2026-07-07T07:10:00-05:00,5709,5709,SWEEP,volume_ratio_20,4.84300427028385,1.19527858806416,2.63003354482844,1.43475495676428,-0.956853847082261,4.78216597997487
VALIDATION,2026_07_13.csv,11,2026-07-07T19:00:00-05:00,6359,6359,SWEEP,volume_ratio_20,5.71985953960203,1.19527858806416,2.63003354482844,1.43475495676428,-0.956853847082261,4.78216597997487
VALIDATION,2026_07_13.csv,24,2026-07-10T04:01:00-05:00,9660,9660,SWEEP,volume_ratio_20,16.5902578796562,1.19527858806416,2.63003354482844,1.43475495676428,-0.956853847082261,4.78216597997487
TRAIN,2026_03.csv,2,2026-04-01T07:44:00-05:00,464,464,SWEEP,volume_zscore_20,8.31797000176388,0.433969307097154,3.20606516941525,2.7720958623181,-3.72417448637999,7.3642089628924
TRAIN,2026_03.csv,13,2026-04-03T07:30:00-05:00,3204,3204,RUN,volume_zscore_20,17.4663358473566,0.433969307097154,3.20606516941525,2.7720958623181,-3.72417448637999,7.3642089628924
TRAIN,2026_03.csv,16,2026-04-05T22:19:00-05:00,3568,3568,RUN,volume_zscore_20,9.79946520010344,0.433969307097154,3.20606516941525,2.7720958623181,-3.72417448637999,7.3642089628924
TRAIN,2026_03.csv,17,2026-04-06T01:50:00-05:00,3779,3779,RUN,volume_zscore_20,29.6226252438283,0.433969307097154,3.20606516941525,2.7720958623181,-3.72417448637999,7.3642089628924
TRAIN,2026_03.csv,20,2026-04-06T08:29:00-05:00,4178,4178,GRAB,volume_zscore_20,7.4105938866558,0.433969307097154,3.20606516941525,2.7720958623181,-3.72417448637999,7.3642089628924
TRAIN,2026_03.csv,28,2026-04-07T07:06:00-05:00,5475,5475,RUN,volume_zscore_20,38.9861766333462,0.433969307097154,3.20606516941525,2.7720958623181,-3.72417448637999,7.3642089628924
TRAIN,2026_03.csv,29,2026-04-07T08:30:00-05:00,5559,5559,GRAB,volume_zscore_20,19.0493643627962,0.433969307097154,3.20606516941525,2.7720958623181,-3.72417448637999,7.3642089628924
TRAIN,2026_03.csv,36,2026-04-08T09:56:00-05:00,7025,7025,SWEEP,volume_zscore_20,7.61140601576709,0.433969307097154,3.20606516941525,2.7720958623181,-3.72417448637999,7.3642089628924
TRAIN,2026_03.csv,49,2026-04-09T22:39:00-05:00,9108,9108,RUN,volume_zscore_20,8.39944952232139,0.433969307097154,3.20606516941525,2.7720958623181,-3.72417448637999,7.3642089628924
TRAIN,2026_03.csv,53,2026-04-10T15:59:00-05:00,10148,10148,SWEEP,volume_zscore_20,7.84892519979468,0.433969307097154,3.20606516941525,2.7720958623181,-3.72417448637999,7.3642089628924
TRAIN,2026_03.csv,55,2026-04-13T06:00:00-05:00,10929,10929,RUN,volume_zscore_20,11.13400884185,0.433969307097154,3.20606516941525,2.7720958623181,-3.72417448637999,7.3642089628924
TRAIN,2026_03.csv,57,2026-04-14T00:21:00-05:00,11970,11970,SWEEP,volume_zscore_20,7.77445297317098,0.433969307097154,3.20606516941525,2.7720958623181,-3.72417448637999,7.3642089628924
TRAIN,2026_03.csv,61,2026-04-15T00:00:00-05:00,13329,13329,SWEEP,volume_zscore_20,56.7145433548279,0.433969307097154,3.20606516941525,2.7720958623181,-3.72417448637999,7.3642089628924
TRAIN,2026_03.csv,66,2026-04-16T00:02:00-05:00,14711,14711,GRAB,volume_zscore_20,11.1387696596316,0.433969307097154,3.20606516941525,2.7720958623181,-3.72417448637999,7.3642089628924
TRAIN,2026_03.csv,77,2026-04-20T08:30:00-05:00,17979,17979,SWEEP,volume_zscore_20,21.1445048510585,0.433969307097154,3.20606516941525,2.7720958623181,-3.72417448637999,7.3642089628924
TRAIN,2026_03.csv,81,2026-04-20T19:47:00-05:00,18596,18596,SWEEP,volume_zscore_20,21.0469096466989,0.433969307097154,3.20606516941525,2.7720958623181,-3.72417448637999,7.3642089628924
TRAIN,2026_03.csv,88,2026-04-21T21:29:00-05:00,20077,20077,SWEEP,volume_zscore_20,15.5612148069924,0.433969307097154,3.20606516941525,2.7720958623181,-3.72417448637999,7.3642089628924
TRAIN,2026_03.csv,100,2026-04-24T04:22:00-05:00,23250,23250,SWEEP,volume_zscore_20,15.6749335704314,0.433969307097154,3.20606516941525,2.7720958623181,-3.72417448637999,7.3642089628924
TRAIN,2026_03.csv,103,2026-04-24T12:54:00-05:00,23762,23762,SWEEP,volume_zscore_20,14.5269350823572,0.433969307097154,3.20606516941525,2.7720958623181,-3.72417448637999,7.3642089628924
TRAIN,2026_06_29.csv,167,2026-06-09T03:01:00-05:00,8461,8461,RUN,volume_zscore_20,9.38815673418055,0.433969307097154,3.20606516941525,2.7720958623181,-3.72417448637999,7.3642089628924
TRAIN,2026_06_29.csv,168,2026-06-09T08:30:00-05:00,8790,8790,RUN,volume_zscore_20,13.4208312353878,0.433969307097154,3.20606516941525,2.7720958623181,-3.72417448637999,7.3642089628924
TRAIN,2026_06_29.csv,200,2026-06-17T09:47:00-05:00,17135,17135,RUN,volume_zscore_20,18.8529797907907,0.433969307097154,3.20606516941525,2.7720958623181,-3.72417448637999,7.3642089628924
TRAIN,2026_06_29.csv,211,2026-06-19T00:42:00-05:00,19350,19350,GRAB,volume_zscore_20,8.55071555503785,0.433969307097154,3.20606516941525,2.7720958623181,-3.72417448637999,7.3642089628924
TRAIN,2026_06_29.csv,212,2026-06-19T04:00:00-05:00,19548,19548,SWEEP,volume_zscore_20,8.00876077819754,0.433969307097154,3.20606516941525,2.7720958623181,-3.72417448637999,7.3642089628924
TRAIN,2026_06_29.csv,213,2026-06-19T07:37:00-05:00,19765,19765,SWEEP,volume_zscore_20,23.6714759741287,0.433969307097154,3.20606516941525,2.7720958623181,-3.72417448637999,7.3642089628924
TRAIN,2026_06_29.csv,247,2026-06-29T06:31:00-05:00,27739,27739,GRAB,volume_zscore_20,14.0861389508437,0.433969307097154,3.20606516941525,2.7720958623181,-3.72417448637999,7.3642089628924
TRAIN,2026_06_29.csv,248,2026-06-29T08:30:00-05:00,27858,27858,SWEEP,volume_zscore_20,28.0311605345865,0.433969307097154,3.20606516941525,2.7720958623181,-3.72417448637999,7.3642089628924
TRAIN,2026_07_06.csv,257,2026-07-05T17:00:00-05:00,3479,3479,RUN,volume_zscore_20,11.7347962881479,0.433969307097154,3.20606516941525,2.7720958623181,-3.72417448637999,7.3642089628924
VALIDATION,2026_07_13.csv,2,2026-07-06T08:30:00-05:00,4409,4409,RUN,volume_zscore_20,21.527986386079,0.433969307097154,3.20606516941525,2.7720958623181,-3.72417448637999,7.3642089628924
VALIDATION,2026_07_13.csv,11,2026-07-07T19:00:00-05:00,6359,6359,SWEEP,volume_zscore_20,11.940116646674,0.433969307097154,3.20606516941525,2.7720958623181,-3.72417448637999,7.3642089628924
VALIDATION,2026_07_13.csv,24,2026-07-10T04:01:00-05:00,9660,9660,SWEEP,volume_zscore_20,23.1870152490279,0.433969307097154,3.20606516941525,2.7720958623181,-3.72417448637999,7.3642089628924
TRAIN,2026_03.csv,31,2026-04-08T01:16:00-05:00,6505,6505,RUN,distance_previous_pivot,1125.25,125.875,334,208.125,-186.3125,646.1875
TRAIN,2026_06_29.csv,157,2026-06-05T15:48:00-05:00,6468,6468,RUN,distance_previous_pivot,1477.75,125.875,334,208.125,-186.3125,646.1875
TRAIN,2026_06_29.csv,171,2026-06-09T15:04:00-05:00,9184,9184,GRAB,distance_previous_pivot,968.5,125.875,334,208.125,-186.3125,646.1875
TRAIN,2026_06_29.csv,178,2026-06-11T03:37:00-05:00,11245,11245,RUN,distance_previous_pivot,670.25,125.875,334,208.125,-186.3125,646.1875
TRAIN,2026_06_29.csv,181,2026-06-11T19:36:00-05:00,12144,12144,GRAB,distance_previous_pivot,1068,125.875,334,208.125,-186.3125,646.1875
TRAIN,2026_06_29.csv,187,2026-06-15T03:46:00-05:00,14014,14014,SWEEP,distance_previous_pivot,1047.75,125.875,334,208.125,-186.3125,646.1875
TRAIN,2026_06_29.csv,193,2026-06-16T15:19:00-05:00,16087,16087,RUN,distance_previous_pivot,703.25,125.875,334,208.125,-186.3125,646.1875
TRAIN,2026_06_29.csv,219,2026-06-23T08:31:00-05:00,22339,22339,RUN,distance_previous_pivot,1084.75,125.875,334,208.125,-186.3125,646.1875
TRAIN,2026_06_29.csv,234,2026-06-24T17:01:00-05:00,24169,24169,RUN,distance_previous_pivot,903.75,125.875,334,208.125,-186.3125,646.1875
TRAIN,2026_06_29.csv,238,2026-06-25T08:59:00-05:00,25127,25127,SWEEP,distance_previous_pivot,965.5,125.875,334,208.125,-186.3125,646.1875
TRAIN,2026_03.csv,9,2026-04-02T19:01:00-05:00,2460,2460,RUN,bars_previous_pivot,648,87,291.5,204.5,-219.75,598.25
TRAIN,2026_03.csv,31,2026-04-08T01:16:00-05:00,6505,6505,RUN,bars_previous_pivot,620,87,291.5,204.5,-219.75,598.25
TRAIN,2026_03.csv,56,2026-04-13T18:10:00-05:00,11599,11599,GRAB,bars_previous_pivot,608,87,291.5,204.5,-219.75,598.25
TRAIN,2026_03.csv,59,2026-04-14T20:48:00-05:00,13137,13137,SWEEP,bars_previous_pivot,828,87,291.5,204.5,-219.75,598.25
TRAIN,2026_03.csv,72,2026-04-17T11:36:00-05:00,16785,16785,RUN,bars_previous_pivot,693,87,291.5,204.5,-219.75,598.25
TRAIN,2026_06_29.csv,157,2026-06-05T15:48:00-05:00,6468,6468,RUN,bars_previous_pivot,694,87,291.5,204.5,-219.75,598.25
TRAIN,2026_06_29.csv,187,2026-06-15T03:46:00-05:00,14014,14014,SWEEP,bars_previous_pivot,731,87,291.5,204.5,-219.75,598.25
TRAIN,2026_06_29.csv,194,2026-06-17T03:08:00-05:00,16736,16736,RUN,bars_previous_pivot,649,87,291.5,204.5,-219.75,598.25
TRAIN,2026_06_29.csv,219,2026-06-23T08:31:00-05:00,22339,22339,RUN,bars_previous_pivot,929,87,291.5,204.5,-219.75,598.25
TRAIN,2026_06_29.csv,247,2026-06-29T06:31:00-05:00,27739,27739,GRAB,bars_previous_pivot,659,87,291.5,204.5,-219.75,598.25
TRAIN,2026_07_06.csv,255,2026-07-03T08:33:00-05:00,3272,3272,SWEEP,bars_previous_pivot,754,87,291.5,204.5,-219.75,598.25
TRAIN,2026_07_06.csv,260,2026-07-06T08:00:00-05:00,4379,4379,SWEEP,bars_previous_pivot,609,87,291.5,204.5,-219.75,598.25
TRAIN,2026_03.csv,7,2026-04-02T01:14:00-05:00,1454,1454,RUN,swing_size_atr,53.4605157079982,10.2605843634318,23.405171645063,13.1445872816312,-9.45629655901503,43.1220525675099
TRAIN,2026_03.csv,9,2026-04-02T19:01:00-05:00,2460,2460,RUN,swing_size_atr,86.9202376400132,10.2605843634318,23.405171645063,13.1445872816312,-9.45629655901503,43.1220525675099
TRAIN,2026_03.csv,31,2026-04-08T01:16:00-05:00,6505,6505,RUN,swing_size_atr,125.849888508159,10.2605843634318,23.405171645063,13.1445872816312,-9.45629655901503,43.1220525675099
TRAIN,2026_03.csv,56,2026-04-13T18:10:00-05:00,11599,11599,GRAB,swing_size_atr,85.8304743837786,10.2605843634318,23.405171645063,13.1445872816312,-9.45629655901503,43.1220525675099
TRAIN,2026_03.csv,59,2026-04-14T20:48:00-05:00,13137,13137,SWEEP,swing_size_atr,108.152575319148,10.2605843634318,23.405171645063,13.1445872816312,-9.45629655901503,43.1220525675099
TRAIN,2026_03.csv,65,2026-04-15T20:44:00-05:00,14513,14513,GRAB,swing_size_atr,65.4364858082313,10.2605843634318,23.405171645063,13.1445872816312,-9.45629655901503,43.1220525675099
TRAIN,2026_03.csv,88,2026-04-21T21:29:00-05:00,20077,20077,SWEEP,swing_size_atr,65.893495512763,10.2605843634318,23.405171645063,13.1445872816312,-9.45629655901503,43.1220525675099
TRAIN,2026_03.csv,97,2026-04-23T19:30:00-05:00,22718,22718,GRAB,swing_size_atr,71.7954250863397,10.2605843634318,23.405171645063,13.1445872816312,-9.45629655901503,43.1220525675099
TRAIN,2026_03.csv,105,2026-04-26T23:39:00-05:00,24347,24347,GRAB,swing_size_atr,51.3387863447563,10.2605843634318,23.405171645063,13.1445872816312,-9.45629655901503,43.1220525675099
TRAIN,2026_03.csv,114,2026-04-28T19:30:00-05:00,26858,26858,SWEEP,swing_size_atr,53.3610584932072,10.2605843634318,23.405171645063,13.1445872816312,-9.45629655901503,43.1220525675099
TRAIN,2026_03.csv,123,2026-04-29T19:39:00-05:00,28247,28247,GRAB,swing_size_atr,53.1887832693111,10.2605843634318,23.405171645063,13.1445872816312,-9.45629655901503,43.1220525675099
TRAIN,2026_06_29.csv,131,2026-06-01T22:20:00-05:00,1280,1280,RUN,swing_size_atr,43.6205372413773,10.2605843634318,23.405171645063,13.1445872816312,-9.45629655901503,43.1220525675099
TRAIN,2026_06_29.csv,157,2026-06-05T15:48:00-05:00,6468,6468,RUN,swing_size_atr,81.3547732587974,10.2605843634318,23.405171645063,13.1445872816312,-9.45629655901503,43.1220525675099
TRAIN,2026_06_29.csv,178,2026-06-11T03:37:00-05:00,11245,11245,RUN,swing_size_atr,48.0168670715185,10.2605843634318,23.405171645063,13.1445872816312,-9.45629655901503,43.1220525675099
TRAIN,2026_06_29.csv,181,2026-06-11T19:36:00-05:00,12144,12144,GRAB,swing_size_atr,67.5767587479222,10.2605843634318,23.405171645063,13.1445872816312,-9.45629655901503,43.1220525675099
TRAIN,2026_06_29.csv,187,2026-06-15T03:46:00-05:00,14014,14014,SWEEP,swing_size_atr,114.048251307286,10.2605843634318,23.405171645063,13.1445872816312,-9.45629655901503,43.1220525675099
TRAIN,2026_06_29.csv,193,2026-06-16T15:19:00-05:00,16087,16087,RUN,swing_size_atr,47.010743456463,10.2605843634318,23.405171645063,13.1445872816312,-9.45629655901503,43.1220525675099
VALIDATION,2026_07_13.csv,5,2026-07-07T00:28:00-05:00,5307,5307,SWEEP,swing_size_atr,43.6241349584601,10.2605843634318,23.405171645063,13.1445872816312,-9.45629655901503,43.1220525675099
TRAIN,2026_03.csv,76,2026-04-20T00:44:00-05:00,17513,17513,SWEEP,bars_since_structure_event,1214,70.75,500,429.25,-573.125,1143.875
TRAIN,2026_03.csv,95,2026-04-23T04:08:00-05:00,21856,21856,SWEEP,bars_since_structure_event,1202,70.75,500,429.25,-573.125,1143.875
TRAIN,2026_06_29.csv,133,2026-06-02T08:41:00-05:00,1901,1901,SWEEP,bars_since_structure_event,1152,70.75,500,429.25,-573.125,1143.875
TRAIN,2026_06_29.csv,195,2026-06-17T06:57:00-05:00,16965,16965,RUN,bars_since_structure_event,1238,70.75,500,429.25,-573.125,1143.875
TRAIN,2026_06_29.csv,196,2026-06-17T08:45:00-05:00,17073,17073,SWEEP,bars_since_structure_event,1346,70.75,500,429.25,-573.125,1143.875
TRAIN,2026_03.csv,7,2026-04-02T01:14:00-05:00,1454,1454,RUN,distance_last_structure_event_atr,43.5704557822915,3.34269451064908,16.096463193369,12.7537686827199,-15.7879585134308,35.2271162174489
TRAIN,2026_03.csv,9,2026-04-02T19:01:00-05:00,2460,2460,RUN,distance_last_structure_event_atr,55.044564753353,3.34269451064908,16.096463193369,12.7537686827199,-15.7879585134308,35.2271162174489
TRAIN,2026_03.csv,10,2026-04-02T21:51:00-05:00,2630,2630,SWEEP,distance_last_structure_event_atr,41.6477382115156,3.34269451064908,16.096463193369,12.7537686827199,-15.7879585134308,35.2271162174489
TRAIN,2026_03.csv,11,2026-04-03T00:46:00-05:00,2805,2805,GRAB,distance_last_structure_event_atr,69.1814734457622,3.34269451064908,16.096463193369,12.7537686827199,-15.7879585134308,35.2271162174489
TRAIN,2026_03.csv,31,2026-04-08T01:16:00-05:00,6505,6505,RUN,distance_last_structure_event_atr,100.909186319917,3.34269451064908,16.096463193369,12.7537686827199,-15.7879585134308,35.2271162174489
TRAIN,2026_03.csv,32,2026-04-08T03:04:00-05:00,6613,6613,SWEEP,distance_last_structure_event_atr,96.6899916338151,3.34269451064908,16.096463193369,12.7537686827199,-15.7879585134308,35.2271162174489
TRAIN,2026_03.csv,40,2026-04-09T00:10:00-05:00,7819,7819,GRAB,distance_last_structure_event_atr,44.1711470188108,3.34269451064908,16.096463193369,12.7537686827199,-15.7879585134308,35.2271162174489
TRAIN,2026_03.csv,56,2026-04-13T18:10:00-05:00,11599,11599,GRAB,distance_last_structure_event_atr,66.7614042618672,3.34269451064908,16.096463193369,12.7537686827199,-15.7879585134308,35.2271162174489
TRAIN,2026_03.csv,57,2026-04-14T00:21:00-05:00,11970,11970,SWEEP,distance_last_structure_event_atr,196.340783695614,3.34269451064908,16.096463193369,12.7537686827199,-15.7879585134308,35.2271162174489
TRAIN,2026_03.csv,59,2026-04-14T20:48:00-05:00,13137,13137,SWEEP,distance_last_structure_event_atr,94.3295242724406,3.34269451064908,16.096463193369,12.7537686827199,-15.7879585134308,35.2271162174489
TRAIN,2026_03.csv,60,2026-04-14T21:42:00-05:00,13191,13191,RUN,distance_last_structure_event_atr,73.1684228420794,3.34269451064908,16.096463193369,12.7537686827199,-15.7879585134308,35.2271162174489
TRAIN,2026_03.csv,61,2026-04-15T00:00:00-05:00,13329,13329,SWEEP,distance_last_structure_event_atr,65.9069402834038,3.34269451064908,16.096463193369,12.7537686827199,-15.7879585134308,35.2271162174489
TRAIN,2026_03.csv,65,2026-04-15T20:44:00-05:00,14513,14513,GRAB,distance_last_structure_event_atr,38.5318149903841,3.34269451064908,16.096463193369,12.7537686827199,-15.7879585134308,35.2271162174489
TRAIN,2026_03.csv,66,2026-04-16T00:02:00-05:00,14711,14711,GRAB,distance_last_structure_event_atr,45.0543634264413,3.34269451064908,16.096463193369,12.7537686827199,-15.7879585134308,35.2271162174489
TRAIN,2026_03.csv,74,2026-04-17T15:16:00-05:00,17005,17005,RUN,distance_last_structure_event_atr,47.8478655146311,3.34269451064908,16.096463193369,12.7537686827199,-15.7879585134308,35.2271162174489
TRAIN,2026_03.csv,75,2026-04-19T20:56:00-05:00,17285,17285,GRAB,distance_last_structure_event_atr,41.4639397067619,3.34269451064908,16.096463193369,12.7537686827199,-15.7879585134308,35.2271162174489
TRAIN,2026_03.csv,82,2026-04-20T22:22:00-05:00,18751,18751,RUN,distance_last_structure_event_atr,50.7709166701752,3.34269451064908,16.096463193369,12.7537686827199,-15.7879585134308,35.2271162174489
TRAIN,2026_03.csv,97,2026-04-23T19:30:00-05:00,22718,22718,GRAB,distance_last_structure_event_atr,38.8628319712951,3.34269451064908,16.096463193369,12.7537686827199,-15.7879585134308,35.2271162174489
TRAIN,2026_06_29.csv,157,2026-06-05T15:48:00-05:00,6468,6468,RUN,distance_last_structure_event_atr,70.5093052621924,3.34269451064908,16.096463193369,12.7537686827199,-15.7879585134308,35.2271162174489
TRAIN,2026_06_29.csv,158,2026-06-07T19:40:00-05:00,6640,6640,RUN,distance_last_structure_event_atr,48.294968813095,3.34269451064908,16.096463193369,12.7537686827199,-15.7879585134308,35.2271162174489
TRAIN,2026_06_29.csv,159,2026-06-08T00:49:00-05:00,6949,6949,RUN,distance_last_structure_event_atr,60.074127536024,3.34269451064908,16.096463193369,12.7537686827199,-15.7879585134308,35.2271162174489
TRAIN,2026_06_29.csv,172,2026-06-09T18:37:00-05:00,9337,9337,SWEEP,distance_last_structure_event_atr,37.9582600748206,3.34269451064908,16.096463193369,12.7537686827199,-15.7879585134308,35.2271162174489
TRAIN,2026_06_29.csv,181,2026-06-11T19:36:00-05:00,12144,12144,GRAB,distance_last_structure_event_atr,37.7113747319866,3.34269451064908,16.096463193369,12.7537686827199,-15.7879585134308,35.2271162174489
TRAIN,2026_06_29.csv,187,2026-06-15T03:46:00-05:00,14014,14014,SWEEP,distance_last_structure_event_atr,94.5095625841574,3.34269451064908,16.096463193369,12.7537686827199,-15.7879585134308,35.2271162174489
TRAIN,2026_06_29.csv,188,2026-06-15T04:45:00-05:00,14073,14073,SWEEP,distance_last_structure_event_atr,78.5730416716236,3.34269451064908,16.096463193369,12.7537686827199,-15.7879585134308,35.2271162174489
TRAIN,2026_07_06.csv,256,2026-07-03T10:43:00-05:00,3402,3402,SWEEP,distance_last_structure_event_atr,37.6016214238799,3.34269451064908,16.096463193369,12.7537686827199,-15.7879585134308,35.2271162174489
TRAIN,2026_03.csv,7,2026-04-02T01:14:00-05:00,1454,1454,RUN,distance_equal_level_atr,11.949360074621,0.174453636639997,2.27650165404063,2.10204801740063,-2.97861838946095,5.42957368014157
TRAIN,2026_03.csv,19,2026-04-06T04:05:00-05:00,3914,3914,SWEEP,distance_equal_level_atr,7.46450258400545,0.174453636639997,2.27650165404063,2.10204801740063,-2.97861838946095,5.42957368014157
TRAIN,2026_03.csv,49,2026-04-09T22:39:00-05:00,9108,9108,RUN,distance_equal_level_atr,9.57912612852205,0.174453636639997,2.27650165404063,2.10204801740063,-2.97861838946095,5.42957368014157
TRAIN,2026_03.csv,51,2026-04-10T10:24:00-05:00,9813,9813,SWEEP,distance_equal_level_atr,6.76559557612504,0.174453636639997,2.27650165404063,2.10204801740063,-2.97861838946095,5.42957368014157
TRAIN,2026_03.csv,53,2026-04-10T15:59:00-05:00,10148,10148,SWEEP,distance_equal_level_atr,5.49678729948279,0.174453636639997,2.27650165404063,2.10204801740063,-2.97861838946095,5.42957368014157
TRAIN,2026_03.csv,58,2026-04-14T04:02:00-05:00,12191,12191,GRAB,distance_equal_level_atr,12.1693491133377,0.174453636639997,2.27650165404063,2.10204801740063,-2.97861838946095,5.42957368014157
TRAIN,2026_03.csv,64,2026-04-15T11:23:00-05:00,14012,14012,GRAB,distance_equal_level_atr,7.77231064649339,0.174453636639997,2.27650165404063,2.10204801740063,-2.97861838946095,5.42957368014157
TRAIN,2026_03.csv,65,2026-04-15T20:44:00-05:00,14513,14513,GRAB,distance_equal_level_atr,11.942609324505,0.174453636639997,2.27650165404063,2.10204801740063,-2.97861838946095,5.42957368014157
TRAIN,2026_03.csv,72,2026-04-17T11:36:00-05:00,16785,16785,RUN,distance_equal_level_atr,12.6511065002916,0.174453636639997,2.27650165404063,2.10204801740063,-2.97861838946095,5.42957368014157
TRAIN,2026_03.csv,85,2026-04-21T06:40:00-05:00,19248,19248,GRAB,distance_equal_level_atr,6.73804372351489,0.174453636639997,2.27650165404063,2.10204801740063,-2.97861838946095,5.42957368014157
TRAIN,2026_03.csv,123,2026-04-29T19:39:00-05:00,28247,28247,GRAB,distance_equal_level_atr,10.0341959926502,0.174453636639997,2.27650165404063,2.10204801740063,-2.97861838946095,5.42957368014157
TRAIN,2026_03.csv,126,2026-04-30T17:08:00-05:00,29476,29476,RUN,distance_equal_level_atr,5.44010027572821,0.174453636639997,2.27650165404063,2.10204801740063,-2.97861838946095,5.42957368014157
TRAIN,2026_06_29.csv,129,2026-06-01T08:27:00-05:00,507,507,SWEEP,distance_equal_level_atr,8.41792016108636,0.174453636639997,2.27650165404063,2.10204801740063,-2.97861838946095,5.42957368014157
TRAIN,2026_06_29.csv,130,2026-06-01T12:43:00-05:00,763,763,SWEEP,distance_equal_level_atr,7.87324449709819,0.174453636639997,2.27650165404063,2.10204801740063,-2.97861838946095,5.42957368014157
TRAIN,2026_06_29.csv,131,2026-06-01T22:20:00-05:00,1280,1280,RUN,distance_equal_level_atr,17.0006757403103,0.174453636639997,2.27650165404063,2.10204801740063,-2.97861838946095,5.42957368014157
TRAIN,2026_06_29.csv,136,2026-06-02T15:05:00-05:00,2285,2285,SWEEP,distance_equal_level_atr,6.53286505427206,0.174453636639997,2.27650165404063,2.10204801740063,-2.97861838946095,5.42957368014157
TRAIN,2026_06_29.csv,145,2026-06-03T17:51:00-05:00,3771,3771,RUN,distance_equal_level_atr,5.78994396216549,0.174453636639997,2.27650165404063,2.10204801740063,-2.97861838946095,5.42957368014157
TRAIN,2026_06_29.csv,147,2026-06-03T21:16:00-05:00,3976,3976,GRAB,distance_equal_level_atr,7.06091457811412,0.174453636639997,2.27650165404063,2.10204801740063,-2.97861838946095,5.42957368014157
TRAIN,2026_06_29.csv,149,2026-06-04T06:38:00-05:00,4538,4538,GRAB,distance_equal_level_atr,12.3120873275112,0.174453636639997,2.27650165404063,2.10204801740063,-2.97861838946095,5.42957368014157
TRAIN,2026_06_29.csv,153,2026-06-04T20:26:00-05:00,5306,5306,GRAB,distance_equal_level_atr,6.56680762716145,0.174453636639997,2.27650165404063,2.10204801740063,-2.97861838946095,5.42957368014157
TRAIN,2026_06_29.csv,155,2026-06-05T02:20:00-05:00,5660,5660,GRAB,distance_equal_level_atr,7.57547508478709,0.174453636639997,2.27650165404063,2.10204801740063,-2.97861838946095,5.42957368014157
TRAIN,2026_06_29.csv,157,2026-06-05T15:48:00-05:00,6468,6468,RUN,distance_equal_level_atr,49.2037412282526,0.174453636639997,2.27650165404063,2.10204801740063,-2.97861838946095,5.42957368014157
TRAIN,2026_06_29.csv,158,2026-06-07T19:40:00-05:00,6640,6640,RUN,distance_equal_level_atr,21.3570391458813,0.174453636639997,2.27650165404063,2.10204801740063,-2.97861838946095,5.42957368014157
TRAIN,2026_06_29.csv,189,2026-06-15T11:30:00-05:00,14478,14478,RUN,distance_equal_level_atr,9.17668802539345,0.174453636639997,2.27650165404063,2.10204801740063,-2.97861838946095,5.42957368014157
TRAIN,2026_07_06.csv,249,2026-07-01T02:18:00-05:00,138,138,SWEEP,distance_equal_level_atr,9.19112291850312,0.174453636639997,2.27650165404063,2.10204801740063,-2.97861838946095,5.42957368014157
TRAIN,2026_07_06.csv,251,2026-07-01T19:04:00-05:00,1084,1084,SWEEP,distance_equal_level_atr,5.99029856558971,0.174453636639997,2.27650165404063,2.10204801740063,-2.97861838946095,5.42957368014157
TRAIN,2026_07_06.csv,253,2026-07-02T02:17:00-05:00,1517,1517,RUN,distance_equal_level_atr,12.4468195413504,0.174453636639997,2.27650165404063,2.10204801740063,-2.97861838946095,5.42957368014157
VALIDATION,2026_07_13.csv,9,2026-07-07T09:42:00-05:00,5861,5861,RUN,distance_equal_level_atr,6.46488837668856,0.174453636639997,2.27650165404063,2.10204801740063,-2.97861838946095,5.42957368014157
TRAIN,2026_06_29.csv,187,2026-06-15T03:46:00-05:00,14014,14014,SWEEP,bars_since_equal_level,13150,205.75,3181.5,2975.75,-4257.875,7645.125
TRAIN,2026_06_29.csv,192,2026-06-15T20:09:00-05:00,14937,14937,SWEEP,bars_since_equal_level,12612,205.75,3181.5,2975.75,-4257.875,7645.125
TRAIN,2026_06_29.csv,193,2026-06-16T15:19:00-05:00,16087,16087,RUN,bars_since_equal_level,11520,205.75,3181.5,2975.75,-4257.875,7645.125
TRAIN,2026_06_29.csv,195,2026-06-17T06:57:00-05:00,16965,16965,RUN,bars_since_equal_level,12608,205.75,3181.5,2975.75,-4257.875,7645.125
TRAIN,2026_06_29.csv,196,2026-06-17T08:45:00-05:00,17073,17073,SWEEP,bars_since_equal_level,16374,205.75,3181.5,2975.75,-4257.875,7645.125
TRAIN,2026_06_29.csv,198,2026-06-17T09:24:00-05:00,17112,17112,SWEEP,bars_since_equal_level,16413,205.75,3181.5,2975.75,-4257.875,7645.125
TRAIN,2026_06_29.csv,199,2026-06-17T09:24:00-05:00,17112,17112,SWEEP,bars_since_equal_level,16413,205.75,3181.5,2975.75,-4257.875,7645.125
TRAIN,2026_06_29.csv,200,2026-06-17T09:47:00-05:00,17135,17135,RUN,bars_since_equal_level,12568,205.75,3181.5,2975.75,-4257.875,7645.125
TRAIN,2026_06_29.csv,201,2026-06-17T13:06:00-05:00,17334,17334,SWEEP,bars_since_equal_level,12055,205.75,3181.5,2975.75,-4257.875,7645.125
TRAIN,2026_06_29.csv,203,2026-06-17T14:53:00-05:00,17441,17441,SWEEP,bars_since_equal_level,11352,205.75,3181.5,2975.75,-4257.875,7645.125
TRAIN,2026_06_29.csv,205,2026-06-17T23:45:00-05:00,17913,17913,SWEEP,bars_since_equal_level,13346,205.75,3181.5,2975.75,-4257.875,7645.125
TRAIN,2026_06_29.csv,206,2026-06-18T03:10:00-05:00,18118,18118,GRAB,bars_since_equal_level,14019,205.75,3181.5,2975.75,-4257.875,7645.125
TRAIN,2026_06_29.csv,207,2026-06-18T06:41:00-05:00,18329,18329,SWEEP,bars_since_equal_level,13175,205.75,3181.5,2975.75,-4257.875,7645.125
TRAIN,2026_06_29.csv,208,2026-06-18T12:34:00-05:00,18682,18682,RUN,bars_since_equal_level,16371,205.75,3181.5,2975.75,-4257.875,7645.125
TRAIN,2026_06_29.csv,209,2026-06-18T14:12:00-05:00,18780,18780,RUN,bars_since_equal_level,17942,205.75,3181.5,2975.75,-4257.875,7645.125
TRAIN,2026_06_29.csv,210,2026-06-18T14:47:00-05:00,18815,18815,RUN,bars_since_equal_level,15682,205.75,3181.5,2975.75,-4257.875,7645.125
TRAIN,2026_06_29.csv,212,2026-06-19T04:00:00-05:00,19548,19548,SWEEP,bars_since_equal_level,16212,205.75,3181.5,2975.75,-4257.875,7645.125
TRAIN,2026_06_29.csv,213,2026-06-19T07:37:00-05:00,19765,19765,SWEEP,bars_since_equal_level,18117,205.75,3181.5,2975.75,-4257.875,7645.125
TRAIN,2026_06_29.csv,214,2026-06-19T10:09:00-05:00,19917,19917,RUN,bars_since_equal_level,16955,205.75,3181.5,2975.75,-4257.875,7645.125
TRAIN,2026_06_29.csv,218,2026-06-22T11:04:00-05:00,21112,21112,RUN,bars_since_equal_level,20762,205.75,3181.5,2975.75,-4257.875,7645.125
TRAIN,2026_06_29.csv,219,2026-06-23T08:31:00-05:00,22339,22339,RUN,bars_since_equal_level,14773,205.75,3181.5,2975.75,-4257.875,7645.125
TRAIN,2026_06_29.csv,221,2026-06-23T13:54:00-05:00,22662,22662,SWEEP,bars_since_equal_level,9917,205.75,3181.5,2975.75,-4257.875,7645.125
TRAIN,2026_06_29.csv,222,2026-06-23T17:16:00-05:00,22804,22804,SWEEP,bars_since_equal_level,16715,205.75,3181.5,2975.75,-4257.875,7645.125
TRAIN,2026_06_29.csv,223,2026-06-23T18:08:00-05:00,22856,22856,SWEEP,bars_since_equal_level,10111,205.75,3181.5,2975.75,-4257.875,7645.125
TRAIN,2026_06_29.csv,225,2026-06-23T22:06:00-05:00,23094,23094,SWEEP,bars_since_equal_level,15528,205.75,3181.5,2975.75,-4257.875,7645.125
TRAIN,2026_06_29.csv,231,2026-06-24T09:20:00-05:00,23768,23768,RUN,bars_since_equal_level,16044,205.75,3181.5,2975.75,-4257.875,7645.125
TRAIN,2026_06_29.csv,233,2026-06-24T14:13:00-05:00,24061,24061,RUN,bars_since_equal_level,16172,205.75,3181.5,2975.75,-4257.875,7645.125
TRAIN,2026_06_29.csv,234,2026-06-24T17:01:00-05:00,24169,24169,RUN,bars_since_equal_level,18731,205.75,3181.5,2975.75,-4257.875,7645.125
TRAIN,2026_06_29.csv,236,2026-06-25T06:02:00-05:00,24950,24950,RUN,bars_since_equal_level,19128,205.75,3181.5,2975.75,-4257.875,7645.125
TRAIN,2026_06_29.csv,238,2026-06-25T08:59:00-05:00,25127,25127,SWEEP,bars_since_equal_level,17238,205.75,3181.5,2975.75,-4257.875,7645.125
TRAIN,2026_06_29.csv,241,2026-06-26T02:32:00-05:00,26120,26120,SWEEP,bars_since_equal_level,13375,205.75,3181.5,2975.75,-4257.875,7645.125
TRAIN,2026_06_29.csv,242,2026-06-26T06:54:00-05:00,26382,26382,SWEEP,bars_since_equal_level,18493,205.75,3181.5,2975.75,-4257.875,7645.125
TRAIN,2026_06_29.csv,245,2026-06-28T18:46:00-05:00,27034,27034,SWEEP,bars_since_equal_level,13865,205.75,3181.5,2975.75,-4257.875,7645.125
TRAIN,2026_06_29.csv,246,2026-06-28T19:32:00-05:00,27080,27080,RUN,bars_since_equal_level,19758,205.75,3181.5,2975.75,-4257.875,7645.125
TRAIN,2026_06_29.csv,248,2026-06-29T08:30:00-05:00,27858,27858,SWEEP,bars_since_equal_level,20432,205.75,3181.5,2975.75,-4257.875,7645.125
VALIDATION,2026_07_13.csv,27,2026-07-10T08:52:00-05:00,9951,9951,SWEEP,bars_since_equal_level,8193,205.75,3181.5,2975.75,-4257.875,7645.125
VALIDATION,2026_07_13.csv,30,2026-07-13T09:16:00-05:00,11355,11355,RUN,bars_since_equal_level,9233,205.75,3181.5,2975.75,-4257.875,7645.125
TRAIN,2026_03.csv,12,2026-04-03T06:08:00-05:00,3122,3122,GRAB,fvg_size_atr,3.55358340495797,0.30916562064614,1.13829874671397,0.829133126067828,-0.934534068455603,2.38199843581571
TRAIN,2026_03.csv,16,2026-04-05T22:19:00-05:00,3568,3568,RUN,fvg_size_atr,2.39976969004059,0.30916562064614,1.13829874671397,0.829133126067828,-0.934534068455603,2.38199843581571
TRAIN,2026_03.csv,41,2026-04-09T01:03:00-05:00,7872,7872,SWEEP,fvg_size_atr,4.32095229722596,0.30916562064614,1.13829874671397,0.829133126067828,-0.934534068455603,2.38199843581571
TRAIN,2026_03.csv,54,2026-04-12T20:57:00-05:00,10386,10386,SWEEP,fvg_size_atr,46.8316495157073,0.30916562064614,1.13829874671397,0.829133126067828,-0.934534068455603,2.38199843581571
TRAIN,2026_03.csv,55,2026-04-13T06:00:00-05:00,10929,10929,RUN,fvg_size_atr,35.360240820513,0.30916562064614,1.13829874671397,0.829133126067828,-0.934534068455603,2.38199843581571
TRAIN,2026_03.csv,75,2026-04-19T20:56:00-05:00,17285,17285,GRAB,fvg_size_atr,50.7789952860459,0.30916562064614,1.13829874671397,0.829133126067828,-0.934534068455603,2.38199843581571
TRAIN,2026_03.csv,77,2026-04-20T08:30:00-05:00,17979,17979,SWEEP,fvg_size_atr,22.1091554324444,0.30916562064614,1.13829874671397,0.829133126067828,-0.934534068455603,2.38199843581571
TRAIN,2026_03.csv,79,2026-04-20T19:10:00-05:00,18559,18559,RUN,fvg_size_atr,44.6597443670836,0.30916562064614,1.13829874671397,0.829133126067828,-0.934534068455603,2.38199843581571
TRAIN,2026_03.csv,81,2026-04-20T19:47:00-05:00,18596,18596,SWEEP,fvg_size_atr,33.1371626790143,0.30916562064614,1.13829874671397,0.829133126067828,-0.934534068455603,2.38199843581571
TRAIN,2026_03.csv,83,2026-04-21T01:10:00-05:00,18918,18918,SWEEP,fvg_size_atr,3.51785109302276,0.30916562064614,1.13829874671397,0.829133126067828,-0.934534068455603,2.38199843581571
TRAIN,2026_03.csv,98,2026-04-23T23:25:00-05:00,22953,22953,SWEEP,fvg_size_atr,11.567752707176,0.30916562064614,1.13829874671397,0.829133126067828,-0.934534068455603,2.38199843581571
TRAIN,2026_03.csv,104,2026-04-26T17:06:00-05:00,23954,23954,SWEEP,fvg_size_atr,2.66396473009045,0.30916562064614,1.13829874671397,0.829133126067828,-0.934534068455603,2.38199843581571
TRAIN,2026_03.csv,111,2026-04-27T23:46:00-05:00,25734,25734,RUN,fvg_size_atr,5.10092605380424,0.30916562064614,1.13829874671397,0.829133126067828,-0.934534068455603,2.38199843581571
TRAIN,2026_03.csv,124,2026-04-30T01:11:00-05:00,28579,28579,GRAB,fvg_size_atr,6.15307170662817,0.30916562064614,1.13829874671397,0.829133126067828,-0.934534068455603,2.38199843581571
TRAIN,2026_06_29.csv,138,2026-06-02T23:35:00-05:00,2735,2735,RUN,fvg_size_atr,2.48317247271498,0.30916562064614,1.13829874671397,0.829133126067828,-0.934534068455603,2.38199843581571
TRAIN,2026_06_29.csv,154,2026-06-04T21:36:00-05:00,5376,5376,GRAB,fvg_size_atr,2.78093603871899,0.30916562064614,1.13829874671397,0.829133126067828,-0.934534068455603,2.38199843581571
TRAIN,2026_06_29.csv,192,2026-06-15T20:09:00-05:00,14937,14937,SWEEP,fvg_size_atr,3.85102579764398,0.30916562064614,1.13829874671397,0.829133126067828,-0.934534068455603,2.38199843581571
TRAIN,2026_06_29.csv,201,2026-06-17T13:06:00-05:00,17334,17334,SWEEP,fvg_size_atr,12.3253028865881,0.30916562064614,1.13829874671397,0.829133126067828,-0.934534068455603,2.38199843581571
TRAIN,2026_06_29.csv,203,2026-06-17T14:53:00-05:00,17441,17441,SWEEP,fvg_size_atr,11.8552894482417,0.30916562064614,1.13829874671397,0.829133126067828,-0.934534068455603,2.38199843581571
TRAIN,2026_06_29.csv,204,2026-06-17T20:13:00-05:00,17701,17701,SWEEP,fvg_size_atr,6.27957451340104,0.30916562064614,1.13829874671397,0.829133126067828,-0.934534068455603,2.38199843581571
TRAIN,2026_06_29.csv,213,2026-06-19T07:37:00-05:00,19765,19765,SWEEP,fvg_size_atr,3.87638286520501,0.30916562064614,1.13829874671397,0.829133126067828,-0.934534068455603,2.38199843581571
TRAIN,2026_06_29.csv,217,2026-06-21T23:44:00-05:00,20432,20432,SWEEP,fvg_size_atr,2.7615661747787,0.30916562064614,1.13829874671397,0.829133126067828,-0.934534068455603,2.38199843581571
TRAIN,2026_06_29.csv,223,2026-06-23T18:08:00-05:00,22856,22856,SWEEP,fvg_size_atr,2.58130244626792,0.30916562064614,1.13829874671397,0.829133126067828,-0.934534068455603,2.38199843581571
TRAIN,2026_07_06.csv,257,2026-07-05T17:00:00-05:00,3479,3479,RUN,fvg_size_atr,6.15378822979985,0.30916562064614,1.13829874671397,0.829133126067828,-0.934534068455603,2.38199843581571
TRAIN,2026_07_06.csv,259,2026-07-05T18:31:00-05:00,3570,3570,SWEEP,fvg_size_atr,5.95507295379877,0.30916562064614,1.13829874671397,0.829133126067828,-0.934534068455603,2.38199843581571
TRAIN,2026_03.csv,15,2026-04-05T21:24:00-05:00,3513,3513,SWEEP,bars_since_fvg,2759,207.25,1107,899.75,-1142.375,2456.625
TRAIN,2026_03.csv,86,2026-04-21T12:20:00-05:00,19588,19588,RUN,bars_since_fvg,2535,207.25,1107,899.75,-1142.375,2456.625
TRAIN,2026_03.csv,112,2026-04-28T07:31:00-05:00,26199,26199,GRAB,bars_since_fvg,3227,207.25,1107,899.75,-1142.375,2456.625
TRAIN,2026_03.csv,120,2026-04-29T09:37:00-05:00,27705,27705,RUN,bars_since_fvg,4093,207.25,1107,899.75,-1142.375,2456.625
TRAIN,2026_06_29.csv,145,2026-06-03T17:51:00-05:00,3771,3771,RUN,bars_since_fvg,2514,207.25,1107,899.75,-1142.375,2456.625
TRAIN,2026_06_29.csv,147,2026-06-03T21:16:00-05:00,3976,3976,GRAB,bars_since_fvg,2749,207.25,1107,899.75,-1142.375,2456.625
TRAIN,2026_06_29.csv,168,2026-06-09T08:30:00-05:00,8790,8790,RUN,bars_since_fvg,2648,207.25,1107,899.75,-1142.375,2456.625
TRAIN,2026_06_29.csv,170,2026-06-09T08:50:00-05:00,8810,8810,RUN,bars_since_fvg,2723,207.25,1107,899.75,-1142.375,2456.625
TRAIN,2026_06_29.csv,181,2026-06-11T19:36:00-05:00,12144,12144,GRAB,bars_since_fvg,3621,207.25,1107,899.75,-1142.375,2456.625
TRAIN,2026_06_29.csv,183,2026-06-12T04:36:00-05:00,12684,12684,SWEEP,bars_since_fvg,3861,207.25,1107,899.75,-1142.375,2456.625
TRAIN,2026_06_29.csv,185,2026-06-12T10:25:00-05:00,13033,13033,RUN,bars_since_fvg,4217,207.25,1107,899.75,-1142.375,2456.625
TRAIN,2026_06_29.csv,187,2026-06-15T03:46:00-05:00,14014,14014,SWEEP,bars_since_fvg,10351,207.25,1107,899.75,-1142.375,2456.625
TRAIN,2026_06_29.csv,192,2026-06-15T20:09:00-05:00,14937,14937,SWEEP,bars_since_fvg,11661,207.25,1107,899.75,-1142.375,2456.625
TRAIN,2026_06_29.csv,193,2026-06-16T15:19:00-05:00,16087,16087,RUN,bars_since_fvg,10869,207.25,1107,899.75,-1142.375,2456.625
TRAIN,2026_06_29.csv,201,2026-06-17T13:06:00-05:00,17334,17334,SWEEP,bars_since_fvg,3964,207.25,1107,899.75,-1142.375,2456.625
TRAIN,2026_06_29.csv,203,2026-06-17T14:53:00-05:00,17441,17441,SWEEP,bars_since_fvg,4071,207.25,1107,899.75,-1142.375,2456.625
TRAIN,2026_06_29.csv,208,2026-06-18T12:34:00-05:00,18682,18682,RUN,bars_since_fvg,4325,207.25,1107,899.75,-1142.375,2456.625
TRAIN,2026_06_29.csv,210,2026-06-18T14:47:00-05:00,18815,18815,RUN,bars_since_fvg,3768,207.25,1107,899.75,-1142.375,2456.625
TRAIN,2026_06_29.csv,219,2026-06-23T08:31:00-05:00,22339,22339,RUN,bars_since_fvg,9053,207.25,1107,899.75,-1142.375,2456.625
TRAIN,2026_06_29.csv,220,2026-06-23T09:20:00-05:00,22388,22388,RUN,bars_since_fvg,4921,207.25,1107,899.75,-1142.375,2456.625
TRAIN,2026_06_29.csv,221,2026-06-23T13:54:00-05:00,22662,22662,SWEEP,bars_since_fvg,9579,207.25,1107,899.75,-1142.375,2456.625
TRAIN,2026_06_29.csv,223,2026-06-23T18:08:00-05:00,22856,22856,SWEEP,bars_since_fvg,9773,207.25,1107,899.75,-1142.375,2456.625
TRAIN,2026_06_29.csv,231,2026-06-24T09:20:00-05:00,23768,23768,RUN,bars_since_fvg,10707,207.25,1107,899.75,-1142.375,2456.625
TRAIN,2026_06_29.csv,233,2026-06-24T14:13:00-05:00,24061,24061,RUN,bars_since_fvg,15168,207.25,1107,899.75,-1142.375,2456.625
TRAIN,2026_06_29.csv,234,2026-06-24T17:01:00-05:00,24169,24169,RUN,bars_since_fvg,6650,207.25,1107,899.75,-1142.375,2456.625
TRAIN,2026_06_29.csv,238,2026-06-25T08:59:00-05:00,25127,25127,SWEEP,bars_since_fvg,12584,207.25,1107,899.75,-1142.375,2456.625
VALIDATION,2026_07_13.csv,5,2026-07-07T00:28:00-05:00,5307,5307,SWEEP,bars_since_fvg,2783,207.25,1107,899.75,-1142.375,2456.625
VALIDATION,2026_07_13.csv,17,2026-07-09T03:17:00-05:00,8236,8236,GRAB,bars_since_fvg,4385,207.25,1107,899.75,-1142.375,2456.625
VALIDATION,2026_07_13.csv,19,2026-07-09T08:58:00-05:00,8577,8577,RUN,bars_since_fvg,3670,207.25,1107,899.75,-1142.375,2456.625
VALIDATION,2026_07_13.csv,21,2026-07-09T12:30:00-05:00,8789,8789,RUN,bars_since_fvg,4052,207.25,1107,899.75,-1142.375,2456.625
VALIDATION,2026_07_13.csv,22,2026-07-09T19:40:00-05:00,9159,9159,RUN,bars_since_fvg,4051,207.25,1107,899.75,-1142.375,2456.625
VALIDATION,2026_07_13.csv,29,2026-07-13T00:30:00-05:00,10829,10829,SWEEP,bars_since_fvg,2777,207.25,1107,899.75,-1142.375,2456.625
VALIDATION,2026_07_13.csv,30,2026-07-13T09:16:00-05:00,11355,11355,RUN,bars_since_fvg,3281,207.25,1107,899.75,-1142.375,2456.625
TRAIN,2026_03.csv,33,2026-04-08T04:13:00-05:00,6682,6682,SWEEP,active_fvg_count_50,7,1,3,2,-2,6
TRAIN,2026_03.csv,69,2026-04-16T05:47:00-05:00,15056,15056,GRAB,active_fvg_count_50,8,1,3,2,-2,6
TRAIN,2026_06_29.csv,147,2026-06-03T21:16:00-05:00,3976,3976,GRAB,active_fvg_count_50,9,1,3,2,-2,6
TRAIN,2026_06_29.csv,158,2026-06-07T19:40:00-05:00,6640,6640,RUN,active_fvg_count_50,7,1,3,2,-2,6
TRAIN,2026_06_29.csv,223,2026-06-23T18:08:00-05:00,22856,22856,SWEEP,active_fvg_count_50,10,1,3,2,-2,6
TRAIN,2026_06_29.csv,238,2026-06-25T08:59:00-05:00,25127,25127,SWEEP,active_fvg_count_50,7,1,3,2,-2,6
TRAIN,2026_06_29.csv,244,2026-06-26T10:44:00-05:00,26612,26612,GRAB,active_fvg_count_50,8,1,3,2,-2,6
TRAIN,2026_03.csv,7,2026-04-02T01:14:00-05:00,1454,1454,RUN,distance_ob_atr,43.5162636731095,0.302501140541475,7.97004215952187,7.6675410189804,-11.1988103879291,19.4713536879925
TRAIN,2026_03.csv,8,2026-04-02T02:59:00-05:00,1559,1559,RUN,distance_ob_atr,30.9062570426419,0.302501140541475,7.97004215952187,7.6675410189804,-11.1988103879291,19.4713536879925
TRAIN,2026_03.csv,31,2026-04-08T01:16:00-05:00,6505,6505,RUN,distance_ob_atr,91.73816578433,0.302501140541475,7.97004215952187,7.6675410189804,-11.1988103879291,19.4713536879925
TRAIN,2026_03.csv,32,2026-04-08T03:04:00-05:00,6613,6613,SWEEP,distance_ob_atr,87.1889978483473,0.302501140541475,7.97004215952187,7.6675410189804,-11.1988103879291,19.4713536879925
TRAIN,2026_03.csv,38,2026-04-08T20:23:00-05:00,7592,7592,SWEEP,distance_ob_atr,30.6231260671785,0.302501140541475,7.97004215952187,7.6675410189804,-11.1988103879291,19.4713536879925
TRAIN,2026_03.csv,39,2026-04-08T21:51:00-05:00,7680,7680,SWEEP,distance_ob_atr,26.0785734999576,0.302501140541475,7.97004215952187,7.6675410189804,-11.1988103879291,19.4713536879925
TRAIN,2026_03.csv,40,2026-04-09T00:10:00-05:00,7819,7819,GRAB,distance_ob_atr,44.8242150526911,0.302501140541475,7.97004215952187,7.6675410189804,-11.1988103879291,19.4713536879925
TRAIN,2026_03.csv,41,2026-04-09T01:03:00-05:00,7872,7872,SWEEP,distance_ob_atr,19.6623150405878,0.302501140541475,7.97004215952187,7.6675410189804,-11.1988103879291,19.4713536879925
TRAIN,2026_03.csv,56,2026-04-13T18:10:00-05:00,11599,11599,GRAB,distance_ob_atr,52.0565955493004,0.302501140541475,7.97004215952187,7.6675410189804,-11.1988103879291,19.4713536879925
TRAIN,2026_03.csv,57,2026-04-14T00:21:00-05:00,11970,11970,SWEEP,distance_ob_atr,150.844220435292,0.302501140541475,7.97004215952187,7.6675410189804,-11.1988103879291,19.4713536879925
TRAIN,2026_03.csv,59,2026-04-14T20:48:00-05:00,13137,13137,SWEEP,distance_ob_atr,98.4892387077925,0.302501140541475,7.97004215952187,7.6675410189804,-11.1988103879291,19.4713536879925
TRAIN,2026_03.csv,60,2026-04-14T21:42:00-05:00,13191,13191,RUN,distance_ob_atr,76.9310395230408,0.302501140541475,7.97004215952187,7.6675410189804,-11.1988103879291,19.4713536879925
TRAIN,2026_03.csv,61,2026-04-15T00:00:00-05:00,13329,13329,SWEEP,distance_ob_atr,68.6959709594593,0.302501140541475,7.97004215952187,7.6675410189804,-11.1988103879291,19.4713536879925
TRAIN,2026_03.csv,64,2026-04-15T11:23:00-05:00,14012,14012,GRAB,distance_ob_atr,25.5461993342108,0.302501140541475,7.97004215952187,7.6675410189804,-11.1988103879291,19.4713536879925
TRAIN,2026_03.csv,65,2026-04-15T20:44:00-05:00,14513,14513,GRAB,distance_ob_atr,38.7120807915087,0.302501140541475,7.97004215952187,7.6675410189804,-11.1988103879291,19.4713536879925
TRAIN,2026_03.csv,66,2026-04-16T00:02:00-05:00,14711,14711,GRAB,distance_ob_atr,45.3274201744804,0.302501140541475,7.97004215952187,7.6675410189804,-11.1988103879291,19.4713536879925
TRAIN,2026_03.csv,72,2026-04-17T11:36:00-05:00,16785,16785,RUN,distance_ob_atr,35.3195482187857,0.302501140541475,7.97004215952187,7.6675410189804,-11.1988103879291,19.4713536879925
TRAIN,2026_03.csv,74,2026-04-17T15:16:00-05:00,17005,17005,RUN,distance_ob_atr,48.571267369064,0.302501140541475,7.97004215952187,7.6675410189804,-11.1988103879291,19.4713536879925
TRAIN,2026_03.csv,75,2026-04-19T20:56:00-05:00,17285,17285,GRAB,distance_ob_atr,42.4670995383771,0.302501140541475,7.97004215952187,7.6675410189804,-11.1988103879291,19.4713536879925
TRAIN,2026_03.csv,79,2026-04-20T19:10:00-05:00,18559,18559,RUN,distance_ob_atr,19.8301028610192,0.302501140541475,7.97004215952187,7.6675410189804,-11.1988103879291,19.4713536879925
TRAIN,2026_03.csv,82,2026-04-20T22:22:00-05:00,18751,18751,RUN,distance_ob_atr,25.3854583350876,0.302501140541475,7.97004215952187,7.6675410189804,-11.1988103879291,19.4713536879925
TRAIN,2026_03.csv,92,2026-04-22T15:08:00-05:00,21136,21136,SWEEP,distance_ob_atr,19.8131025981612,0.302501140541475,7.97004215952187,7.6675410189804,-11.1988103879291,19.4713536879925
TRAIN,2026_03.csv,97,2026-04-23T19:30:00-05:00,22718,22718,GRAB,distance_ob_atr,26.2511906703356,0.302501140541475,7.97004215952187,7.6675410189804,-11.1988103879291,19.4713536879925
TRAIN,2026_03.csv,105,2026-04-26T23:39:00-05:00,24347,24347,GRAB,distance_ob_atr,20.9813686211009,0.302501140541475,7.97004215952187,7.6675410189804,-11.1988103879291,19.4713536879925
TRAIN,2026_06_29.csv,131,2026-06-01T22:20:00-05:00,1280,1280,RUN,distance_ob_atr,27.172020200325,0.302501140541475,7.97004215952187,7.6675410189804,-11.1988103879291,19.4713536879925
TRAIN,2026_06_29.csv,157,2026-06-05T15:48:00-05:00,6468,6468,RUN,distance_ob_atr,73.2757253983823,0.302501140541475,7.97004215952187,7.6675410189804,-11.1988103879291,19.4713536879925
TRAIN,2026_06_29.csv,158,2026-06-07T19:40:00-05:00,6640,6640,RUN,distance_ob_atr,51.4283738264688,0.302501140541475,7.97004215952187,7.6675410189804,-11.1988103879291,19.4713536879925
TRAIN,2026_06_29.csv,159,2026-06-08T00:49:00-05:00,6949,6949,RUN,distance_ob_atr,62.8455068416795,0.302501140541475,7.97004215952187,7.6675410189804,-11.1988103879291,19.4713536879925
TRAIN,2026_06_29.csv,160,2026-06-08T08:22:00-05:00,7402,7402,RUN,distance_ob_atr,24.2776876406492,0.302501140541475,7.97004215952187,7.6675410189804,-11.1988103879291,19.4713536879925
TRAIN,2026_07_06.csv,254,2026-07-02T19:00:00-05:00,2460,2460,RUN,distance_ob_atr,21.1742778656781,0.302501140541475,7.97004215952187,7.6675410189804,-11.1988103879291,19.4713536879925
TRAIN,2026_03.csv,11,2026-04-03T00:46:00-05:00,2805,2805,GRAB,ob_size_atr,3.44241681672332,0.522362982088062,1.46406055159362,0.941697569505555,-0.890183372170271,2.87660690585195
TRAIN,2026_03.csv,25,2026-04-06T17:06:00-05:00,4635,4635,SWEEP,ob_size_atr,3.04552608927624,0.522362982088062,1.46406055159362,0.941697569505555,-0.890183372170271,2.87660690585195
TRAIN,2026_03.csv,29,2026-04-07T08:30:00-05:00,5559,5559,GRAB,ob_size_atr,3.7076983250053,0.522362982088062,1.46406055159362,0.941697569505555,-0.890183372170271,2.87660690585195
TRAIN,2026_03.csv,30,2026-04-07T12:36:00-05:00,5805,5805,RUN,ob_size_atr,3.38279469039327,0.522362982088062,1.46406055159362,0.941697569505555,-0.890183372170271,2.87660690585195
TRAIN,2026_03.csv,57,2026-04-14T00:21:00-05:00,11970,11970,SWEEP,ob_size_atr,4.98759115955401,0.522362982088062,1.46406055159362,0.941697569505555,-0.890183372170271,2.87660690585195
TRAIN,2026_03.csv,71,2026-04-16T20:07:00-05:00,15856,15856,RUN,ob_size_atr,3.77137487784478,0.522362982088062,1.46406055159362,0.941697569505555,-0.890183372170271,2.87660690585195
TRAIN,2026_03.csv,110,2026-04-27T21:58:00-05:00,25626,25626,RUN,ob_size_atr,3.36828798539945,0.522362982088062,1.46406055159362,0.941697569505555,-0.890183372170271,2.87660690585195
TRAIN,2026_06_29.csv,148,2026-06-04T02:05:00-05:00,4265,4265,SWEEP,ob_size_atr,3.36393797862799,0.522362982088062,1.46406055159362,0.941697569505555,-0.890183372170271,2.87660690585195
TRAIN,2026_06_29.csv,154,2026-06-04T21:36:00-05:00,5376,5376,GRAB,ob_size_atr,3.01705324955362,0.522362982088062,1.46406055159362,0.941697569505555,-0.890183372170271,2.87660690585195
TRAIN,2026_06_29.csv,178,2026-06-11T03:37:00-05:00,11245,11245,RUN,ob_size_atr,7.09238320041825,0.522362982088062,1.46406055159362,0.941697569505555,-0.890183372170271,2.87660690585195
TRAIN,2026_06_29.csv,189,2026-06-15T11:30:00-05:00,14478,14478,RUN,ob_size_atr,2.90968156902719,0.522362982088062,1.46406055159362,0.941697569505555,-0.890183372170271,2.87660690585195
TRAIN,2026_06_29.csv,192,2026-06-15T20:09:00-05:00,14937,14937,SWEEP,ob_size_atr,2.88322873855021,0.522362982088062,1.46406055159362,0.941697569505555,-0.890183372170271,2.87660690585195
TRAIN,2026_06_29.csv,205,2026-06-17T23:45:00-05:00,17913,17913,SWEEP,ob_size_atr,6.16180671022961,0.522362982088062,1.46406055159362,0.941697569505555,-0.890183372170271,2.87660690585195
TRAIN,2026_06_29.csv,207,2026-06-18T06:41:00-05:00,18329,18329,SWEEP,ob_size_atr,4.59807708365051,0.522362982088062,1.46406055159362,0.941697569505555,-0.890183372170271,2.87660690585195
TRAIN,2026_06_29.csv,215,2026-06-21T18:59:00-05:00,20147,20147,SWEEP,ob_size_atr,4.1439137706488,0.522362982088062,1.46406055159362,0.941697569505555,-0.890183372170271,2.87660690585195
TRAIN,2026_06_29.csv,217,2026-06-21T23:44:00-05:00,20432,20432,SWEEP,ob_size_atr,3.32410743260399,0.522362982088062,1.46406055159362,0.941697569505555,-0.890183372170271,2.87660690585195
TRAIN,2026_06_29.csv,237,2026-06-25T06:30:00-05:00,24978,24978,RUN,ob_size_atr,4.30241959378705,0.522362982088062,1.46406055159362,0.941697569505555,-0.890183372170271,2.87660690585195
TRAIN,2026_07_06.csv,252,2026-07-01T21:15:00-05:00,1215,1215,GRAB,ob_size_atr,3.23294560374374,0.522362982088062,1.46406055159362,0.941697569505555,-0.890183372170271,2.87660690585195
TRAIN,2026_07_06.csv,254,2026-07-02T19:00:00-05:00,2460,2460,RUN,ob_size_atr,3.14989257505956,0.522362982088062,1.46406055159362,0.941697569505555,-0.890183372170271,2.87660690585195
TRAIN,2026_07_06.csv,255,2026-07-03T08:33:00-05:00,3272,3272,SWEEP,ob_size_atr,4.38749242296011,0.522362982088062,1.46406055159362,0.941697569505555,-0.890183372170271,2.87660690585195
TRAIN,2026_07_06.csv,256,2026-07-03T10:43:00-05:00,3402,3402,SWEEP,ob_size_atr,6.88534268189051,0.522362982088062,1.46406055159362,0.941697569505555,-0.890183372170271,2.87660690585195
TRAIN,2026_07_06.csv,257,2026-07-05T17:00:00-05:00,3479,3479,RUN,ob_size_atr,3.95600671915705,0.522362982088062,1.46406055159362,0.941697569505555,-0.890183372170271,2.87660690585195
TRAIN,2026_07_06.csv,259,2026-07-05T18:31:00-05:00,3570,3570,SWEEP,ob_size_atr,3.82826118458492,0.522362982088062,1.46406055159362,0.941697569505555,-0.890183372170271,2.87660690585195
VALIDATION,2026_07_13.csv,6,2026-07-07T02:22:00-05:00,5421,5421,SWEEP,ob_size_atr,2.98324195686651,0.522362982088062,1.46406055159362,0.941697569505555,-0.890183372170271,2.87660690585195
VALIDATION,2026_07_13.csv,21,2026-07-09T12:30:00-05:00,8789,8789,RUN,ob_size_atr,4.89111460804057,0.522362982088062,1.46406055159362,0.941697569505555,-0.890183372170271,2.87660690585195
VALIDATION,2026_07_13.csv,23,2026-07-09T22:07:00-05:00,9306,9306,SWEEP,ob_size_atr,5.8133451633812,0.522362982088062,1.46406055159362,0.941697569505555,-0.890183372170271,2.87660690585195
VALIDATION,2026_07_13.csv,25,2026-07-10T06:23:00-05:00,9802,9802,SWEEP,ob_size_atr,5.4648417480205,0.522362982088062,1.46406055159362,0.941697569505555,-0.890183372170271,2.87660690585195
TRAIN,2026_06_29.csv,187,2026-06-15T03:46:00-05:00,14014,14014,SWEEP,bars_since_ob,11591,346.25,3161.25,2815,-3876.25,7383.75
TRAIN,2026_06_29.csv,188,2026-06-15T04:45:00-05:00,14073,14073,SWEEP,bars_since_ob,9809,346.25,3161.25,2815,-3876.25,7383.75
TRAIN,2026_06_29.csv,189,2026-06-15T11:30:00-05:00,14478,14478,RUN,bars_since_ob,11203,346.25,3161.25,2815,-3876.25,7383.75
TRAIN,2026_06_29.csv,190,2026-06-15T14:57:00-05:00,14685,14685,SWEEP,bars_since_ob,11410,346.25,3161.25,2815,-3876.25,7383.75
TRAIN,2026_06_29.csv,191,2026-06-15T15:00:00-05:00,14688,14688,SWEEP,bars_since_ob,11413,346.25,3161.25,2815,-3876.25,7383.75
TRAIN,2026_06_29.csv,192,2026-06-15T20:09:00-05:00,14937,14937,SWEEP,bars_since_ob,11662,346.25,3161.25,2815,-3876.25,7383.75
TRAIN,2026_06_29.csv,193,2026-06-16T15:19:00-05:00,16087,16087,RUN,bars_since_ob,11401,346.25,3161.25,2815,-3876.25,7383.75
TRAIN,2026_06_29.csv,194,2026-06-17T03:08:00-05:00,16736,16736,RUN,bars_since_ob,16595,346.25,3161.25,2815,-3876.25,7383.75
TRAIN,2026_06_29.csv,195,2026-06-17T06:57:00-05:00,16965,16965,RUN,bars_since_ob,12619,346.25,3161.25,2815,-3876.25,7383.75
TRAIN,2026_06_29.csv,196,2026-06-17T08:45:00-05:00,17073,17073,SWEEP,bars_since_ob,15155,346.25,3161.25,2815,-3876.25,7383.75
TRAIN,2026_06_29.csv,197,2026-06-17T09:02:00-05:00,17090,17090,SWEEP,bars_since_ob,12350,346.25,3161.25,2815,-3876.25,7383.75
TRAIN,2026_06_29.csv,198,2026-06-17T09:24:00-05:00,17112,17112,SWEEP,bars_since_ob,15194,346.25,3161.25,2815,-3876.25,7383.75
TRAIN,2026_06_29.csv,199,2026-06-17T09:24:00-05:00,17112,17112,SWEEP,bars_since_ob,15194,346.25,3161.25,2815,-3876.25,7383.75
TRAIN,2026_06_29.csv,200,2026-06-17T09:47:00-05:00,17135,17135,RUN,bars_since_ob,12395,346.25,3161.25,2815,-3876.25,7383.75
TRAIN,2026_06_29.csv,201,2026-06-17T13:06:00-05:00,17334,17334,SWEEP,bars_since_ob,11360,346.25,3161.25,2815,-3876.25,7383.75
TRAIN,2026_06_29.csv,202,2026-06-17T13:44:00-05:00,17372,17372,GRAB,bars_since_ob,13108,346.25,3161.25,2815,-3876.25,7383.75
TRAIN,2026_06_29.csv,208,2026-06-18T12:34:00-05:00,18682,18682,RUN,bars_since_ob,15791,346.25,3161.25,2815,-3876.25,7383.75
TRAIN,2026_06_29.csv,211,2026-06-19T00:42:00-05:00,19350,19350,GRAB,bars_since_ob,15004,346.25,3161.25,2815,-3876.25,7383.75
TRAIN,2026_06_29.csv,213,2026-06-19T07:37:00-05:00,19765,19765,SWEEP,bars_since_ob,15501,346.25,3161.25,2815,-3876.25,7383.75
TRAIN,2026_06_29.csv,214,2026-06-19T10:09:00-05:00,19917,19917,RUN,bars_since_ob,17639,346.25,3161.25,2815,-3876.25,7383.75
TRAIN,2026_06_29.csv,219,2026-06-23T08:31:00-05:00,22339,22339,RUN,bars_since_ob,9657,346.25,3161.25,2815,-3876.25,7383.75
TRAIN,2026_06_29.csv,221,2026-06-23T13:54:00-05:00,22662,22662,SWEEP,bars_since_ob,9980,346.25,3161.25,2815,-3876.25,7383.75
TRAIN,2026_06_29.csv,222,2026-06-23T17:16:00-05:00,22804,22804,SWEEP,bars_since_ob,14001,346.25,3161.25,2815,-3876.25,7383.75
TRAIN,2026_06_29.csv,223,2026-06-23T18:08:00-05:00,22856,22856,SWEEP,bars_since_ob,10174,346.25,3161.25,2815,-3876.25,7383.75
TRAIN,2026_06_29.csv,225,2026-06-23T22:06:00-05:00,23094,23094,SWEEP,bars_since_ob,10412,346.25,3161.25,2815,-3876.25,7383.75
TRAIN,2026_06_29.csv,231,2026-06-24T09:20:00-05:00,23768,23768,RUN,bars_since_ob,16282,346.25,3161.25,2815,-3876.25,7383.75
TRAIN,2026_06_29.csv,233,2026-06-24T14:13:00-05:00,24061,24061,RUN,bars_since_ob,16791,346.25,3161.25,2815,-3876.25,7383.75
TRAIN,2026_06_29.csv,234,2026-06-24T17:01:00-05:00,24169,24169,RUN,bars_since_ob,18898,346.25,3161.25,2815,-3876.25,7383.75
TRAIN,2026_06_29.csv,236,2026-06-25T06:02:00-05:00,24950,24950,RUN,bars_since_ob,19679,346.25,3161.25,2815,-3876.25,7383.75
TRAIN,2026_06_29.csv,237,2026-06-25T06:30:00-05:00,24978,24978,RUN,bars_since_ob,7556,346.25,3161.25,2815,-3876.25,7383.75
TRAIN,2026_06_29.csv,238,2026-06-25T08:59:00-05:00,25127,25127,SWEEP,bars_since_ob,17114,346.25,3161.25,2815,-3876.25,7383.75
TRAIN,2026_06_29.csv,240,2026-06-25T14:50:00-05:00,25478,25478,GRAB,bars_since_ob,12796,346.25,3161.25,2815,-3876.25,7383.75
TRAIN,2026_06_29.csv,242,2026-06-26T06:54:00-05:00,26382,26382,SWEEP,bars_since_ob,18369,346.25,3161.25,2815,-3876.25,7383.75
TRAIN,2026_06_29.csv,243,2026-06-26T07:16:00-05:00,26404,26404,SWEEP,bars_since_ob,18325,346.25,3161.25,2815,-3876.25,7383.75
TRAIN,2026_06_29.csv,245,2026-06-28T18:46:00-05:00,27034,27034,SWEEP,bars_since_ob,13666,346.25,3161.25,2815,-3876.25,7383.75
TRAIN,2026_06_29.csv,246,2026-06-28T19:32:00-05:00,27080,27080,RUN,bars_since_ob,19067,346.25,3161.25,2815,-3876.25,7383.75
VALIDATION,2026_07_13.csv,27,2026-07-10T08:52:00-05:00,9951,9951,SWEEP,bars_since_ob,7989,346.25,3161.25,2815,-3876.25,7383.75
VALIDATION,2026_07_13.csv,29,2026-07-13T00:30:00-05:00,10829,10829,SWEEP,bars_since_ob,8304,346.25,3161.25,2815,-3876.25,7383.75
VALIDATION,2026_07_13.csv,30,2026-07-13T09:16:00-05:00,11355,11355,RUN,bars_since_ob,8830,346.25,3161.25,2815,-3876.25,7383.75
TRAIN,2026_06_29.csv,198,2026-06-17T09:24:00-05:00,17112,17112,SWEEP,bsl_count_previous_100,3,0,1,1,-1.5,2.5
TRAIN,2026_06_29.csv,199,2026-06-17T09:24:00-05:00,17112,17112,SWEEP,bsl_count_previous_100,3,0,1,1,-1.5,2.5
TRAIN,2026_06_29.csv,200,2026-06-17T09:47:00-05:00,17135,17135,RUN,bsl_count_previous_100,3,0,1,1,-1.5,2.5
VALIDATION,2026_07_13.csv,12,2026-07-07T20:13:00-05:00,6432,6432,SWEEP,active_bsl_count,10,2,5,3,-2.5,9.5
VALIDATION,2026_07_13.csv,13,2026-07-08T02:18:00-05:00,6797,6797,GRAB,active_bsl_count,10,2,5,3,-2.5,9.5
VALIDATION,2026_07_13.csv,14,2026-07-08T03:15:00-05:00,6854,6854,RUN,active_bsl_count,11,2,5,3,-2.5,9.5
VALIDATION,2026_07_13.csv,15,2026-07-08T08:47:00-05:00,7186,7186,RUN,active_bsl_count,12,2,5,3,-2.5,9.5
TRAIN,2026_03.csv,84,2026-04-21T03:06:00-05:00,19034,19034,RUN,active_ssl_count,19,3,9,6,-6,18
TRAIN,2026_03.csv,85,2026-04-21T06:40:00-05:00,19248,19248,GRAB,active_ssl_count,19,3,9,6,-6,18
TRAIN,2026_03.csv,93,2026-04-22T22:40:00-05:00,21528,21528,SWEEP,active_ssl_count,19,3,9,6,-6,18
TRAIN,2026_03.csv,94,2026-04-23T02:49:00-05:00,21777,21777,GRAB,active_ssl_count,19,3,9,6,-6,18
TRAIN,2026_03.csv,95,2026-04-23T04:08:00-05:00,21856,21856,SWEEP,active_ssl_count,20,3,9,6,-6,18
TRAIN,2026_03.csv,96,2026-04-23T10:33:00-05:00,22241,22241,SWEEP,active_ssl_count,20,3,9,6,-6,18
TRAIN,2026_03.csv,100,2026-04-24T04:22:00-05:00,23250,23250,SWEEP,active_ssl_count,19,3,9,6,-6,18
TRAIN,2026_03.csv,101,2026-04-24T06:30:00-05:00,23378,23378,GRAB,active_ssl_count,19,3,9,6,-6,18
TRAIN,2026_03.csv,102,2026-04-24T08:56:00-05:00,23524,23524,SWEEP,active_ssl_count,20,3,9,6,-6,18
TRAIN,2026_03.csv,103,2026-04-24T12:54:00-05:00,23762,23762,SWEEP,active_ssl_count,20,3,9,6,-6,18
TRAIN,2026_03.csv,104,2026-04-26T17:06:00-05:00,23954,23954,SWEEP,active_ssl_count,21,3,9,6,-6,18
TRAIN,2026_03.csv,105,2026-04-26T23:39:00-05:00,24347,24347,GRAB,active_ssl_count,21,3,9,6,-6,18
TRAIN,2026_03.csv,106,2026-04-27T03:15:00-05:00,24563,24563,SWEEP,active_ssl_count,22,3,9,6,-6,18
TRAIN,2026_03.csv,107,2026-04-27T06:32:00-05:00,24760,24760,SWEEP,active_ssl_count,22,3,9,6,-6,18
TRAIN,2026_03.csv,108,2026-04-27T08:52:00-05:00,24900,24900,GRAB,active_ssl_count,21,3,9,6,-6,18
TRAIN,2026_03.csv,109,2026-04-27T19:11:00-05:00,25459,25459,RUN,active_ssl_count,21,3,9,6,-6,18
TRAIN,2026_03.csv,110,2026-04-27T21:58:00-05:00,25626,25626,RUN,active_ssl_count,22,3,9,6,-6,18
TRAIN,2026_03.csv,111,2026-04-27T23:46:00-05:00,25734,25734,RUN,active_ssl_count,22,3,9,6,-6,18
TRAIN,2026_03.csv,112,2026-04-28T07:31:00-05:00,26199,26199,GRAB,active_ssl_count,19,3,9,6,-6,18
TRAIN,2026_03.csv,113,2026-04-28T08:49:00-05:00,26277,26277,RUN,active_ssl_count,19,3,9,6,-6,18
TRAIN,2026_03.csv,115,2026-04-28T20:08:00-05:00,26896,26896,RUN,active_ssl_count,19,3,9,6,-6,18
TRAIN,2026_03.csv,116,2026-04-29T01:05:00-05:00,27193,27193,RUN,active_ssl_count,19,3,9,6,-6,18
TRAIN,2026_03.csv,117,2026-04-29T03:16:00-05:00,27324,27324,SWEEP,active_ssl_count,20,3,9,6,-6,18
TRAIN,2026_03.csv,118,2026-04-29T05:32:00-05:00,27460,27460,SWEEP,active_ssl_count,20,3,9,6,-6,18
TRAIN,2026_03.csv,119,2026-04-29T08:35:00-05:00,27643,27643,SWEEP,active_ssl_count,19,3,9,6,-6,18
TRAIN,2026_03.csv,120,2026-04-29T09:37:00-05:00,27705,27705,RUN,active_ssl_count,19,3,9,6,-6,18
TRAIN,2026_03.csv,121,2026-04-29T11:34:00-05:00,27822,27822,SWEEP,active_ssl_count,20,3,9,6,-6,18
TRAIN,2026_03.csv,122,2026-04-29T15:03:00-05:00,28031,28031,RUN,active_ssl_count,20,3,9,6,-6,18
TRAIN,2026_03.csv,123,2026-04-29T19:39:00-05:00,28247,28247,GRAB,active_ssl_count,19,3,9,6,-6,18
TRAIN,2026_03.csv,124,2026-04-30T01:11:00-05:00,28579,28579,GRAB,active_ssl_count,20,3,9,6,-6,18
TRAIN,2026_03.csv,125,2026-04-30T07:30:00-05:00,28958,28958,RUN,active_ssl_count,20,3,9,6,-6,18
TRAIN,2026_03.csv,126,2026-04-30T17:08:00-05:00,29476,29476,RUN,active_ssl_count,20,3,9,6,-6,18
TRAIN,2026_03.csv,7,2026-04-02T01:14:00-05:00,1454,1454,RUN,distance_nearest_bsl_atr,53.4605157079982,0,12.59164743283,12.59164743283,-18.887471149245,31.4791185820751
TRAIN,2026_03.csv,93,2026-04-22T22:40:00-05:00,21528,21528,SWEEP,distance_nearest_bsl_atr,33.1865310968591,0,12.59164743283,12.59164743283,-18.887471149245,31.4791185820751
TRAIN,2026_03.csv,124,2026-04-30T01:11:00-05:00,28579,28579,GRAB,distance_nearest_bsl_atr,36.0129614936431,0,12.59164743283,12.59164743283,-18.887471149245,31.4791185820751
TRAIN,2026_06_29.csv,131,2026-06-01T22:20:00-05:00,1280,1280,RUN,distance_nearest_bsl_atr,43.6205372413773,0,12.59164743283,12.59164743283,-18.887471149245,31.4791185820751
TRAIN,2026_06_29.csv,153,2026-06-04T20:26:00-05:00,5306,5306,GRAB,distance_nearest_bsl_atr,33.9747511978024,0,12.59164743283,12.59164743283,-18.887471149245,31.4791185820751
TRAIN,2026_06_29.csv,157,2026-06-05T15:48:00-05:00,6468,6468,RUN,distance_nearest_bsl_atr,81.3547732587974,0,12.59164743283,12.59164743283,-18.887471149245,31.4791185820751
TRAIN,2026_06_29.csv,193,2026-06-16T15:19:00-05:00,16087,16087,RUN,distance_nearest_bsl_atr,47.010743456463,0,12.59164743283,12.59164743283,-18.887471149245,31.4791185820751
TRAIN,2026_06_29.csv,219,2026-06-23T08:31:00-05:00,22339,22339,RUN,distance_nearest_bsl_atr,32.8394121609182,0,12.59164743283,12.59164743283,-18.887471149245,31.4791185820751
VALIDATION,2026_07_13.csv,5,2026-07-07T00:28:00-05:00,5307,5307,SWEEP,distance_nearest_bsl_atr,43.6241349584601,0,12.59164743283,12.59164743283,-18.887471149245,31.4791185820751
VALIDATION,2026_07_13.csv,29,2026-07-13T00:30:00-05:00,10829,10829,SWEEP,distance_nearest_bsl_atr,35.854036224448,0,12.59164743283,12.59164743283,-18.887471149245,31.4791185820751
TRAIN,2026_03.csv,9,2026-04-02T19:01:00-05:00,2460,2460,RUN,distance_nearest_ssl_atr,86.9202376400132,0,19.9518818000318,19.9518818000318,-29.9278227000478,49.8797045000796
TRAIN,2026_03.csv,31,2026-04-08T01:16:00-05:00,6505,6505,RUN,distance_nearest_ssl_atr,125.849888508159,0,19.9518818000318,19.9518818000318,-29.9278227000478,49.8797045000796
TRAIN,2026_03.csv,56,2026-04-13T18:10:00-05:00,11599,11599,GRAB,distance_nearest_ssl_atr,85.8304743837786,0,19.9518818000318,19.9518818000318,-29.9278227000478,49.8797045000796
TRAIN,2026_03.csv,59,2026-04-14T20:48:00-05:00,13137,13137,SWEEP,distance_nearest_ssl_atr,108.152575319148,0,19.9518818000318,19.9518818000318,-29.9278227000478,49.8797045000796
TRAIN,2026_03.csv,65,2026-04-15T20:44:00-05:00,14513,14513,GRAB,distance_nearest_ssl_atr,65.4364858082313,0,19.9518818000318,19.9518818000318,-29.9278227000478,49.8797045000796
TRAIN,2026_03.csv,88,2026-04-21T21:29:00-05:00,20077,20077,SWEEP,distance_nearest_ssl_atr,65.893495512763,0,19.9518818000318,19.9518818000318,-29.9278227000478,49.8797045000796
TRAIN,2026_03.csv,97,2026-04-23T19:30:00-05:00,22718,22718,GRAB,distance_nearest_ssl_atr,71.7954250863397,0,19.9518818000318,19.9518818000318,-29.9278227000478,49.8797045000796
TRAIN,2026_03.csv,105,2026-04-26T23:39:00-05:00,24347,24347,GRAB,distance_nearest_ssl_atr,51.3387863447563,0,19.9518818000318,19.9518818000318,-29.9278227000478,49.8797045000796
TRAIN,2026_03.csv,114,2026-04-28T19:30:00-05:00,26858,26858,SWEEP,distance_nearest_ssl_atr,53.3610584932072,0,19.9518818000318,19.9518818000318,-29.9278227000478,49.8797045000796
TRAIN,2026_03.csv,123,2026-04-29T19:39:00-05:00,28247,28247,GRAB,distance_nearest_ssl_atr,53.1887832693111,0,19.9518818000318,19.9518818000318,-29.9278227000478,49.8797045000796
TRAIN,2026_06_29.csv,181,2026-06-11T19:36:00-05:00,12144,12144,GRAB,distance_nearest_ssl_atr,67.5767587479222,0,19.9518818000318,19.9518818000318,-29.9278227000478,49.8797045000796
TRAIN,2026_06_29.csv,187,2026-06-15T03:46:00-05:00,14014,14014,SWEEP,distance_nearest_ssl_atr,114.048251307286,0,19.9518818000318,19.9518818000318,-29.9278227000478,49.8797045000796
TRAIN,2026_03.csv,94,2026-04-23T02:49:00-05:00,21777,21777,GRAB,equal_levels_previous_100,6,0,2,2,-3,5
